 Fermi distribution function

Calculation with static geometry


********************************************************************************
 iSCC Total electronic   Diff electronic      SCC error    
   12   -0.70736197E+03    0.13032150E-07    0.48432659E-05
********************************************************************************

 Total charge:     0.00000000

 Atomic gross charges (e)
 Atom           Charge
    1       0.00027728
    2       0.00072297
    3       0.00117635
    4       0.01273407
    5      -0.00018569
    6       0.00025074
    7      -0.00756954
    8       0.00002450
    9      -0.00028750
   10      -0.00141298
   11      -0.00028750
   12      -0.00141298
   13      -0.00045582
   14      -0.00006624
   15      -0.00053721
   16       0.00012769
   17      -0.00018569
   18       0.00025074
   19      -0.00756954
   20       0.00002450
   21      -0.00026604
   22      -0.00057736
   23      -0.00037879
   24      -0.00003398
   25      -0.00053721
   26       0.00012769
   27      -0.00045582
   28      -0.00006624
   29      -0.00034262
   30       0.00017164
   31      -0.00034262
   32       0.00017164
   33       0.00009423
   34       0.00020931
   35      -0.00025944
   36      -0.00000051
   37      -0.00013875
   38      -0.00064450
   39       0.00064958
   40       0.00001826
   41      -0.00017645
   42       0.00150306
   43      -0.00017645
   44       0.00150306
   45       0.00049076
   46       0.00014192
   47       0.00025776
   48       0.00106294
   49      -0.00013875
   50      -0.00064450
   51       0.00064958
   52       0.00001826
   53       0.00010793
   54       0.00066345
   55       0.00286119
   56       0.00020493
   57       0.00025776
   58       0.00106294
   59       0.00049076
   60       0.00014192
   61       0.00032189
   62       0.00027039
   63       0.00032189
   64       0.00027039
   65      -0.00008599
   66      -0.00063406
   67      -0.00063406
   68      -0.00008599
   69      -0.00038765
   70      -0.00024813
   71      -0.00038765
   72       0.00505700
   73      -0.00012652
   74      -0.00012652
   75       0.00128187
   76       0.00128187
   77      -0.00014287
   78       0.00098195
   79      -0.00015508
   80       0.00098195
   81       0.00183055
   82      -0.00160746
   83       0.00183055
   84      -0.00012369
   85       0.00042410
   86       0.00042410
   87       0.00115471
   88       0.00115471
   89      -0.00003595
   90       0.00006451
   91      -0.00005300
   92       0.00006451
   93       0.00015291
   94       0.00143805
   95       0.00143805
   96       0.00015291
   97      -0.00224688
   98       0.00032188
   99      -0.00025944
  100       0.00032188
  101       0.00001826
  102       0.00035701
  103       0.00035701
  104       0.00769324
  105      -0.00017645
  106       0.00010002
  107      -0.00324626
  108      -0.00335243
  109       0.00014192
  110      -0.00162809
  111      -0.00027499
  112      -0.00027499
  113      -0.00013719
  114       0.00143534
  115       0.00143534
  116      -0.00013875
  117       0.00002456
  118       0.00030631
  119       0.00002456
  120      -0.00011188
  121      -0.00011550
  122      -0.00011550
  123       0.00019300
  124       0.00049076
  125       0.00020931
  126       0.00024373
  127      -0.00000052
  128       0.00027039
  129      -0.00008599
  130      -0.00063406
  131      -0.00063406
  132      -0.00008599
  133       0.00183055
  134      -0.00160746
  135       0.00183055
  136      -0.00012369
  137       0.00128187
  138       0.00128187
  139      -0.00012652
  140      -0.00012652
  141      -0.00005300
  142       0.00006451
  143      -0.00003595
  144       0.00006451
  145      -0.00038765
  146      -0.00024813
  147      -0.00038765
  148       0.00505700
  149       0.00042410
  150       0.00042410
  151       0.00115471
  152       0.00115471
  153      -0.00015508
  154       0.00098195
  155      -0.00014287
  156       0.00098195
  157       0.00143805
  158       0.00015291
  159       0.00015291
  160       0.00143805
  161      -0.00224688
  162       0.00032188
  163      -0.00025944
  164       0.00032188
  165      -0.00013719
  166       0.00143534
  167       0.00143534
  168      -0.00013875
  169      -0.00324626
  170      -0.00335243
  171      -0.00017645
  172       0.00010002
  173       0.00019300
  174       0.00049076
  175      -0.00011550
  176      -0.00011550
  177       0.00001826
  178       0.00035701
  179       0.00035701
  180       0.00769324
  181       0.00002456
  182       0.00030631
  183       0.00002456
  184      -0.00011188
  185      -0.00027499
  186      -0.00027499
  187       0.00014192
  188      -0.00162809
  189      -0.00000052
  190       0.00027039
  191       0.00020931
  192       0.00024373
  193       0.01273407
  194       0.00117635
  195       0.00072297
  196       0.00027728
  197      -0.00756954
  198       0.00025074
  199      -0.00018569
  200       0.00002450
  201      -0.00141298
  202      -0.00028750
  203      -0.00141298
  204      -0.00028750
  205      -0.00045582
  206       0.00012769
  207      -0.00053721
  208      -0.00006624
  209      -0.00756954
  210       0.00025074
  211      -0.00018569
  212       0.00002450
  213      -0.00057736
  214      -0.00026604
  215      -0.00003398
  216      -0.00037879
  217      -0.00053721
  218      -0.00006624
  219      -0.00045582
  220       0.00012769
  221       0.00017164
  222      -0.00034262
  223       0.00017164
  224      -0.00034262
  225      -0.00011862
  226      -0.00000051
  227      -0.00025944
  228       0.00020931
  229       0.00769324
  230       0.00064958
  231      -0.00064450
  232      -0.00013719
  233      -0.00324626
  234       0.00150306
  235      -0.00324626
  236       0.00150306
  237      -0.00162809
  238       0.00019300
  239       0.00106294
  240       0.00025776
  241       0.00769324
  242       0.00064958
  243      -0.00064450
  244      -0.00013719
  245       0.00286119
  246       0.00066345
  247       0.00010793
  248      -0.00246676
  249       0.00106294
  250       0.00025776
  251      -0.00162809
  252       0.00019300
  253       0.00032189
  254       0.00024373
  255       0.00032189
  256       0.00024373
  257      -0.00014287
  258      -0.00003595
  259      -0.00015510
  260      -0.00005303
  261      -0.00012653
  262       0.00042407
  263       0.00128182
  264       0.00115468
  265      -0.00038766
  266       0.00183050
  267      -0.00038766
  268       0.00183050
  269      -0.00008600
  270       0.00015291
  271      -0.00063406
  272       0.00143798
  273      -0.00012653
  274       0.00042407
  275       0.00128182
  276       0.00115468
  277      -0.00024814
  278      -0.00160751
  279       0.00505683
  280      -0.00012369
  281      -0.00063406
  282       0.00143798
  283      -0.00008600
  284       0.00015291
  285       0.00098193
  286       0.00006450
  287       0.00098193
  288       0.00006450
  289      -0.00007572
  290       0.00005123
  291      -0.00086244
  292       0.00065109
  293       0.00014191
  294      -0.00011551
  295      -0.00027500
  296       0.00049074
  297      -0.00017647
  298       0.00002454
  299      -0.00017647
  300       0.00002454
  301       0.00001824
  302      -0.00013875
  303       0.00035699
  304       0.00143529
  305       0.00014191
  306      -0.00011551
  307      -0.00027500
  308       0.00049074
  309       0.00010002
  310       0.00030629
  311      -0.00335250
  312       0.00020493
  313       0.00035699
  314       0.00143529
  315       0.00001824
  316      -0.00013875
  317      -0.00020004
  318      -0.00008472
  319      -0.00020004
  320      -0.00008472
  321      -0.00045584
  322      -0.00053722
  323      -0.00053722
  324      -0.00045584
  325      -0.00028752
  326      -0.00026605
  327      -0.00028752
  328      -0.00037887
  329      -0.00018570
  330      -0.00018570
  331      -0.00756977
  332      -0.00756977
  333       0.00027728
  334      -0.00034264
  335       0.00117637
  336      -0.00034264
  337      -0.00141303
  338      -0.00057740
  339      -0.00141303
  340      -0.00003399
  341       0.00025071
  342       0.00025071
  343       0.00002448
  344       0.00002448
  345       0.00072296
  346       0.00017163
  347       0.01273369
  348       0.00017163
  349      -0.00006624
  350       0.00012767
  351       0.00012767
  352      -0.00006624
  353       0.00010578
  354      -0.00020003
  355      -0.00086242
  356      -0.00020003
  357       0.00049074
  358       0.00025774
  359       0.00025774
  360       0.00019295
  361      -0.00017647
  362       0.00010792
  363      -0.00324635
  364       0.00286107
  365      -0.00013875
  366      -0.00013721
  367       0.00064954
  368       0.00064954
  369      -0.00162812
  370       0.00106290
  371       0.00106290
  372       0.00014191
  373       0.00150303
  374       0.00066341
  375       0.00150303
  376      -0.00011190
  377      -0.00064452
  378      -0.00064452
  379       0.00769291
  380       0.00001824
  381       0.00005124
  382      -0.00162281
  383       0.00065119
  384      -0.00008472
  385      -0.00045584
  386      -0.00053722
  387      -0.00053722
  388      -0.00045584
  389      -0.00141303
  390      -0.00057740
  391      -0.00141303
  392      -0.00003399
  393      -0.00756977
  394      -0.00756977
  395      -0.00018570
  396      -0.00018570
  397       0.01273369
  398       0.00017163
  399       0.00072296
  400       0.00017163
  401      -0.00028752
  402      -0.00026605
  403      -0.00028752
  404      -0.00037887
  405       0.00025071
  406       0.00025071
  407       0.00002448
  408       0.00002448
  409       0.00117637
  410      -0.00034264
  411       0.00027728
  412      -0.00034264
  413       0.00012767
  414      -0.00006624
  415      -0.00006624
  416       0.00012767
  417       0.00010578
  418      -0.00020003
  419      -0.00086242
  420      -0.00020003
  421      -0.00162812
  422       0.00106290
  423       0.00106290
  424       0.00014191
  425      -0.00324635
  426       0.00286107
  427      -0.00017647
  428       0.00010792
  429       0.00769291
  430       0.00001824
  431      -0.00064452
  432      -0.00064452
  433       0.00049074
  434       0.00025774
  435       0.00025774
  436       0.00019295
  437       0.00150303
  438       0.00066341
  439       0.00150303
  440      -0.00011190
  441       0.00064954
  442       0.00064954
  443      -0.00013875
  444      -0.00013721
  445       0.00065119
  446      -0.00008472
  447       0.00005124
  448      -0.00162281
  449      -0.00005303
  450      -0.00015510
  451      -0.00003595
  452      -0.00014287
  453       0.00128182
  454       0.00042407
  455      -0.00012653
  456       0.00115468
  457       0.00183050
  458      -0.00038766
  459       0.00183050
  460      -0.00038766
  461      -0.00008600
  462       0.00143798
  463      -0.00063406
  464       0.00015291
  465       0.00128182
  466       0.00042407
  467      -0.00012653
  468       0.00115468
  469      -0.00160751
  470      -0.00024814
  471      -0.00012369
  472       0.00505683
  473      -0.00063406
  474       0.00015291
  475      -0.00008600
  476       0.00143798
  477       0.00006450
  478       0.00098193
  479       0.00006450
  480       0.00098193
  481      -0.04017259
  482      -0.04016789
  483       0.00065109
  484      -0.00086244
  485       0.00005123
  486       0.00019295
  487      -0.00027500
  488      -0.00011551
  489      -0.00162812
  490      -0.00324635
  491       0.00002454
  492      -0.00324635
  493       0.00002454
  494      -0.00013721
  495       0.00769291
  496       0.00143529
  497       0.00035699
  498       0.00019295
  499      -0.00027500
  500      -0.00011551
  501      -0.00162812
  502      -0.00335250
  503       0.00030629
  504       0.00010002
  505      -0.00246692
  506       0.00143529
  507       0.00035699
  508      -0.00013721
  509       0.00769291
  510      -0.00020004
  511      -0.00162281
  512      -0.00020004
  513      -0.00162281

Nr. of electrons (up):   2052.00000000
Atom populations (up)
 Atom       Population
    1       3.99972272
    2       3.99927703
    3       3.99882365
    4       3.98726593
    5       4.00018569
    6       3.99974926
    7       4.00756954
    8       3.99997550
    9       4.00028750
   10       4.00141298
   11       4.00028750
   12       4.00141298
   13       4.00045582
   14       4.00006624
   15       4.00053721
   16       3.99987231
   17       4.00018569
   18       3.99974926
   19       4.00756954
   20       3.99997550
   21       4.00026604
   22       4.00057736
   23       4.00037879
   24       4.00003398
   25       4.00053721
   26       3.99987231
   27       4.00045582
   28       4.00006624
   29       4.00034262
   30       3.99982836
   31       4.00034262
   32       3.99982836
   33       3.99990577
   34       3.99979069
   35       4.00025944
   36       4.00000051
   37       4.00013875
   38       4.00064450
   39       3.99935042
   40       3.99998174
   41       4.00017645
   42       3.99849694
   43       4.00017645
   44       3.99849694
   45       3.99950924
   46       3.99985808
   47       3.99974224
   48       3.99893706
   49       4.00013875
   50       4.00064450
   51       3.99935042
   52       3.99998174
   53       3.99989207
   54       3.99933655
   55       3.99713881
   56       3.99979507
   57       3.99974224
   58       3.99893706
   59       3.99950924
   60       3.99985808
   61       3.99967811
   62       3.99972961
   63       3.99967811
   64       3.99972961
   65       4.00008599
   66       4.00063406
   67       4.00063406
   68       4.00008599
   69       4.00038765
   70       4.00024813
   71       4.00038765
   72       3.99494300
   73       4.00012652
   74       4.00012652
   75       3.99871813
   76       3.99871813
   77       4.00014287
   78       3.99901805
   79       4.00015508
   80       3.99901805
   81       3.99816945
   82       4.00160746
   83       3.99816945
   84       4.00012369
   85       3.99957590
   86       3.99957590
   87       3.99884529
   88       3.99884529
   89       4.00003595
   90       3.99993549
   91       4.00005300
   92       3.99993549
   93       3.99984709
   94       3.99856195
   95       3.99856195
   96       3.99984709
   97       4.00224688
   98       3.99967812
   99       4.00025944
  100       3.99967812
  101       3.99998174
  102       3.99964299
  103       3.99964299
  104       3.99230676
  105       4.00017645
  106       3.99989998
  107       4.00324626
  108       4.00335243
  109       3.99985808
  110       4.00162809
  111       4.00027499
  112       4.00027499
  113       4.00013719
  114       3.99856466
  115       3.99856466
  116       4.00013875
  117       3.99997544
  118       3.99969369
  119       3.99997544
  120       4.00011188
  121       4.00011550
  122       4.00011550
  123       3.99980700
  124       3.99950924
  125       3.99979069
  126       3.99975627
  127       4.00000052
  128       3.99972961
  129       4.00008599
  130       4.00063406
  131       4.00063406
  132       4.00008599
  133       3.99816945
  134       4.00160746
  135       3.99816945
  136       4.00012369
  137       3.99871813
  138       3.99871813
  139       4.00012652
  140       4.00012652
  141       4.00005300
  142       3.99993549
  143       4.00003595
  144       3.99993549
  145       4.00038765
  146       4.00024813
  147       4.00038765
  148       3.99494300
  149       3.99957590
  150       3.99957590
  151       3.99884529
  152       3.99884529
  153       4.00015508
  154       3.99901805
  155       4.00014287
  156       3.99901805
  157       3.99856195
  158       3.99984709
  159       3.99984709
  160       3.99856195
  161       4.00224688
  162       3.99967812
  163       4.00025944
  164       3.99967812
  165       4.00013719
  166       3.99856466
  167       3.99856466
  168       4.00013875
  169       4.00324626
  170       4.00335243
  171       4.00017645
  172       3.99989998
  173       3.99980700
  174       3.99950924
  175       4.00011550
  176       4.00011550
  177       3.99998174
  178       3.99964299
  179       3.99964299
  180       3.99230676
  181       3.99997544
  182       3.99969369
  183       3.99997544
  184       4.00011188
  185       4.00027499
  186       4.00027499
  187       3.99985808
  188       4.00162809
  189       4.00000052
  190       3.99972961
  191       3.99979069
  192       3.99975627
  193       3.98726593
  194       3.99882365
  195       3.99927703
  196       3.99972272
  197       4.00756954
  198       3.99974926
  199       4.00018569
  200       3.99997550
  201       4.00141298
  202       4.00028750
  203       4.00141298
  204       4.00028750
  205       4.00045582
  206       3.99987231
  207       4.00053721
  208       4.00006624
  209       4.00756954
  210       3.99974926
  211       4.00018569
  212       3.99997550
  213       4.00057736
  214       4.00026604
  215       4.00003398
  216       4.00037879
  217       4.00053721
  218       4.00006624
  219       4.00045582
  220       3.99987231
  221       3.99982836
  222       4.00034262
  223       3.99982836
  224       4.00034262
  225       4.00011862
  226       4.00000051
  227       4.00025944
  228       3.99979069
  229       3.99230676
  230       3.99935042
  231       4.00064450
  232       4.00013719
  233       4.00324626
  234       3.99849694
  235       4.00324626
  236       3.99849694
  237       4.00162809
  238       3.99980700
  239       3.99893706
  240       3.99974224
  241       3.99230676
  242       3.99935042
  243       4.00064450
  244       4.00013719
  245       3.99713881
  246       3.99933655
  247       3.99989207
  248       4.00246676
  249       3.99893706
  250       3.99974224
  251       4.00162809
  252       3.99980700
  253       3.99967811
  254       3.99975627
  255       3.99967811
  256       3.99975627
  257       4.00014287
  258       4.00003595
  259       4.00015510
  260       4.00005303
  261       4.00012653
  262       3.99957593
  263       3.99871818
  264       3.99884532
  265       4.00038766
  266       3.99816950
  267       4.00038766
  268       3.99816950
  269       4.00008600
  270       3.99984709
  271       4.00063406
  272       3.99856202
  273       4.00012653
  274       3.99957593
  275       3.99871818
  276       3.99884532
  277       4.00024814
  278       4.00160751
  279       3.99494317
  280       4.00012369
  281       4.00063406
  282       3.99856202
  283       4.00008600
  284       3.99984709
  285       3.99901807
  286       3.99993550
  287       3.99901807
  288       3.99993550
  289       4.00007572
  290       3.99994877
  291       4.00086244
  292       3.99934891
  293       3.99985809
  294       4.00011551
  295       4.00027500
  296       3.99950926
  297       4.00017647
  298       3.99997546
  299       4.00017647
  300       3.99997546
  301       3.99998176
  302       4.00013875
  303       3.99964301
  304       3.99856471
  305       3.99985809
  306       4.00011551
  307       4.00027500
  308       3.99950926
  309       3.99989998
  310       3.99969371
  311       4.00335250
  312       3.99979507
  313       3.99964301
  314       3.99856471
  315       3.99998176
  316       4.00013875
  317       4.00020004
  318       4.00008472
  319       4.00020004
  320       4.00008472
  321       4.00045584
  322       4.00053722
  323       4.00053722
  324       4.00045584
  325       4.00028752
  326       4.00026605
  327       4.00028752
  328       4.00037887
  329       4.00018570
  330       4.00018570
  331       4.00756977
  332       4.00756977
  333       3.99972272
  334       4.00034264
  335       3.99882363
  336       4.00034264
  337       4.00141303
  338       4.00057740
  339       4.00141303
  340       4.00003399
  341       3.99974929
  342       3.99974929
  343       3.99997552
  344       3.99997552
  345       3.99927704
  346       3.99982837
  347       3.98726631
  348       3.99982837
  349       4.00006624
  350       3.99987233
  351       3.99987233
  352       4.00006624
  353       3.99989422
  354       4.00020003
  355       4.00086242
  356       4.00020003
  357       3.99950926
  358       3.99974226
  359       3.99974226
  360       3.99980705
  361       4.00017647
  362       3.99989208
  363       4.00324635
  364       3.99713893
  365       4.00013875
  366       4.00013721
  367       3.99935046
  368       3.99935046
  369       4.00162812
  370       3.99893710
  371       3.99893710
  372       3.99985809
  373       3.99849697
  374       3.99933659
  375       3.99849697
  376       4.00011190
  377       4.00064452
  378       4.00064452
  379       3.99230709
  380       3.99998176
  381       3.99994876
  382       4.00162281
  383       3.99934881
  384       4.00008472
  385       4.00045584
  386       4.00053722
  387       4.00053722
  388       4.00045584
  389       4.00141303
  390       4.00057740
  391       4.00141303
  392       4.00003399
  393       4.00756977
  394       4.00756977
  395       4.00018570
  396       4.00018570
  397       3.98726631
  398       3.99982837
  399       3.99927704
  400       3.99982837
  401       4.00028752
  402       4.00026605
  403       4.00028752
  404       4.00037887
  405       3.99974929
  406       3.99974929
  407       3.99997552
  408       3.99997552
  409       3.99882363
  410       4.00034264
  411       3.99972272
  412       4.00034264
  413       3.99987233
  414       4.00006624
  415       4.00006624
  416       3.99987233
  417       3.99989422
  418       4.00020003
  419       4.00086242
  420       4.00020003
  421       4.00162812
  422       3.99893710
  423       3.99893710
  424       3.99985809
  425       4.00324635
  426       3.99713893
  427       4.00017647
  428       3.99989208
  429       3.99230709
  430       3.99998176
  431       4.00064452
  432       4.00064452
  433       3.99950926
  434       3.99974226
  435       3.99974226
  436       3.99980705
  437       3.99849697
  438       3.99933659
  439       3.99849697
  440       4.00011190
  441       3.99935046
  442       3.99935046
  443       4.00013875
  444       4.00013721
  445       3.99934881
  446       4.00008472
  447       3.99994876
  448       4.00162281
  449       4.00005303
  450       4.00015510
  451       4.00003595
  452       4.00014287
  453       3.99871818
  454       3.99957593
  455       4.00012653
  456       3.99884532
  457       3.99816950
  458       4.00038766
  459       3.99816950
  460       4.00038766
  461       4.00008600
  462       3.99856202
  463       4.00063406
  464       3.99984709
  465       3.99871818
  466       3.99957593
  467       4.00012653
  468       3.99884532
  469       4.00160751
  470       4.00024814
  471       4.00012369
  472       3.99494317
  473       4.00063406
  474       3.99984709
  475       4.00008600
  476       3.99856202
  477       3.99993550
  478       3.99901807
  479       3.99993550
  480       3.99901807
  481       4.04017259
  482       4.04016789
  483       3.99934891
  484       4.00086244
  485       3.99994877
  486       3.99980705
  487       4.00027500
  488       4.00011551
  489       4.00162812
  490       4.00324635
  491       3.99997546
  492       4.00324635
  493       3.99997546
  494       4.00013721
  495       3.99230709
  496       3.99856471
  497       3.99964301
  498       3.99980705
  499       4.00027500
  500       4.00011551
  501       4.00162812
  502       4.00335250
  503       3.99969371
  504       3.99989998
  505       4.00246692
  506       3.99856471
  507       3.99964301
  508       4.00013721
  509       3.99230709
  510       4.00020004
  511       4.00162281
  512       4.00020004
  513       4.00162281

l-shell populations (up)
 Atom Sh.   l       Population
    1   1   0       1.35620650
    1   2   1       2.48943574
    1   3   2       0.15408047
    2   1   0       1.35638487
    2   2   1       2.48850965
    2   3   2       0.15438251
    3   1   0       1.36263524
    3   2   1       2.48186410
    3   3   2       0.15432430
    4   1   0       1.34572857
    4   2   1       2.44315538
    4   3   2       0.19838199
    5   1   0       1.35567040
    5   2   1       2.49028259
    5   3   2       0.15423270
    6   1   0       1.35613477
    6   2   1       2.48843681
    6   3   2       0.15517768
    7   1   0       1.35468950
    7   2   1       2.49344369
    7   3   2       0.15943635
    8   1   0       1.35640777
    8   2   1       2.48927123
    8   3   2       0.15429650
    9   1   0       1.35565567
    9   2   1       2.49033154
    9   3   2       0.15430029
   10   1   0       1.35357460
   10   2   1       2.49204830
   10   3   2       0.15579008
   11   1   0       1.35565567
   11   2   1       2.49033154
   11   3   2       0.15430029
   12   1   0       1.35357460
   12   2   1       2.49204830
   12   3   2       0.15579008
   13   1   0       1.35432225
   13   2   1       2.49178420
   13   3   2       0.15434938
   14   1   0       1.35572875
   14   2   1       2.49019214
   14   3   2       0.15414534
   15   1   0       1.35501214
   15   2   1       2.49120120
   15   3   2       0.15432387
   16   1   0       1.35591168
   16   2   1       2.48972433
   16   3   2       0.15423630
   17   1   0       1.35567040
   17   2   1       2.49028259
   17   3   2       0.15423270
   18   1   0       1.35613477
   18   2   1       2.48843681
   18   3   2       0.15517768
   19   1   0       1.35468950
   19   2   1       2.49344369
   19   3   2       0.15943635
   20   1   0       1.35640777
   20   2   1       2.48927123
   20   3   2       0.15429650
   21   1   0       1.35566311
   21   2   1       2.49032634
   21   3   2       0.15427659
   22   1   0       1.35478680
   22   2   1       2.49040407
   22   3   2       0.15538649
   23   1   0       1.35652584
   23   2   1       2.48896770
   23   3   2       0.15488525
   24   1   0       1.35576643
   24   2   1       2.49011745
   24   3   2       0.15415010
   25   1   0       1.35501214
   25   2   1       2.49120120
   25   3   2       0.15432387
   26   1   0       1.35591168
   26   2   1       2.48972433
   26   3   2       0.15423630
   27   1   0       1.35432225
   27   2   1       2.49178420
   27   3   2       0.15434938
   28   1   0       1.35572875
   28   2   1       2.49019214
   28   3   2       0.15414534
   29   1   0       1.35703341
   29   2   1       2.48850298
   29   3   2       0.15480623
   30   1   0       1.35632537
   30   2   1       2.48931008
   30   3   2       0.15419291
   31   1   0       1.35703341
   31   2   1       2.48850298
   31   3   2       0.15480623
   32   1   0       1.35632537
   32   2   1       2.48931008
   32   3   2       0.15419291
   33   1   0       1.35567276
   33   2   1       2.49014255
   33   3   2       0.15409046
   34   1   0       1.35576985
   34   2   1       2.48998676
   34   3   2       0.15403408
   35   1   0       1.35506236
   35   2   1       2.49101297
   35   3   2       0.15418410
   36   1   0       1.35605555
   36   2   1       2.48979869
   36   3   2       0.15414628
   37   1   0       1.35593997
   37   2   1       2.48998544
   37   3   2       0.15421334
   38   1   0       1.35593102
   38   2   1       2.49029782
   38   3   2       0.15441567
   39   1   0       1.35767825
   39   2   1       2.48693368
   39   3   2       0.15473849
   40   1   0       1.35643384
   40   2   1       2.48934212
   40   3   2       0.15420578
   41   1   0       1.35567288
   41   2   1       2.49030327
   41   3   2       0.15420031
   42   1   0       1.35622030
   42   2   1       2.48861818
   42   3   2       0.15365846
   43   1   0       1.35567288
   43   2   1       2.49030327
   43   3   2       0.15420031
   44   1   0       1.35622030
   44   2   1       2.48861818
   44   3   2       0.15365846
   45   1   0       1.35555544
   45   2   1       2.48994909
   45   3   2       0.15400470
   46   1   0       1.35580298
   46   2   1       2.49000076
   46   3   2       0.15405435
   47   1   0       1.35570201
   47   2   1       2.49003367
   47   3   2       0.15400656
   48   1   0       1.35542420
   48   2   1       2.48978314
   48   3   2       0.15372971
   49   1   0       1.35593997
   49   2   1       2.48998544
   49   3   2       0.15421334
   50   1   0       1.35593102
   50   2   1       2.49029782
   50   3   2       0.15441567
   51   1   0       1.35767825
   51   2   1       2.48693368
   51   3   2       0.15473849
   52   1   0       1.35643384
   52   2   1       2.48934212
   52   3   2       0.15420578
   53   1   0       1.35576613
   53   2   1       2.49006202
   53   3   2       0.15406392
   54   1   0       1.35629594
   54   2   1       2.48915821
   54   3   2       0.15388240
   55   1   0       1.35639000
   55   2   1       2.48745515
   55   3   2       0.15329366
   56   1   0       1.35591197
   56   2   1       2.48982037
   56   3   2       0.15406273
   57   1   0       1.35570201
   57   2   1       2.49003367
   57   3   2       0.15400656
   58   1   0       1.35542420
   58   2   1       2.48978314
   58   3   2       0.15372971
   59   1   0       1.35555544
   59   2   1       2.48994909
   59   3   2       0.15400470
   60   1   0       1.35580298
   60   2   1       2.49000076
   60   3   2       0.15405435
   61   1   0       1.35515069
   61   2   1       2.49049157
   61   3   2       0.15403586
   62   1   0       1.35583679
   62   2   1       2.48987198
   62   3   2       0.15402084
   63   1   0       1.35515069
   63   2   1       2.49049157
   63   3   2       0.15403586
   64   1   0       1.35583679
   64   2   1       2.48987198
   64   3   2       0.15402084
   65   1   0       1.35663579
   65   2   1       2.48916983
   65   3   2       0.15428037
   66   1   0       1.35697797
   66   2   1       2.48914437
   66   3   2       0.15451171
   67   1   0       1.35697797
   67   2   1       2.48914437
   67   3   2       0.15451171
   68   1   0       1.35663579
   68   2   1       2.48916983
   68   3   2       0.15428037
   69   1   0       1.35608520
   69   2   1       2.48999252
   69   3   2       0.15430993
   70   1   0       1.35618981
   70   2   1       2.48981218
   70   3   2       0.15424614
   71   1   0       1.35608520
   71   2   1       2.48999252
   71   3   2       0.15430993
   72   1   0       1.35912899
   72   2   1       2.48072138
   72   3   2       0.15509263
   73   1   0       1.35568332
   73   2   1       2.49028224
   73   3   2       0.15416096
   74   1   0       1.35568332
   74   2   1       2.49028224
   74   3   2       0.15416096
   75   1   0       1.35554847
   75   2   1       2.48929108
   75   3   2       0.15387858
   76   1   0       1.35554847
   76   2   1       2.48929108
   76   3   2       0.15387858
   77   1   0       1.35565340
   77   2   1       2.49031773
   77   3   2       0.15417174
   78   1   0       1.35551766
   78   2   1       2.48970588
   78   3   2       0.15379452
   79   1   0       1.35542068
   79   2   1       2.49061811
   79   3   2       0.15411630
   80   1   0       1.35551766
   80   2   1       2.48970588
   80   3   2       0.15379452
   81   1   0       1.35717259
   81   2   1       2.48738732
   81   3   2       0.15360954
   82   1   0       1.35716868
   82   2   1       2.48956545
   82   3   2       0.15487333
   83   1   0       1.35717259
   83   2   1       2.48738732
   83   3   2       0.15360954
   84   1   0       1.35587851
   84   2   1       2.49006533
   84   3   2       0.15417985
   85   1   0       1.35622144
   85   2   1       2.48937368
   85   3   2       0.15398078
   86   1   0       1.35622144
   86   2   1       2.48937368
   86   3   2       0.15398078
   87   1   0       1.35603926
   87   2   1       2.48899017
   87   3   2       0.15381587
   88   1   0       1.35603926
   88   2   1       2.48899017
   88   3   2       0.15381587
   89   1   0       1.35551405
   89   2   1       2.49041446
   89   3   2       0.15410744
   90   1   0       1.35562098
   90   2   1       2.49019492
   90   3   2       0.15411959
   91   1   0       1.35636050
   91   2   1       2.48951503
   91   3   2       0.15417747
   92   1   0       1.35562098
   92   2   1       2.49019492
   92   3   2       0.15411959
   93   1   0       1.35626298
   93   2   1       2.48941743
   93   3   2       0.15416668
   94   1   0       1.35859058
   94   2   1       2.48114588
   94   3   2       0.15882550
   95   1   0       1.35859058
   95   2   1       2.48114588
   95   3   2       0.15882550
   96   1   0       1.35626298
   96   2   1       2.48941743
   96   3   2       0.15416668
   97   1   0       1.35336131
   97   2   1       2.49392022
   97   3   2       0.15496535
   98   1   0       1.35515069
   98   2   1       2.49049157
   98   3   2       0.15403586
   99   1   0       1.35506237
   99   2   1       2.49101297
   99   3   2       0.15418410
  100   1   0       1.35515069
  100   2   1       2.49049157
  100   3   2       0.15403586
  101   1   0       1.35643384
  101   2   1       2.48934212
  101   3   2       0.15420578
  102   1   0       1.35635282
  102   2   1       2.48907752
  102   3   2       0.15421265
  103   1   0       1.35635282
  103   2   1       2.48907752
  103   3   2       0.15421265
  104   1   0       1.35578829
  104   2   1       2.46501923
  104   3   2       0.17149924
  105   1   0       1.35567288
  105   2   1       2.49030327
  105   3   2       0.15420031
  106   1   0       1.35586332
  106   2   1       2.48990563
  106   3   2       0.15413102
  107   1   0       1.35265253
  107   2   1       2.49320792
  107   3   2       0.15738580
  108   1   0       1.35569583
  108   2   1       2.49251996
  108   3   2       0.15513664
  109   1   0       1.35580298
  109   2   1       2.49000076
  109   3   2       0.15405435
  110   1   0       1.35422118
  110   2   1       2.49246206
  110   3   2       0.15494484
  111   1   0       1.35523128
  111   2   1       2.49055474
  111   3   2       0.15448897
  112   1   0       1.35523128
  112   2   1       2.49055474
  112   3   2       0.15448897
  113   1   0       1.35659678
  113   2   1       2.48892977
  113   3   2       0.15461064
  114   1   0       1.35848163
  114   2   1       2.48537779
  114   3   2       0.15470523
  115   1   0       1.35848163
  115   2   1       2.48537779
  115   3   2       0.15470523
  116   1   0       1.35593997
  116   2   1       2.48998544
  116   3   2       0.15421334
  117   1   0       1.35621375
  117   2   1       2.48932455
  117   3   2       0.15443714
  118   1   0       1.35625266
  118   2   1       2.48910261
  118   3   2       0.15433842
  119   1   0       1.35621375
  119   2   1       2.48932455
  119   3   2       0.15443714
  120   1   0       1.35621663
  120   2   1       2.48953854
  120   3   2       0.15435671
  121   1   0       1.35570616
  121   2   1       2.49024530
  121   3   2       0.15416404
  122   1   0       1.35570616
  122   2   1       2.49024530
  122   3   2       0.15416404
  123   1   0       1.35613908
  123   2   1       2.48926343
  123   3   2       0.15440449
  124   1   0       1.35555544
  124   2   1       2.48994909
  124   3   2       0.15400470
  125   1   0       1.35576985
  125   2   1       2.48998676
  125   3   2       0.15403408
  126   1   0       1.35581057
  126   2   1       2.48973867
  126   3   2       0.15420704
  127   1   0       1.35605555
  127   2   1       2.48979869
  127   3   2       0.15414628
  128   1   0       1.35583679
  128   2   1       2.48987198
  128   3   2       0.15402084
  129   1   0       1.35663579
  129   2   1       2.48916983
  129   3   2       0.15428037
  130   1   0       1.35697797
  130   2   1       2.48914437
  130   3   2       0.15451171
  131   1   0       1.35697797
  131   2   1       2.48914437
  131   3   2       0.15451171
  132   1   0       1.35663579
  132   2   1       2.48916983
  132   3   2       0.15428037
  133   1   0       1.35717259
  133   2   1       2.48738732
  133   3   2       0.15360954
  134   1   0       1.35716868
  134   2   1       2.48956545
  134   3   2       0.15487333
  135   1   0       1.35717259
  135   2   1       2.48738732
  135   3   2       0.15360954
  136   1   0       1.35587851
  136   2   1       2.49006533
  136   3   2       0.15417985
  137   1   0       1.35554847
  137   2   1       2.48929108
  137   3   2       0.15387858
  138   1   0       1.35554847
  138   2   1       2.48929108
  138   3   2       0.15387858
  139   1   0       1.35568332
  139   2   1       2.49028224
  139   3   2       0.15416096
  140   1   0       1.35568332
  140   2   1       2.49028224
  140   3   2       0.15416096
  141   1   0       1.35636050
  141   2   1       2.48951503
  141   3   2       0.15417747
  142   1   0       1.35562098
  142   2   1       2.49019492
  142   3   2       0.15411959
  143   1   0       1.35551405
  143   2   1       2.49041446
  143   3   2       0.15410744
  144   1   0       1.35562098
  144   2   1       2.49019492
  144   3   2       0.15411959
  145   1   0       1.35608520
  145   2   1       2.48999252
  145   3   2       0.15430993
  146   1   0       1.35618981
  146   2   1       2.48981218
  146   3   2       0.15424614
  147   1   0       1.35608520
  147   2   1       2.48999252
  147   3   2       0.15430993
  148   1   0       1.35912899
  148   2   1       2.48072138
  148   3   2       0.15509263
  149   1   0       1.35622144
  149   2   1       2.48937368
  149   3   2       0.15398078
  150   1   0       1.35622144
  150   2   1       2.48937368
  150   3   2       0.15398078
  151   1   0       1.35603926
  151   2   1       2.48899017
  151   3   2       0.15381587
  152   1   0       1.35603926
  152   2   1       2.48899017
  152   3   2       0.15381587
  153   1   0       1.35542068
  153   2   1       2.49061811
  153   3   2       0.15411630
  154   1   0       1.35551766
  154   2   1       2.48970588
  154   3   2       0.15379452
  155   1   0       1.35565340
  155   2   1       2.49031773
  155   3   2       0.15417174
  156   1   0       1.35551766
  156   2   1       2.48970588
  156   3   2       0.15379452
  157   1   0       1.35859058
  157   2   1       2.48114588
  157   3   2       0.15882550
  158   1   0       1.35626298
  158   2   1       2.48941743
  158   3   2       0.15416668
  159   1   0       1.35626298
  159   2   1       2.48941743
  159   3   2       0.15416668
  160   1   0       1.35859058
  160   2   1       2.48114588
  160   3   2       0.15882550
  161   1   0       1.35336131
  161   2   1       2.49392022
  161   3   2       0.15496535
  162   1   0       1.35515069
  162   2   1       2.49049157
  162   3   2       0.15403586
  163   1   0       1.35506237
  163   2   1       2.49101297
  163   3   2       0.15418410
  164   1   0       1.35515069
  164   2   1       2.49049157
  164   3   2       0.15403586
  165   1   0       1.35659678
  165   2   1       2.48892977
  165   3   2       0.15461064
  166   1   0       1.35848163
  166   2   1       2.48537779
  166   3   2       0.15470523
  167   1   0       1.35848163
  167   2   1       2.48537779
  167   3   2       0.15470523
  168   1   0       1.35593997
  168   2   1       2.48998544
  168   3   2       0.15421334
  169   1   0       1.35265253
  169   2   1       2.49320792
  169   3   2       0.15738580
  170   1   0       1.35569583
  170   2   1       2.49251996
  170   3   2       0.15513664
  171   1   0       1.35567288
  171   2   1       2.49030327
  171   3   2       0.15420031
  172   1   0       1.35586332
  172   2   1       2.48990563
  172   3   2       0.15413102
  173   1   0       1.35613908
  173   2   1       2.48926343
  173   3   2       0.15440449
  174   1   0       1.35555544
  174   2   1       2.48994909
  174   3   2       0.15400470
  175   1   0       1.35570616
  175   2   1       2.49024530
  175   3   2       0.15416404
  176   1   0       1.35570616
  176   2   1       2.49024530
  176   3   2       0.15416404
  177   1   0       1.35643384
  177   2   1       2.48934212
  177   3   2       0.15420578
  178   1   0       1.35635282
  178   2   1       2.48907752
  178   3   2       0.15421265
  179   1   0       1.35635282
  179   2   1       2.48907752
  179   3   2       0.15421265
  180   1   0       1.35578829
  180   2   1       2.46501923
  180   3   2       0.17149924
  181   1   0       1.35621375
  181   2   1       2.48932455
  181   3   2       0.15443714
  182   1   0       1.35625266
  182   2   1       2.48910261
  182   3   2       0.15433842
  183   1   0       1.35621375
  183   2   1       2.48932455
  183   3   2       0.15443714
  184   1   0       1.35621663
  184   2   1       2.48953854
  184   3   2       0.15435671
  185   1   0       1.35523128
  185   2   1       2.49055474
  185   3   2       0.15448897
  186   1   0       1.35523128
  186   2   1       2.49055474
  186   3   2       0.15448897
  187   1   0       1.35580298
  187   2   1       2.49000076
  187   3   2       0.15405435
  188   1   0       1.35422118
  188   2   1       2.49246206
  188   3   2       0.15494484
  189   1   0       1.35605555
  189   2   1       2.48979869
  189   3   2       0.15414628
  190   1   0       1.35583679
  190   2   1       2.48987198
  190   3   2       0.15402084
  191   1   0       1.35576985
  191   2   1       2.48998676
  191   3   2       0.15403408
  192   1   0       1.35581057
  192   2   1       2.48973867
  192   3   2       0.15420704
  193   1   0       1.34572857
  193   2   1       2.44315538
  193   3   2       0.19838199
  194   1   0       1.36263524
  194   2   1       2.48186410
  194   3   2       0.15432430
  195   1   0       1.35638487
  195   2   1       2.48850965
  195   3   2       0.15438251
  196   1   0       1.35620650
  196   2   1       2.48943574
  196   3   2       0.15408047
  197   1   0       1.35468950
  197   2   1       2.49344369
  197   3   2       0.15943635
  198   1   0       1.35613477
  198   2   1       2.48843681
  198   3   2       0.15517768
  199   1   0       1.35567040
  199   2   1       2.49028259
  199   3   2       0.15423270
  200   1   0       1.35640777
  200   2   1       2.48927123
  200   3   2       0.15429650
  201   1   0       1.35357460
  201   2   1       2.49204830
  201   3   2       0.15579008
  202   1   0       1.35565567
  202   2   1       2.49033154
  202   3   2       0.15430029
  203   1   0       1.35357460
  203   2   1       2.49204830
  203   3   2       0.15579008
  204   1   0       1.35565567
  204   2   1       2.49033154
  204   3   2       0.15430029
  205   1   0       1.35432225
  205   2   1       2.49178420
  205   3   2       0.15434938
  206   1   0       1.35591168
  206   2   1       2.48972433
  206   3   2       0.15423630
  207   1   0       1.35501214
  207   2   1       2.49120120
  207   3   2       0.15432387
  208   1   0       1.35572875
  208   2   1       2.49019214
  208   3   2       0.15414534
  209   1   0       1.35468950
  209   2   1       2.49344369
  209   3   2       0.15943635
  210   1   0       1.35613477
  210   2   1       2.48843681
  210   3   2       0.15517768
  211   1   0       1.35567040
  211   2   1       2.49028259
  211   3   2       0.15423270
  212   1   0       1.35640777
  212   2   1       2.48927123
  212   3   2       0.15429650
  213   1   0       1.35478680
  213   2   1       2.49040407
  213   3   2       0.15538649
  214   1   0       1.35566311
  214   2   1       2.49032634
  214   3   2       0.15427659
  215   1   0       1.35576643
  215   2   1       2.49011745
  215   3   2       0.15415010
  216   1   0       1.35652584
  216   2   1       2.48896770
  216   3   2       0.15488525
  217   1   0       1.35501214
  217   2   1       2.49120120
  217   3   2       0.15432387
  218   1   0       1.35572875
  218   2   1       2.49019214
  218   3   2       0.15414534
  219   1   0       1.35432225
  219   2   1       2.49178420
  219   3   2       0.15434938
  220   1   0       1.35591168
  220   2   1       2.48972433
  220   3   2       0.15423630
  221   1   0       1.35632537
  221   2   1       2.48931008
  221   3   2       0.15419291
  222   1   0       1.35703341
  222   2   1       2.48850298
  222   3   2       0.15480623
  223   1   0       1.35632537
  223   2   1       2.48931008
  223   3   2       0.15419291
  224   1   0       1.35703341
  224   2   1       2.48850298
  224   3   2       0.15480623
  225   1   0       1.35623875
  225   2   1       2.48953594
  225   3   2       0.15434393
  226   1   0       1.35605555
  226   2   1       2.48979869
  226   3   2       0.15414628
  227   1   0       1.35506236
  227   2   1       2.49101297
  227   3   2       0.15418410
  228   1   0       1.35576985
  228   2   1       2.48998676
  228   3   2       0.15403408
  229   1   0       1.35578829
  229   2   1       2.46501923
  229   3   2       0.17149924
  230   1   0       1.35767825
  230   2   1       2.48693368
  230   3   2       0.15473849
  231   1   0       1.35593102
  231   2   1       2.49029782
  231   3   2       0.15441567
  232   1   0       1.35659678
  232   2   1       2.48892977
  232   3   2       0.15461064
  233   1   0       1.35265253
  233   2   1       2.49320792
  233   3   2       0.15738580
  234   1   0       1.35622030
  234   2   1       2.48861818
  234   3   2       0.15365846
  235   1   0       1.35265253
  235   2   1       2.49320792
  235   3   2       0.15738580
  236   1   0       1.35622030
  236   2   1       2.48861818
  236   3   2       0.15365846
  237   1   0       1.35422118
  237   2   1       2.49246206
  237   3   2       0.15494484
  238   1   0       1.35613908
  238   2   1       2.48926343
  238   3   2       0.15440449
  239   1   0       1.35542420
  239   2   1       2.48978314
  239   3   2       0.15372971
  240   1   0       1.35570201
  240   2   1       2.49003367
  240   3   2       0.15400656
  241   1   0       1.35578829
  241   2   1       2.46501923
  241   3   2       0.17149924
  242   1   0       1.35767825
  242   2   1       2.48693368
  242   3   2       0.15473849
  243   1   0       1.35593102
  243   2   1       2.49029782
  243   3   2       0.15441567
  244   1   0       1.35659678
  244   2   1       2.48892977
  244   3   2       0.15461064
  245   1   0       1.35639000
  245   2   1       2.48745515
  245   3   2       0.15329366
  246   1   0       1.35629594
  246   2   1       2.48915821
  246   3   2       0.15388240
  247   1   0       1.35576613
  247   2   1       2.49006202
  247   3   2       0.15406392
  248   1   0       1.35655941
  248   2   1       2.48910936
  248   3   2       0.15679799
  249   1   0       1.35542420
  249   2   1       2.48978314
  249   3   2       0.15372971
  250   1   0       1.35570201
  250   2   1       2.49003367
  250   3   2       0.15400656
  251   1   0       1.35422118
  251   2   1       2.49246206
  251   3   2       0.15494484
  252   1   0       1.35613908
  252   2   1       2.48926343
  252   3   2       0.15440449
  253   1   0       1.35515069
  253   2   1       2.49049157
  253   3   2       0.15403586
  254   1   0       1.35581057
  254   2   1       2.48973867
  254   3   2       0.15420704
  255   1   0       1.35515069
  255   2   1       2.49049157
  255   3   2       0.15403586
  256   1   0       1.35581057
  256   2   1       2.48973867
  256   3   2       0.15420704
  257   1   0       1.35565340
  257   2   1       2.49031773
  257   3   2       0.15417174
  258   1   0       1.35551405
  258   2   1       2.49041447
  258   3   2       0.15410744
  259   1   0       1.35542068
  259   2   1       2.49061812
  259   3   2       0.15411630
  260   1   0       1.35636051
  260   2   1       2.48951504
  260   3   2       0.15417748
  261   1   0       1.35568332
  261   2   1       2.49028225
  261   3   2       0.15416096
  262   1   0       1.35622145
  262   2   1       2.48937370
  262   3   2       0.15398078
  263   1   0       1.35554848
  263   2   1       2.48929111
  263   3   2       0.15387859
  264   1   0       1.35603926
  264   2   1       2.48899019
  264   3   2       0.15381587
  265   1   0       1.35608521
  265   2   1       2.48999253
  265   3   2       0.15430993
  266   1   0       1.35717259
  266   2   1       2.48738736
  266   3   2       0.15360955
  267   1   0       1.35608521
  267   2   1       2.48999253
  267   3   2       0.15430993
  268   1   0       1.35717259
  268   2   1       2.48738736
  268   3   2       0.15360955
  269   1   0       1.35663579
  269   2   1       2.48916984
  269   3   2       0.15428037
  270   1   0       1.35626298
  270   2   1       2.48941743
  270   3   2       0.15416668
  271   1   0       1.35697797
  271   2   1       2.48914438
  271   3   2       0.15451172
  272   1   0       1.35859058
  272   2   1       2.48114592
  272   3   2       0.15882552
  273   1   0       1.35568332
  273   2   1       2.49028225
  273   3   2       0.15416096
  274   1   0       1.35622145
  274   2   1       2.48937370
  274   3   2       0.15398078
  275   1   0       1.35554848
  275   2   1       2.48929111
  275   3   2       0.15387859
  276   1   0       1.35603926
  276   2   1       2.48899019
  276   3   2       0.15381587
  277   1   0       1.35618981
  277   2   1       2.48981218
  277   3   2       0.15424614
  278   1   0       1.35716868
  278   2   1       2.48956549
  278   3   2       0.15487334
  279   1   0       1.35912899
  279   2   1       2.48072152
  279   3   2       0.15509266
  280   1   0       1.35587850
  280   2   1       2.49006533
  280   3   2       0.15417986
  281   1   0       1.35697797
  281   2   1       2.48914438
  281   3   2       0.15451172
  282   1   0       1.35859058
  282   2   1       2.48114592
  282   3   2       0.15882552
  283   1   0       1.35663579
  283   2   1       2.48916984
  283   3   2       0.15428037
  284   1   0       1.35626298
  284   2   1       2.48941743
  284   3   2       0.15416668
  285   1   0       1.35551767
  285   2   1       2.48970588
  285   3   2       0.15379452
  286   1   0       1.35562098
  286   2   1       2.49019492
  286   3   2       0.15411959
  287   1   0       1.35551767
  287   2   1       2.48970588
  287   3   2       0.15379452
  288   1   0       1.35562098
  288   2   1       2.49019492
  288   3   2       0.15411959
  289   1   0       1.35614832
  289   2   1       2.48968217
  289   3   2       0.15424523
  290   1   0       1.35632064
  290   2   1       2.48940514
  290   3   2       0.15422299
  291   1   0       1.35742852
  291   2   1       2.48858624
  291   3   2       0.15484768
  292   1   0       1.36334845
  292   2   1       2.47103045
  292   3   2       0.16497001
  293   1   0       1.35580297
  293   2   1       2.49000077
  293   3   2       0.15405435
  294   1   0       1.35570616
  294   2   1       2.49024530
  294   3   2       0.15416404
  295   1   0       1.35523128
  295   2   1       2.49055475
  295   3   2       0.15448897
  296   1   0       1.35555545
  296   2   1       2.48994910
  296   3   2       0.15400471
  297   1   0       1.35567288
  297   2   1       2.49030328
  297   3   2       0.15420031
  298   1   0       1.35621375
  298   2   1       2.48932456
  298   3   2       0.15443715
  299   1   0       1.35567288
  299   2   1       2.49030328
  299   3   2       0.15420031
  300   1   0       1.35621375
  300   2   1       2.48932456
  300   3   2       0.15443715
  301   1   0       1.35643384
  301   2   1       2.48934213
  301   3   2       0.15420579
  302   1   0       1.35593997
  302   2   1       2.48998544
  302   3   2       0.15421334
  303   1   0       1.35635282
  303   2   1       2.48907753
  303   3   2       0.15421265
  304   1   0       1.35848163
  304   2   1       2.48537783
  304   3   2       0.15470524
  305   1   0       1.35580297
  305   2   1       2.49000077
  305   3   2       0.15405435
  306   1   0       1.35570616
  306   2   1       2.49024530
  306   3   2       0.15416404
  307   1   0       1.35523128
  307   2   1       2.49055475
  307   3   2       0.15448897
  308   1   0       1.35555545
  308   2   1       2.48994910
  308   3   2       0.15400471
  309   1   0       1.35586333
  309   2   1       2.48990564
  309   3   2       0.15413102
  310   1   0       1.35625266
  310   2   1       2.48910262
  310   3   2       0.15433843
  311   1   0       1.35569582
  311   2   1       2.49252001
  311   3   2       0.15513666
  312   1   0       1.35591196
  312   2   1       2.48982038
  312   3   2       0.15406273
  313   1   0       1.35635282
  313   2   1       2.48907753
  313   3   2       0.15421265
  314   1   0       1.35848163
  314   2   1       2.48537783
  314   3   2       0.15470524
  315   1   0       1.35643384
  315   2   1       2.48934213
  315   3   2       0.15420579
  316   1   0       1.35593997
  316   2   1       2.48998544
  316   3   2       0.15421334
  317   1   0       1.35662579
  317   2   1       2.48919191
  317   3   2       0.15438234
  318   1   0       1.35625952
  318   2   1       2.48957439
  318   3   2       0.15425081
  319   1   0       1.35662579
  319   2   1       2.48919191
  319   3   2       0.15438234
  320   1   0       1.35625952
  320   2   1       2.48957439
  320   3   2       0.15425081
  321   1   0       1.35432225
  321   2   1       2.49178421
  321   3   2       0.15434938
  322   1   0       1.35501215
  322   2   1       2.49120120
  322   3   2       0.15432387
  323   1   0       1.35501215
  323   2   1       2.49120120
  323   3   2       0.15432387
  324   1   0       1.35432225
  324   2   1       2.49178421
  324   3   2       0.15434938
  325   1   0       1.35565568
  325   2   1       2.49033155
  325   3   2       0.15430029
  326   1   0       1.35566311
  326   2   1       2.49032634
  326   3   2       0.15427659
  327   1   0       1.35565568
  327   2   1       2.49033155
  327   3   2       0.15430029
  328   1   0       1.35652584
  328   2   1       2.48896775
  328   3   2       0.15488527
  329   1   0       1.35567040
  329   2   1       2.49028259
  329   3   2       0.15423270
  330   1   0       1.35567040
  330   2   1       2.49028259
  330   3   2       0.15423270
  331   1   0       1.35468952
  331   2   1       2.49344388
  331   3   2       0.15943637
  332   1   0       1.35468952
  332   2   1       2.49344388
  332   3   2       0.15943637
  333   1   0       1.35620650
  333   2   1       2.48943574
  333   3   2       0.15408047
  334   1   0       1.35703341
  334   2   1       2.48850300
  334   3   2       0.15480623
  335   1   0       1.36263523
  335   2   1       2.48186409
  335   3   2       0.15432432
  336   1   0       1.35703341
  336   2   1       2.48850300
  336   3   2       0.15480623
  337   1   0       1.35357460
  337   2   1       2.49204833
  337   3   2       0.15579010
  338   1   0       1.35478681
  338   2   1       2.49040409
  338   3   2       0.15538651
  339   1   0       1.35357460
  339   2   1       2.49204833
  339   3   2       0.15579010
  340   1   0       1.35576643
  340   2   1       2.49011745
  340   3   2       0.15415011
  341   1   0       1.35613478
  341   2   1       2.48843683
  341   3   2       0.15517769
  342   1   0       1.35613478
  342   2   1       2.48843683
  342   3   2       0.15517769
  343   1   0       1.35640778
  343   2   1       2.48927124
  343   3   2       0.15429650
  344   1   0       1.35640778
  344   2   1       2.48927124
  344   3   2       0.15429650
  345   1   0       1.35638488
  345   2   1       2.48850966
  345   3   2       0.15438251
  346   1   0       1.35632537
  346   2   1       2.48931009
  346   3   2       0.15419291
  347   1   0       1.34572848
  347   2   1       2.44315538
  347   3   2       0.19838245
  348   1   0       1.35632537
  348   2   1       2.48931009
  348   3   2       0.15419291
  349   1   0       1.35572875
  349   2   1       2.49019215
  349   3   2       0.15414535
  350   1   0       1.35591168
  350   2   1       2.48972434
  350   3   2       0.15423630
  351   1   0       1.35591168
  351   2   1       2.48972434
  351   3   2       0.15423630
  352   1   0       1.35572875
  352   2   1       2.49019215
  352   3   2       0.15414535
  353   1   0       1.35648268
  353   2   1       2.48908687
  353   3   2       0.15432467
  354   1   0       1.35662579
  354   2   1       2.48919191
  354   3   2       0.15438234
  355   1   0       1.35742852
  355   2   1       2.48858622
  355   3   2       0.15484768
  356   1   0       1.35662579
  356   2   1       2.48919191
  356   3   2       0.15438234
  357   1   0       1.35555545
  357   2   1       2.48994910
  357   3   2       0.15400471
  358   1   0       1.35570202
  358   2   1       2.49003368
  358   3   2       0.15400656
  359   1   0       1.35570202
  359   2   1       2.49003368
  359   3   2       0.15400656
  360   1   0       1.35613908
  360   2   1       2.48926346
  360   3   2       0.15440450
  361   1   0       1.35567288
  361   2   1       2.49030328
  361   3   2       0.15420031
  362   1   0       1.35576613
  362   2   1       2.49006203
  362   3   2       0.15406392
  363   1   0       1.35265254
  363   2   1       2.49320798
  363   3   2       0.15738583
  364   1   0       1.35639000
  364   2   1       2.48745523
  364   3   2       0.15329370
  365   1   0       1.35593997
  365   2   1       2.48998544
  365   3   2       0.15421334
  366   1   0       1.35659678
  366   2   1       2.48892979
  366   3   2       0.15461064
  367   1   0       1.35767825
  367   2   1       2.48693371
  367   3   2       0.15473850
  368   1   0       1.35767825
  368   2   1       2.48693371
  368   3   2       0.15473850
  369   1   0       1.35422119
  369   2   1       2.49246208
  369   3   2       0.15494484
  370   1   0       1.35542422
  370   2   1       2.48978316
  370   3   2       0.15372972
  371   1   0       1.35542422
  371   2   1       2.48978316
  371   3   2       0.15372972
  372   1   0       1.35580297
  372   2   1       2.49000077
  372   3   2       0.15405435
  373   1   0       1.35622030
  373   2   1       2.48861819
  373   3   2       0.15365847
  374   1   0       1.35629595
  374   2   1       2.48915823
  374   3   2       0.15388241
  375   1   0       1.35622030
  375   2   1       2.48861819
  375   3   2       0.15365847
  376   1   0       1.35621663
  376   2   1       2.48953856
  376   3   2       0.15435671
  377   1   0       1.35593102
  377   2   1       2.49029782
  377   3   2       0.15441567
  378   1   0       1.35593102
  378   2   1       2.49029782
  378   3   2       0.15441567
  379   1   0       1.35578831
  379   2   1       2.46501938
  379   3   2       0.17149939
  380   1   0       1.35643384
  380   2   1       2.48934213
  380   3   2       0.15420579
  381   1   0       1.35632064
  381   2   1       2.48940514
  381   3   2       0.15422299
  382   1   0       1.35661714
  382   2   1       2.48887195
  382   3   2       0.15613372
  383   1   0       1.36334848
  383   2   1       2.47103042
  383   3   2       0.16496991
  384   1   0       1.35625952
  384   2   1       2.48957439
  384   3   2       0.15425081
  385   1   0       1.35432225
  385   2   1       2.49178421
  385   3   2       0.15434938
  386   1   0       1.35501215
  386   2   1       2.49120120
  386   3   2       0.15432387
  387   1   0       1.35501215
  387   2   1       2.49120120
  387   3   2       0.15432387
  388   1   0       1.35432225
  388   2   1       2.49178421
  388   3   2       0.15434938
  389   1   0       1.35357460
  389   2   1       2.49204833
  389   3   2       0.15579010
  390   1   0       1.35478681
  390   2   1       2.49040409
  390   3   2       0.15538651
  391   1   0       1.35357460
  391   2   1       2.49204833
  391   3   2       0.15579010
  392   1   0       1.35576643
  392   2   1       2.49011745
  392   3   2       0.15415011
  393   1   0       1.35468952
  393   2   1       2.49344388
  393   3   2       0.15943637
  394   1   0       1.35468952
  394   2   1       2.49344388
  394   3   2       0.15943637
  395   1   0       1.35567040
  395   2   1       2.49028259
  395   3   2       0.15423270
  396   1   0       1.35567040
  396   2   1       2.49028259
  396   3   2       0.15423270
  397   1   0       1.34572848
  397   2   1       2.44315538
  397   3   2       0.19838245
  398   1   0       1.35632537
  398   2   1       2.48931009
  398   3   2       0.15419291
  399   1   0       1.35638488
  399   2   1       2.48850966
  399   3   2       0.15438251
  400   1   0       1.35632537
  400   2   1       2.48931009
  400   3   2       0.15419291
  401   1   0       1.35565568
  401   2   1       2.49033155
  401   3   2       0.15430029
  402   1   0       1.35566311
  402   2   1       2.49032634
  402   3   2       0.15427659
  403   1   0       1.35565568
  403   2   1       2.49033155
  403   3   2       0.15430029
  404   1   0       1.35652584
  404   2   1       2.48896775
  404   3   2       0.15488527
  405   1   0       1.35613478
  405   2   1       2.48843683
  405   3   2       0.15517769
  406   1   0       1.35613478
  406   2   1       2.48843683
  406   3   2       0.15517769
  407   1   0       1.35640778
  407   2   1       2.48927124
  407   3   2       0.15429650
  408   1   0       1.35640778
  408   2   1       2.48927124
  408   3   2       0.15429650
  409   1   0       1.36263523
  409   2   1       2.48186409
  409   3   2       0.15432432
  410   1   0       1.35703341
  410   2   1       2.48850300
  410   3   2       0.15480623
  411   1   0       1.35620650
  411   2   1       2.48943574
  411   3   2       0.15408047
  412   1   0       1.35703341
  412   2   1       2.48850300
  412   3   2       0.15480623
  413   1   0       1.35591168
  413   2   1       2.48972434
  413   3   2       0.15423630
  414   1   0       1.35572875
  414   2   1       2.49019215
  414   3   2       0.15414535
  415   1   0       1.35572875
  415   2   1       2.49019215
  415   3   2       0.15414535
  416   1   0       1.35591168
  416   2   1       2.48972434
  416   3   2       0.15423630
  417   1   0       1.35648268
  417   2   1       2.48908687
  417   3   2       0.15432467
  418   1   0       1.35662579
  418   2   1       2.48919191
  418   3   2       0.15438234
  419   1   0       1.35742852
  419   2   1       2.48858622
  419   3   2       0.15484768
  420   1   0       1.35662579
  420   2   1       2.48919191
  420   3   2       0.15438234
  421   1   0       1.35422119
  421   2   1       2.49246208
  421   3   2       0.15494484
  422   1   0       1.35542422
  422   2   1       2.48978316
  422   3   2       0.15372972
  423   1   0       1.35542422
  423   2   1       2.48978316
  423   3   2       0.15372972
  424   1   0       1.35580297
  424   2   1       2.49000077
  424   3   2       0.15405435
  425   1   0       1.35265254
  425   2   1       2.49320798
  425   3   2       0.15738583
  426   1   0       1.35639000
  426   2   1       2.48745523
  426   3   2       0.15329370
  427   1   0       1.35567288
  427   2   1       2.49030328
  427   3   2       0.15420031
  428   1   0       1.35576613
  428   2   1       2.49006203
  428   3   2       0.15406392
  429   1   0       1.35578831
  429   2   1       2.46501938
  429   3   2       0.17149939
  430   1   0       1.35643384
  430   2   1       2.48934213
  430   3   2       0.15420579
  431   1   0       1.35593102
  431   2   1       2.49029782
  431   3   2       0.15441567
  432   1   0       1.35593102
  432   2   1       2.49029782
  432   3   2       0.15441567
  433   1   0       1.35555545
  433   2   1       2.48994910
  433   3   2       0.15400471
  434   1   0       1.35570202
  434   2   1       2.49003368
  434   3   2       0.15400656
  435   1   0       1.35570202
  435   2   1       2.49003368
  435   3   2       0.15400656
  436   1   0       1.35613908
  436   2   1       2.48926346
  436   3   2       0.15440450
  437   1   0       1.35622030
  437   2   1       2.48861819
  437   3   2       0.15365847
  438   1   0       1.35629595
  438   2   1       2.48915823
  438   3   2       0.15388241
  439   1   0       1.35622030
  439   2   1       2.48861819
  439   3   2       0.15365847
  440   1   0       1.35621663
  440   2   1       2.48953856
  440   3   2       0.15435671
  441   1   0       1.35767825
  441   2   1       2.48693371
  441   3   2       0.15473850
  442   1   0       1.35767825
  442   2   1       2.48693371
  442   3   2       0.15473850
  443   1   0       1.35593997
  443   2   1       2.48998544
  443   3   2       0.15421334
  444   1   0       1.35659678
  444   2   1       2.48892979
  444   3   2       0.15461064
  445   1   0       1.36334848
  445   2   1       2.47103042
  445   3   2       0.16496991
  446   1   0       1.35625952
  446   2   1       2.48957439
  446   3   2       0.15425081
  447   1   0       1.35632064
  447   2   1       2.48940514
  447   3   2       0.15422299
  448   1   0       1.35661714
  448   2   1       2.48887195
  448   3   2       0.15613372
  449   1   0       1.35636051
  449   2   1       2.48951504
  449   3   2       0.15417748
  450   1   0       1.35542068
  450   2   1       2.49061812
  450   3   2       0.15411630
  451   1   0       1.35551405
  451   2   1       2.49041447
  451   3   2       0.15410744
  452   1   0       1.35565340
  452   2   1       2.49031773
  452   3   2       0.15417174
  453   1   0       1.35554848
  453   2   1       2.48929111
  453   3   2       0.15387859
  454   1   0       1.35622145
  454   2   1       2.48937370
  454   3   2       0.15398078
  455   1   0       1.35568332
  455   2   1       2.49028225
  455   3   2       0.15416096
  456   1   0       1.35603926
  456   2   1       2.48899019
  456   3   2       0.15381587
  457   1   0       1.35717259
  457   2   1       2.48738736
  457   3   2       0.15360955
  458   1   0       1.35608521
  458   2   1       2.48999253
  458   3   2       0.15430993
  459   1   0       1.35717259
  459   2   1       2.48738736
  459   3   2       0.15360955
  460   1   0       1.35608521
  460   2   1       2.48999253
  460   3   2       0.15430993
  461   1   0       1.35663579
  461   2   1       2.48916984
  461   3   2       0.15428037
  462   1   0       1.35859058
  462   2   1       2.48114592
  462   3   2       0.15882552
  463   1   0       1.35697797
  463   2   1       2.48914438
  463   3   2       0.15451172
  464   1   0       1.35626298
  464   2   1       2.48941743
  464   3   2       0.15416668
  465   1   0       1.35554848
  465   2   1       2.48929111
  465   3   2       0.15387859
  466   1   0       1.35622145
  466   2   1       2.48937370
  466   3   2       0.15398078
  467   1   0       1.35568332
  467   2   1       2.49028225
  467   3   2       0.15416096
  468   1   0       1.35603926
  468   2   1       2.48899019
  468   3   2       0.15381587
  469   1   0       1.35716868
  469   2   1       2.48956549
  469   3   2       0.15487334
  470   1   0       1.35618981
  470   2   1       2.48981218
  470   3   2       0.15424614
  471   1   0       1.35587850
  471   2   1       2.49006533
  471   3   2       0.15417986
  472   1   0       1.35912899
  472   2   1       2.48072152
  472   3   2       0.15509266
  473   1   0       1.35697797
  473   2   1       2.48914438
  473   3   2       0.15451172
  474   1   0       1.35626298
  474   2   1       2.48941743
  474   3   2       0.15416668
  475   1   0       1.35663579
  475   2   1       2.48916984
  475   3   2       0.15428037
  476   1   0       1.35859058
  476   2   1       2.48114592
  476   3   2       0.15882552
  477   1   0       1.35562098
  477   2   1       2.49019492
  477   3   2       0.15411959
  478   1   0       1.35551767
  478   2   1       2.48970588
  478   3   2       0.15379452
  479   1   0       1.35562098
  479   2   1       2.49019492
  479   3   2       0.15411959
  480   1   0       1.35551767
  480   2   1       2.48970588
  480   3   2       0.15379452
  481   1   0       1.37659845
  481   2   1       2.52783824
  481   3   2       0.13573590
  482   1   0       1.37659853
  482   2   1       2.52783312
  482   3   2       0.13573624
  483   1   0       1.36334845
  483   2   1       2.47103045
  483   3   2       0.16497001
  484   1   0       1.35742852
  484   2   1       2.48858624
  484   3   2       0.15484768
  485   1   0       1.35632064
  485   2   1       2.48940514
  485   3   2       0.15422299
  486   1   0       1.35613908
  486   2   1       2.48926346
  486   3   2       0.15440450
  487   1   0       1.35523128
  487   2   1       2.49055475
  487   3   2       0.15448897
  488   1   0       1.35570616
  488   2   1       2.49024530
  488   3   2       0.15416404
  489   1   0       1.35422119
  489   2   1       2.49246208
  489   3   2       0.15494484
  490   1   0       1.35265254
  490   2   1       2.49320798
  490   3   2       0.15738583
  491   1   0       1.35621375
  491   2   1       2.48932456
  491   3   2       0.15443715
  492   1   0       1.35265254
  492   2   1       2.49320798
  492   3   2       0.15738583
  493   1   0       1.35621375
  493   2   1       2.48932456
  493   3   2       0.15443715
  494   1   0       1.35659678
  494   2   1       2.48892979
  494   3   2       0.15461064
  495   1   0       1.35578831
  495   2   1       2.46501938
  495   3   2       0.17149939
  496   1   0       1.35848163
  496   2   1       2.48537783
  496   3   2       0.15470524
  497   1   0       1.35635282
  497   2   1       2.48907753
  497   3   2       0.15421265
  498   1   0       1.35613908
  498   2   1       2.48926346
  498   3   2       0.15440450
  499   1   0       1.35523128
  499   2   1       2.49055475
  499   3   2       0.15448897
  500   1   0       1.35570616
  500   2   1       2.49024530
  500   3   2       0.15416404
  501   1   0       1.35422119
  501   2   1       2.49246208
  501   3   2       0.15494484
  502   1   0       1.35569582
  502   2   1       2.49252001
  502   3   2       0.15513666
  503   1   0       1.35625266
  503   2   1       2.48910262
  503   3   2       0.15433843
  504   1   0       1.35586333
  504   2   1       2.48990564
  504   3   2       0.15413102
  505   1   0       1.35655940
  505   2   1       2.48910950
  505   3   2       0.15679802
  506   1   0       1.35848163
  506   2   1       2.48537783
  506   3   2       0.15470524
  507   1   0       1.35635282
  507   2   1       2.48907753
  507   3   2       0.15421265
  508   1   0       1.35659678
  508   2   1       2.48892979
  508   3   2       0.15461064
  509   1   0       1.35578831
  509   2   1       2.46501938
  509   3   2       0.17149939
  510   1   0       1.35662579
  510   2   1       2.48919191
  510   3   2       0.15438234
  511   1   0       1.35661714
  511   2   1       2.48887195
  511   3   2       0.15613372
  512   1   0       1.35662579
  512   2   1       2.48919191
  512   3   2       0.15438234
  513   1   0       1.35661714
  513   2   1       2.48887195
  513   3   2       0.15613372

Orbital populations (up)
 Atom Sh.   l   m       Population  Label
    1   1   0   0       1.35620650  s
    1   2   1  -1       0.82974708  p_y
    1   2   1   0       0.82974708  p_z
    1   2   1   1       0.82994158  p_x
    1   3   2  -2       0.03877532  d_xy
    1   3   2  -1       0.03908393  d_yz
    1   3   2   0       0.01873348  d_z2
    1   3   2   1       0.03877532  d_xz
    1   3   2   2       0.01871243  d_x2-y2
    2   1   0   0       1.35638487  s
    2   2   1  -1       0.82941678  p_y
    2   2   1   0       0.82941678  p_z
    2   2   1   1       0.82967609  p_x
    2   3   2  -2       0.03880691  d_xy
    2   3   2  -1       0.03925114  d_yz
    2   3   2   0       0.01875136  d_z2
    2   3   2   1       0.03880691  d_xz
    2   3   2   2       0.01876618  d_x2-y2
    3   1   0   0       1.36263524  s
    3   2   1  -1       0.82583184  p_y
    3   2   1   0       0.82583184  p_z
    3   2   1   1       0.83020043  p_x
    3   3   2  -2       0.03994063  d_xy
    3   3   2  -1       0.03709792  d_yz
    3   3   2   0       0.01909262  d_z2
    3   3   2   1       0.03994063  d_xz
    3   3   2   2       0.01825250  d_x2-y2
    4   1   0   0       1.34572857  s
    4   2   1  -1       0.80793290  p_y
    4   2   1   0       0.80793290  p_z
    4   2   1   1       0.82728958  p_x
    4   3   2  -2       0.03483809  d_xy
    4   3   2  -1       0.05821588  d_yz
    4   3   2   0       0.03967120  d_z2
    4   3   2   1       0.03483809  d_xz
    4   3   2   2       0.03081873  d_x2-y2
    5   1   0   0       1.35567040  s
    5   2   1  -1       0.83005157  p_y
    5   2   1   0       0.83011029  p_z
    5   2   1   1       0.83012074  p_x
    5   3   2  -2       0.03897233  d_xy
    5   3   2  -1       0.03883489  d_yz
    5   3   2   0       0.01874271  d_z2
    5   3   2   1       0.03893112  d_xz
    5   3   2   2       0.01875164  d_x2-y2
    6   1   0   0       1.35613477  s
    6   2   1  -1       0.82894816  p_y
    6   2   1   0       0.82921761  p_z
    6   2   1   1       0.83027103  p_x
    6   3   2  -2       0.03984315  d_xy
    6   3   2  -1       0.03845604  d_yz
    6   3   2   0       0.01896908  d_z2
    6   3   2   1       0.03921992  d_xz
    6   3   2   2       0.01868949  d_x2-y2
    7   1   0   0       1.35468950  s
    7   2   1  -1       0.82954694  p_y
    7   2   1   0       0.83321515  p_z
    7   2   1   1       0.83068159  p_x
    7   3   2  -2       0.03788870  d_xy
    7   3   2  -1       0.04061151  d_yz
    7   3   2   0       0.01996044  d_z2
    7   3   2   1       0.04160007  d_xz
    7   3   2   2       0.01937564  d_x2-y2
    8   1   0   0       1.35640777  s
    8   2   1  -1       0.82971741  p_y
    8   2   1   0       0.82975980  p_z
    8   2   1   1       0.82979402  p_x
    8   3   2  -2       0.03898807  d_xy
    8   3   2  -1       0.03892416  d_yz
    8   3   2   0       0.01880001  d_z2
    8   3   2   1       0.03885240  d_xz
    8   3   2   2       0.01873186  d_x2-y2
    9   1   0   0       1.35565567  s
    9   2   1  -1       0.83002066  p_y
    9   2   1   0       0.83001836  p_z
    9   2   1   1       0.83029252  p_x
    9   3   2  -2       0.03899304  d_xy
    9   3   2  -1       0.03867604  d_yz
    9   3   2   0       0.01877270  d_z2
    9   3   2   1       0.03913012  d_xz
    9   3   2   2       0.01872840  d_x2-y2
   10   1   0   0       1.35357460  s
   10   2   1  -1       0.83076791  p_y
   10   2   1   0       0.83077418  p_z
   10   2   1   1       0.83050622  p_x
   10   3   2  -2       0.03831490  d_xy
   10   3   2  -1       0.03951310  d_yz
   10   3   2   0       0.01929948  d_z2
   10   3   2   1       0.03990888  d_xz
   10   3   2   2       0.01875373  d_x2-y2
   11   1   0   0       1.35565567  s
   11   2   1  -1       0.83001836  p_y
   11   2   1   0       0.83002066  p_z
   11   2   1   1       0.83029252  p_x
   11   3   2  -2       0.03913012  d_xy
   11   3   2  -1       0.03867604  d_yz
   11   3   2   0       0.01879498  d_z2
   11   3   2   1       0.03899304  d_xz
   11   3   2   2       0.01870611  d_x2-y2
   12   1   0   0       1.35357460  s
   12   2   1  -1       0.83077418  p_y
   12   2   1   0       0.83076791  p_z
   12   2   1   1       0.83050622  p_x
   12   3   2  -2       0.03990888  d_xy
   12   3   2  -1       0.03951310  d_yz
   12   3   2   0       0.01890417  d_z2
   12   3   2   1       0.03831490  d_xz
   12   3   2   2       0.01914904  d_x2-y2
   13   1   0   0       1.35432225  s
   13   2   1  -1       0.83073972  p_y
   13   2   1   0       0.83053397  p_z
   13   2   1   1       0.83051051  p_x
   13   3   2  -2       0.03827210  d_xy
   13   3   2  -1       0.03900345  d_yz
   13   3   2   0       0.01889235  d_z2
   13   3   2   1       0.03948601  d_xz
   13   3   2   2       0.01869546  d_x2-y2
   14   1   0   0       1.35572875  s
   14   2   1  -1       0.83005609  p_y
   14   2   1   0       0.83009512  p_z
   14   2   1   1       0.83004093  p_x
   14   3   2  -2       0.03904046  d_xy
   14   3   2  -1       0.03868351  d_yz
   14   3   2   0       0.01874159  d_z2
   14   3   2   1       0.03895997  d_xz
   14   3   2   2       0.01871983  d_x2-y2
   15   1   0   0       1.35501214  s
   15   2   1  -1       0.83026047  p_y
   15   2   1   0       0.83057442  p_z
   15   2   1   1       0.83036631  p_x
   15   3   2  -2       0.03887371  d_xy
   15   3   2  -1       0.03918630  d_yz
   15   3   2   0       0.01871322  d_z2
   15   3   2   1       0.03874616  d_xz
   15   3   2   2       0.01880449  d_x2-y2
   16   1   0   0       1.35591168  s
   16   2   1  -1       0.82977318  p_y
   16   2   1   0       0.82981533  p_z
   16   2   1   1       0.83013582  p_x
   16   3   2  -2       0.03856073  d_xy
   16   3   2  -1       0.03955050  d_yz
   16   3   2   0       0.01869344  d_z2
   16   3   2   1       0.03862545  d_xz
   16   3   2   2       0.01880619  d_x2-y2
   17   1   0   0       1.35567040  s
   17   2   1  -1       0.83011029  p_y
   17   2   1   0       0.83005157  p_z
   17   2   1   1       0.83012074  p_x
   17   3   2  -2       0.03893112  d_xy
   17   3   2  -1       0.03883489  d_yz
   17   3   2   0       0.01874797  d_z2
   17   3   2   1       0.03897233  d_xz
   17   3   2   2       0.01874638  d_x2-y2
   18   1   0   0       1.35613477  s
   18   2   1  -1       0.82921761  p_y
   18   2   1   0       0.82894816  p_z
   18   2   1   1       0.83027103  p_x
   18   3   2  -2       0.03921992  d_xy
   18   3   2  -1       0.03845604  d_yz
   18   3   2   0       0.01888749  d_z2
   18   3   2   1       0.03984315  d_xz
   18   3   2   2       0.01877108  d_x2-y2
   19   1   0   0       1.35468950  s
   19   2   1  -1       0.83321515  p_y
   19   2   1   0       0.82954694  p_z
   19   2   1   1       0.83068159  p_x
   19   3   2  -2       0.04160007  d_xy
   19   3   2  -1       0.04061151  d_yz
   19   3   2   0       0.01968277  d_z2
   19   3   2   1       0.03788870  d_xz
   19   3   2   2       0.01965331  d_x2-y2
   20   1   0   0       1.35640777  s
   20   2   1  -1       0.82975980  p_y
   20   2   1   0       0.82971741  p_z
   20   2   1   1       0.82979402  p_x
   20   3   2  -2       0.03885240  d_xy
   20   3   2  -1       0.03892416  d_yz
   20   3   2   0       0.01877846  d_z2
   20   3   2   1       0.03898807  d_xz
   20   3   2   2       0.01875341  d_x2-y2
   21   1   0   0       1.35566311  s
   21   2   1  -1       0.82999436  p_y
   21   2   1   0       0.82999436  p_z
   21   2   1   1       0.83033761  p_x
   21   3   2  -2       0.03898500  d_xy
   21   3   2  -1       0.03881315  d_yz
   21   3   2   0       0.01877808  d_z2
   21   3   2   1       0.03898500  d_xz
   21   3   2   2       0.01871536  d_x2-y2
   22   1   0   0       1.35478680  s
   22   2   1  -1       0.83044082  p_y
   22   2   1   0       0.83044082  p_z
   22   2   1   1       0.82952243  p_x
   22   3   2  -2       0.03901989  d_xy
   22   3   2  -1       0.03966671  d_yz
   22   3   2   0       0.01880136  d_z2
   22   3   2   1       0.03901989  d_xz
   22   3   2   2       0.01887865  d_x2-y2
   23   1   0   0       1.35652584  s
   23   2   1  -1       0.82946879  p_y
   23   2   1   0       0.82946879  p_z
   23   2   1   1       0.83003012  p_x
   23   3   2  -2       0.03844873  d_xy
   23   3   2  -1       0.03999283  d_yz
   23   3   2   0       0.01899488  d_z2
   23   3   2   1       0.03844873  d_xz
   23   3   2   2       0.01900008  d_x2-y2
   24   1   0   0       1.35576643  s
   24   2   1  -1       0.83006370  p_y
   24   2   1   0       0.83006370  p_z
   24   2   1   1       0.82999005  p_x
   24   3   2  -2       0.03896884  d_xy
   24   3   2  -1       0.03874797  d_yz
   24   3   2   0       0.01873528  d_z2
   24   3   2   1       0.03896884  d_xz
   24   3   2   2       0.01872916  d_x2-y2
   25   1   0   0       1.35501214  s
   25   2   1  -1       0.83057442  p_y
   25   2   1   0       0.83026047  p_z
   25   2   1   1       0.83036631  p_x
   25   3   2  -2       0.03874616  d_xy
   25   3   2  -1       0.03918630  d_yz
   25   3   2   0       0.01879000  d_z2
   25   3   2   1       0.03887371  d_xz
   25   3   2   2       0.01872771  d_x2-y2
   26   1   0   0       1.35591168  s
   26   2   1  -1       0.82981533  p_y
   26   2   1   0       0.82977318  p_z
   26   2   1   1       0.83013582  p_x
   26   3   2  -2       0.03862545  d_xy
   26   3   2  -1       0.03955050  d_yz
   26   3   2   0       0.01873449  d_z2
   26   3   2   1       0.03856073  d_xz
   26   3   2   2       0.01876513  d_x2-y2
   27   1   0   0       1.35432225  s
   27   2   1  -1       0.83053397  p_y
   27   2   1   0       0.83073972  p_z
   27   2   1   1       0.83051051  p_x
   27   3   2  -2       0.03948601  d_xy
   27   3   2  -1       0.03900345  d_yz
   27   3   2   0       0.01875327  d_z2
   27   3   2   1       0.03827210  d_xz
   27   3   2   2       0.01883454  d_x2-y2
   28   1   0   0       1.35572875  s
   28   2   1  -1       0.83009512  p_y
   28   2   1   0       0.83005609  p_z
   28   2   1   1       0.83004093  p_x
   28   3   2  -2       0.03895997  d_xy
   28   3   2  -1       0.03868351  d_yz
   28   3   2   0       0.01873811  d_z2
   28   3   2   1       0.03904046  d_xz
   28   3   2   2       0.01872331  d_x2-y2
   29   1   0   0       1.35703341  s
   29   2   1  -1       0.82967461  p_y
   29   2   1   0       0.82920446  p_z
   29   2   1   1       0.82962391  p_x
   29   3   2  -2       0.03909257  d_xy
   29   3   2  -1       0.03875958  d_yz
   29   3   2   0       0.01912268  d_z2
   29   3   2   1       0.03912095  d_xz
   29   3   2   2       0.01871046  d_x2-y2
   30   1   0   0       1.35632537  s
   30   2   1  -1       0.82972189  p_y
   30   2   1   0       0.82977818  p_z
   30   2   1   1       0.82981001  p_x
   30   3   2  -2       0.03889354  d_xy
   30   3   2  -1       0.03895883  d_yz
   30   3   2   0       0.01871490  d_z2
   30   3   2   1       0.03888742  d_xz
   30   3   2   2       0.01873821  d_x2-y2
   31   1   0   0       1.35703341  s
   31   2   1  -1       0.82920446  p_y
   31   2   1   0       0.82967461  p_z
   31   2   1   1       0.82962391  p_x
   31   3   2  -2       0.03912095  d_xy
   31   3   2  -1       0.03875958  d_yz
   31   3   2   0       0.01885825  d_z2
   31   3   2   1       0.03909257  d_xz
   31   3   2   2       0.01897488  d_x2-y2
   32   1   0   0       1.35632537  s
   32   2   1  -1       0.82977818  p_y
   32   2   1   0       0.82972189  p_z
   32   2   1   1       0.82981001  p_x
   32   3   2  -2       0.03888742  d_xy
   32   3   2  -1       0.03895883  d_yz
   32   3   2   0       0.01874641  d_z2
   32   3   2   1       0.03889354  d_xz
   32   3   2   2       0.01870671  d_x2-y2
   33   1   0   0       1.35567276  s
   33   2   1  -1       0.83007906  p_y
   33   2   1   0       0.83007906  p_z
   33   2   1   1       0.82998442  p_x
   33   3   2  -2       0.03896307  d_xy
   33   3   2  -1       0.03870324  d_yz
   33   3   2   0       0.01873295  d_z2
   33   3   2   1       0.03896307  d_xz
   33   3   2   2       0.01872813  d_x2-y2
   34   1   0   0       1.35576985  s
   34   2   1  -1       0.83003302  p_y
   34   2   1   0       0.83003302  p_z
   34   2   1   1       0.82992071  p_x
   34   3   2  -2       0.03896716  d_xy
   34   3   2  -1       0.03865447  d_yz
   34   3   2   0       0.01872755  d_z2
   34   3   2   1       0.03896716  d_xz
   34   3   2   2       0.01871774  d_x2-y2
   35   1   0   0       1.35506236  s
   35   2   1  -1       0.83026131  p_y
   35   2   1   0       0.83026131  p_z
   35   2   1   1       0.83049035  p_x
   35   3   2  -2       0.03873440  d_xy
   35   3   2  -1       0.03918992  d_yz
   35   3   2   0       0.01877294  d_z2
   35   3   2   1       0.03873440  d_xz
   35   3   2   2       0.01875245  d_x2-y2
   36   1   0   0       1.35605555  s
   36   2   1  -1       0.82978170  p_y
   36   2   1   0       0.82978170  p_z
   36   2   1   1       0.83023529  p_x
   36   3   2  -2       0.03857910  d_xy
   36   3   2  -1       0.03949748  d_yz
   36   3   2   0       0.01872607  d_z2
   36   3   2   1       0.03857910  d_xz
   36   3   2   2       0.01876453  d_x2-y2
   37   1   0   0       1.35593997  s
   37   2   1  -1       0.82998187  p_y
   37   2   1   0       0.83002359  p_z
   37   2   1   1       0.82997998  p_x
   37   3   2  -2       0.03892677  d_xy
   37   3   2  -1       0.03892869  d_yz
   37   3   2   0       0.01874197  d_z2
   37   3   2   1       0.03886526  d_xz
   37   3   2   2       0.01875066  d_x2-y2
   38   1   0   0       1.35593102  s
   38   2   1  -1       0.83012292  p_y
   38   2   1   0       0.83014519  p_z
   38   2   1   1       0.83002971  p_x
   38   3   2  -2       0.03902500  d_xy
   38   3   2  -1       0.03891651  d_yz
   38   3   2   0       0.01877121  d_z2
   38   3   2   1       0.03889946  d_xz
   38   3   2   2       0.01880349  d_x2-y2
   39   1   0   0       1.35767825  s
   39   2   1  -1       0.83011986  p_y
   39   2   1   0       0.83054733  p_z
   39   2   1   1       0.82626648  p_x
   39   3   2  -2       0.04012622  d_xy
   39   3   2  -1       0.03656166  d_yz
   39   3   2   0       0.01915570  d_z2
   39   3   2   1       0.04000179  d_xz
   39   3   2   2       0.01889312  d_x2-y2
   40   1   0   0       1.35643384  s
   40   2   1  -1       0.82977928  p_y
   40   2   1   0       0.82975759  p_z
   40   2   1   1       0.82980525  p_x
   40   3   2  -2       0.03886816  d_xy
   40   3   2  -1       0.03896011  d_yz
   40   3   2   0       0.01874344  d_z2
   40   3   2   1       0.03889165  d_xz
   40   3   2   2       0.01874243  d_x2-y2
   41   1   0   0       1.35567288  s
   41   2   1  -1       0.83018015  p_y
   41   2   1   0       0.83005634  p_z
   41   2   1   1       0.83006678  p_x
   41   3   2  -2       0.03887706  d_xy
   41   3   2  -1       0.03879837  d_yz
   41   3   2   0       0.01876229  d_z2
   41   3   2   1       0.03901746  d_xz
   41   3   2   2       0.01874512  d_x2-y2
   42   1   0   0       1.35622030  s
   42   2   1  -1       0.83017138  p_y
   42   2   1   0       0.82972799  p_z
   42   2   1   1       0.82871881  p_x
   42   3   2  -2       0.03873133  d_xy
   42   3   2  -1       0.03806757  d_yz
   42   3   2   0       0.01872282  d_z2
   42   3   2   1       0.03945500  d_xz
   42   3   2   2       0.01868174  d_x2-y2
   43   1   0   0       1.35567288  s
   43   2   1  -1       0.83005634  p_y
   43   2   1   0       0.83018015  p_z
   43   2   1   1       0.83006678  p_x
   43   3   2  -2       0.03901746  d_xy
   43   3   2  -1       0.03879837  d_yz
   43   3   2   0       0.01874178  d_z2
   43   3   2   1       0.03887706  d_xz
   43   3   2   2       0.01876563  d_x2-y2
   44   1   0   0       1.35622030  s
   44   2   1  -1       0.82972799  p_y
   44   2   1   0       0.83017138  p_z
   44   2   1   1       0.82871881  p_x
   44   3   2  -2       0.03945500  d_xy
   44   3   2  -1       0.03806757  d_yz
   44   3   2   0       0.01860413  d_z2
   44   3   2   1       0.03873133  d_xz
   44   3   2   2       0.01880044  d_x2-y2
   45   1   0   0       1.35555544  s
   45   2   1  -1       0.83016266  p_y
   45   2   1   0       0.82993734  p_z
   45   2   1   1       0.82984909  p_x
   45   3   2  -2       0.03874953  d_xy
   45   3   2  -1       0.03854197  d_yz
   45   3   2   0       0.01873891  d_z2
   45   3   2   1       0.03926423  d_xz
   45   3   2   2       0.01871006  d_x2-y2
   46   1   0   0       1.35580298  s
   46   2   1  -1       0.83002072  p_y
   46   2   1   0       0.83005040  p_z
   46   2   1   1       0.82992964  p_x
   46   3   2  -2       0.03897104  d_xy
   46   3   2  -1       0.03869766  d_yz
   46   3   2   0       0.01872484  d_z2
   46   3   2   1       0.03893752  d_xz
   46   3   2   2       0.01872329  d_x2-y2
   47   1   0   0       1.35570201  s
   47   2   1  -1       0.83014678  p_y
   47   2   1   0       0.83016881  p_z
   47   2   1   1       0.82971808  p_x
   47   3   2  -2       0.03903016  d_xy
   47   3   2  -1       0.03863453  d_yz
   47   3   2   0       0.01871679  d_z2
   47   3   2   1       0.03888385  d_xz
   47   3   2   2       0.01874122  d_x2-y2
   48   1   0   0       1.35542420  s
   48   2   1  -1       0.82983610  p_y
   48   2   1   0       0.82921870  p_z
   48   2   1   1       0.83072834  p_x
   48   3   2  -2       0.03820177  d_xy
   48   3   2  -1       0.03971790  d_yz
   48   3   2   0       0.01878089  d_z2
   48   3   2   1       0.03836832  d_xz
   48   3   2   2       0.01866084  d_x2-y2
   49   1   0   0       1.35593997  s
   49   2   1  -1       0.83002359  p_y
   49   2   1   0       0.82998187  p_z
   49   2   1   1       0.82997998  p_x
   49   3   2  -2       0.03886526  d_xy
   49   3   2  -1       0.03892869  d_yz
   49   3   2   0       0.01873862  d_z2
   49   3   2   1       0.03892677  d_xz
   49   3   2   2       0.01875401  d_x2-y2
   50   1   0   0       1.35593102  s
   50   2   1  -1       0.83014519  p_y
   50   2   1   0       0.83012292  p_z
   50   2   1   1       0.83002971  p_x
   50   3   2  -2       0.03889946  d_xy
   50   3   2  -1       0.03891651  d_yz
   50   3   2   0       0.01877621  d_z2
   50   3   2   1       0.03902500  d_xz
   50   3   2   2       0.01879849  d_x2-y2
   51   1   0   0       1.35767825  s
   51   2   1  -1       0.83054733  p_y
   51   2   1   0       0.83011986  p_z
   51   2   1   1       0.82626648  p_x
   51   3   2  -2       0.04000179  d_xy
   51   3   2  -1       0.03656166  d_yz
   51   3   2   0       0.01858589  d_z2
   51   3   2   1       0.04012622  d_xz
   51   3   2   2       0.01946294  d_x2-y2
   52   1   0   0       1.35643384  s
   52   2   1  -1       0.82975759  p_y
   52   2   1   0       0.82977928  p_z
   52   2   1   1       0.82980525  p_x
   52   3   2  -2       0.03889165  d_xy
   52   3   2  -1       0.03896011  d_yz
   52   3   2   0       0.01874925  d_z2
   52   3   2   1       0.03886816  d_xz
   52   3   2   2       0.01873662  d_x2-y2
   53   1   0   0       1.35576613  s
   53   2   1  -1       0.83007428  p_y
   53   2   1   0       0.83007428  p_z
   53   2   1   1       0.82991346  p_x
   53   3   2  -2       0.03892709  d_xy
   53   3   2  -1       0.03874515  d_yz
   53   3   2   0       0.01872682  d_z2
   53   3   2   1       0.03892709  d_xz
   53   3   2   2       0.01873776  d_x2-y2
   54   1   0   0       1.35629594  s
   54   2   1  -1       0.83002870  p_y
   54   2   1   0       0.83002870  p_z
   54   2   1   1       0.82910081  p_x
   54   3   2  -2       0.03903489  d_xy
   54   3   2  -1       0.03831610  d_yz
   54   3   2   0       0.01871434  d_z2
   54   3   2   1       0.03903489  d_xz
   54   3   2   2       0.01878218  d_x2-y2
   55   1   0   0       1.35639000  s
   55   2   1  -1       0.82797223  p_y
   55   2   1   0       0.82797223  p_z
   55   2   1   1       0.83151069  p_x
   55   3   2  -2       0.03707338  d_xy
   55   3   2  -1       0.04159528  d_yz
   55   3   2   0       0.01916395  d_z2
   55   3   2   1       0.03707338  d_xz
   55   3   2   2       0.01838765  d_x2-y2
   56   1   0   0       1.35591197  s
   56   2   1  -1       0.82996996  p_y
   56   2   1   0       0.82996996  p_z
   56   2   1   1       0.82988045  p_x
   56   3   2  -2       0.03893645  d_xy
   56   3   2  -1       0.03874554  d_yz
   56   3   2   0       0.01872245  d_z2
   56   3   2   1       0.03893645  d_xz
   56   3   2   2       0.01872185  d_x2-y2
   57   1   0   0       1.35570201  s
   57   2   1  -1       0.83016881  p_y
   57   2   1   0       0.83014678  p_z
   57   2   1   1       0.82971808  p_x
   57   3   2  -2       0.03888385  d_xy
   57   3   2  -1       0.03863453  d_yz
   57   3   2   0       0.01871230  d_z2
   57   3   2   1       0.03903016  d_xz
   57   3   2   2       0.01874571  d_x2-y2
   58   1   0   0       1.35542420  s
   58   2   1  -1       0.82921870  p_y
   58   2   1   0       0.82983610  p_z
   58   2   1   1       0.83072834  p_x
   58   3   2  -2       0.03836832  d_xy
   58   3   2  -1       0.03971790  d_yz
   58   3   2   0       0.01876052  d_z2
   58   3   2   1       0.03820177  d_xz
   58   3   2   2       0.01868121  d_x2-y2
   59   1   0   0       1.35555544  s
   59   2   1  -1       0.82993734  p_y
   59   2   1   0       0.83016266  p_z
   59   2   1   1       0.82984909  p_x
   59   3   2  -2       0.03926423  d_xy
   59   3   2  -1       0.03854197  d_yz
   59   3   2   0       0.01871835  d_z2
   59   3   2   1       0.03874953  d_xz
   59   3   2   2       0.01873062  d_x2-y2
   60   1   0   0       1.35580298  s
   60   2   1  -1       0.83005040  p_y
   60   2   1   0       0.83002072  p_z
   60   2   1   1       0.82992964  p_x
   60   3   2  -2       0.03893752  d_xy
   60   3   2  -1       0.03869766  d_yz
   60   3   2   0       0.01872710  d_z2
   60   3   2   1       0.03897104  d_xz
   60   3   2   2       0.01872103  d_x2-y2
   61   1   0   0       1.35515069  s
   61   2   1  -1       0.83018513  p_y
   61   2   1   0       0.83005448  p_z
   61   2   1   1       0.83025196  p_x
   61   3   2  -2       0.03858209  d_xy
   61   3   2  -1       0.03907163  d_yz
   61   3   2   0       0.01876214  d_z2
   61   3   2   1       0.03891240  d_xz
   61   3   2   2       0.01870759  d_x2-y2
   62   1   0   0       1.35583679  s
   62   2   1  -1       0.82996992  p_y
   62   2   1   0       0.83005267  p_z
   62   2   1   1       0.82984938  p_x
   62   3   2  -2       0.03907342  d_xy
   62   3   2  -1       0.03861006  d_yz
   62   3   2   0       0.01872910  d_z2
   62   3   2   1       0.03889335  d_xz
   62   3   2   2       0.01871491  d_x2-y2
   63   1   0   0       1.35515069  s
   63   2   1  -1       0.83005448  p_y
   63   2   1   0       0.83018513  p_z
   63   2   1   1       0.83025196  p_x
   63   3   2  -2       0.03891240  d_xy
   63   3   2  -1       0.03907163  d_yz
   63   3   2   0       0.01873822  d_z2
   63   3   2   1       0.03858209  d_xz
   63   3   2   2       0.01873151  d_x2-y2
   64   1   0   0       1.35583679  s
   64   2   1  -1       0.83005267  p_y
   64   2   1   0       0.82996992  p_z
   64   2   1   1       0.82984938  p_x
   64   3   2  -2       0.03889335  d_xy
   64   3   2  -1       0.03861006  d_yz
   64   3   2   0       0.01872466  d_z2
   64   3   2   1       0.03907342  d_xz
   64   3   2   2       0.01871935  d_x2-y2
   65   1   0   0       1.35663579  s
   65   2   1  -1       0.82973322  p_y
   65   2   1   0       0.82975794  p_z
   65   2   1   1       0.82967867  p_x
   65   3   2  -2       0.03899145  d_xy
   65   3   2  -1       0.03897212  d_yz
   65   3   2   0       0.01876955  d_z2
   65   3   2   1       0.03880853  d_xz
   65   3   2   2       0.01873872  d_x2-y2
   66   1   0   0       1.35697797  s
   66   2   1  -1       0.82972044  p_y
   66   2   1   0       0.82982702  p_z
   66   2   1   1       0.82959692  p_x
   66   3   2  -2       0.03909239  d_xy
   66   3   2  -1       0.03905561  d_yz
   66   3   2   0       0.01882892  d_z2
   66   3   2   1       0.03876245  d_xz
   66   3   2   2       0.01877234  d_x2-y2
   67   1   0   0       1.35697797  s
   67   2   1  -1       0.82982702  p_y
   67   2   1   0       0.82972044  p_z
   67   2   1   1       0.82959692  p_x
   67   3   2  -2       0.03876245  d_xy
   67   3   2  -1       0.03905561  d_yz
   67   3   2   0       0.01878964  d_z2
   67   3   2   1       0.03909239  d_xz
   67   3   2   2       0.01881163  d_x2-y2
   68   1   0   0       1.35663579  s
   68   2   1  -1       0.82975794  p_y
   68   2   1   0       0.82973322  p_z
   68   2   1   1       0.82967867  p_x
   68   3   2  -2       0.03880853  d_xy
   68   3   2  -1       0.03897212  d_yz
   68   3   2   0       0.01873767  d_z2
   68   3   2   1       0.03899145  d_xz
   68   3   2   2       0.01877060  d_x2-y2
   69   1   0   0       1.35608520  s
   69   2   1  -1       0.83005787  p_y
   69   2   1   0       0.82998735  p_z
   69   2   1   1       0.82994730  p_x
   69   3   2  -2       0.03895370  d_xy
   69   3   2  -1       0.03889548  d_yz
   69   3   2   0       0.01876253  d_z2
   69   3   2   1       0.03893572  d_xz
   69   3   2   2       0.01876250  d_x2-y2
   70   1   0   0       1.35618981  s
   70   2   1  -1       0.82998449  p_y
   70   2   1   0       0.82998449  p_z
   70   2   1   1       0.82984320  p_x
   70   3   2  -2       0.03891953  d_xy
   70   3   2  -1       0.03890601  d_yz
   70   3   2   0       0.01873959  d_z2
   70   3   2   1       0.03891953  d_xz
   70   3   2   2       0.01876148  d_x2-y2
   71   1   0   0       1.35608520  s
   71   2   1  -1       0.82998735  p_y
   71   2   1   0       0.83005787  p_z
   71   2   1   1       0.82994730  p_x
   71   3   2  -2       0.03893572  d_xy
   71   3   2  -1       0.03889548  d_yz
   71   3   2   0       0.01875358  d_z2
   71   3   2   1       0.03895370  d_xz
   71   3   2   2       0.01877145  d_x2-y2
   72   1   0   0       1.35912899  s
   72   2   1  -1       0.82600230  p_y
   72   2   1   0       0.82600230  p_z
   72   2   1   1       0.82871679  p_x
   72   3   2  -2       0.03599905  d_xy
   72   3   2  -1       0.04431193  d_yz
   72   3   2   0       0.01953712  d_z2
   72   3   2   1       0.03599905  d_xz
   72   3   2   2       0.01924549  d_x2-y2
   73   1   0   0       1.35568332  s
   73   2   1  -1       0.83012481  p_y
   73   2   1   0       0.83018085  p_z
   73   2   1   1       0.82997658  p_x
   73   3   2  -2       0.03894896  d_xy
   73   3   2  -1       0.03876017  d_yz
   73   3   2   0       0.01872400  d_z2
   73   3   2   1       0.03897951  d_xz
   73   3   2   2       0.01874831  d_x2-y2
   74   1   0   0       1.35568332  s
   74   2   1  -1       0.83018085  p_y
   74   2   1   0       0.83012481  p_z
   74   2   1   1       0.82997658  p_x
   74   3   2  -2       0.03897951  d_xy
   74   3   2  -1       0.03876017  d_yz
   74   3   2   0       0.01873635  d_z2
   74   3   2   1       0.03894896  d_xz
   74   3   2   2       0.01873596  d_x2-y2
   75   1   0   0       1.35554847  s
   75   2   1  -1       0.82852615  p_y
   75   2   1   0       0.82982526  p_z
   75   2   1   1       0.83093967  p_x
   75   3   2  -2       0.03835426  d_xy
   75   3   2  -1       0.04013113  d_yz
   75   3   2   0       0.01897227  d_z2
   75   3   2   1       0.03767270  d_xz
   75   3   2   2       0.01874822  d_x2-y2
   76   1   0   0       1.35554847  s
   76   2   1  -1       0.82982526  p_y
   76   2   1   0       0.82852615  p_z
   76   2   1   1       0.83093967  p_x
   76   3   2  -2       0.03767270  d_xy
   76   3   2  -1       0.04013113  d_yz
   76   3   2   0       0.01907571  d_z2
   76   3   2   1       0.03835426  d_xz
   76   3   2   2       0.01864479  d_x2-y2
   77   1   0   0       1.35565340  s
   77   2   1  -1       0.83013667  p_y
   77   2   1   0       0.83013667  p_z
   77   2   1   1       0.83004438  p_x
   77   3   2  -2       0.03898873  d_xy
   77   3   2  -1       0.03871850  d_yz
   77   3   2   0       0.01874057  d_z2
   77   3   2   1       0.03898873  d_xz
   77   3   2   2       0.01873521  d_x2-y2
   78   1   0   0       1.35551766  s
   78   2   1  -1       0.82953536  p_y
   78   2   1   0       0.82983278  p_z
   78   2   1   1       0.83033773  p_x
   78   3   2  -2       0.03841408  d_xy
   78   3   2  -1       0.03939129  d_yz
   78   3   2   0       0.01872520  d_z2
   78   3   2   1       0.03855977  d_xz
   78   3   2   2       0.01870418  d_x2-y2
   79   1   0   0       1.35542068  s
   79   2   1  -1       0.83000193  p_y
   79   2   1   0       0.83000193  p_z
   79   2   1   1       0.83061424  p_x
   79   3   2  -2       0.03859593  d_xy
   79   3   2  -1       0.03944244  d_yz
   79   3   2   0       0.01874636  d_z2
   79   3   2   1       0.03859593  d_xz
   79   3   2   2       0.01873564  d_x2-y2
   80   1   0   0       1.35551766  s
   80   2   1  -1       0.82983278  p_y
   80   2   1   0       0.82953536  p_z
   80   2   1   1       0.83033773  p_x
   80   3   2  -2       0.03855977  d_xy
   80   3   2  -1       0.03939129  d_yz
   80   3   2   0       0.01875828  d_z2
   80   3   2   1       0.03841408  d_xz
   80   3   2   2       0.01867110  d_x2-y2
   81   1   0   0       1.35717259  s
   81   2   1  -1       0.82999093  p_y
   81   2   1   0       0.82979760  p_z
   81   2   1   1       0.82759879  p_x
   81   3   2  -2       0.03901916  d_xy
   81   3   2  -1       0.03743006  d_yz
   81   3   2   0       0.01875366  d_z2
   81   3   2   1       0.03962962  d_xz
   81   3   2   2       0.01877704  d_x2-y2
   82   1   0   0       1.35716868  s
   82   2   1  -1       0.83033166  p_y
   82   2   1   0       0.83033166  p_z
   82   2   1   1       0.82890212  p_x
   82   3   2  -2       0.03942507  d_xy
   82   3   2  -1       0.03821995  d_yz
   82   3   2   0       0.01881751  d_z2
   82   3   2   1       0.03942507  d_xz
   82   3   2   2       0.01898574  d_x2-y2
   83   1   0   0       1.35717259  s
   83   2   1  -1       0.82979760  p_y
   83   2   1   0       0.82999093  p_z
   83   2   1   1       0.82759879  p_x
   83   3   2  -2       0.03962962  d_xy
   83   3   2  -1       0.03743006  d_yz
   83   3   2   0       0.01856601  d_z2
   83   3   2   1       0.03901916  d_xz
   83   3   2   2       0.01896468  d_x2-y2
   84   1   0   0       1.35587851  s
   84   2   1  -1       0.83003520  p_y
   84   2   1   0       0.83003520  p_z
   84   2   1   1       0.82999493  p_x
   84   3   2  -2       0.03893304  d_xy
   84   3   2  -1       0.03883876  d_yz
   84   3   2   0       0.01873525  d_z2
   84   3   2   1       0.03893304  d_xz
   84   3   2   2       0.01873975  d_x2-y2
   85   1   0   0       1.35622144  s
   85   2   1  -1       0.82993121  p_y
   85   2   1   0       0.83001514  p_z
   85   2   1   1       0.82942733  p_x
   85   3   2  -2       0.03896896  d_xy
   85   3   2  -1       0.03859478  d_yz
   85   3   2   0       0.01868357  d_z2
   85   3   2   1       0.03897415  d_xz
   85   3   2   2       0.01875932  d_x2-y2
   86   1   0   0       1.35622144  s
   86   2   1  -1       0.83001514  p_y
   86   2   1   0       0.82993121  p_z
   86   2   1   1       0.82942733  p_x
   86   3   2  -2       0.03897415  d_xy
   86   3   2  -1       0.03859478  d_yz
   86   3   2   0       0.01870838  d_z2
   86   3   2   1       0.03896896  d_xz
   86   3   2   2       0.01873451  d_x2-y2
   87   1   0   0       1.35603926  s
   87   2   1  -1       0.82972240  p_y
   87   2   1   0       0.83004623  p_z
   87   2   1   1       0.82922154  p_x
   87   3   2  -2       0.03929721  d_xy
   87   3   2  -1       0.03842931  d_yz
   87   3   2   0       0.01867788  d_z2
   87   3   2   1       0.03864792  d_xz
   87   3   2   2       0.01876354  d_x2-y2
   88   1   0   0       1.35603926  s
   88   2   1  -1       0.83004623  p_y
   88   2   1   0       0.82972240  p_z
   88   2   1   1       0.82922154  p_x
   88   3   2  -2       0.03864792  d_xy
   88   3   2  -1       0.03842931  d_yz
   88   3   2   0       0.01871934  d_z2
   88   3   2   1       0.03929721  d_xz
   88   3   2   2       0.01872209  d_x2-y2
   89   1   0   0       1.35551405  s
   89   2   1  -1       0.83026628  p_y
   89   2   1   0       0.83026628  p_z
   89   2   1   1       0.82988191  p_x
   89   3   2  -2       0.03896088  d_xy
   89   3   2  -1       0.03872877  d_yz
   89   3   2   0       0.01871436  d_z2
   89   3   2   1       0.03896088  d_xz
   89   3   2   2       0.01874256  d_x2-y2
   90   1   0   0       1.35562098  s
   90   2   1  -1       0.83009835  p_y
   90   2   1   0       0.83020385  p_z
   90   2   1   1       0.82989272  p_x
   90   3   2  -2       0.03910634  d_xy
   90   3   2  -1       0.03866790  d_yz
   90   3   2   0       0.01872840  d_z2
   90   3   2   1       0.03888551  d_xz
   90   3   2   2       0.01873144  d_x2-y2
   91   1   0   0       1.35636050  s
   91   2   1  -1       0.82965366  p_y
   91   2   1   0       0.82965366  p_z
   91   2   1   1       0.83020771  p_x
   91   3   2  -2       0.03857971  d_xy
   91   3   2  -1       0.03951927  d_yz
   91   3   2   0       0.01872769  d_z2
   91   3   2   1       0.03857971  d_xz
   91   3   2   2       0.01877109  d_x2-y2
   92   1   0   0       1.35562098  s
   92   2   1  -1       0.83020385  p_y
   92   2   1   0       0.83009835  p_z
   92   2   1   1       0.82989272  p_x
   92   3   2  -2       0.03888551  d_xy
   92   3   2  -1       0.03866790  d_yz
   92   3   2   0       0.01872495  d_z2
   92   3   2   1       0.03910634  d_xz
   92   3   2   2       0.01873489  d_x2-y2
   93   1   0   0       1.35626298  s
   93   2   1  -1       0.82976972  p_y
   93   2   1   0       0.82978279  p_z
   93   2   1   1       0.82986492  p_x
   93   3   2  -2       0.03878612  d_xy
   93   3   2  -1       0.03904382  d_yz
   93   3   2   0       0.01872752  d_z2
   93   3   2   1       0.03887863  d_xz
   93   3   2   2       0.01873059  d_x2-y2
   94   1   0   0       1.35859058  s
   94   2   1  -1       0.82907223  p_y
   94   2   1   0       0.82878656  p_z
   94   2   1   1       0.82328709  p_x
   94   3   2  -2       0.04121946  d_xy
   94   3   2  -1       0.03592565  d_yz
   94   3   2   0       0.02044425  d_z2
   94   3   2   1       0.04124969  d_xz
   94   3   2   2       0.01998644  d_x2-y2
   95   1   0   0       1.35859058  s
   95   2   1  -1       0.82878656  p_y
   95   2   1   0       0.82907223  p_z
   95   2   1   1       0.82328709  p_x
   95   3   2  -2       0.04124969  d_xy
   95   3   2  -1       0.03592565  d_yz
   95   3   2   0       0.02087852  d_z2
   95   3   2   1       0.04121946  d_xz
   95   3   2   2       0.01955217  d_x2-y2
   96   1   0   0       1.35626298  s
   96   2   1  -1       0.82978279  p_y
   96   2   1   0       0.82976972  p_z
   96   2   1   1       0.82986492  p_x
   96   3   2  -2       0.03887863  d_xy
   96   3   2  -1       0.03904382  d_yz
   96   3   2   0       0.01873963  d_z2
   96   3   2   1       0.03878612  d_xz
   96   3   2   2       0.01871848  d_x2-y2
   97   1   0   0       1.35336131  s
   97   2   1  -1       0.83155752  p_y
   97   2   1   0       0.83109131  p_z
   97   2   1   1       0.83127138  p_x
   97   3   2  -2       0.03817021  d_xy
   97   3   2  -1       0.03919552  d_yz
   97   3   2   0       0.01904872  d_z2
   97   3   2   1       0.03987177  d_xz
   97   3   2   2       0.01867913  d_x2-y2
   98   1   0   0       1.35515069  s
   98   2   1  -1       0.83018513  p_y
   98   2   1   0       0.83005448  p_z
   98   2   1   1       0.83025196  p_x
   98   3   2  -2       0.03858209  d_xy
   98   3   2  -1       0.03907163  d_yz
   98   3   2   0       0.01876214  d_z2
   98   3   2   1       0.03891240  d_xz
   98   3   2   2       0.01870759  d_x2-y2
   99   1   0   0       1.35506237  s
   99   2   1  -1       0.83026131  p_y
   99   2   1   0       0.83026131  p_z
   99   2   1   1       0.83049035  p_x
   99   3   2  -2       0.03873440  d_xy
   99   3   2  -1       0.03918992  d_yz
   99   3   2   0       0.01877294  d_z2
   99   3   2   1       0.03873440  d_xz
   99   3   2   2       0.01875245  d_x2-y2
  100   1   0   0       1.35515069  s
  100   2   1  -1       0.83005448  p_y
  100   2   1   0       0.83018513  p_z
  100   2   1   1       0.83025196  p_x
  100   3   2  -2       0.03891240  d_xy
  100   3   2  -1       0.03907163  d_yz
  100   3   2   0       0.01873822  d_z2
  100   3   2   1       0.03858209  d_xz
  100   3   2   2       0.01873151  d_x2-y2
  101   1   0   0       1.35643384  s
  101   2   1  -1       0.82975759  p_y
  101   2   1   0       0.82977928  p_z
  101   2   1   1       0.82980525  p_x
  101   3   2  -2       0.03889165  d_xy
  101   3   2  -1       0.03896011  d_yz
  101   3   2   0       0.01874925  d_z2
  101   3   2   1       0.03886816  d_xz
  101   3   2   2       0.01873662  d_x2-y2
  102   1   0   0       1.35635282  s
  102   2   1  -1       0.82957953  p_y
  102   2   1   0       0.82976127  p_z
  102   2   1   1       0.82973672  p_x
  102   3   2  -2       0.03894451  d_xy
  102   3   2  -1       0.03900031  d_yz
  102   3   2   0       0.01875900  d_z2
  102   3   2   1       0.03876914  d_xz
  102   3   2   2       0.01873969  d_x2-y2
  103   1   0   0       1.35635282  s
  103   2   1  -1       0.82976127  p_y
  103   2   1   0       0.82957953  p_z
  103   2   1   1       0.82973672  p_x
  103   3   2  -2       0.03876914  d_xy
  103   3   2  -1       0.03900031  d_yz
  103   3   2   0       0.01875509  d_z2
  103   3   2   1       0.03894451  d_xz
  103   3   2   2       0.01874360  d_x2-y2
  104   1   0   0       1.35578829  s
  104   2   1  -1       0.81779016  p_y
  104   2   1   0       0.82384353  p_z
  104   2   1   1       0.82338553  p_x
  104   3   2  -2       0.04143870  d_xy
  104   3   2  -1       0.04466350  d_yz
  104   3   2   0       0.02261820  d_z2
  104   3   2   1       0.04414004  d_xz
  104   3   2   2       0.01863880  d_x2-y2
  105   1   0   0       1.35567288  s
  105   2   1  -1       0.83018015  p_y
  105   2   1   0       0.83005634  p_z
  105   2   1   1       0.83006678  p_x
  105   3   2  -2       0.03887706  d_xy
  105   3   2  -1       0.03879837  d_yz
  105   3   2   0       0.01876229  d_z2
  105   3   2   1       0.03901746  d_xz
  105   3   2   2       0.01874512  d_x2-y2
  106   1   0   0       1.35586332  s
  106   2   1  -1       0.82995326  p_y
  106   2   1   0       0.82995326  p_z
  106   2   1   1       0.82999912  p_x
  106   3   2  -2       0.03892234  d_xy
  106   3   2  -1       0.03881880  d_yz
  106   3   2   0       0.01873900  d_z2
  106   3   2   1       0.03892234  d_xz
  106   3   2   2       0.01872854  d_x2-y2
  107   1   0   0       1.35265253  s
  107   2   1  -1       0.83115538  p_y
  107   2   1   0       0.83117365  p_z
  107   2   1   1       0.83087889  p_x
  107   3   2  -2       0.03868405  d_xy
  107   3   2  -1       0.03978713  d_yz
  107   3   2   0       0.01983484  d_z2
  107   3   2   1       0.04025947  d_xz
  107   3   2   2       0.01882031  d_x2-y2
  108   1   0   0       1.35569583  s
  108   2   1  -1       0.83148459  p_y
  108   2   1   0       0.83148459  p_z
  108   2   1   1       0.82955078  p_x
  108   3   2  -2       0.03896404  d_xy
  108   3   2  -1       0.03972161  d_yz
  108   3   2   0       0.01860144  d_z2
  108   3   2   1       0.03896404  d_xz
  108   3   2   2       0.01888552  d_x2-y2
  109   1   0   0       1.35580298  s
  109   2   1  -1       0.83005040  p_y
  109   2   1   0       0.83002072  p_z
  109   2   1   1       0.82992964  p_x
  109   3   2  -2       0.03893752  d_xy
  109   3   2  -1       0.03869766  d_yz
  109   3   2   0       0.01872710  d_z2
  109   3   2   1       0.03897104  d_xz
  109   3   2   2       0.01872103  d_x2-y2
  110   1   0   0       1.35422118  s
  110   2   1  -1       0.83093684  p_y
  110   2   1   0       0.83072444  p_z
  110   2   1   1       0.83080078  p_x
  110   3   2  -2       0.03836167  d_xy
  110   3   2  -1       0.03927570  d_yz
  110   3   2   0       0.01899710  d_z2
  110   3   2   1       0.03959145  d_xz
  110   3   2   2       0.01871892  d_x2-y2
  111   1   0   0       1.35523128  s
  111   2   1  -1       0.83054435  p_y
  111   2   1   0       0.83000799  p_z
  111   2   1   1       0.83000241  p_x
  111   3   2  -2       0.03888247  d_xy
  111   3   2  -1       0.03930093  d_yz
  111   3   2   0       0.01879580  d_z2
  111   3   2   1       0.03877209  d_xz
  111   3   2   2       0.01873768  d_x2-y2
  112   1   0   0       1.35523128  s
  112   2   1  -1       0.83000799  p_y
  112   2   1   0       0.83054435  p_z
  112   2   1   1       0.83000241  p_x
  112   3   2  -2       0.03877209  d_xy
  112   3   2  -1       0.03930093  d_yz
  112   3   2   0       0.01866904  d_z2
  112   3   2   1       0.03888247  d_xz
  112   3   2   2       0.01886443  d_x2-y2
  113   1   0   0       1.35659678  s
  113   2   1  -1       0.82952973  p_y
  113   2   1   0       0.82963082  p_z
  113   2   1   1       0.82976923  p_x
  113   3   2  -2       0.03908616  d_xy
  113   3   2  -1       0.03900894  d_yz
  113   3   2   0       0.01879204  d_z2
  113   3   2   1       0.03896181  d_xz
  113   3   2   2       0.01876169  d_x2-y2
  114   1   0   0       1.35848163  s
  114   2   1  -1       0.82794403  p_y
  114   2   1   0       0.82795191  p_z
  114   2   1   1       0.82948186  p_x
  114   3   2  -2       0.03989416  d_xy
  114   3   2  -1       0.03832461  d_yz
  114   3   2   0       0.01888278  d_z2
  114   3   2   1       0.03903447  d_xz
  114   3   2   2       0.01856922  d_x2-y2
  115   1   0   0       1.35848163  s
  115   2   1  -1       0.82795191  p_y
  115   2   1   0       0.82794403  p_z
  115   2   1   1       0.82948186  p_x
  115   3   2  -2       0.03903447  d_xy
  115   3   2  -1       0.03832461  d_yz
  115   3   2   0       0.01890035  d_z2
  115   3   2   1       0.03989416  d_xz
  115   3   2   2       0.01855165  d_x2-y2
  116   1   0   0       1.35593997  s
  116   2   1  -1       0.82998187  p_y
  116   2   1   0       0.83002359  p_z
  116   2   1   1       0.82997998  p_x
  116   3   2  -2       0.03892677  d_xy
  116   3   2  -1       0.03892869  d_yz
  116   3   2   0       0.01874197  d_z2
  116   3   2   1       0.03886526  d_xz
  116   3   2   2       0.01875066  d_x2-y2
  117   1   0   0       1.35621375  s
  117   2   1  -1       0.82951223  p_y
  117   2   1   0       0.82961321  p_z
  117   2   1   1       0.83019911  p_x
  117   3   2  -2       0.03927584  d_xy
  117   3   2  -1       0.03859793  d_yz
  117   3   2   0       0.01879417  d_z2
  117   3   2   1       0.03905648  d_xz
  117   3   2   2       0.01871273  d_x2-y2
  118   1   0   0       1.35625266  s
  118   2   1  -1       0.82951180  p_y
  118   2   1   0       0.82951180  p_z
  118   2   1   1       0.83007901  p_x
  118   3   2  -2       0.03900741  d_xy
  118   3   2  -1       0.03881072  d_yz
  118   3   2   0       0.01879957  d_z2
  118   3   2   1       0.03900741  d_xz
  118   3   2   2       0.01871331  d_x2-y2
  119   1   0   0       1.35621375  s
  119   2   1  -1       0.82961321  p_y
  119   2   1   0       0.82951223  p_z
  119   2   1   1       0.83019911  p_x
  119   3   2  -2       0.03905648  d_xy
  119   3   2  -1       0.03859793  d_yz
  119   3   2   0       0.01882672  d_z2
  119   3   2   1       0.03927584  d_xz
  119   3   2   2       0.01868017  d_x2-y2
  120   1   0   0       1.35621663  s
  120   2   1  -1       0.82985075  p_y
  120   2   1   0       0.82975581  p_z
  120   2   1   1       0.82993199  p_x
  120   3   2  -2       0.03883879  d_xy
  120   3   2  -1       0.03894630  d_yz
  120   3   2   0       0.01877270  d_z2
  120   3   2   1       0.03904230  d_xz
  120   3   2   2       0.01875662  d_x2-y2
  121   1   0   0       1.35570616  s
  121   2   1  -1       0.83005806  p_y
  121   2   1   0       0.82993668  p_z
  121   2   1   1       0.83025055  p_x
  121   3   2  -2       0.03887347  d_xy
  121   3   2  -1       0.03881134  d_yz
  121   3   2   0       0.01876627  d_z2
  121   3   2   1       0.03899738  d_xz
  121   3   2   2       0.01871558  d_x2-y2
  122   1   0   0       1.35570616  s
  122   2   1  -1       0.82993668  p_y
  122   2   1   0       0.83005806  p_z
  122   2   1   1       0.83025055  p_x
  122   3   2  -2       0.03899738  d_xy
  122   3   2  -1       0.03881134  d_yz
  122   3   2   0       0.01875930  d_z2
  122   3   2   1       0.03887347  d_xz
  122   3   2   2       0.01872255  d_x2-y2
  123   1   0   0       1.35613908  s
  123   2   1  -1       0.82963167  p_y
  123   2   1   0       0.82959967  p_z
  123   2   1   1       0.83003210  p_x
  123   3   2  -2       0.03873399  d_xy
  123   3   2  -1       0.03968996  d_yz
  123   3   2   0       0.01869857  d_z2
  123   3   2   1       0.03851385  d_xz
  123   3   2   2       0.01876812  d_x2-y2
  124   1   0   0       1.35555544  s
  124   2   1  -1       0.83016266  p_y
  124   2   1   0       0.82993734  p_z
  124   2   1   1       0.82984909  p_x
  124   3   2  -2       0.03874953  d_xy
  124   3   2  -1       0.03854197  d_yz
  124   3   2   0       0.01873891  d_z2
  124   3   2   1       0.03926423  d_xz
  124   3   2   2       0.01871006  d_x2-y2
  125   1   0   0       1.35576985  s
  125   2   1  -1       0.83003303  p_y
  125   2   1   0       0.83003303  p_z
  125   2   1   1       0.82992071  p_x
  125   3   2  -2       0.03896716  d_xy
  125   3   2  -1       0.03865447  d_yz
  125   3   2   0       0.01872755  d_z2
  125   3   2   1       0.03896716  d_xz
  125   3   2   2       0.01871774  d_x2-y2
  126   1   0   0       1.35581057  s
  126   2   1  -1       0.82987543  p_y
  126   2   1   0       0.82974486  p_z
  126   2   1   1       0.83011837  p_x
  126   3   2  -2       0.03864489  d_xy
  126   3   2  -1       0.03944892  d_yz
  126   3   2   0       0.01874367  d_z2
  126   3   2   1       0.03861264  d_xz
  126   3   2   2       0.01875691  d_x2-y2
  127   1   0   0       1.35605555  s
  127   2   1  -1       0.82978170  p_y
  127   2   1   0       0.82978170  p_z
  127   2   1   1       0.83023530  p_x
  127   3   2  -2       0.03857910  d_xy
  127   3   2  -1       0.03949748  d_yz
  127   3   2   0       0.01872607  d_z2
  127   3   2   1       0.03857910  d_xz
  127   3   2   2       0.01876453  d_x2-y2
  128   1   0   0       1.35583679  s
  128   2   1  -1       0.83005267  p_y
  128   2   1   0       0.82996992  p_z
  128   2   1   1       0.82984938  p_x
  128   3   2  -2       0.03889335  d_xy
  128   3   2  -1       0.03861006  d_yz
  128   3   2   0       0.01872466  d_z2
  128   3   2   1       0.03907342  d_xz
  128   3   2   2       0.01871935  d_x2-y2
  129   1   0   0       1.35663579  s
  129   2   1  -1       0.82975794  p_y
  129   2   1   0       0.82973322  p_z
  129   2   1   1       0.82967867  p_x
  129   3   2  -2       0.03880853  d_xy
  129   3   2  -1       0.03897212  d_yz
  129   3   2   0       0.01873767  d_z2
  129   3   2   1       0.03899145  d_xz
  129   3   2   2       0.01877060  d_x2-y2
  130   1   0   0       1.35697797  s
  130   2   1  -1       0.82982702  p_y
  130   2   1   0       0.82972044  p_z
  130   2   1   1       0.82959692  p_x
  130   3   2  -2       0.03876245  d_xy
  130   3   2  -1       0.03905561  d_yz
  130   3   2   0       0.01878964  d_z2
  130   3   2   1       0.03909239  d_xz
  130   3   2   2       0.01881163  d_x2-y2
  131   1   0   0       1.35697797  s
  131   2   1  -1       0.82972044  p_y
  131   2   1   0       0.82982702  p_z
  131   2   1   1       0.82959692  p_x
  131   3   2  -2       0.03909239  d_xy
  131   3   2  -1       0.03905561  d_yz
  131   3   2   0       0.01882892  d_z2
  131   3   2   1       0.03876245  d_xz
  131   3   2   2       0.01877234  d_x2-y2
  132   1   0   0       1.35663579  s
  132   2   1  -1       0.82973322  p_y
  132   2   1   0       0.82975794  p_z
  132   2   1   1       0.82967867  p_x
  132   3   2  -2       0.03899145  d_xy
  132   3   2  -1       0.03897212  d_yz
  132   3   2   0       0.01876955  d_z2
  132   3   2   1       0.03880853  d_xz
  132   3   2   2       0.01873872  d_x2-y2
  133   1   0   0       1.35717259  s
  133   2   1  -1       0.82979760  p_y
  133   2   1   0       0.82999093  p_z
  133   2   1   1       0.82759879  p_x
  133   3   2  -2       0.03962962  d_xy
  133   3   2  -1       0.03743006  d_yz
  133   3   2   0       0.01856601  d_z2
  133   3   2   1       0.03901916  d_xz
  133   3   2   2       0.01896468  d_x2-y2
  134   1   0   0       1.35716868  s
  134   2   1  -1       0.83033166  p_y
  134   2   1   0       0.83033166  p_z
  134   2   1   1       0.82890212  p_x
  134   3   2  -2       0.03942507  d_xy
  134   3   2  -1       0.03821995  d_yz
  134   3   2   0       0.01881751  d_z2
  134   3   2   1       0.03942507  d_xz
  134   3   2   2       0.01898574  d_x2-y2
  135   1   0   0       1.35717259  s
  135   2   1  -1       0.82999093  p_y
  135   2   1   0       0.82979760  p_z
  135   2   1   1       0.82759879  p_x
  135   3   2  -2       0.03901916  d_xy
  135   3   2  -1       0.03743006  d_yz
  135   3   2   0       0.01875366  d_z2
  135   3   2   1       0.03962962  d_xz
  135   3   2   2       0.01877704  d_x2-y2
  136   1   0   0       1.35587851  s
  136   2   1  -1       0.83003520  p_y
  136   2   1   0       0.83003520  p_z
  136   2   1   1       0.82999493  p_x
  136   3   2  -2       0.03893304  d_xy
  136   3   2  -1       0.03883876  d_yz
  136   3   2   0       0.01873525  d_z2
  136   3   2   1       0.03893304  d_xz
  136   3   2   2       0.01873975  d_x2-y2
  137   1   0   0       1.35554847  s
  137   2   1  -1       0.82982526  p_y
  137   2   1   0       0.82852615  p_z
  137   2   1   1       0.83093967  p_x
  137   3   2  -2       0.03767270  d_xy
  137   3   2  -1       0.04013113  d_yz
  137   3   2   0       0.01907571  d_z2
  137   3   2   1       0.03835426  d_xz
  137   3   2   2       0.01864479  d_x2-y2
  138   1   0   0       1.35554847  s
  138   2   1  -1       0.82852615  p_y
  138   2   1   0       0.82982526  p_z
  138   2   1   1       0.83093967  p_x
  138   3   2  -2       0.03835426  d_xy
  138   3   2  -1       0.04013113  d_yz
  138   3   2   0       0.01897227  d_z2
  138   3   2   1       0.03767270  d_xz
  138   3   2   2       0.01874822  d_x2-y2
  139   1   0   0       1.35568332  s
  139   2   1  -1       0.83018085  p_y
  139   2   1   0       0.83012481  p_z
  139   2   1   1       0.82997658  p_x
  139   3   2  -2       0.03897951  d_xy
  139   3   2  -1       0.03876017  d_yz
  139   3   2   0       0.01873635  d_z2
  139   3   2   1       0.03894896  d_xz
  139   3   2   2       0.01873596  d_x2-y2
  140   1   0   0       1.35568332  s
  140   2   1  -1       0.83012481  p_y
  140   2   1   0       0.83018085  p_z
  140   2   1   1       0.82997658  p_x
  140   3   2  -2       0.03894896  d_xy
  140   3   2  -1       0.03876017  d_yz
  140   3   2   0       0.01872400  d_z2
  140   3   2   1       0.03897951  d_xz
  140   3   2   2       0.01874831  d_x2-y2
  141   1   0   0       1.35636050  s
  141   2   1  -1       0.82965366  p_y
  141   2   1   0       0.82965366  p_z
  141   2   1   1       0.83020771  p_x
  141   3   2  -2       0.03857971  d_xy
  141   3   2  -1       0.03951927  d_yz
  141   3   2   0       0.01872769  d_z2
  141   3   2   1       0.03857971  d_xz
  141   3   2   2       0.01877109  d_x2-y2
  142   1   0   0       1.35562098  s
  142   2   1  -1       0.83009835  p_y
  142   2   1   0       0.83020385  p_z
  142   2   1   1       0.82989272  p_x
  142   3   2  -2       0.03910634  d_xy
  142   3   2  -1       0.03866790  d_yz
  142   3   2   0       0.01872840  d_z2
  142   3   2   1       0.03888551  d_xz
  142   3   2   2       0.01873144  d_x2-y2
  143   1   0   0       1.35551405  s
  143   2   1  -1       0.83026628  p_y
  143   2   1   0       0.83026628  p_z
  143   2   1   1       0.82988191  p_x
  143   3   2  -2       0.03896088  d_xy
  143   3   2  -1       0.03872877  d_yz
  143   3   2   0       0.01871436  d_z2
  143   3   2   1       0.03896088  d_xz
  143   3   2   2       0.01874256  d_x2-y2
  144   1   0   0       1.35562098  s
  144   2   1  -1       0.83020385  p_y
  144   2   1   0       0.83009835  p_z
  144   2   1   1       0.82989272  p_x
  144   3   2  -2       0.03888551  d_xy
  144   3   2  -1       0.03866790  d_yz
  144   3   2   0       0.01872495  d_z2
  144   3   2   1       0.03910634  d_xz
  144   3   2   2       0.01873489  d_x2-y2
  145   1   0   0       1.35608520  s
  145   2   1  -1       0.82998735  p_y
  145   2   1   0       0.83005787  p_z
  145   2   1   1       0.82994730  p_x
  145   3   2  -2       0.03893572  d_xy
  145   3   2  -1       0.03889548  d_yz
  145   3   2   0       0.01875358  d_z2
  145   3   2   1       0.03895370  d_xz
  145   3   2   2       0.01877145  d_x2-y2
  146   1   0   0       1.35618981  s
  146   2   1  -1       0.82998449  p_y
  146   2   1   0       0.82998449  p_z
  146   2   1   1       0.82984320  p_x
  146   3   2  -2       0.03891953  d_xy
  146   3   2  -1       0.03890601  d_yz
  146   3   2   0       0.01873959  d_z2
  146   3   2   1       0.03891953  d_xz
  146   3   2   2       0.01876148  d_x2-y2
  147   1   0   0       1.35608520  s
  147   2   1  -1       0.83005787  p_y
  147   2   1   0       0.82998735  p_z
  147   2   1   1       0.82994730  p_x
  147   3   2  -2       0.03895370  d_xy
  147   3   2  -1       0.03889548  d_yz
  147   3   2   0       0.01876253  d_z2
  147   3   2   1       0.03893572  d_xz
  147   3   2   2       0.01876250  d_x2-y2
  148   1   0   0       1.35912899  s
  148   2   1  -1       0.82600230  p_y
  148   2   1   0       0.82600230  p_z
  148   2   1   1       0.82871679  p_x
  148   3   2  -2       0.03599905  d_xy
  148   3   2  -1       0.04431193  d_yz
  148   3   2   0       0.01953712  d_z2
  148   3   2   1       0.03599905  d_xz
  148   3   2   2       0.01924549  d_x2-y2
  149   1   0   0       1.35622144  s
  149   2   1  -1       0.83001514  p_y
  149   2   1   0       0.82993121  p_z
  149   2   1   1       0.82942733  p_x
  149   3   2  -2       0.03897415  d_xy
  149   3   2  -1       0.03859478  d_yz
  149   3   2   0       0.01870838  d_z2
  149   3   2   1       0.03896896  d_xz
  149   3   2   2       0.01873451  d_x2-y2
  150   1   0   0       1.35622144  s
  150   2   1  -1       0.82993121  p_y
  150   2   1   0       0.83001514  p_z
  150   2   1   1       0.82942733  p_x
  150   3   2  -2       0.03896896  d_xy
  150   3   2  -1       0.03859478  d_yz
  150   3   2   0       0.01868357  d_z2
  150   3   2   1       0.03897415  d_xz
  150   3   2   2       0.01875932  d_x2-y2
  151   1   0   0       1.35603926  s
  151   2   1  -1       0.83004623  p_y
  151   2   1   0       0.82972240  p_z
  151   2   1   1       0.82922154  p_x
  151   3   2  -2       0.03864792  d_xy
  151   3   2  -1       0.03842931  d_yz
  151   3   2   0       0.01871934  d_z2
  151   3   2   1       0.03929721  d_xz
  151   3   2   2       0.01872209  d_x2-y2
  152   1   0   0       1.35603926  s
  152   2   1  -1       0.82972240  p_y
  152   2   1   0       0.83004623  p_z
  152   2   1   1       0.82922154  p_x
  152   3   2  -2       0.03929721  d_xy
  152   3   2  -1       0.03842931  d_yz
  152   3   2   0       0.01867788  d_z2
  152   3   2   1       0.03864792  d_xz
  152   3   2   2       0.01876354  d_x2-y2
  153   1   0   0       1.35542068  s
  153   2   1  -1       0.83000193  p_y
  153   2   1   0       0.83000193  p_z
  153   2   1   1       0.83061424  p_x
  153   3   2  -2       0.03859593  d_xy
  153   3   2  -1       0.03944244  d_yz
  153   3   2   0       0.01874636  d_z2
  153   3   2   1       0.03859593  d_xz
  153   3   2   2       0.01873564  d_x2-y2
  154   1   0   0       1.35551766  s
  154   2   1  -1       0.82953536  p_y
  154   2   1   0       0.82983278  p_z
  154   2   1   1       0.83033773  p_x
  154   3   2  -2       0.03841408  d_xy
  154   3   2  -1       0.03939129  d_yz
  154   3   2   0       0.01872520  d_z2
  154   3   2   1       0.03855977  d_xz
  154   3   2   2       0.01870418  d_x2-y2
  155   1   0   0       1.35565340  s
  155   2   1  -1       0.83013667  p_y
  155   2   1   0       0.83013667  p_z
  155   2   1   1       0.83004438  p_x
  155   3   2  -2       0.03898873  d_xy
  155   3   2  -1       0.03871850  d_yz
  155   3   2   0       0.01874057  d_z2
  155   3   2   1       0.03898873  d_xz
  155   3   2   2       0.01873521  d_x2-y2
  156   1   0   0       1.35551766  s
  156   2   1  -1       0.82983278  p_y
  156   2   1   0       0.82953536  p_z
  156   2   1   1       0.83033773  p_x
  156   3   2  -2       0.03855977  d_xy
  156   3   2  -1       0.03939129  d_yz
  156   3   2   0       0.01875828  d_z2
  156   3   2   1       0.03841408  d_xz
  156   3   2   2       0.01867110  d_x2-y2
  157   1   0   0       1.35859058  s
  157   2   1  -1       0.82907223  p_y
  157   2   1   0       0.82878656  p_z
  157   2   1   1       0.82328709  p_x
  157   3   2  -2       0.04121946  d_xy
  157   3   2  -1       0.03592565  d_yz
  157   3   2   0       0.02044425  d_z2
  157   3   2   1       0.04124969  d_xz
  157   3   2   2       0.01998644  d_x2-y2
  158   1   0   0       1.35626298  s
  158   2   1  -1       0.82976972  p_y
  158   2   1   0       0.82978279  p_z
  158   2   1   1       0.82986492  p_x
  158   3   2  -2       0.03878612  d_xy
  158   3   2  -1       0.03904382  d_yz
  158   3   2   0       0.01872752  d_z2
  158   3   2   1       0.03887863  d_xz
  158   3   2   2       0.01873059  d_x2-y2
  159   1   0   0       1.35626298  s
  159   2   1  -1       0.82978279  p_y
  159   2   1   0       0.82976972  p_z
  159   2   1   1       0.82986492  p_x
  159   3   2  -2       0.03887863  d_xy
  159   3   2  -1       0.03904382  d_yz
  159   3   2   0       0.01873963  d_z2
  159   3   2   1       0.03878612  d_xz
  159   3   2   2       0.01871848  d_x2-y2
  160   1   0   0       1.35859058  s
  160   2   1  -1       0.82878656  p_y
  160   2   1   0       0.82907223  p_z
  160   2   1   1       0.82328709  p_x
  160   3   2  -2       0.04124969  d_xy
  160   3   2  -1       0.03592565  d_yz
  160   3   2   0       0.02087852  d_z2
  160   3   2   1       0.04121946  d_xz
  160   3   2   2       0.01955217  d_x2-y2
  161   1   0   0       1.35336131  s
  161   2   1  -1       0.83109131  p_y
  161   2   1   0       0.83155752  p_z
  161   2   1   1       0.83127138  p_x
  161   3   2  -2       0.03987177  d_xy
  161   3   2  -1       0.03919552  d_yz
  161   3   2   0       0.01878317  d_z2
  161   3   2   1       0.03817021  d_xz
  161   3   2   2       0.01894468  d_x2-y2
  162   1   0   0       1.35515069  s
  162   2   1  -1       0.83005448  p_y
  162   2   1   0       0.83018513  p_z
  162   2   1   1       0.83025196  p_x
  162   3   2  -2       0.03891240  d_xy
  162   3   2  -1       0.03907163  d_yz
  162   3   2   0       0.01873822  d_z2
  162   3   2   1       0.03858209  d_xz
  162   3   2   2       0.01873151  d_x2-y2
  163   1   0   0       1.35506237  s
  163   2   1  -1       0.83026131  p_y
  163   2   1   0       0.83026131  p_z
  163   2   1   1       0.83049035  p_x
  163   3   2  -2       0.03873440  d_xy
  163   3   2  -1       0.03918992  d_yz
  163   3   2   0       0.01877294  d_z2
  163   3   2   1       0.03873440  d_xz
  163   3   2   2       0.01875245  d_x2-y2
  164   1   0   0       1.35515069  s
  164   2   1  -1       0.83018513  p_y
  164   2   1   0       0.83005448  p_z
  164   2   1   1       0.83025196  p_x
  164   3   2  -2       0.03858209  d_xy
  164   3   2  -1       0.03907163  d_yz
  164   3   2   0       0.01876214  d_z2
  164   3   2   1       0.03891240  d_xz
  164   3   2   2       0.01870759  d_x2-y2
  165   1   0   0       1.35659678  s
  165   2   1  -1       0.82963082  p_y
  165   2   1   0       0.82952973  p_z
  165   2   1   1       0.82976923  p_x
  165   3   2  -2       0.03896181  d_xy
  165   3   2  -1       0.03900894  d_yz
  165   3   2   0       0.01885852  d_z2
  165   3   2   1       0.03908616  d_xz
  165   3   2   2       0.01869522  d_x2-y2
  166   1   0   0       1.35848163  s
  166   2   1  -1       0.82795191  p_y
  166   2   1   0       0.82794403  p_z
  166   2   1   1       0.82948186  p_x
  166   3   2  -2       0.03903447  d_xy
  166   3   2  -1       0.03832461  d_yz
  166   3   2   0       0.01890035  d_z2
  166   3   2   1       0.03989416  d_xz
  166   3   2   2       0.01855165  d_x2-y2
  167   1   0   0       1.35848163  s
  167   2   1  -1       0.82794403  p_y
  167   2   1   0       0.82795191  p_z
  167   2   1   1       0.82948186  p_x
  167   3   2  -2       0.03989416  d_xy
  167   3   2  -1       0.03832461  d_yz
  167   3   2   0       0.01888278  d_z2
  167   3   2   1       0.03903447  d_xz
  167   3   2   2       0.01856922  d_x2-y2
  168   1   0   0       1.35593997  s
  168   2   1  -1       0.83002359  p_y
  168   2   1   0       0.82998187  p_z
  168   2   1   1       0.82997998  p_x
  168   3   2  -2       0.03886526  d_xy
  168   3   2  -1       0.03892869  d_yz
  168   3   2   0       0.01873862  d_z2
  168   3   2   1       0.03892677  d_xz
  168   3   2   2       0.01875401  d_x2-y2
  169   1   0   0       1.35265253  s
  169   2   1  -1       0.83117365  p_y
  169   2   1   0       0.83115538  p_z
  169   2   1   1       0.83087889  p_x
  169   3   2  -2       0.04025947  d_xy
  169   3   2  -1       0.03978713  d_yz
  169   3   2   0       0.01908129  d_z2
  169   3   2   1       0.03868405  d_xz
  169   3   2   2       0.01957386  d_x2-y2
  170   1   0   0       1.35569583  s
  170   2   1  -1       0.83148459  p_y
  170   2   1   0       0.83148459  p_z
  170   2   1   1       0.82955078  p_x
  170   3   2  -2       0.03896404  d_xy
  170   3   2  -1       0.03972161  d_yz
  170   3   2   0       0.01860144  d_z2
  170   3   2   1       0.03896404  d_xz
  170   3   2   2       0.01888552  d_x2-y2
  171   1   0   0       1.35567288  s
  171   2   1  -1       0.83005634  p_y
  171   2   1   0       0.83018015  p_z
  171   2   1   1       0.83006678  p_x
  171   3   2  -2       0.03901746  d_xy
  171   3   2  -1       0.03879837  d_yz
  171   3   2   0       0.01874178  d_z2
  171   3   2   1       0.03887706  d_xz
  171   3   2   2       0.01876563  d_x2-y2
  172   1   0   0       1.35586332  s
  172   2   1  -1       0.82995326  p_y
  172   2   1   0       0.82995326  p_z
  172   2   1   1       0.82999912  p_x
  172   3   2  -2       0.03892234  d_xy
  172   3   2  -1       0.03881880  d_yz
  172   3   2   0       0.01873900  d_z2
  172   3   2   1       0.03892234  d_xz
  172   3   2   2       0.01872854  d_x2-y2
  173   1   0   0       1.35613908  s
  173   2   1  -1       0.82959967  p_y
  173   2   1   0       0.82963167  p_z
  173   2   1   1       0.83003210  p_x
  173   3   2  -2       0.03851385  d_xy
  173   3   2  -1       0.03968996  d_yz
  173   3   2   0       0.01864815  d_z2
  173   3   2   1       0.03873399  d_xz
  173   3   2   2       0.01881855  d_x2-y2
  174   1   0   0       1.35555544  s
  174   2   1  -1       0.82993734  p_y
  174   2   1   0       0.83016266  p_z
  174   2   1   1       0.82984909  p_x
  174   3   2  -2       0.03926423  d_xy
  174   3   2  -1       0.03854197  d_yz
  174   3   2   0       0.01871835  d_z2
  174   3   2   1       0.03874953  d_xz
  174   3   2   2       0.01873062  d_x2-y2
  175   1   0   0       1.35570616  s
  175   2   1  -1       0.82993668  p_y
  175   2   1   0       0.83005806  p_z
  175   2   1   1       0.83025055  p_x
  175   3   2  -2       0.03899738  d_xy
  175   3   2  -1       0.03881134  d_yz
  175   3   2   0       0.01875930  d_z2
  175   3   2   1       0.03887347  d_xz
  175   3   2   2       0.01872255  d_x2-y2
  176   1   0   0       1.35570616  s
  176   2   1  -1       0.83005806  p_y
  176   2   1   0       0.82993668  p_z
  176   2   1   1       0.83025055  p_x
  176   3   2  -2       0.03887347  d_xy
  176   3   2  -1       0.03881134  d_yz
  176   3   2   0       0.01876627  d_z2
  176   3   2   1       0.03899738  d_xz
  176   3   2   2       0.01871558  d_x2-y2
  177   1   0   0       1.35643384  s
  177   2   1  -1       0.82977928  p_y
  177   2   1   0       0.82975759  p_z
  177   2   1   1       0.82980525  p_x
  177   3   2  -2       0.03886816  d_xy
  177   3   2  -1       0.03896011  d_yz
  177   3   2   0       0.01874344  d_z2
  177   3   2   1       0.03889165  d_xz
  177   3   2   2       0.01874243  d_x2-y2
  178   1   0   0       1.35635282  s
  178   2   1  -1       0.82976127  p_y
  178   2   1   0       0.82957953  p_z
  178   2   1   1       0.82973672  p_x
  178   3   2  -2       0.03876914  d_xy
  178   3   2  -1       0.03900031  d_yz
  178   3   2   0       0.01875509  d_z2
  178   3   2   1       0.03894451  d_xz
  178   3   2   2       0.01874360  d_x2-y2
  179   1   0   0       1.35635282  s
  179   2   1  -1       0.82957953  p_y
  179   2   1   0       0.82976127  p_z
  179   2   1   1       0.82973672  p_x
  179   3   2  -2       0.03894451  d_xy
  179   3   2  -1       0.03900031  d_yz
  179   3   2   0       0.01875900  d_z2
  179   3   2   1       0.03876914  d_xz
  179   3   2   2       0.01873969  d_x2-y2
  180   1   0   0       1.35578829  s
  180   2   1  -1       0.82384354  p_y
  180   2   1   0       0.81779016  p_z
  180   2   1   1       0.82338553  p_x
  180   3   2  -2       0.04414004  d_xy
  180   3   2  -1       0.04466350  d_yz
  180   3   2   0       0.01945500  d_z2
  180   3   2   1       0.04143870  d_xz
  180   3   2   2       0.02180200  d_x2-y2
  181   1   0   0       1.35621375  s
  181   2   1  -1       0.82961321  p_y
  181   2   1   0       0.82951223  p_z
  181   2   1   1       0.83019911  p_x
  181   3   2  -2       0.03905648  d_xy
  181   3   2  -1       0.03859793  d_yz
  181   3   2   0       0.01882672  d_z2
  181   3   2   1       0.03927584  d_xz
  181   3   2   2       0.01868017  d_x2-y2
  182   1   0   0       1.35625266  s
  182   2   1  -1       0.82951180  p_y
  182   2   1   0       0.82951180  p_z
  182   2   1   1       0.83007901  p_x
  182   3   2  -2       0.03900741  d_xy
  182   3   2  -1       0.03881072  d_yz
  182   3   2   0       0.01879957  d_z2
  182   3   2   1       0.03900741  d_xz
  182   3   2   2       0.01871331  d_x2-y2
  183   1   0   0       1.35621375  s
  183   2   1  -1       0.82951223  p_y
  183   2   1   0       0.82961321  p_z
  183   2   1   1       0.83019911  p_x
  183   3   2  -2       0.03927584  d_xy
  183   3   2  -1       0.03859793  d_yz
  183   3   2   0       0.01879417  d_z2
  183   3   2   1       0.03905648  d_xz
  183   3   2   2       0.01871273  d_x2-y2
  184   1   0   0       1.35621663  s
  184   2   1  -1       0.82975581  p_y
  184   2   1   0       0.82985075  p_z
  184   2   1   1       0.82993199  p_x
  184   3   2  -2       0.03904230  d_xy
  184   3   2  -1       0.03894630  d_yz
  184   3   2   0       0.01881867  d_z2
  184   3   2   1       0.03883879  d_xz
  184   3   2   2       0.01871065  d_x2-y2
  185   1   0   0       1.35523128  s
  185   2   1  -1       0.83000799  p_y
  185   2   1   0       0.83054435  p_z
  185   2   1   1       0.83000241  p_x
  185   3   2  -2       0.03877209  d_xy
  185   3   2  -1       0.03930093  d_yz
  185   3   2   0       0.01866904  d_z2
  185   3   2   1       0.03888247  d_xz
  185   3   2   2       0.01886443  d_x2-y2
  186   1   0   0       1.35523128  s
  186   2   1  -1       0.83054435  p_y
  186   2   1   0       0.83000799  p_z
  186   2   1   1       0.83000241  p_x
  186   3   2  -2       0.03888247  d_xy
  186   3   2  -1       0.03930093  d_yz
  186   3   2   0       0.01879580  d_z2
  186   3   2   1       0.03877209  d_xz
  186   3   2   2       0.01873768  d_x2-y2
  187   1   0   0       1.35580298  s
  187   2   1  -1       0.83002072  p_y
  187   2   1   0       0.83005040  p_z
  187   2   1   1       0.82992964  p_x
  187   3   2  -2       0.03897104  d_xy
  187   3   2  -1       0.03869766  d_yz
  187   3   2   0       0.01872484  d_z2
  187   3   2   1       0.03893752  d_xz
  187   3   2   2       0.01872329  d_x2-y2
  188   1   0   0       1.35422118  s
  188   2   1  -1       0.83072444  p_y
  188   2   1   0       0.83093684  p_z
  188   2   1   1       0.83080078  p_x
  188   3   2  -2       0.03959145  d_xy
  188   3   2  -1       0.03927570  d_yz
  188   3   2   0       0.01879054  d_z2
  188   3   2   1       0.03836167  d_xz
  188   3   2   2       0.01892548  d_x2-y2
  189   1   0   0       1.35605555  s
  189   2   1  -1       0.82978170  p_y
  189   2   1   0       0.82978170  p_z
  189   2   1   1       0.83023530  p_x
  189   3   2  -2       0.03857910  d_xy
  189   3   2  -1       0.03949748  d_yz
  189   3   2   0       0.01872607  d_z2
  189   3   2   1       0.03857910  d_xz
  189   3   2   2       0.01876453  d_x2-y2
  190   1   0   0       1.35583679  s
  190   2   1  -1       0.82996992  p_y
  190   2   1   0       0.83005267  p_z
  190   2   1   1       0.82984938  p_x
  190   3   2  -2       0.03907342  d_xy
  190   3   2  -1       0.03861006  d_yz
  190   3   2   0       0.01872910  d_z2
  190   3   2   1       0.03889335  d_xz
  190   3   2   2       0.01871491  d_x2-y2
  191   1   0   0       1.35576985  s
  191   2   1  -1       0.83003303  p_y
  191   2   1   0       0.83003303  p_z
  191   2   1   1       0.82992071  p_x
  191   3   2  -2       0.03896716  d_xy
  191   3   2  -1       0.03865447  d_yz
  191   3   2   0       0.01872755  d_z2
  191   3   2   1       0.03896716  d_xz
  191   3   2   2       0.01871774  d_x2-y2
  192   1   0   0       1.35581057  s
  192   2   1  -1       0.82974486  p_y
  192   2   1   0       0.82987543  p_z
  192   2   1   1       0.83011837  p_x
  192   3   2  -2       0.03861264  d_xy
  192   3   2  -1       0.03944892  d_yz
  192   3   2   0       0.01870752  d_z2
  192   3   2   1       0.03864489  d_xz
  192   3   2   2       0.01879306  d_x2-y2
  193   1   0   0       1.34572857  s
  193   2   1  -1       0.80793290  p_y
  193   2   1   0       0.80793290  p_z
  193   2   1   1       0.82728958  p_x
  193   3   2  -2       0.03483809  d_xy
  193   3   2  -1       0.05821588  d_yz
  193   3   2   0       0.03967120  d_z2
  193   3   2   1       0.03483809  d_xz
  193   3   2   2       0.03081873  d_x2-y2
  194   1   0   0       1.36263524  s
  194   2   1  -1       0.82583184  p_y
  194   2   1   0       0.82583184  p_z
  194   2   1   1       0.83020043  p_x
  194   3   2  -2       0.03994063  d_xy
  194   3   2  -1       0.03709792  d_yz
  194   3   2   0       0.01909262  d_z2
  194   3   2   1       0.03994063  d_xz
  194   3   2   2       0.01825250  d_x2-y2
  195   1   0   0       1.35638487  s
  195   2   1  -1       0.82941678  p_y
  195   2   1   0       0.82941678  p_z
  195   2   1   1       0.82967609  p_x
  195   3   2  -2       0.03880691  d_xy
  195   3   2  -1       0.03925114  d_yz
  195   3   2   0       0.01875136  d_z2
  195   3   2   1       0.03880691  d_xz
  195   3   2   2       0.01876618  d_x2-y2
  196   1   0   0       1.35620650  s
  196   2   1  -1       0.82974708  p_y
  196   2   1   0       0.82974708  p_z
  196   2   1   1       0.82994158  p_x
  196   3   2  -2       0.03877532  d_xy
  196   3   2  -1       0.03908393  d_yz
  196   3   2   0       0.01873348  d_z2
  196   3   2   1       0.03877532  d_xz
  196   3   2   2       0.01871243  d_x2-y2
  197   1   0   0       1.35468950  s
  197   2   1  -1       0.83321515  p_y
  197   2   1   0       0.82954694  p_z
  197   2   1   1       0.83068159  p_x
  197   3   2  -2       0.04160007  d_xy
  197   3   2  -1       0.04061151  d_yz
  197   3   2   0       0.01968277  d_z2
  197   3   2   1       0.03788870  d_xz
  197   3   2   2       0.01965331  d_x2-y2
  198   1   0   0       1.35613477  s
  198   2   1  -1       0.82921761  p_y
  198   2   1   0       0.82894816  p_z
  198   2   1   1       0.83027103  p_x
  198   3   2  -2       0.03921992  d_xy
  198   3   2  -1       0.03845604  d_yz
  198   3   2   0       0.01888749  d_z2
  198   3   2   1       0.03984315  d_xz
  198   3   2   2       0.01877108  d_x2-y2
  199   1   0   0       1.35567040  s
  199   2   1  -1       0.83011029  p_y
  199   2   1   0       0.83005157  p_z
  199   2   1   1       0.83012074  p_x
  199   3   2  -2       0.03893112  d_xy
  199   3   2  -1       0.03883489  d_yz
  199   3   2   0       0.01874797  d_z2
  199   3   2   1       0.03897233  d_xz
  199   3   2   2       0.01874638  d_x2-y2
  200   1   0   0       1.35640777  s
  200   2   1  -1       0.82975980  p_y
  200   2   1   0       0.82971741  p_z
  200   2   1   1       0.82979402  p_x
  200   3   2  -2       0.03885240  d_xy
  200   3   2  -1       0.03892416  d_yz
  200   3   2   0       0.01877846  d_z2
  200   3   2   1       0.03898807  d_xz
  200   3   2   2       0.01875341  d_x2-y2
  201   1   0   0       1.35357460  s
  201   2   1  -1       0.83077418  p_y
  201   2   1   0       0.83076791  p_z
  201   2   1   1       0.83050622  p_x
  201   3   2  -2       0.03990888  d_xy
  201   3   2  -1       0.03951310  d_yz
  201   3   2   0       0.01890417  d_z2
  201   3   2   1       0.03831490  d_xz
  201   3   2   2       0.01914904  d_x2-y2
  202   1   0   0       1.35565567  s
  202   2   1  -1       0.83001836  p_y
  202   2   1   0       0.83002066  p_z
  202   2   1   1       0.83029252  p_x
  202   3   2  -2       0.03913012  d_xy
  202   3   2  -1       0.03867604  d_yz
  202   3   2   0       0.01879498  d_z2
  202   3   2   1       0.03899304  d_xz
  202   3   2   2       0.01870611  d_x2-y2
  203   1   0   0       1.35357460  s
  203   2   1  -1       0.83076791  p_y
  203   2   1   0       0.83077418  p_z
  203   2   1   1       0.83050622  p_x
  203   3   2  -2       0.03831490  d_xy
  203   3   2  -1       0.03951310  d_yz
  203   3   2   0       0.01929948  d_z2
  203   3   2   1       0.03990888  d_xz
  203   3   2   2       0.01875373  d_x2-y2
  204   1   0   0       1.35565567  s
  204   2   1  -1       0.83002066  p_y
  204   2   1   0       0.83001836  p_z
  204   2   1   1       0.83029252  p_x
  204   3   2  -2       0.03899304  d_xy
  204   3   2  -1       0.03867604  d_yz
  204   3   2   0       0.01877270  d_z2
  204   3   2   1       0.03913012  d_xz
  204   3   2   2       0.01872840  d_x2-y2
  205   1   0   0       1.35432225  s
  205   2   1  -1       0.83053397  p_y
  205   2   1   0       0.83073972  p_z
  205   2   1   1       0.83051051  p_x
  205   3   2  -2       0.03948601  d_xy
  205   3   2  -1       0.03900345  d_yz
  205   3   2   0       0.01875327  d_z2
  205   3   2   1       0.03827210  d_xz
  205   3   2   2       0.01883454  d_x2-y2
  206   1   0   0       1.35591168  s
  206   2   1  -1       0.82981533  p_y
  206   2   1   0       0.82977318  p_z
  206   2   1   1       0.83013582  p_x
  206   3   2  -2       0.03862545  d_xy
  206   3   2  -1       0.03955050  d_yz
  206   3   2   0       0.01873449  d_z2
  206   3   2   1       0.03856073  d_xz
  206   3   2   2       0.01876513  d_x2-y2
  207   1   0   0       1.35501214  s
  207   2   1  -1       0.83057442  p_y
  207   2   1   0       0.83026047  p_z
  207   2   1   1       0.83036631  p_x
  207   3   2  -2       0.03874616  d_xy
  207   3   2  -1       0.03918630  d_yz
  207   3   2   0       0.01879000  d_z2
  207   3   2   1       0.03887371  d_xz
  207   3   2   2       0.01872771  d_x2-y2
  208   1   0   0       1.35572875  s
  208   2   1  -1       0.83009512  p_y
  208   2   1   0       0.83005609  p_z
  208   2   1   1       0.83004093  p_x
  208   3   2  -2       0.03895997  d_xy
  208   3   2  -1       0.03868351  d_yz
  208   3   2   0       0.01873811  d_z2
  208   3   2   1       0.03904046  d_xz
  208   3   2   2       0.01872331  d_x2-y2
  209   1   0   0       1.35468950  s
  209   2   1  -1       0.82954694  p_y
  209   2   1   0       0.83321515  p_z
  209   2   1   1       0.83068159  p_x
  209   3   2  -2       0.03788870  d_xy
  209   3   2  -1       0.04061151  d_yz
  209   3   2   0       0.01996044  d_z2
  209   3   2   1       0.04160007  d_xz
  209   3   2   2       0.01937564  d_x2-y2
  210   1   0   0       1.35613477  s
  210   2   1  -1       0.82894816  p_y
  210   2   1   0       0.82921761  p_z
  210   2   1   1       0.83027103  p_x
  210   3   2  -2       0.03984315  d_xy
  210   3   2  -1       0.03845604  d_yz
  210   3   2   0       0.01896908  d_z2
  210   3   2   1       0.03921992  d_xz
  210   3   2   2       0.01868949  d_x2-y2
  211   1   0   0       1.35567040  s
  211   2   1  -1       0.83005157  p_y
  211   2   1   0       0.83011029  p_z
  211   2   1   1       0.83012074  p_x
  211   3   2  -2       0.03897233  d_xy
  211   3   2  -1       0.03883489  d_yz
  211   3   2   0       0.01874271  d_z2
  211   3   2   1       0.03893112  d_xz
  211   3   2   2       0.01875164  d_x2-y2
  212   1   0   0       1.35640777  s
  212   2   1  -1       0.82971741  p_y
  212   2   1   0       0.82975980  p_z
  212   2   1   1       0.82979402  p_x
  212   3   2  -2       0.03898807  d_xy
  212   3   2  -1       0.03892416  d_yz
  212   3   2   0       0.01880001  d_z2
  212   3   2   1       0.03885240  d_xz
  212   3   2   2       0.01873186  d_x2-y2
  213   1   0   0       1.35478680  s
  213   2   1  -1       0.83044082  p_y
  213   2   1   0       0.83044082  p_z
  213   2   1   1       0.82952243  p_x
  213   3   2  -2       0.03901989  d_xy
  213   3   2  -1       0.03966671  d_yz
  213   3   2   0       0.01880136  d_z2
  213   3   2   1       0.03901989  d_xz
  213   3   2   2       0.01887865  d_x2-y2
  214   1   0   0       1.35566311  s
  214   2   1  -1       0.82999436  p_y
  214   2   1   0       0.82999436  p_z
  214   2   1   1       0.83033761  p_x
  214   3   2  -2       0.03898500  d_xy
  214   3   2  -1       0.03881315  d_yz
  214   3   2   0       0.01877808  d_z2
  214   3   2   1       0.03898500  d_xz
  214   3   2   2       0.01871536  d_x2-y2
  215   1   0   0       1.35576643  s
  215   2   1  -1       0.83006370  p_y
  215   2   1   0       0.83006370  p_z
  215   2   1   1       0.82999005  p_x
  215   3   2  -2       0.03896884  d_xy
  215   3   2  -1       0.03874797  d_yz
  215   3   2   0       0.01873528  d_z2
  215   3   2   1       0.03896884  d_xz
  215   3   2   2       0.01872916  d_x2-y2
  216   1   0   0       1.35652584  s
  216   2   1  -1       0.82946879  p_y
  216   2   1   0       0.82946879  p_z
  216   2   1   1       0.83003012  p_x
  216   3   2  -2       0.03844873  d_xy
  216   3   2  -1       0.03999283  d_yz
  216   3   2   0       0.01899488  d_z2
  216   3   2   1       0.03844873  d_xz
  216   3   2   2       0.01900008  d_x2-y2
  217   1   0   0       1.35501214  s
  217   2   1  -1       0.83026047  p_y
  217   2   1   0       0.83057442  p_z
  217   2   1   1       0.83036631  p_x
  217   3   2  -2       0.03887371  d_xy
  217   3   2  -1       0.03918630  d_yz
  217   3   2   0       0.01871322  d_z2
  217   3   2   1       0.03874616  d_xz
  217   3   2   2       0.01880449  d_x2-y2
  218   1   0   0       1.35572875  s
  218   2   1  -1       0.83005609  p_y
  218   2   1   0       0.83009512  p_z
  218   2   1   1       0.83004093  p_x
  218   3   2  -2       0.03904046  d_xy
  218   3   2  -1       0.03868351  d_yz
  218   3   2   0       0.01874159  d_z2
  218   3   2   1       0.03895997  d_xz
  218   3   2   2       0.01871983  d_x2-y2
  219   1   0   0       1.35432225  s
  219   2   1  -1       0.83073972  p_y
  219   2   1   0       0.83053397  p_z
  219   2   1   1       0.83051051  p_x
  219   3   2  -2       0.03827210  d_xy
  219   3   2  -1       0.03900345  d_yz
  219   3   2   0       0.01889235  d_z2
  219   3   2   1       0.03948601  d_xz
  219   3   2   2       0.01869546  d_x2-y2
  220   1   0   0       1.35591168  s
  220   2   1  -1       0.82977318  p_y
  220   2   1   0       0.82981533  p_z
  220   2   1   1       0.83013582  p_x
  220   3   2  -2       0.03856073  d_xy
  220   3   2  -1       0.03955050  d_yz
  220   3   2   0       0.01869344  d_z2
  220   3   2   1       0.03862545  d_xz
  220   3   2   2       0.01880619  d_x2-y2
  221   1   0   0       1.35632537  s
  221   2   1  -1       0.82972189  p_y
  221   2   1   0       0.82977818  p_z
  221   2   1   1       0.82981001  p_x
  221   3   2  -2       0.03889354  d_xy
  221   3   2  -1       0.03895883  d_yz
  221   3   2   0       0.01871490  d_z2
  221   3   2   1       0.03888742  d_xz
  221   3   2   2       0.01873821  d_x2-y2
  222   1   0   0       1.35703341  s
  222   2   1  -1       0.82967461  p_y
  222   2   1   0       0.82920446  p_z
  222   2   1   1       0.82962391  p_x
  222   3   2  -2       0.03909257  d_xy
  222   3   2  -1       0.03875958  d_yz
  222   3   2   0       0.01912268  d_z2
  222   3   2   1       0.03912095  d_xz
  222   3   2   2       0.01871046  d_x2-y2
  223   1   0   0       1.35632537  s
  223   2   1  -1       0.82977818  p_y
  223   2   1   0       0.82972189  p_z
  223   2   1   1       0.82981001  p_x
  223   3   2  -2       0.03888742  d_xy
  223   3   2  -1       0.03895883  d_yz
  223   3   2   0       0.01874641  d_z2
  223   3   2   1       0.03889354  d_xz
  223   3   2   2       0.01870671  d_x2-y2
  224   1   0   0       1.35703341  s
  224   2   1  -1       0.82920446  p_y
  224   2   1   0       0.82967461  p_z
  224   2   1   1       0.82962391  p_x
  224   3   2  -2       0.03912095  d_xy
  224   3   2  -1       0.03875958  d_yz
  224   3   2   0       0.01885825  d_z2
  224   3   2   1       0.03909257  d_xz
  224   3   2   2       0.01897488  d_x2-y2
  225   1   0   0       1.35623875  s
  225   2   1  -1       0.82973180  p_y
  225   2   1   0       0.82973180  p_z
  225   2   1   1       0.83007233  p_x
  225   3   2  -2       0.03870945  d_xy
  225   3   2  -1       0.03947447  d_yz
  225   3   2   0       0.01869238  d_z2
  225   3   2   1       0.03870945  d_xz
  225   3   2   2       0.01875817  d_x2-y2
  226   1   0   0       1.35605555  s
  226   2   1  -1       0.82978170  p_y
  226   2   1   0       0.82978170  p_z
  226   2   1   1       0.83023529  p_x
  226   3   2  -2       0.03857910  d_xy
  226   3   2  -1       0.03949748  d_yz
  226   3   2   0       0.01872607  d_z2
  226   3   2   1       0.03857910  d_xz
  226   3   2   2       0.01876453  d_x2-y2
  227   1   0   0       1.35506236  s
  227   2   1  -1       0.83026131  p_y
  227   2   1   0       0.83026131  p_z
  227   2   1   1       0.83049035  p_x
  227   3   2  -2       0.03873440  d_xy
  227   3   2  -1       0.03918992  d_yz
  227   3   2   0       0.01877294  d_z2
  227   3   2   1       0.03873440  d_xz
  227   3   2   2       0.01875245  d_x2-y2
  228   1   0   0       1.35576985  s
  228   2   1  -1       0.83003302  p_y
  228   2   1   0       0.83003302  p_z
  228   2   1   1       0.82992071  p_x
  228   3   2  -2       0.03896716  d_xy
  228   3   2  -1       0.03865447  d_yz
  228   3   2   0       0.01872755  d_z2
  228   3   2   1       0.03896716  d_xz
  228   3   2   2       0.01871774  d_x2-y2
  229   1   0   0       1.35578829  s
  229   2   1  -1       0.82384354  p_y
  229   2   1   0       0.81779016  p_z
  229   2   1   1       0.82338553  p_x
  229   3   2  -2       0.04414004  d_xy
  229   3   2  -1       0.04466350  d_yz
  229   3   2   0       0.01945500  d_z2
  229   3   2   1       0.04143870  d_xz
  229   3   2   2       0.02180200  d_x2-y2
  230   1   0   0       1.35767825  s
  230   2   1  -1       0.83054733  p_y
  230   2   1   0       0.83011986  p_z
  230   2   1   1       0.82626648  p_x
  230   3   2  -2       0.04000179  d_xy
  230   3   2  -1       0.03656166  d_yz
  230   3   2   0       0.01858589  d_z2
  230   3   2   1       0.04012622  d_xz
  230   3   2   2       0.01946294  d_x2-y2
  231   1   0   0       1.35593102  s
  231   2   1  -1       0.83014519  p_y
  231   2   1   0       0.83012292  p_z
  231   2   1   1       0.83002971  p_x
  231   3   2  -2       0.03889946  d_xy
  231   3   2  -1       0.03891651  d_yz
  231   3   2   0       0.01877621  d_z2
  231   3   2   1       0.03902500  d_xz
  231   3   2   2       0.01879849  d_x2-y2
  232   1   0   0       1.35659678  s
  232   2   1  -1       0.82952973  p_y
  232   2   1   0       0.82963082  p_z
  232   2   1   1       0.82976923  p_x
  232   3   2  -2       0.03908616  d_xy
  232   3   2  -1       0.03900894  d_yz
  232   3   2   0       0.01879204  d_z2
  232   3   2   1       0.03896181  d_xz
  232   3   2   2       0.01876169  d_x2-y2
  233   1   0   0       1.35265253  s
  233   2   1  -1       0.83117365  p_y
  233   2   1   0       0.83115538  p_z
  233   2   1   1       0.83087889  p_x
  233   3   2  -2       0.04025947  d_xy
  233   3   2  -1       0.03978713  d_yz
  233   3   2   0       0.01908129  d_z2
  233   3   2   1       0.03868405  d_xz
  233   3   2   2       0.01957386  d_x2-y2
  234   1   0   0       1.35622030  s
  234   2   1  -1       0.82972799  p_y
  234   2   1   0       0.83017138  p_z
  234   2   1   1       0.82871881  p_x
  234   3   2  -2       0.03945500  d_xy
  234   3   2  -1       0.03806757  d_yz
  234   3   2   0       0.01860413  d_z2
  234   3   2   1       0.03873133  d_xz
  234   3   2   2       0.01880044  d_x2-y2
  235   1   0   0       1.35265253  s
  235   2   1  -1       0.83115538  p_y
  235   2   1   0       0.83117365  p_z
  235   2   1   1       0.83087889  p_x
  235   3   2  -2       0.03868405  d_xy
  235   3   2  -1       0.03978713  d_yz
  235   3   2   0       0.01983484  d_z2
  235   3   2   1       0.04025947  d_xz
  235   3   2   2       0.01882031  d_x2-y2
  236   1   0   0       1.35622030  s
  236   2   1  -1       0.83017138  p_y
  236   2   1   0       0.82972799  p_z
  236   2   1   1       0.82871881  p_x
  236   3   2  -2       0.03873133  d_xy
  236   3   2  -1       0.03806757  d_yz
  236   3   2   0       0.01872282  d_z2
  236   3   2   1       0.03945500  d_xz
  236   3   2   2       0.01868174  d_x2-y2
  237   1   0   0       1.35422118  s
  237   2   1  -1       0.83072444  p_y
  237   2   1   0       0.83093684  p_z
  237   2   1   1       0.83080078  p_x
  237   3   2  -2       0.03959145  d_xy
  237   3   2  -1       0.03927570  d_yz
  237   3   2   0       0.01879054  d_z2
  237   3   2   1       0.03836167  d_xz
  237   3   2   2       0.01892548  d_x2-y2
  238   1   0   0       1.35613908  s
  238   2   1  -1       0.82963167  p_y
  238   2   1   0       0.82959967  p_z
  238   2   1   1       0.83003210  p_x
  238   3   2  -2       0.03873399  d_xy
  238   3   2  -1       0.03968996  d_yz
  238   3   2   0       0.01869857  d_z2
  238   3   2   1       0.03851385  d_xz
  238   3   2   2       0.01876812  d_x2-y2
  239   1   0   0       1.35542420  s
  239   2   1  -1       0.82921870  p_y
  239   2   1   0       0.82983610  p_z
  239   2   1   1       0.83072834  p_x
  239   3   2  -2       0.03836832  d_xy
  239   3   2  -1       0.03971790  d_yz
  239   3   2   0       0.01876052  d_z2
  239   3   2   1       0.03820177  d_xz
  239   3   2   2       0.01868121  d_x2-y2
  240   1   0   0       1.35570201  s
  240   2   1  -1       0.83016881  p_y
  240   2   1   0       0.83014678  p_z
  240   2   1   1       0.82971808  p_x
  240   3   2  -2       0.03888385  d_xy
  240   3   2  -1       0.03863453  d_yz
  240   3   2   0       0.01871230  d_z2
  240   3   2   1       0.03903016  d_xz
  240   3   2   2       0.01874571  d_x2-y2
  241   1   0   0       1.35578829  s
  241   2   1  -1       0.81779016  p_y
  241   2   1   0       0.82384353  p_z
  241   2   1   1       0.82338553  p_x
  241   3   2  -2       0.04143870  d_xy
  241   3   2  -1       0.04466350  d_yz
  241   3   2   0       0.02261820  d_z2
  241   3   2   1       0.04414004  d_xz
  241   3   2   2       0.01863880  d_x2-y2
  242   1   0   0       1.35767825  s
  242   2   1  -1       0.83011986  p_y
  242   2   1   0       0.83054733  p_z
  242   2   1   1       0.82626648  p_x
  242   3   2  -2       0.04012622  d_xy
  242   3   2  -1       0.03656166  d_yz
  242   3   2   0       0.01915570  d_z2
  242   3   2   1       0.04000179  d_xz
  242   3   2   2       0.01889312  d_x2-y2
  243   1   0   0       1.35593102  s
  243   2   1  -1       0.83012292  p_y
  243   2   1   0       0.83014519  p_z
  243   2   1   1       0.83002971  p_x
  243   3   2  -2       0.03902500  d_xy
  243   3   2  -1       0.03891651  d_yz
  243   3   2   0       0.01877121  d_z2
  243   3   2   1       0.03889946  d_xz
  243   3   2   2       0.01880349  d_x2-y2
  244   1   0   0       1.35659678  s
  244   2   1  -1       0.82963082  p_y
  244   2   1   0       0.82952973  p_z
  244   2   1   1       0.82976923  p_x
  244   3   2  -2       0.03896181  d_xy
  244   3   2  -1       0.03900894  d_yz
  244   3   2   0       0.01885852  d_z2
  244   3   2   1       0.03908616  d_xz
  244   3   2   2       0.01869522  d_x2-y2
  245   1   0   0       1.35639000  s
  245   2   1  -1       0.82797223  p_y
  245   2   1   0       0.82797223  p_z
  245   2   1   1       0.83151069  p_x
  245   3   2  -2       0.03707338  d_xy
  245   3   2  -1       0.04159528  d_yz
  245   3   2   0       0.01916395  d_z2
  245   3   2   1       0.03707338  d_xz
  245   3   2   2       0.01838765  d_x2-y2
  246   1   0   0       1.35629594  s
  246   2   1  -1       0.83002870  p_y
  246   2   1   0       0.83002870  p_z
  246   2   1   1       0.82910081  p_x
  246   3   2  -2       0.03903489  d_xy
  246   3   2  -1       0.03831610  d_yz
  246   3   2   0       0.01871434  d_z2
  246   3   2   1       0.03903489  d_xz
  246   3   2   2       0.01878218  d_x2-y2
  247   1   0   0       1.35576613  s
  247   2   1  -1       0.83007428  p_y
  247   2   1   0       0.83007428  p_z
  247   2   1   1       0.82991346  p_x
  247   3   2  -2       0.03892709  d_xy
  247   3   2  -1       0.03874515  d_yz
  247   3   2   0       0.01872682  d_z2
  247   3   2   1       0.03892709  d_xz
  247   3   2   2       0.01873776  d_x2-y2
  248   1   0   0       1.35655941  s
  248   2   1  -1       0.83017904  p_y
  248   2   1   0       0.83017904  p_z
  248   2   1   1       0.82875128  p_x
  248   3   2  -2       0.03914622  d_xy
  248   3   2  -1       0.04081501  d_yz
  248   3   2   0       0.01853894  d_z2
  248   3   2   1       0.03914622  d_xz
  248   3   2   2       0.01915161  d_x2-y2
  249   1   0   0       1.35542420  s
  249   2   1  -1       0.82983610  p_y
  249   2   1   0       0.82921870  p_z
  249   2   1   1       0.83072834  p_x
  249   3   2  -2       0.03820177  d_xy
  249   3   2  -1       0.03971790  d_yz
  249   3   2   0       0.01878089  d_z2
  249   3   2   1       0.03836832  d_xz
  249   3   2   2       0.01866084  d_x2-y2
  250   1   0   0       1.35570201  s
  250   2   1  -1       0.83014678  p_y
  250   2   1   0       0.83016881  p_z
  250   2   1   1       0.82971808  p_x
  250   3   2  -2       0.03903016  d_xy
  250   3   2  -1       0.03863453  d_yz
  250   3   2   0       0.01871679  d_z2
  250   3   2   1       0.03888385  d_xz
  250   3   2   2       0.01874122  d_x2-y2
  251   1   0   0       1.35422118  s
  251   2   1  -1       0.83093684  p_y
  251   2   1   0       0.83072444  p_z
  251   2   1   1       0.83080078  p_x
  251   3   2  -2       0.03836167  d_xy
  251   3   2  -1       0.03927570  d_yz
  251   3   2   0       0.01899710  d_z2
  251   3   2   1       0.03959145  d_xz
  251   3   2   2       0.01871892  d_x2-y2
  252   1   0   0       1.35613908  s
  252   2   1  -1       0.82959967  p_y
  252   2   1   0       0.82963167  p_z
  252   2   1   1       0.83003210  p_x
  252   3   2  -2       0.03851385  d_xy
  252   3   2  -1       0.03968996  d_yz
  252   3   2   0       0.01864815  d_z2
  252   3   2   1       0.03873399  d_xz
  252   3   2   2       0.01881855  d_x2-y2
  253   1   0   0       1.35515069  s
  253   2   1  -1       0.83005448  p_y
  253   2   1   0       0.83018513  p_z
  253   2   1   1       0.83025196  p_x
  253   3   2  -2       0.03891240  d_xy
  253   3   2  -1       0.03907163  d_yz
  253   3   2   0       0.01873822  d_z2
  253   3   2   1       0.03858209  d_xz
  253   3   2   2       0.01873151  d_x2-y2
  254   1   0   0       1.35581057  s
  254   2   1  -1       0.82987543  p_y
  254   2   1   0       0.82974486  p_z
  254   2   1   1       0.83011837  p_x
  254   3   2  -2       0.03864489  d_xy
  254   3   2  -1       0.03944892  d_yz
  254   3   2   0       0.01874367  d_z2
  254   3   2   1       0.03861264  d_xz
  254   3   2   2       0.01875691  d_x2-y2
  255   1   0   0       1.35515069  s
  255   2   1  -1       0.83018513  p_y
  255   2   1   0       0.83005448  p_z
  255   2   1   1       0.83025196  p_x
  255   3   2  -2       0.03858209  d_xy
  255   3   2  -1       0.03907163  d_yz
  255   3   2   0       0.01876214  d_z2
  255   3   2   1       0.03891240  d_xz
  255   3   2   2       0.01870759  d_x2-y2
  256   1   0   0       1.35581057  s
  256   2   1  -1       0.82974486  p_y
  256   2   1   0       0.82987543  p_z
  256   2   1   1       0.83011837  p_x
  256   3   2  -2       0.03861264  d_xy
  256   3   2  -1       0.03944892  d_yz
  256   3   2   0       0.01870752  d_z2
  256   3   2   1       0.03864489  d_xz
  256   3   2   2       0.01879306  d_x2-y2
  257   1   0   0       1.35565340  s
  257   2   1  -1       0.83013667  p_y
  257   2   1   0       0.83013667  p_z
  257   2   1   1       0.83004439  p_x
  257   3   2  -2       0.03898873  d_xy
  257   3   2  -1       0.03871850  d_yz
  257   3   2   0       0.01874057  d_z2
  257   3   2   1       0.03898873  d_xz
  257   3   2   2       0.01873521  d_x2-y2
  258   1   0   0       1.35551405  s
  258   2   1  -1       0.83026628  p_y
  258   2   1   0       0.83026628  p_z
  258   2   1   1       0.82988191  p_x
  258   3   2  -2       0.03896088  d_xy
  258   3   2  -1       0.03872877  d_yz
  258   3   2   0       0.01871436  d_z2
  258   3   2   1       0.03896088  d_xz
  258   3   2   2       0.01874256  d_x2-y2
  259   1   0   0       1.35542068  s
  259   2   1  -1       0.83000194  p_y
  259   2   1   0       0.83000194  p_z
  259   2   1   1       0.83061424  p_x
  259   3   2  -2       0.03859593  d_xy
  259   3   2  -1       0.03944244  d_yz
  259   3   2   0       0.01874636  d_z2
  259   3   2   1       0.03859593  d_xz
  259   3   2   2       0.01873564  d_x2-y2
  260   1   0   0       1.35636051  s
  260   2   1  -1       0.82965366  p_y
  260   2   1   0       0.82965366  p_z
  260   2   1   1       0.83020771  p_x
  260   3   2  -2       0.03857972  d_xy
  260   3   2  -1       0.03951927  d_yz
  260   3   2   0       0.01872769  d_z2
  260   3   2   1       0.03857972  d_xz
  260   3   2   2       0.01877109  d_x2-y2
  261   1   0   0       1.35568332  s
  261   2   1  -1       0.83012481  p_y
  261   2   1   0       0.83018086  p_z
  261   2   1   1       0.82997658  p_x
  261   3   2  -2       0.03894896  d_xy
  261   3   2  -1       0.03876017  d_yz
  261   3   2   0       0.01872400  d_z2
  261   3   2   1       0.03897951  d_xz
  261   3   2   2       0.01874831  d_x2-y2
  262   1   0   0       1.35622145  s
  262   2   1  -1       0.82993121  p_y
  262   2   1   0       0.83001515  p_z
  262   2   1   1       0.82942733  p_x
  262   3   2  -2       0.03896896  d_xy
  262   3   2  -1       0.03859478  d_yz
  262   3   2   0       0.01868357  d_z2
  262   3   2   1       0.03897415  d_xz
  262   3   2   2       0.01875932  d_x2-y2
  263   1   0   0       1.35554848  s
  263   2   1  -1       0.82852616  p_y
  263   2   1   0       0.82982527  p_z
  263   2   1   1       0.83093968  p_x
  263   3   2  -2       0.03835426  d_xy
  263   3   2  -1       0.04013113  d_yz
  263   3   2   0       0.01897228  d_z2
  263   3   2   1       0.03767270  d_xz
  263   3   2   2       0.01874822  d_x2-y2
  264   1   0   0       1.35603926  s
  264   2   1  -1       0.82972241  p_y
  264   2   1   0       0.83004623  p_z
  264   2   1   1       0.82922154  p_x
  264   3   2  -2       0.03929721  d_xy
  264   3   2  -1       0.03842931  d_yz
  264   3   2   0       0.01867788  d_z2
  264   3   2   1       0.03864792  d_xz
  264   3   2   2       0.01876354  d_x2-y2
  265   1   0   0       1.35608521  s
  265   2   1  -1       0.83005787  p_y
  265   2   1   0       0.82998735  p_z
  265   2   1   1       0.82994730  p_x
  265   3   2  -2       0.03895370  d_xy
  265   3   2  -1       0.03889548  d_yz
  265   3   2   0       0.01876253  d_z2
  265   3   2   1       0.03893572  d_xz
  265   3   2   2       0.01876250  d_x2-y2
  266   1   0   0       1.35717259  s
  266   2   1  -1       0.82999094  p_y
  266   2   1   0       0.82979761  p_z
  266   2   1   1       0.82759880  p_x
  266   3   2  -2       0.03901917  d_xy
  266   3   2  -1       0.03743006  d_yz
  266   3   2   0       0.01875366  d_z2
  266   3   2   1       0.03962962  d_xz
  266   3   2   2       0.01877704  d_x2-y2
  267   1   0   0       1.35608521  s
  267   2   1  -1       0.82998735  p_y
  267   2   1   0       0.83005787  p_z
  267   2   1   1       0.82994730  p_x
  267   3   2  -2       0.03893572  d_xy
  267   3   2  -1       0.03889548  d_yz
  267   3   2   0       0.01875358  d_z2
  267   3   2   1       0.03895370  d_xz
  267   3   2   2       0.01877145  d_x2-y2
  268   1   0   0       1.35717259  s
  268   2   1  -1       0.82979761  p_y
  268   2   1   0       0.82999094  p_z
  268   2   1   1       0.82759880  p_x
  268   3   2  -2       0.03962962  d_xy
  268   3   2  -1       0.03743006  d_yz
  268   3   2   0       0.01856601  d_z2
  268   3   2   1       0.03901917  d_xz
  268   3   2   2       0.01896469  d_x2-y2
  269   1   0   0       1.35663579  s
  269   2   1  -1       0.82973322  p_y
  269   2   1   0       0.82975794  p_z
  269   2   1   1       0.82967868  p_x
  269   3   2  -2       0.03899145  d_xy
  269   3   2  -1       0.03897212  d_yz
  269   3   2   0       0.01876955  d_z2
  269   3   2   1       0.03880853  d_xz
  269   3   2   2       0.01873872  d_x2-y2
  270   1   0   0       1.35626298  s
  270   2   1  -1       0.82976972  p_y
  270   2   1   0       0.82978279  p_z
  270   2   1   1       0.82986492  p_x
  270   3   2  -2       0.03878612  d_xy
  270   3   2  -1       0.03904382  d_yz
  270   3   2   0       0.01872752  d_z2
  270   3   2   1       0.03887863  d_xz
  270   3   2   2       0.01873059  d_x2-y2
  271   1   0   0       1.35697797  s
  271   2   1  -1       0.82982702  p_y
  271   2   1   0       0.82972044  p_z
  271   2   1   1       0.82959692  p_x
  271   3   2  -2       0.03876246  d_xy
  271   3   2  -1       0.03905561  d_yz
  271   3   2   0       0.01878964  d_z2
  271   3   2   1       0.03909239  d_xz
  271   3   2   2       0.01881163  d_x2-y2
  272   1   0   0       1.35859058  s
  272   2   1  -1       0.82878657  p_y
  272   2   1   0       0.82907224  p_z
  272   2   1   1       0.82328710  p_x
  272   3   2  -2       0.04124969  d_xy
  272   3   2  -1       0.03592565  d_yz
  272   3   2   0       0.02087854  d_z2
  272   3   2   1       0.04121946  d_xz
  272   3   2   2       0.01955217  d_x2-y2
  273   1   0   0       1.35568332  s
  273   2   1  -1       0.83018086  p_y
  273   2   1   0       0.83012481  p_z
  273   2   1   1       0.82997658  p_x
  273   3   2  -2       0.03897951  d_xy
  273   3   2  -1       0.03876017  d_yz
  273   3   2   0       0.01873635  d_z2
  273   3   2   1       0.03894896  d_xz
  273   3   2   2       0.01873596  d_x2-y2
  274   1   0   0       1.35622145  s
  274   2   1  -1       0.83001515  p_y
  274   2   1   0       0.82993121  p_z
  274   2   1   1       0.82942733  p_x
  274   3   2  -2       0.03897415  d_xy
  274   3   2  -1       0.03859478  d_yz
  274   3   2   0       0.01870838  d_z2
  274   3   2   1       0.03896896  d_xz
  274   3   2   2       0.01873451  d_x2-y2
  275   1   0   0       1.35554848  s
  275   2   1  -1       0.82982527  p_y
  275   2   1   0       0.82852616  p_z
  275   2   1   1       0.83093968  p_x
  275   3   2  -2       0.03767270  d_xy
  275   3   2  -1       0.04013113  d_yz
  275   3   2   0       0.01907571  d_z2
  275   3   2   1       0.03835426  d_xz
  275   3   2   2       0.01864479  d_x2-y2
  276   1   0   0       1.35603926  s
  276   2   1  -1       0.83004623  p_y
  276   2   1   0       0.82972241  p_z
  276   2   1   1       0.82922154  p_x
  276   3   2  -2       0.03864792  d_xy
  276   3   2  -1       0.03842931  d_yz
  276   3   2   0       0.01871934  d_z2
  276   3   2   1       0.03929721  d_xz
  276   3   2   2       0.01872209  d_x2-y2
  277   1   0   0       1.35618981  s
  277   2   1  -1       0.82998449  p_y
  277   2   1   0       0.82998449  p_z
  277   2   1   1       0.82984320  p_x
  277   3   2  -2       0.03891953  d_xy
  277   3   2  -1       0.03890601  d_yz
  277   3   2   0       0.01873959  d_z2
  277   3   2   1       0.03891953  d_xz
  277   3   2   2       0.01876148  d_x2-y2
  278   1   0   0       1.35716868  s
  278   2   1  -1       0.83033167  p_y
  278   2   1   0       0.83033167  p_z
  278   2   1   1       0.82890214  p_x
  278   3   2  -2       0.03942507  d_xy
  278   3   2  -1       0.03821995  d_yz
  278   3   2   0       0.01881751  d_z2
  278   3   2   1       0.03942507  d_xz
  278   3   2   2       0.01898574  d_x2-y2
  279   1   0   0       1.35912899  s
  279   2   1  -1       0.82600234  p_y
  279   2   1   0       0.82600234  p_z
  279   2   1   1       0.82871684  p_x
  279   3   2  -2       0.03599905  d_xy
  279   3   2  -1       0.04431194  d_yz
  279   3   2   0       0.01953712  d_z2
  279   3   2   1       0.03599905  d_xz
  279   3   2   2       0.01924550  d_x2-y2
  280   1   0   0       1.35587850  s
  280   2   1  -1       0.83003520  p_y
  280   2   1   0       0.83003520  p_z
  280   2   1   1       0.82999494  p_x
  280   3   2  -2       0.03893304  d_xy
  280   3   2  -1       0.03883876  d_yz
  280   3   2   0       0.01873525  d_z2
  280   3   2   1       0.03893304  d_xz
  280   3   2   2       0.01873975  d_x2-y2
  281   1   0   0       1.35697797  s
  281   2   1  -1       0.82972044  p_y
  281   2   1   0       0.82982702  p_z
  281   2   1   1       0.82959692  p_x
  281   3   2  -2       0.03909239  d_xy
  281   3   2  -1       0.03905561  d_yz
  281   3   2   0       0.01882893  d_z2
  281   3   2   1       0.03876246  d_xz
  281   3   2   2       0.01877234  d_x2-y2
  282   1   0   0       1.35859058  s
  282   2   1  -1       0.82907224  p_y
  282   2   1   0       0.82878657  p_z
  282   2   1   1       0.82328710  p_x
  282   3   2  -2       0.04121946  d_xy
  282   3   2  -1       0.03592565  d_yz
  282   3   2   0       0.02044427  d_z2
  282   3   2   1       0.04124969  d_xz
  282   3   2   2       0.01998644  d_x2-y2
  283   1   0   0       1.35663579  s
  283   2   1  -1       0.82975794  p_y
  283   2   1   0       0.82973322  p_z
  283   2   1   1       0.82967868  p_x
  283   3   2  -2       0.03880853  d_xy
  283   3   2  -1       0.03897212  d_yz
  283   3   2   0       0.01873767  d_z2
  283   3   2   1       0.03899145  d_xz
  283   3   2   2       0.01877060  d_x2-y2
  284   1   0   0       1.35626298  s
  284   2   1  -1       0.82978279  p_y
  284   2   1   0       0.82976972  p_z
  284   2   1   1       0.82986492  p_x
  284   3   2  -2       0.03887863  d_xy
  284   3   2  -1       0.03904382  d_yz
  284   3   2   0       0.01873963  d_z2
  284   3   2   1       0.03878612  d_xz
  284   3   2   2       0.01871847  d_x2-y2
  285   1   0   0       1.35551767  s
  285   2   1  -1       0.82953536  p_y
  285   2   1   0       0.82983278  p_z
  285   2   1   1       0.83033774  p_x
  285   3   2  -2       0.03841408  d_xy
  285   3   2  -1       0.03939129  d_yz
  285   3   2   0       0.01872520  d_z2
  285   3   2   1       0.03855977  d_xz
  285   3   2   2       0.01870418  d_x2-y2
  286   1   0   0       1.35562098  s
  286   2   1  -1       0.83009835  p_y
  286   2   1   0       0.83020385  p_z
  286   2   1   1       0.82989272  p_x
  286   3   2  -2       0.03910634  d_xy
  286   3   2  -1       0.03866790  d_yz
  286   3   2   0       0.01872840  d_z2
  286   3   2   1       0.03888551  d_xz
  286   3   2   2       0.01873144  d_x2-y2
  287   1   0   0       1.35551767  s
  287   2   1  -1       0.82983278  p_y
  287   2   1   0       0.82953536  p_z
  287   2   1   1       0.83033774  p_x
  287   3   2  -2       0.03855977  d_xy
  287   3   2  -1       0.03939129  d_yz
  287   3   2   0       0.01875828  d_z2
  287   3   2   1       0.03841408  d_xz
  287   3   2   2       0.01867110  d_x2-y2
  288   1   0   0       1.35562098  s
  288   2   1  -1       0.83020385  p_y
  288   2   1   0       0.83009835  p_z
  288   2   1   1       0.82989272  p_x
  288   3   2  -2       0.03888551  d_xy
  288   3   2  -1       0.03866790  d_yz
  288   3   2   0       0.01872495  d_z2
  288   3   2   1       0.03910634  d_xz
  288   3   2   2       0.01873489  d_x2-y2
  289   1   0   0       1.35614832  s
  289   2   1  -1       0.82987445  p_y
  289   2   1   0       0.82987445  p_z
  289   2   1   1       0.82993327  p_x
  289   3   2  -2       0.03878101  d_xy
  289   3   2  -1       0.03919324  d_yz
  289   3   2   0       0.01874314  d_z2
  289   3   2   1       0.03878101  d_xz
  289   3   2   2       0.01874684  d_x2-y2
  290   1   0   0       1.35632064  s
  290   2   1  -1       0.82980388  p_y
  290   2   1   0       0.82980388  p_z
  290   2   1   1       0.82979738  p_x
  290   3   2  -2       0.03880881  d_xy
  290   3   2  -1       0.03913051  d_yz
  290   3   2   0       0.01873503  d_z2
  290   3   2   1       0.03880881  d_xz
  290   3   2   2       0.01873983  d_x2-y2
  291   1   0   0       1.35742852  s
  291   2   1  -1       0.82941526  p_y
  291   2   1   0       0.82941526  p_z
  291   2   1   1       0.82975572  p_x
  291   3   2  -2       0.03873030  d_xy
  291   3   2  -1       0.03964304  d_yz
  291   3   2   0       0.01883909  d_z2
  291   3   2   1       0.03873030  d_xz
  291   3   2   2       0.01890495  d_x2-y2
  292   1   0   0       1.36334845  s
  292   2   1  -1       0.82966456  p_y
  292   2   1   0       0.82966456  p_z
  292   2   1   1       0.81170133  p_x
  292   3   2  -2       0.04569376  d_xy
  292   3   2  -1       0.03457813  d_yz
  292   3   2   0       0.01882581  d_z2
  292   3   2   1       0.04569376  d_xz
  292   3   2   2       0.02017854  d_x2-y2
  293   1   0   0       1.35580297  s
  293   2   1  -1       0.83005040  p_y
  293   2   1   0       0.83002072  p_z
  293   2   1   1       0.82992964  p_x
  293   3   2  -2       0.03893752  d_xy
  293   3   2  -1       0.03869766  d_yz
  293   3   2   0       0.01872710  d_z2
  293   3   2   1       0.03897104  d_xz
  293   3   2   2       0.01872103  d_x2-y2
  294   1   0   0       1.35570616  s
  294   2   1  -1       0.83005806  p_y
  294   2   1   0       0.82993668  p_z
  294   2   1   1       0.83025055  p_x
  294   3   2  -2       0.03887347  d_xy
  294   3   2  -1       0.03881134  d_yz
  294   3   2   0       0.01876627  d_z2
  294   3   2   1       0.03899738  d_xz
  294   3   2   2       0.01871558  d_x2-y2
  295   1   0   0       1.35523128  s
  295   2   1  -1       0.83054435  p_y
  295   2   1   0       0.83000799  p_z
  295   2   1   1       0.83000241  p_x
  295   3   2  -2       0.03888247  d_xy
  295   3   2  -1       0.03930093  d_yz
  295   3   2   0       0.01879580  d_z2
  295   3   2   1       0.03877209  d_xz
  295   3   2   2       0.01873768  d_x2-y2
  296   1   0   0       1.35555545  s
  296   2   1  -1       0.82993734  p_y
  296   2   1   0       0.83016267  p_z
  296   2   1   1       0.82984909  p_x
  296   3   2  -2       0.03926423  d_xy
  296   3   2  -1       0.03854197  d_yz
  296   3   2   0       0.01871835  d_z2
  296   3   2   1       0.03874953  d_xz
  296   3   2   2       0.01873062  d_x2-y2
  297   1   0   0       1.35567288  s
  297   2   1  -1       0.83018015  p_y
  297   2   1   0       0.83005634  p_z
  297   2   1   1       0.83006679  p_x
  297   3   2  -2       0.03887707  d_xy
  297   3   2  -1       0.03879837  d_yz
  297   3   2   0       0.01876229  d_z2
  297   3   2   1       0.03901746  d_xz
  297   3   2   2       0.01874512  d_x2-y2
  298   1   0   0       1.35621375  s
  298   2   1  -1       0.82951223  p_y
  298   2   1   0       0.82961321  p_z
  298   2   1   1       0.83019912  p_x
  298   3   2  -2       0.03927585  d_xy
  298   3   2  -1       0.03859793  d_yz
  298   3   2   0       0.01879417  d_z2
  298   3   2   1       0.03905648  d_xz
  298   3   2   2       0.01871273  d_x2-y2
  299   1   0   0       1.35567288  s
  299   2   1  -1       0.83005634  p_y
  299   2   1   0       0.83018015  p_z
  299   2   1   1       0.83006679  p_x
  299   3   2  -2       0.03901746  d_xy
  299   3   2  -1       0.03879837  d_yz
  299   3   2   0       0.01874178  d_z2
  299   3   2   1       0.03887707  d_xz
  299   3   2   2       0.01876563  d_x2-y2
  300   1   0   0       1.35621375  s
  300   2   1  -1       0.82961321  p_y
  300   2   1   0       0.82951223  p_z
  300   2   1   1       0.83019912  p_x
  300   3   2  -2       0.03905648  d_xy
  300   3   2  -1       0.03859793  d_yz
  300   3   2   0       0.01882672  d_z2
  300   3   2   1       0.03927585  d_xz
  300   3   2   2       0.01868017  d_x2-y2
  301   1   0   0       1.35643384  s
  301   2   1  -1       0.82975759  p_y
  301   2   1   0       0.82977928  p_z
  301   2   1   1       0.82980525  p_x
  301   3   2  -2       0.03889166  d_xy
  301   3   2  -1       0.03896011  d_yz
  301   3   2   0       0.01874925  d_z2
  301   3   2   1       0.03886816  d_xz
  301   3   2   2       0.01873662  d_x2-y2
  302   1   0   0       1.35593997  s
  302   2   1  -1       0.83002359  p_y
  302   2   1   0       0.82998187  p_z
  302   2   1   1       0.82997998  p_x
  302   3   2  -2       0.03886526  d_xy
  302   3   2  -1       0.03892869  d_yz
  302   3   2   0       0.01873862  d_z2
  302   3   2   1       0.03892677  d_xz
  302   3   2   2       0.01875401  d_x2-y2
  303   1   0   0       1.35635282  s
  303   2   1  -1       0.82976128  p_y
  303   2   1   0       0.82957954  p_z
  303   2   1   1       0.82973672  p_x
  303   3   2  -2       0.03876914  d_xy
  303   3   2  -1       0.03900031  d_yz
  303   3   2   0       0.01875509  d_z2
  303   3   2   1       0.03894451  d_xz
  303   3   2   2       0.01874360  d_x2-y2
  304   1   0   0       1.35848163  s
  304   2   1  -1       0.82795192  p_y
  304   2   1   0       0.82794404  p_z
  304   2   1   1       0.82948187  p_x
  304   3   2  -2       0.03903447  d_xy
  304   3   2  -1       0.03832461  d_yz
  304   3   2   0       0.01890035  d_z2
  304   3   2   1       0.03989417  d_xz
  304   3   2   2       0.01855165  d_x2-y2
  305   1   0   0       1.35580297  s
  305   2   1  -1       0.83002072  p_y
  305   2   1   0       0.83005040  p_z
  305   2   1   1       0.82992964  p_x
  305   3   2  -2       0.03897104  d_xy
  305   3   2  -1       0.03869766  d_yz
  305   3   2   0       0.01872484  d_z2
  305   3   2   1       0.03893752  d_xz
  305   3   2   2       0.01872329  d_x2-y2
  306   1   0   0       1.35570616  s
  306   2   1  -1       0.82993668  p_y
  306   2   1   0       0.83005806  p_z
  306   2   1   1       0.83025055  p_x
  306   3   2  -2       0.03899738  d_xy
  306   3   2  -1       0.03881134  d_yz
  306   3   2   0       0.01875930  d_z2
  306   3   2   1       0.03887347  d_xz
  306   3   2   2       0.01872255  d_x2-y2
  307   1   0   0       1.35523128  s
  307   2   1  -1       0.83000799  p_y
  307   2   1   0       0.83054435  p_z
  307   2   1   1       0.83000241  p_x
  307   3   2  -2       0.03877209  d_xy
  307   3   2  -1       0.03930093  d_yz
  307   3   2   0       0.01866904  d_z2
  307   3   2   1       0.03888247  d_xz
  307   3   2   2       0.01886444  d_x2-y2
  308   1   0   0       1.35555545  s
  308   2   1  -1       0.83016267  p_y
  308   2   1   0       0.82993734  p_z
  308   2   1   1       0.82984909  p_x
  308   3   2  -2       0.03874953  d_xy
  308   3   2  -1       0.03854197  d_yz
  308   3   2   0       0.01873891  d_z2
  308   3   2   1       0.03926423  d_xz
  308   3   2   2       0.01871006  d_x2-y2
  309   1   0   0       1.35586333  s
  309   2   1  -1       0.82995326  p_y
  309   2   1   0       0.82995326  p_z
  309   2   1   1       0.82999912  p_x
  309   3   2  -2       0.03892234  d_xy
  309   3   2  -1       0.03881880  d_yz
  309   3   2   0       0.01873901  d_z2
  309   3   2   1       0.03892234  d_xz
  309   3   2   2       0.01872854  d_x2-y2
  310   1   0   0       1.35625266  s
  310   2   1  -1       0.82951180  p_y
  310   2   1   0       0.82951180  p_z
  310   2   1   1       0.83007901  p_x
  310   3   2  -2       0.03900741  d_xy
  310   3   2  -1       0.03881072  d_yz
  310   3   2   0       0.01879957  d_z2
  310   3   2   1       0.03900741  d_xz
  310   3   2   2       0.01871331  d_x2-y2
  311   1   0   0       1.35569582  s
  311   2   1  -1       0.83148461  p_y
  311   2   1   0       0.83148461  p_z
  311   2   1   1       0.82955080  p_x
  311   3   2  -2       0.03896404  d_xy
  311   3   2  -1       0.03972161  d_yz
  311   3   2   0       0.01860144  d_z2
  311   3   2   1       0.03896404  d_xz
  311   3   2   2       0.01888552  d_x2-y2
  312   1   0   0       1.35591196  s
  312   2   1  -1       0.82996996  p_y
  312   2   1   0       0.82996996  p_z
  312   2   1   1       0.82988046  p_x
  312   3   2  -2       0.03893645  d_xy
  312   3   2  -1       0.03874554  d_yz
  312   3   2   0       0.01872245  d_z2
  312   3   2   1       0.03893645  d_xz
  312   3   2   2       0.01872185  d_x2-y2
  313   1   0   0       1.35635282  s
  313   2   1  -1       0.82957954  p_y
  313   2   1   0       0.82976128  p_z
  313   2   1   1       0.82973672  p_x
  313   3   2  -2       0.03894451  d_xy
  313   3   2  -1       0.03900031  d_yz
  313   3   2   0       0.01875900  d_z2
  313   3   2   1       0.03876914  d_xz
  313   3   2   2       0.01873969  d_x2-y2
  314   1   0   0       1.35848163  s
  314   2   1  -1       0.82794404  p_y
  314   2   1   0       0.82795192  p_z
  314   2   1   1       0.82948187  p_x
  314   3   2  -2       0.03989417  d_xy
  314   3   2  -1       0.03832461  d_yz
  314   3   2   0       0.01888278  d_z2
  314   3   2   1       0.03903447  d_xz
  314   3   2   2       0.01856922  d_x2-y2
  315   1   0   0       1.35643384  s
  315   2   1  -1       0.82977928  p_y
  315   2   1   0       0.82975759  p_z
  315   2   1   1       0.82980525  p_x
  315   3   2  -2       0.03886816  d_xy
  315   3   2  -1       0.03896011  d_yz
  315   3   2   0       0.01874344  d_z2
  315   3   2   1       0.03889166  d_xz
  315   3   2   2       0.01874243  d_x2-y2
  316   1   0   0       1.35593997  s
  316   2   1  -1       0.82998187  p_y
  316   2   1   0       0.83002359  p_z
  316   2   1   1       0.82997998  p_x
  316   3   2  -2       0.03892677  d_xy
  316   3   2  -1       0.03892869  d_yz
  316   3   2   0       0.01874197  d_z2
  316   3   2   1       0.03886526  d_xz
  316   3   2   2       0.01875066  d_x2-y2
  317   1   0   0       1.35662579  s
  317   2   1  -1       0.82962048  p_y
  317   2   1   0       0.82988575  p_z
  317   2   1   1       0.82968568  p_x
  317   3   2  -2       0.03911649  d_xy
  317   3   2  -1       0.03892507  d_yz
  317   3   2   0       0.01874444  d_z2
  317   3   2   1       0.03882323  d_xz
  317   3   2   2       0.01877310  d_x2-y2
  318   1   0   0       1.35625952  s
  318   2   1  -1       0.82993792  p_y
  318   2   1   0       0.82977187  p_z
  318   2   1   1       0.82986459  p_x
  318   3   2  -2       0.03881419  d_xy
  318   3   2  -1       0.03905191  d_yz
  318   3   2   0       0.01874672  d_z2
  318   3   2   1       0.03888829  d_xz
  318   3   2   2       0.01874970  d_x2-y2
  319   1   0   0       1.35662579  s
  319   2   1  -1       0.82988575  p_y
  319   2   1   0       0.82962048  p_z
  319   2   1   1       0.82968568  p_x
  319   3   2  -2       0.03882323  d_xy
  319   3   2  -1       0.03892507  d_yz
  319   3   2   0       0.01877640  d_z2
  319   3   2   1       0.03911649  d_xz
  319   3   2   2       0.01874114  d_x2-y2
  320   1   0   0       1.35625952  s
  320   2   1  -1       0.82977187  p_y
  320   2   1   0       0.82993792  p_z
  320   2   1   1       0.82986459  p_x
  320   3   2  -2       0.03888829  d_xy
  320   3   2  -1       0.03905191  d_yz
  320   3   2   0       0.01874133  d_z2
  320   3   2   1       0.03881419  d_xz
  320   3   2   2       0.01875509  d_x2-y2
  321   1   0   0       1.35432225  s
  321   2   1  -1       0.83073972  p_y
  321   2   1   0       0.83053398  p_z
  321   2   1   1       0.83051051  p_x
  321   3   2  -2       0.03827210  d_xy
  321   3   2  -1       0.03900345  d_yz
  321   3   2   0       0.01889235  d_z2
  321   3   2   1       0.03948601  d_xz
  321   3   2   2       0.01869546  d_x2-y2
  322   1   0   0       1.35501215  s
  322   2   1  -1       0.83057442  p_y
  322   2   1   0       0.83026047  p_z
  322   2   1   1       0.83036631  p_x
  322   3   2  -2       0.03874616  d_xy
  322   3   2  -1       0.03918630  d_yz
  322   3   2   0       0.01879000  d_z2
  322   3   2   1       0.03887371  d_xz
  322   3   2   2       0.01872771  d_x2-y2
  323   1   0   0       1.35501215  s
  323   2   1  -1       0.83026047  p_y
  323   2   1   0       0.83057442  p_z
  323   2   1   1       0.83036631  p_x
  323   3   2  -2       0.03887371  d_xy
  323   3   2  -1       0.03918630  d_yz
  323   3   2   0       0.01871322  d_z2
  323   3   2   1       0.03874616  d_xz
  323   3   2   2       0.01880449  d_x2-y2
  324   1   0   0       1.35432225  s
  324   2   1  -1       0.83053398  p_y
  324   2   1   0       0.83073972  p_z
  324   2   1   1       0.83051051  p_x
  324   3   2  -2       0.03948601  d_xy
  324   3   2  -1       0.03900345  d_yz
  324   3   2   0       0.01875327  d_z2
  324   3   2   1       0.03827210  d_xz
  324   3   2   2       0.01883454  d_x2-y2
  325   1   0   0       1.35565568  s
  325   2   1  -1       0.83002066  p_y
  325   2   1   0       0.83001836  p_z
  325   2   1   1       0.83029252  p_x
  325   3   2  -2       0.03899304  d_xy
  325   3   2  -1       0.03867604  d_yz
  325   3   2   0       0.01877270  d_z2
  325   3   2   1       0.03913012  d_xz
  325   3   2   2       0.01872840  d_x2-y2
  326   1   0   0       1.35566311  s
  326   2   1  -1       0.82999437  p_y
  326   2   1   0       0.82999437  p_z
  326   2   1   1       0.83033761  p_x
  326   3   2  -2       0.03898500  d_xy
  326   3   2  -1       0.03881315  d_yz
  326   3   2   0       0.01877808  d_z2
  326   3   2   1       0.03898500  d_xz
  326   3   2   2       0.01871536  d_x2-y2
  327   1   0   0       1.35565568  s
  327   2   1  -1       0.83001836  p_y
  327   2   1   0       0.83002066  p_z
  327   2   1   1       0.83029252  p_x
  327   3   2  -2       0.03913012  d_xy
  327   3   2  -1       0.03867604  d_yz
  327   3   2   0       0.01879499  d_z2
  327   3   2   1       0.03899304  d_xz
  327   3   2   2       0.01870611  d_x2-y2
  328   1   0   0       1.35652584  s
  328   2   1  -1       0.82946881  p_y
  328   2   1   0       0.82946881  p_z
  328   2   1   1       0.83003013  p_x
  328   3   2  -2       0.03844874  d_xy
  328   3   2  -1       0.03999283  d_yz
  328   3   2   0       0.01899489  d_z2
  328   3   2   1       0.03844874  d_xz
  328   3   2   2       0.01900008  d_x2-y2
  329   1   0   0       1.35567040  s
  329   2   1  -1       0.83005157  p_y
  329   2   1   0       0.83011029  p_z
  329   2   1   1       0.83012074  p_x
  329   3   2  -2       0.03897233  d_xy
  329   3   2  -1       0.03883489  d_yz
  329   3   2   0       0.01874271  d_z2
  329   3   2   1       0.03893112  d_xz
  329   3   2   2       0.01875164  d_x2-y2
  330   1   0   0       1.35567040  s
  330   2   1  -1       0.83011029  p_y
  330   2   1   0       0.83005157  p_z
  330   2   1   1       0.83012074  p_x
  330   3   2  -2       0.03893112  d_xy
  330   3   2  -1       0.03883489  d_yz
  330   3   2   0       0.01874797  d_z2
  330   3   2   1       0.03897233  d_xz
  330   3   2   2       0.01874638  d_x2-y2
  331   1   0   0       1.35468952  s
  331   2   1  -1       0.82954701  p_y
  331   2   1   0       0.83321521  p_z
  331   2   1   1       0.83068165  p_x
  331   3   2  -2       0.03788870  d_xy
  331   3   2  -1       0.04061152  d_yz
  331   3   2   0       0.01996044  d_z2
  331   3   2   1       0.04160007  d_xz
  331   3   2   2       0.01937564  d_x2-y2
  332   1   0   0       1.35468952  s
  332   2   1  -1       0.83321521  p_y
  332   2   1   0       0.82954701  p_z
  332   2   1   1       0.83068165  p_x
  332   3   2  -2       0.04160007  d_xy
  332   3   2  -1       0.04061152  d_yz
  332   3   2   0       0.01968277  d_z2
  332   3   2   1       0.03788870  d_xz
  332   3   2   2       0.01965332  d_x2-y2
  333   1   0   0       1.35620650  s
  333   2   1  -1       0.82974708  p_y
  333   2   1   0       0.82974708  p_z
  333   2   1   1       0.82994158  p_x
  333   3   2  -2       0.03877532  d_xy
  333   3   2  -1       0.03908393  d_yz
  333   3   2   0       0.01873348  d_z2
  333   3   2   1       0.03877532  d_xz
  333   3   2   2       0.01871243  d_x2-y2
  334   1   0   0       1.35703341  s
  334   2   1  -1       0.82967462  p_y
  334   2   1   0       0.82920447  p_z
  334   2   1   1       0.82962391  p_x
  334   3   2  -2       0.03909257  d_xy
  334   3   2  -1       0.03875958  d_yz
  334   3   2   0       0.01912268  d_z2
  334   3   2   1       0.03912095  d_xz
  334   3   2   2       0.01871046  d_x2-y2
  335   1   0   0       1.36263523  s
  335   2   1  -1       0.82583183  p_y
  335   2   1   0       0.82583183  p_z
  335   2   1   1       0.83020043  p_x
  335   3   2  -2       0.03994063  d_xy
  335   3   2  -1       0.03709793  d_yz
  335   3   2   0       0.01909263  d_z2
  335   3   2   1       0.03994063  d_xz
  335   3   2   2       0.01825250  d_x2-y2
  336   1   0   0       1.35703341  s
  336   2   1  -1       0.82920447  p_y
  336   2   1   0       0.82967462  p_z
  336   2   1   1       0.82962391  p_x
  336   3   2  -2       0.03912095  d_xy
  336   3   2  -1       0.03875958  d_yz
  336   3   2   0       0.01885825  d_z2
  336   3   2   1       0.03909257  d_xz
  336   3   2   2       0.01897488  d_x2-y2
  337   1   0   0       1.35357460  s
  337   2   1  -1       0.83076791  p_y
  337   2   1   0       0.83077419  p_z
  337   2   1   1       0.83050623  p_x
  337   3   2  -2       0.03831490  d_xy
  337   3   2  -1       0.03951310  d_yz
  337   3   2   0       0.01929948  d_z2
  337   3   2   1       0.03990888  d_xz
  337   3   2   2       0.01875373  d_x2-y2
  338   1   0   0       1.35478681  s
  338   2   1  -1       0.83044082  p_y
  338   2   1   0       0.83044082  p_z
  338   2   1   1       0.82952244  p_x
  338   3   2  -2       0.03901989  d_xy
  338   3   2  -1       0.03966671  d_yz
  338   3   2   0       0.01880136  d_z2
  338   3   2   1       0.03901989  d_xz
  338   3   2   2       0.01887865  d_x2-y2
  339   1   0   0       1.35357460  s
  339   2   1  -1       0.83077419  p_y
  339   2   1   0       0.83076791  p_z
  339   2   1   1       0.83050623  p_x
  339   3   2  -2       0.03990888  d_xy
  339   3   2  -1       0.03951310  d_yz
  339   3   2   0       0.01890417  d_z2
  339   3   2   1       0.03831490  d_xz
  339   3   2   2       0.01914904  d_x2-y2
  340   1   0   0       1.35576643  s
  340   2   1  -1       0.83006370  p_y
  340   2   1   0       0.83006370  p_z
  340   2   1   1       0.82999005  p_x
  340   3   2  -2       0.03896885  d_xy
  340   3   2  -1       0.03874797  d_yz
  340   3   2   0       0.01873528  d_z2
  340   3   2   1       0.03896885  d_xz
  340   3   2   2       0.01872916  d_x2-y2
  341   1   0   0       1.35613478  s
  341   2   1  -1       0.82894817  p_y
  341   2   1   0       0.82921762  p_z
  341   2   1   1       0.83027104  p_x
  341   3   2  -2       0.03984315  d_xy
  341   3   2  -1       0.03845604  d_yz
  341   3   2   0       0.01896908  d_z2
  341   3   2   1       0.03921993  d_xz
  341   3   2   2       0.01868949  d_x2-y2
  342   1   0   0       1.35613478  s
  342   2   1  -1       0.82921762  p_y
  342   2   1   0       0.82894817  p_z
  342   2   1   1       0.83027104  p_x
  342   3   2  -2       0.03921993  d_xy
  342   3   2  -1       0.03845604  d_yz
  342   3   2   0       0.01888749  d_z2
  342   3   2   1       0.03984315  d_xz
  342   3   2   2       0.01877108  d_x2-y2
  343   1   0   0       1.35640778  s
  343   2   1  -1       0.82971742  p_y
  343   2   1   0       0.82975980  p_z
  343   2   1   1       0.82979402  p_x
  343   3   2  -2       0.03898807  d_xy
  343   3   2  -1       0.03892416  d_yz
  343   3   2   0       0.01880001  d_z2
  343   3   2   1       0.03885240  d_xz
  343   3   2   2       0.01873186  d_x2-y2
  344   1   0   0       1.35640778  s
  344   2   1  -1       0.82975980  p_y
  344   2   1   0       0.82971742  p_z
  344   2   1   1       0.82979402  p_x
  344   3   2  -2       0.03885240  d_xy
  344   3   2  -1       0.03892416  d_yz
  344   3   2   0       0.01877846  d_z2
  344   3   2   1       0.03898807  d_xz
  344   3   2   2       0.01875341  d_x2-y2
  345   1   0   0       1.35638488  s
  345   2   1  -1       0.82941678  p_y
  345   2   1   0       0.82941678  p_z
  345   2   1   1       0.82967609  p_x
  345   3   2  -2       0.03880691  d_xy
  345   3   2  -1       0.03925114  d_yz
  345   3   2   0       0.01875136  d_z2
  345   3   2   1       0.03880691  d_xz
  345   3   2   2       0.01876618  d_x2-y2
  346   1   0   0       1.35632537  s
  346   2   1  -1       0.82972189  p_y
  346   2   1   0       0.82977818  p_z
  346   2   1   1       0.82981001  p_x
  346   3   2  -2       0.03889354  d_xy
  346   3   2  -1       0.03895883  d_yz
  346   3   2   0       0.01871490  d_z2
  346   3   2   1       0.03888742  d_xz
  346   3   2   2       0.01873821  d_x2-y2
  347   1   0   0       1.34572848  s
  347   2   1  -1       0.80793293  p_y
  347   2   1   0       0.80793293  p_z
  347   2   1   1       0.82728952  p_x
  347   3   2  -2       0.03483817  d_xy
  347   3   2  -1       0.05821588  d_yz
  347   3   2   0       0.03967143  d_z2
  347   3   2   1       0.03483817  d_xz
  347   3   2   2       0.03081880  d_x2-y2
  348   1   0   0       1.35632537  s
  348   2   1  -1       0.82977818  p_y
  348   2   1   0       0.82972189  p_z
  348   2   1   1       0.82981001  p_x
  348   3   2  -2       0.03888742  d_xy
  348   3   2  -1       0.03895883  d_yz
  348   3   2   0       0.01874641  d_z2
  348   3   2   1       0.03889354  d_xz
  348   3   2   2       0.01870671  d_x2-y2
  349   1   0   0       1.35572875  s
  349   2   1  -1       0.83005610  p_y
  349   2   1   0       0.83009512  p_z
  349   2   1   1       0.83004093  p_x
  349   3   2  -2       0.03904046  d_xy
  349   3   2  -1       0.03868351  d_yz
  349   3   2   0       0.01874159  d_z2
  349   3   2   1       0.03895997  d_xz
  349   3   2   2       0.01871983  d_x2-y2
  350   1   0   0       1.35591168  s
  350   2   1  -1       0.82981534  p_y
  350   2   1   0       0.82977318  p_z
  350   2   1   1       0.83013582  p_x
  350   3   2  -2       0.03862545  d_xy
  350   3   2  -1       0.03955050  d_yz
  350   3   2   0       0.01873449  d_z2
  350   3   2   1       0.03856073  d_xz
  350   3   2   2       0.01876513  d_x2-y2
  351   1   0   0       1.35591168  s
  351   2   1  -1       0.82977318  p_y
  351   2   1   0       0.82981534  p_z
  351   2   1   1       0.83013582  p_x
  351   3   2  -2       0.03856073  d_xy
  351   3   2  -1       0.03955050  d_yz
  351   3   2   0       0.01869344  d_z2
  351   3   2   1       0.03862545  d_xz
  351   3   2   2       0.01880619  d_x2-y2
  352   1   0   0       1.35572875  s
  352   2   1  -1       0.83009512  p_y
  352   2   1   0       0.83005610  p_z
  352   2   1   1       0.83004093  p_x
  352   3   2  -2       0.03895997  d_xy
  352   3   2  -1       0.03868351  d_yz
  352   3   2   0       0.01873811  d_z2
  352   3   2   1       0.03904046  d_xz
  352   3   2   2       0.01872331  d_x2-y2
  353   1   0   0       1.35648268  s
  353   2   1  -1       0.82954780  p_y
  353   2   1   0       0.82980181  p_z
  353   2   1   1       0.82973727  p_x
  353   3   2  -2       0.03911676  d_xy
  353   3   2  -1       0.03898523  d_yz
  353   3   2   0       0.01873361  d_z2
  353   3   2   1       0.03875161  d_xz
  353   3   2   2       0.01873746  d_x2-y2
  354   1   0   0       1.35662579  s
  354   2   1  -1       0.82962048  p_y
  354   2   1   0       0.82988574  p_z
  354   2   1   1       0.82968568  p_x
  354   3   2  -2       0.03911649  d_xy
  354   3   2  -1       0.03892507  d_yz
  354   3   2   0       0.01874444  d_z2
  354   3   2   1       0.03882323  d_xz
  354   3   2   2       0.01877310  d_x2-y2
  355   1   0   0       1.35742852  s
  355   2   1  -1       0.82941525  p_y
  355   2   1   0       0.82941525  p_z
  355   2   1   1       0.82975572  p_x
  355   3   2  -2       0.03873030  d_xy
  355   3   2  -1       0.03964304  d_yz
  355   3   2   0       0.01883909  d_z2
  355   3   2   1       0.03873030  d_xz
  355   3   2   2       0.01890495  d_x2-y2
  356   1   0   0       1.35662579  s
  356   2   1  -1       0.82988574  p_y
  356   2   1   0       0.82962048  p_z
  356   2   1   1       0.82968568  p_x
  356   3   2  -2       0.03882323  d_xy
  356   3   2  -1       0.03892507  d_yz
  356   3   2   0       0.01877640  d_z2
  356   3   2   1       0.03911649  d_xz
  356   3   2   2       0.01874114  d_x2-y2
  357   1   0   0       1.35555545  s
  357   2   1  -1       0.83016267  p_y
  357   2   1   0       0.82993734  p_z
  357   2   1   1       0.82984909  p_x
  357   3   2  -2       0.03874953  d_xy
  357   3   2  -1       0.03854197  d_yz
  357   3   2   0       0.01873891  d_z2
  357   3   2   1       0.03926423  d_xz
  357   3   2   2       0.01871006  d_x2-y2
  358   1   0   0       1.35570202  s
  358   2   1  -1       0.83016881  p_y
  358   2   1   0       0.83014679  p_z
  358   2   1   1       0.82971809  p_x
  358   3   2  -2       0.03888385  d_xy
  358   3   2  -1       0.03863453  d_yz
  358   3   2   0       0.01871230  d_z2
  358   3   2   1       0.03903016  d_xz
  358   3   2   2       0.01874571  d_x2-y2
  359   1   0   0       1.35570202  s
  359   2   1  -1       0.83014679  p_y
  359   2   1   0       0.83016881  p_z
  359   2   1   1       0.82971809  p_x
  359   3   2  -2       0.03903016  d_xy
  359   3   2  -1       0.03863453  d_yz
  359   3   2   0       0.01871679  d_z2
  359   3   2   1       0.03888385  d_xz
  359   3   2   2       0.01874122  d_x2-y2
  360   1   0   0       1.35613908  s
  360   2   1  -1       0.82963167  p_y
  360   2   1   0       0.82959968  p_z
  360   2   1   1       0.83003211  p_x
  360   3   2  -2       0.03873399  d_xy
  360   3   2  -1       0.03968996  d_yz
  360   3   2   0       0.01869857  d_z2
  360   3   2   1       0.03851385  d_xz
  360   3   2   2       0.01876813  d_x2-y2
  361   1   0   0       1.35567288  s
  361   2   1  -1       0.83018015  p_y
  361   2   1   0       0.83005634  p_z
  361   2   1   1       0.83006679  p_x
  361   3   2  -2       0.03887707  d_xy
  361   3   2  -1       0.03879837  d_yz
  361   3   2   0       0.01876229  d_z2
  361   3   2   1       0.03901746  d_xz
  361   3   2   2       0.01874512  d_x2-y2
  362   1   0   0       1.35576613  s
  362   2   1  -1       0.83007428  p_y
  362   2   1   0       0.83007428  p_z
  362   2   1   1       0.82991347  p_x
  362   3   2  -2       0.03892709  d_xy
  362   3   2  -1       0.03874515  d_yz
  362   3   2   0       0.01872683  d_z2
  362   3   2   1       0.03892709  d_xz
  362   3   2   2       0.01873776  d_x2-y2
  363   1   0   0       1.35265254  s
  363   2   1  -1       0.83115540  p_y
  363   2   1   0       0.83117368  p_z
  363   2   1   1       0.83087891  p_x
  363   3   2  -2       0.03868406  d_xy
  363   3   2  -1       0.03978713  d_yz
  363   3   2   0       0.01983485  d_z2
  363   3   2   1       0.04025948  d_xz
  363   3   2   2       0.01882031  d_x2-y2
  364   1   0   0       1.35639000  s
  364   2   1  -1       0.82797226  p_y
  364   2   1   0       0.82797226  p_z
  364   2   1   1       0.83151072  p_x
  364   3   2  -2       0.03707339  d_xy
  364   3   2  -1       0.04159529  d_yz
  364   3   2   0       0.01916397  d_z2
  364   3   2   1       0.03707339  d_xz
  364   3   2   2       0.01838766  d_x2-y2
  365   1   0   0       1.35593997  s
  365   2   1  -1       0.82998187  p_y
  365   2   1   0       0.83002359  p_z
  365   2   1   1       0.82997998  p_x
  365   3   2  -2       0.03892677  d_xy
  365   3   2  -1       0.03892869  d_yz
  365   3   2   0       0.01874197  d_z2
  365   3   2   1       0.03886526  d_xz
  365   3   2   2       0.01875066  d_x2-y2
  366   1   0   0       1.35659678  s
  366   2   1  -1       0.82952973  p_y
  366   2   1   0       0.82963083  p_z
  366   2   1   1       0.82976923  p_x
  366   3   2  -2       0.03908616  d_xy
  366   3   2  -1       0.03900894  d_yz
  366   3   2   0       0.01879204  d_z2
  366   3   2   1       0.03896181  d_xz
  366   3   2   2       0.01876169  d_x2-y2
  367   1   0   0       1.35767825  s
  367   2   1  -1       0.83011987  p_y
  367   2   1   0       0.83054734  p_z
  367   2   1   1       0.82626650  p_x
  367   3   2  -2       0.04012622  d_xy
  367   3   2  -1       0.03656166  d_yz
  367   3   2   0       0.01915570  d_z2
  367   3   2   1       0.04000179  d_xz
  367   3   2   2       0.01889313  d_x2-y2
  368   1   0   0       1.35767825  s
  368   2   1  -1       0.83054734  p_y
  368   2   1   0       0.83011987  p_z
  368   2   1   1       0.82626650  p_x
  368   3   2  -2       0.04000179  d_xy
  368   3   2  -1       0.03656166  d_yz
  368   3   2   0       0.01858589  d_z2
  368   3   2   1       0.04012622  d_xz
  368   3   2   2       0.01946294  d_x2-y2
  369   1   0   0       1.35422119  s
  369   2   1  -1       0.83093685  p_y
  369   2   1   0       0.83072445  p_z
  369   2   1   1       0.83080078  p_x
  369   3   2  -2       0.03836167  d_xy
  369   3   2  -1       0.03927570  d_yz
  369   3   2   0       0.01899710  d_z2
  369   3   2   1       0.03959145  d_xz
  369   3   2   2       0.01871892  d_x2-y2
  370   1   0   0       1.35542422  s
  370   2   1  -1       0.82921871  p_y
  370   2   1   0       0.82983611  p_z
  370   2   1   1       0.83072835  p_x
  370   3   2  -2       0.03836832  d_xy
  370   3   2  -1       0.03971790  d_yz
  370   3   2   0       0.01876052  d_z2
  370   3   2   1       0.03820177  d_xz
  370   3   2   2       0.01868121  d_x2-y2
  371   1   0   0       1.35542422  s
  371   2   1  -1       0.82983611  p_y
  371   2   1   0       0.82921871  p_z
  371   2   1   1       0.83072835  p_x
  371   3   2  -2       0.03820177  d_xy
  371   3   2  -1       0.03971790  d_yz
  371   3   2   0       0.01878089  d_z2
  371   3   2   1       0.03836832  d_xz
  371   3   2   2       0.01866084  d_x2-y2
  372   1   0   0       1.35580297  s
  372   2   1  -1       0.83005040  p_y
  372   2   1   0       0.83002072  p_z
  372   2   1   1       0.82992964  p_x
  372   3   2  -2       0.03893752  d_xy
  372   3   2  -1       0.03869766  d_yz
  372   3   2   0       0.01872710  d_z2
  372   3   2   1       0.03897104  d_xz
  372   3   2   2       0.01872103  d_x2-y2
  373   1   0   0       1.35622030  s
  373   2   1  -1       0.83017138  p_y
  373   2   1   0       0.82972800  p_z
  373   2   1   1       0.82871882  p_x
  373   3   2  -2       0.03873133  d_xy
  373   3   2  -1       0.03806757  d_yz
  373   3   2   0       0.01872282  d_z2
  373   3   2   1       0.03945500  d_xz
  373   3   2   2       0.01868175  d_x2-y2
  374   1   0   0       1.35629595  s
  374   2   1  -1       0.83002871  p_y
  374   2   1   0       0.83002871  p_z
  374   2   1   1       0.82910081  p_x
  374   3   2  -2       0.03903489  d_xy
  374   3   2  -1       0.03831610  d_yz
  374   3   2   0       0.01871435  d_z2
  374   3   2   1       0.03903489  d_xz
  374   3   2   2       0.01878218  d_x2-y2
  375   1   0   0       1.35622030  s
  375   2   1  -1       0.82972800  p_y
  375   2   1   0       0.83017138  p_z
  375   2   1   1       0.82871882  p_x
  375   3   2  -2       0.03945500  d_xy
  375   3   2  -1       0.03806757  d_yz
  375   3   2   0       0.01860413  d_z2
  375   3   2   1       0.03873133  d_xz
  375   3   2   2       0.01880044  d_x2-y2
  376   1   0   0       1.35621663  s
  376   2   1  -1       0.82985075  p_y
  376   2   1   0       0.82975582  p_z
  376   2   1   1       0.82993199  p_x
  376   3   2  -2       0.03883879  d_xy
  376   3   2  -1       0.03894630  d_yz
  376   3   2   0       0.01877270  d_z2
  376   3   2   1       0.03904230  d_xz
  376   3   2   2       0.01875662  d_x2-y2
  377   1   0   0       1.35593102  s
  377   2   1  -1       0.83012292  p_y
  377   2   1   0       0.83014519  p_z
  377   2   1   1       0.83002971  p_x
  377   3   2  -2       0.03902500  d_xy
  377   3   2  -1       0.03891651  d_yz
  377   3   2   0       0.01877121  d_z2
  377   3   2   1       0.03889946  d_xz
  377   3   2   2       0.01880349  d_x2-y2
  378   1   0   0       1.35593102  s
  378   2   1  -1       0.83014519  p_y
  378   2   1   0       0.83012292  p_z
  378   2   1   1       0.83002971  p_x
  378   3   2  -2       0.03889946  d_xy
  378   3   2  -1       0.03891651  d_yz
  378   3   2   0       0.01877621  d_z2
  378   3   2   1       0.03902500  d_xz
  378   3   2   2       0.01879849  d_x2-y2
  379   1   0   0       1.35578831  s
  379   2   1  -1       0.81779018  p_y
  379   2   1   0       0.82384362  p_z
  379   2   1   1       0.82338559  p_x
  379   3   2  -2       0.04143876  d_xy
  379   3   2  -1       0.04466352  d_yz
  379   3   2   0       0.02261821  d_z2
  379   3   2   1       0.04414009  d_xz
  379   3   2   2       0.01863881  d_x2-y2
  380   1   0   0       1.35643384  s
  380   2   1  -1       0.82975759  p_y
  380   2   1   0       0.82977928  p_z
  380   2   1   1       0.82980525  p_x
  380   3   2  -2       0.03889166  d_xy
  380   3   2  -1       0.03896011  d_yz
  380   3   2   0       0.01874925  d_z2
  380   3   2   1       0.03886816  d_xz
  380   3   2   2       0.01873662  d_x2-y2
  381   1   0   0       1.35632064  s
  381   2   1  -1       0.82980388  p_y
  381   2   1   0       0.82980388  p_z
  381   2   1   1       0.82979738  p_x
  381   3   2  -2       0.03880881  d_xy
  381   3   2  -1       0.03913051  d_yz
  381   3   2   0       0.01873503  d_z2
  381   3   2   1       0.03880881  d_xz
  381   3   2   2       0.01873983  d_x2-y2
  382   1   0   0       1.35661714  s
  382   2   1  -1       0.82837779  p_y
  382   2   1   0       0.83080352  p_z
  382   2   1   1       0.82969065  p_x
  382   3   2  -2       0.04072266  d_xy
  382   3   2  -1       0.03842994  d_yz
  382   3   2   0       0.01894705  d_z2
  382   3   2   1       0.03902946  d_xz
  382   3   2   2       0.01900462  d_x2-y2
  383   1   0   0       1.36334848  s
  383   2   1  -1       0.82966455  p_y
  383   2   1   0       0.82966455  p_z
  383   2   1   1       0.81170133  p_x
  383   3   2  -2       0.04569373  d_xy
  383   3   2  -1       0.03457811  d_yz
  383   3   2   0       0.01882581  d_z2
  383   3   2   1       0.04569373  d_xz
  383   3   2   2       0.02017853  d_x2-y2
  384   1   0   0       1.35625952  s
  384   2   1  -1       0.82977187  p_y
  384   2   1   0       0.82993792  p_z
  384   2   1   1       0.82986459  p_x
  384   3   2  -2       0.03888829  d_xy
  384   3   2  -1       0.03905191  d_yz
  384   3   2   0       0.01874133  d_z2
  384   3   2   1       0.03881419  d_xz
  384   3   2   2       0.01875509  d_x2-y2
  385   1   0   0       1.35432225  s
  385   2   1  -1       0.83053398  p_y
  385   2   1   0       0.83073972  p_z
  385   2   1   1       0.83051051  p_x
  385   3   2  -2       0.03948601  d_xy
  385   3   2  -1       0.03900345  d_yz
  385   3   2   0       0.01875327  d_z2
  385   3   2   1       0.03827210  d_xz
  385   3   2   2       0.01883454  d_x2-y2
  386   1   0   0       1.35501215  s
  386   2   1  -1       0.83026047  p_y
  386   2   1   0       0.83057442  p_z
  386   2   1   1       0.83036631  p_x
  386   3   2  -2       0.03887371  d_xy
  386   3   2  -1       0.03918630  d_yz
  386   3   2   0       0.01871322  d_z2
  386   3   2   1       0.03874616  d_xz
  386   3   2   2       0.01880449  d_x2-y2
  387   1   0   0       1.35501215  s
  387   2   1  -1       0.83057442  p_y
  387   2   1   0       0.83026047  p_z
  387   2   1   1       0.83036631  p_x
  387   3   2  -2       0.03874616  d_xy
  387   3   2  -1       0.03918630  d_yz
  387   3   2   0       0.01879000  d_z2
  387   3   2   1       0.03887371  d_xz
  387   3   2   2       0.01872771  d_x2-y2
  388   1   0   0       1.35432225  s
  388   2   1  -1       0.83073972  p_y
  388   2   1   0       0.83053398  p_z
  388   2   1   1       0.83051051  p_x
  388   3   2  -2       0.03827210  d_xy
  388   3   2  -1       0.03900345  d_yz
  388   3   2   0       0.01889235  d_z2
  388   3   2   1       0.03948601  d_xz
  388   3   2   2       0.01869546  d_x2-y2
  389   1   0   0       1.35357460  s
  389   2   1  -1       0.83077419  p_y
  389   2   1   0       0.83076791  p_z
  389   2   1   1       0.83050623  p_x
  389   3   2  -2       0.03990888  d_xy
  389   3   2  -1       0.03951310  d_yz
  389   3   2   0       0.01890417  d_z2
  389   3   2   1       0.03831490  d_xz
  389   3   2   2       0.01914904  d_x2-y2
  390   1   0   0       1.35478681  s
  390   2   1  -1       0.83044082  p_y
  390   2   1   0       0.83044082  p_z
  390   2   1   1       0.82952244  p_x
  390   3   2  -2       0.03901989  d_xy
  390   3   2  -1       0.03966671  d_yz
  390   3   2   0       0.01880136  d_z2
  390   3   2   1       0.03901989  d_xz
  390   3   2   2       0.01887865  d_x2-y2
  391   1   0   0       1.35357460  s
  391   2   1  -1       0.83076791  p_y
  391   2   1   0       0.83077419  p_z
  391   2   1   1       0.83050623  p_x
  391   3   2  -2       0.03831490  d_xy
  391   3   2  -1       0.03951310  d_yz
  391   3   2   0       0.01929948  d_z2
  391   3   2   1       0.03990888  d_xz
  391   3   2   2       0.01875373  d_x2-y2
  392   1   0   0       1.35576643  s
  392   2   1  -1       0.83006370  p_y
  392   2   1   0       0.83006370  p_z
  392   2   1   1       0.82999005  p_x
  392   3   2  -2       0.03896885  d_xy
  392   3   2  -1       0.03874797  d_yz
  392   3   2   0       0.01873528  d_z2
  392   3   2   1       0.03896885  d_xz
  392   3   2   2       0.01872916  d_x2-y2
  393   1   0   0       1.35468952  s
  393   2   1  -1       0.83321521  p_y
  393   2   1   0       0.82954701  p_z
  393   2   1   1       0.83068165  p_x
  393   3   2  -2       0.04160007  d_xy
  393   3   2  -1       0.04061152  d_yz
  393   3   2   0       0.01968277  d_z2
  393   3   2   1       0.03788870  d_xz
  393   3   2   2       0.01965332  d_x2-y2
  394   1   0   0       1.35468952  s
  394   2   1  -1       0.82954701  p_y
  394   2   1   0       0.83321521  p_z
  394   2   1   1       0.83068165  p_x
  394   3   2  -2       0.03788870  d_xy
  394   3   2  -1       0.04061152  d_yz
  394   3   2   0       0.01996044  d_z2
  394   3   2   1       0.04160007  d_xz
  394   3   2   2       0.01937564  d_x2-y2
  395   1   0   0       1.35567040  s
  395   2   1  -1       0.83011029  p_y
  395   2   1   0       0.83005157  p_z
  395   2   1   1       0.83012074  p_x
  395   3   2  -2       0.03893112  d_xy
  395   3   2  -1       0.03883489  d_yz
  395   3   2   0       0.01874797  d_z2
  395   3   2   1       0.03897233  d_xz
  395   3   2   2       0.01874638  d_x2-y2
  396   1   0   0       1.35567040  s
  396   2   1  -1       0.83005157  p_y
  396   2   1   0       0.83011029  p_z
  396   2   1   1       0.83012074  p_x
  396   3   2  -2       0.03897233  d_xy
  396   3   2  -1       0.03883489  d_yz
  396   3   2   0       0.01874271  d_z2
  396   3   2   1       0.03893112  d_xz
  396   3   2   2       0.01875164  d_x2-y2
  397   1   0   0       1.34572848  s
  397   2   1  -1       0.80793293  p_y
  397   2   1   0       0.80793293  p_z
  397   2   1   1       0.82728952  p_x
  397   3   2  -2       0.03483817  d_xy
  397   3   2  -1       0.05821588  d_yz
  397   3   2   0       0.03967143  d_z2
  397   3   2   1       0.03483817  d_xz
  397   3   2   2       0.03081880  d_x2-y2
  398   1   0   0       1.35632537  s
  398   2   1  -1       0.82972189  p_y
  398   2   1   0       0.82977818  p_z
  398   2   1   1       0.82981001  p_x
  398   3   2  -2       0.03889354  d_xy
  398   3   2  -1       0.03895883  d_yz
  398   3   2   0       0.01871490  d_z2
  398   3   2   1       0.03888742  d_xz
  398   3   2   2       0.01873821  d_x2-y2
  399   1   0   0       1.35638488  s
  399   2   1  -1       0.82941678  p_y
  399   2   1   0       0.82941678  p_z
  399   2   1   1       0.82967609  p_x
  399   3   2  -2       0.03880691  d_xy
  399   3   2  -1       0.03925114  d_yz
  399   3   2   0       0.01875136  d_z2
  399   3   2   1       0.03880691  d_xz
  399   3   2   2       0.01876618  d_x2-y2
  400   1   0   0       1.35632537  s
  400   2   1  -1       0.82977818  p_y
  400   2   1   0       0.82972189  p_z
  400   2   1   1       0.82981001  p_x
  400   3   2  -2       0.03888742  d_xy
  400   3   2  -1       0.03895883  d_yz
  400   3   2   0       0.01874641  d_z2
  400   3   2   1       0.03889354  d_xz
  400   3   2   2       0.01870671  d_x2-y2
  401   1   0   0       1.35565568  s
  401   2   1  -1       0.83001836  p_y
  401   2   1   0       0.83002066  p_z
  401   2   1   1       0.83029252  p_x
  401   3   2  -2       0.03913012  d_xy
  401   3   2  -1       0.03867604  d_yz
  401   3   2   0       0.01879499  d_z2
  401   3   2   1       0.03899304  d_xz
  401   3   2   2       0.01870611  d_x2-y2
  402   1   0   0       1.35566311  s
  402   2   1  -1       0.82999437  p_y
  402   2   1   0       0.82999437  p_z
  402   2   1   1       0.83033761  p_x
  402   3   2  -2       0.03898500  d_xy
  402   3   2  -1       0.03881315  d_yz
  402   3   2   0       0.01877808  d_z2
  402   3   2   1       0.03898500  d_xz
  402   3   2   2       0.01871536  d_x2-y2
  403   1   0   0       1.35565568  s
  403   2   1  -1       0.83002066  p_y
  403   2   1   0       0.83001836  p_z
  403   2   1   1       0.83029252  p_x
  403   3   2  -2       0.03899304  d_xy
  403   3   2  -1       0.03867604  d_yz
  403   3   2   0       0.01877270  d_z2
  403   3   2   1       0.03913012  d_xz
  403   3   2   2       0.01872840  d_x2-y2
  404   1   0   0       1.35652584  s
  404   2   1  -1       0.82946881  p_y
  404   2   1   0       0.82946881  p_z
  404   2   1   1       0.83003013  p_x
  404   3   2  -2       0.03844874  d_xy
  404   3   2  -1       0.03999283  d_yz
  404   3   2   0       0.01899489  d_z2
  404   3   2   1       0.03844874  d_xz
  404   3   2   2       0.01900008  d_x2-y2
  405   1   0   0       1.35613478  s
  405   2   1  -1       0.82921762  p_y
  405   2   1   0       0.82894817  p_z
  405   2   1   1       0.83027104  p_x
  405   3   2  -2       0.03921993  d_xy
  405   3   2  -1       0.03845604  d_yz
  405   3   2   0       0.01888749  d_z2
  405   3   2   1       0.03984315  d_xz
  405   3   2   2       0.01877108  d_x2-y2
  406   1   0   0       1.35613478  s
  406   2   1  -1       0.82894817  p_y
  406   2   1   0       0.82921762  p_z
  406   2   1   1       0.83027104  p_x
  406   3   2  -2       0.03984315  d_xy
  406   3   2  -1       0.03845604  d_yz
  406   3   2   0       0.01896908  d_z2
  406   3   2   1       0.03921993  d_xz
  406   3   2   2       0.01868949  d_x2-y2
  407   1   0   0       1.35640778  s
  407   2   1  -1       0.82975980  p_y
  407   2   1   0       0.82971742  p_z
  407   2   1   1       0.82979402  p_x
  407   3   2  -2       0.03885240  d_xy
  407   3   2  -1       0.03892416  d_yz
  407   3   2   0       0.01877846  d_z2
  407   3   2   1       0.03898807  d_xz
  407   3   2   2       0.01875341  d_x2-y2
  408   1   0   0       1.35640778  s
  408   2   1  -1       0.82971742  p_y
  408   2   1   0       0.82975980  p_z
  408   2   1   1       0.82979402  p_x
  408   3   2  -2       0.03898807  d_xy
  408   3   2  -1       0.03892416  d_yz
  408   3   2   0       0.01880001  d_z2
  408   3   2   1       0.03885240  d_xz
  408   3   2   2       0.01873186  d_x2-y2
  409   1   0   0       1.36263523  s
  409   2   1  -1       0.82583183  p_y
  409   2   1   0       0.82583183  p_z
  409   2   1   1       0.83020043  p_x
  409   3   2  -2       0.03994063  d_xy
  409   3   2  -1       0.03709793  d_yz
  409   3   2   0       0.01909263  d_z2
  409   3   2   1       0.03994063  d_xz
  409   3   2   2       0.01825250  d_x2-y2
  410   1   0   0       1.35703341  s
  410   2   1  -1       0.82967462  p_y
  410   2   1   0       0.82920447  p_z
  410   2   1   1       0.82962391  p_x
  410   3   2  -2       0.03909257  d_xy
  410   3   2  -1       0.03875958  d_yz
  410   3   2   0       0.01912268  d_z2
  410   3   2   1       0.03912095  d_xz
  410   3   2   2       0.01871046  d_x2-y2
  411   1   0   0       1.35620650  s
  411   2   1  -1       0.82974708  p_y
  411   2   1   0       0.82974708  p_z
  411   2   1   1       0.82994158  p_x
  411   3   2  -2       0.03877532  d_xy
  411   3   2  -1       0.03908393  d_yz
  411   3   2   0       0.01873348  d_z2
  411   3   2   1       0.03877532  d_xz
  411   3   2   2       0.01871243  d_x2-y2
  412   1   0   0       1.35703341  s
  412   2   1  -1       0.82920447  p_y
  412   2   1   0       0.82967462  p_z
  412   2   1   1       0.82962391  p_x
  412   3   2  -2       0.03912095  d_xy
  412   3   2  -1       0.03875958  d_yz
  412   3   2   0       0.01885825  d_z2
  412   3   2   1       0.03909257  d_xz
  412   3   2   2       0.01897488  d_x2-y2
  413   1   0   0       1.35591168  s
  413   2   1  -1       0.82981534  p_y
  413   2   1   0       0.82977318  p_z
  413   2   1   1       0.83013582  p_x
  413   3   2  -2       0.03862545  d_xy
  413   3   2  -1       0.03955050  d_yz
  413   3   2   0       0.01873449  d_z2
  413   3   2   1       0.03856073  d_xz
  413   3   2   2       0.01876513  d_x2-y2
  414   1   0   0       1.35572875  s
  414   2   1  -1       0.83005610  p_y
  414   2   1   0       0.83009512  p_z
  414   2   1   1       0.83004093  p_x
  414   3   2  -2       0.03904046  d_xy
  414   3   2  -1       0.03868351  d_yz
  414   3   2   0       0.01874159  d_z2
  414   3   2   1       0.03895997  d_xz
  414   3   2   2       0.01871983  d_x2-y2
  415   1   0   0       1.35572875  s
  415   2   1  -1       0.83009512  p_y
  415   2   1   0       0.83005610  p_z
  415   2   1   1       0.83004093  p_x
  415   3   2  -2       0.03895997  d_xy
  415   3   2  -1       0.03868351  d_yz
  415   3   2   0       0.01873811  d_z2
  415   3   2   1       0.03904046  d_xz
  415   3   2   2       0.01872331  d_x2-y2
  416   1   0   0       1.35591168  s
  416   2   1  -1       0.82977318  p_y
  416   2   1   0       0.82981534  p_z
  416   2   1   1       0.83013582  p_x
  416   3   2  -2       0.03856073  d_xy
  416   3   2  -1       0.03955050  d_yz
  416   3   2   0       0.01869344  d_z2
  416   3   2   1       0.03862545  d_xz
  416   3   2   2       0.01880619  d_x2-y2
  417   1   0   0       1.35648268  s
  417   2   1  -1       0.82980181  p_y
  417   2   1   0       0.82954780  p_z
  417   2   1   1       0.82973727  p_x
  417   3   2  -2       0.03875161  d_xy
  417   3   2  -1       0.03898523  d_yz
  417   3   2   0       0.01874610  d_z2
  417   3   2   1       0.03911676  d_xz
  417   3   2   2       0.01872497  d_x2-y2
  418   1   0   0       1.35662579  s
  418   2   1  -1       0.82988574  p_y
  418   2   1   0       0.82962048  p_z
  418   2   1   1       0.82968568  p_x
  418   3   2  -2       0.03882323  d_xy
  418   3   2  -1       0.03892507  d_yz
  418   3   2   0       0.01877640  d_z2
  418   3   2   1       0.03911649  d_xz
  418   3   2   2       0.01874114  d_x2-y2
  419   1   0   0       1.35742852  s
  419   2   1  -1       0.82941525  p_y
  419   2   1   0       0.82941525  p_z
  419   2   1   1       0.82975572  p_x
  419   3   2  -2       0.03873030  d_xy
  419   3   2  -1       0.03964304  d_yz
  419   3   2   0       0.01883909  d_z2
  419   3   2   1       0.03873030  d_xz
  419   3   2   2       0.01890495  d_x2-y2
  420   1   0   0       1.35662579  s
  420   2   1  -1       0.82962048  p_y
  420   2   1   0       0.82988574  p_z
  420   2   1   1       0.82968568  p_x
  420   3   2  -2       0.03911649  d_xy
  420   3   2  -1       0.03892507  d_yz
  420   3   2   0       0.01874444  d_z2
  420   3   2   1       0.03882323  d_xz
  420   3   2   2       0.01877310  d_x2-y2
  421   1   0   0       1.35422119  s
  421   2   1  -1       0.83072445  p_y
  421   2   1   0       0.83093685  p_z
  421   2   1   1       0.83080078  p_x
  421   3   2  -2       0.03959145  d_xy
  421   3   2  -1       0.03927570  d_yz
  421   3   2   0       0.01879054  d_z2
  421   3   2   1       0.03836167  d_xz
  421   3   2   2       0.01892549  d_x2-y2
  422   1   0   0       1.35542422  s
  422   2   1  -1       0.82983611  p_y
  422   2   1   0       0.82921871  p_z
  422   2   1   1       0.83072835  p_x
  422   3   2  -2       0.03820177  d_xy
  422   3   2  -1       0.03971790  d_yz
  422   3   2   0       0.01878089  d_z2
  422   3   2   1       0.03836832  d_xz
  422   3   2   2       0.01866084  d_x2-y2
  423   1   0   0       1.35542422  s
  423   2   1  -1       0.82921871  p_y
  423   2   1   0       0.82983611  p_z
  423   2   1   1       0.83072835  p_x
  423   3   2  -2       0.03836832  d_xy
  423   3   2  -1       0.03971790  d_yz
  423   3   2   0       0.01876052  d_z2
  423   3   2   1       0.03820177  d_xz
  423   3   2   2       0.01868121  d_x2-y2
  424   1   0   0       1.35580297  s
  424   2   1  -1       0.83002072  p_y
  424   2   1   0       0.83005040  p_z
  424   2   1   1       0.82992964  p_x
  424   3   2  -2       0.03897104  d_xy
  424   3   2  -1       0.03869766  d_yz
  424   3   2   0       0.01872484  d_z2
  424   3   2   1       0.03893752  d_xz
  424   3   2   2       0.01872329  d_x2-y2
  425   1   0   0       1.35265254  s
  425   2   1  -1       0.83117368  p_y
  425   2   1   0       0.83115540  p_z
  425   2   1   1       0.83087891  p_x
  425   3   2  -2       0.04025948  d_xy
  425   3   2  -1       0.03978713  d_yz
  425   3   2   0       0.01908130  d_z2
  425   3   2   1       0.03868406  d_xz
  425   3   2   2       0.01957386  d_x2-y2
  426   1   0   0       1.35639000  s
  426   2   1  -1       0.82797226  p_y
  426   2   1   0       0.82797226  p_z
  426   2   1   1       0.83151072  p_x
  426   3   2  -2       0.03707339  d_xy
  426   3   2  -1       0.04159529  d_yz
  426   3   2   0       0.01916397  d_z2
  426   3   2   1       0.03707339  d_xz
  426   3   2   2       0.01838766  d_x2-y2
  427   1   0   0       1.35567288  s
  427   2   1  -1       0.83005634  p_y
  427   2   1   0       0.83018015  p_z
  427   2   1   1       0.83006679  p_x
  427   3   2  -2       0.03901746  d_xy
  427   3   2  -1       0.03879837  d_yz
  427   3   2   0       0.01874178  d_z2
  427   3   2   1       0.03887707  d_xz
  427   3   2   2       0.01876563  d_x2-y2
  428   1   0   0       1.35576613  s
  428   2   1  -1       0.83007428  p_y
  428   2   1   0       0.83007428  p_z
  428   2   1   1       0.82991347  p_x
  428   3   2  -2       0.03892709  d_xy
  428   3   2  -1       0.03874515  d_yz
  428   3   2   0       0.01872683  d_z2
  428   3   2   1       0.03892709  d_xz
  428   3   2   2       0.01873776  d_x2-y2
  429   1   0   0       1.35578831  s
  429   2   1  -1       0.82384362  p_y
  429   2   1   0       0.81779018  p_z
  429   2   1   1       0.82338559  p_x
  429   3   2  -2       0.04414009  d_xy
  429   3   2  -1       0.04466352  d_yz
  429   3   2   0       0.01945501  d_z2
  429   3   2   1       0.04143876  d_xz
  429   3   2   2       0.02180200  d_x2-y2
  430   1   0   0       1.35643384  s
  430   2   1  -1       0.82977928  p_y
  430   2   1   0       0.82975759  p_z
  430   2   1   1       0.82980525  p_x
  430   3   2  -2       0.03886816  d_xy
  430   3   2  -1       0.03896011  d_yz
  430   3   2   0       0.01874344  d_z2
  430   3   2   1       0.03889166  d_xz
  430   3   2   2       0.01874243  d_x2-y2
  431   1   0   0       1.35593102  s
  431   2   1  -1       0.83014519  p_y
  431   2   1   0       0.83012292  p_z
  431   2   1   1       0.83002971  p_x
  431   3   2  -2       0.03889946  d_xy
  431   3   2  -1       0.03891651  d_yz
  431   3   2   0       0.01877621  d_z2
  431   3   2   1       0.03902500  d_xz
  431   3   2   2       0.01879849  d_x2-y2
  432   1   0   0       1.35593102  s
  432   2   1  -1       0.83012292  p_y
  432   2   1   0       0.83014519  p_z
  432   2   1   1       0.83002971  p_x
  432   3   2  -2       0.03902500  d_xy
  432   3   2  -1       0.03891651  d_yz
  432   3   2   0       0.01877121  d_z2
  432   3   2   1       0.03889946  d_xz
  432   3   2   2       0.01880349  d_x2-y2
  433   1   0   0       1.35555545  s
  433   2   1  -1       0.82993734  p_y
  433   2   1   0       0.83016267  p_z
  433   2   1   1       0.82984909  p_x
  433   3   2  -2       0.03926423  d_xy
  433   3   2  -1       0.03854197  d_yz
  433   3   2   0       0.01871835  d_z2
  433   3   2   1       0.03874953  d_xz
  433   3   2   2       0.01873062  d_x2-y2
  434   1   0   0       1.35570202  s
  434   2   1  -1       0.83014679  p_y
  434   2   1   0       0.83016881  p_z
  434   2   1   1       0.82971809  p_x
  434   3   2  -2       0.03903016  d_xy
  434   3   2  -1       0.03863453  d_yz
  434   3   2   0       0.01871679  d_z2
  434   3   2   1       0.03888385  d_xz
  434   3   2   2       0.01874122  d_x2-y2
  435   1   0   0       1.35570202  s
  435   2   1  -1       0.83016881  p_y
  435   2   1   0       0.83014679  p_z
  435   2   1   1       0.82971809  p_x
  435   3   2  -2       0.03888385  d_xy
  435   3   2  -1       0.03863453  d_yz
  435   3   2   0       0.01871230  d_z2
  435   3   2   1       0.03903016  d_xz
  435   3   2   2       0.01874571  d_x2-y2
  436   1   0   0       1.35613908  s
  436   2   1  -1       0.82959968  p_y
  436   2   1   0       0.82963167  p_z
  436   2   1   1       0.83003211  p_x
  436   3   2  -2       0.03851385  d_xy
  436   3   2  -1       0.03968996  d_yz
  436   3   2   0       0.01864815  d_z2
  436   3   2   1       0.03873399  d_xz
  436   3   2   2       0.01881855  d_x2-y2
  437   1   0   0       1.35622030  s
  437   2   1  -1       0.82972800  p_y
  437   2   1   0       0.83017138  p_z
  437   2   1   1       0.82871882  p_x
  437   3   2  -2       0.03945500  d_xy
  437   3   2  -1       0.03806757  d_yz
  437   3   2   0       0.01860413  d_z2
  437   3   2   1       0.03873133  d_xz
  437   3   2   2       0.01880044  d_x2-y2
  438   1   0   0       1.35629595  s
  438   2   1  -1       0.83002871  p_y
  438   2   1   0       0.83002871  p_z
  438   2   1   1       0.82910081  p_x
  438   3   2  -2       0.03903489  d_xy
  438   3   2  -1       0.03831610  d_yz
  438   3   2   0       0.01871435  d_z2
  438   3   2   1       0.03903489  d_xz
  438   3   2   2       0.01878218  d_x2-y2
  439   1   0   0       1.35622030  s
  439   2   1  -1       0.83017138  p_y
  439   2   1   0       0.82972800  p_z
  439   2   1   1       0.82871882  p_x
  439   3   2  -2       0.03873133  d_xy
  439   3   2  -1       0.03806757  d_yz
  439   3   2   0       0.01872282  d_z2
  439   3   2   1       0.03945500  d_xz
  439   3   2   2       0.01868175  d_x2-y2
  440   1   0   0       1.35621663  s
  440   2   1  -1       0.82975582  p_y
  440   2   1   0       0.82985075  p_z
  440   2   1   1       0.82993199  p_x
  440   3   2  -2       0.03904230  d_xy
  440   3   2  -1       0.03894630  d_yz
  440   3   2   0       0.01881867  d_z2
  440   3   2   1       0.03883879  d_xz
  440   3   2   2       0.01871065  d_x2-y2
  441   1   0   0       1.35767825  s
  441   2   1  -1       0.83054734  p_y
  441   2   1   0       0.83011987  p_z
  441   2   1   1       0.82626650  p_x
  441   3   2  -2       0.04000179  d_xy
  441   3   2  -1       0.03656166  d_yz
  441   3   2   0       0.01858589  d_z2
  441   3   2   1       0.04012622  d_xz
  441   3   2   2       0.01946294  d_x2-y2
  442   1   0   0       1.35767825  s
  442   2   1  -1       0.83011987  p_y
  442   2   1   0       0.83054734  p_z
  442   2   1   1       0.82626650  p_x
  442   3   2  -2       0.04012622  d_xy
  442   3   2  -1       0.03656166  d_yz
  442   3   2   0       0.01915570  d_z2
  442   3   2   1       0.04000179  d_xz
  442   3   2   2       0.01889313  d_x2-y2
  443   1   0   0       1.35593997  s
  443   2   1  -1       0.83002359  p_y
  443   2   1   0       0.82998187  p_z
  443   2   1   1       0.82997998  p_x
  443   3   2  -2       0.03886526  d_xy
  443   3   2  -1       0.03892869  d_yz
  443   3   2   0       0.01873862  d_z2
  443   3   2   1       0.03892677  d_xz
  443   3   2   2       0.01875401  d_x2-y2
  444   1   0   0       1.35659678  s
  444   2   1  -1       0.82963083  p_y
  444   2   1   0       0.82952973  p_z
  444   2   1   1       0.82976923  p_x
  444   3   2  -2       0.03896181  d_xy
  444   3   2  -1       0.03900894  d_yz
  444   3   2   0       0.01885852  d_z2
  444   3   2   1       0.03908616  d_xz
  444   3   2   2       0.01869522  d_x2-y2
  445   1   0   0       1.36334848  s
  445   2   1  -1       0.82966455  p_y
  445   2   1   0       0.82966455  p_z
  445   2   1   1       0.81170133  p_x
  445   3   2  -2       0.04569373  d_xy
  445   3   2  -1       0.03457811  d_yz
  445   3   2   0       0.01882581  d_z2
  445   3   2   1       0.04569373  d_xz
  445   3   2   2       0.02017853  d_x2-y2
  446   1   0   0       1.35625952  s
  446   2   1  -1       0.82993792  p_y
  446   2   1   0       0.82977187  p_z
  446   2   1   1       0.82986459  p_x
  446   3   2  -2       0.03881419  d_xy
  446   3   2  -1       0.03905191  d_yz
  446   3   2   0       0.01874672  d_z2
  446   3   2   1       0.03888829  d_xz
  446   3   2   2       0.01874970  d_x2-y2
  447   1   0   0       1.35632064  s
  447   2   1  -1       0.82980388  p_y
  447   2   1   0       0.82980388  p_z
  447   2   1   1       0.82979738  p_x
  447   3   2  -2       0.03880881  d_xy
  447   3   2  -1       0.03913051  d_yz
  447   3   2   0       0.01873503  d_z2
  447   3   2   1       0.03880881  d_xz
  447   3   2   2       0.01873983  d_x2-y2
  448   1   0   0       1.35661714  s
  448   2   1  -1       0.83080352  p_y
  448   2   1   0       0.82837779  p_z
  448   2   1   1       0.82969065  p_x
  448   3   2  -2       0.03902946  d_xy
  448   3   2  -1       0.03842994  d_yz
  448   3   2   0       0.01936944  d_z2
  448   3   2   1       0.04072266  d_xz
  448   3   2   2       0.01858223  d_x2-y2
  449   1   0   0       1.35636051  s
  449   2   1  -1       0.82965366  p_y
  449   2   1   0       0.82965366  p_z
  449   2   1   1       0.83020771  p_x
  449   3   2  -2       0.03857972  d_xy
  449   3   2  -1       0.03951927  d_yz
  449   3   2   0       0.01872769  d_z2
  449   3   2   1       0.03857972  d_xz
  449   3   2   2       0.01877109  d_x2-y2
  450   1   0   0       1.35542068  s
  450   2   1  -1       0.83000194  p_y
  450   2   1   0       0.83000194  p_z
  450   2   1   1       0.83061424  p_x
  450   3   2  -2       0.03859593  d_xy
  450   3   2  -1       0.03944244  d_yz
  450   3   2   0       0.01874636  d_z2
  450   3   2   1       0.03859593  d_xz
  450   3   2   2       0.01873564  d_x2-y2
  451   1   0   0       1.35551405  s
  451   2   1  -1       0.83026628  p_y
  451   2   1   0       0.83026628  p_z
  451   2   1   1       0.82988191  p_x
  451   3   2  -2       0.03896088  d_xy
  451   3   2  -1       0.03872877  d_yz
  451   3   2   0       0.01871436  d_z2
  451   3   2   1       0.03896088  d_xz
  451   3   2   2       0.01874256  d_x2-y2
  452   1   0   0       1.35565340  s
  452   2   1  -1       0.83013667  p_y
  452   2   1   0       0.83013667  p_z
  452   2   1   1       0.83004439  p_x
  452   3   2  -2       0.03898873  d_xy
  452   3   2  -1       0.03871850  d_yz
  452   3   2   0       0.01874057  d_z2
  452   3   2   1       0.03898873  d_xz
  452   3   2   2       0.01873521  d_x2-y2
  453   1   0   0       1.35554848  s
  453   2   1  -1       0.82982527  p_y
  453   2   1   0       0.82852616  p_z
  453   2   1   1       0.83093968  p_x
  453   3   2  -2       0.03767270  d_xy
  453   3   2  -1       0.04013113  d_yz
  453   3   2   0       0.01907571  d_z2
  453   3   2   1       0.03835426  d_xz
  453   3   2   2       0.01864479  d_x2-y2
  454   1   0   0       1.35622145  s
  454   2   1  -1       0.83001515  p_y
  454   2   1   0       0.82993121  p_z
  454   2   1   1       0.82942733  p_x
  454   3   2  -2       0.03897415  d_xy
  454   3   2  -1       0.03859478  d_yz
  454   3   2   0       0.01870838  d_z2
  454   3   2   1       0.03896896  d_xz
  454   3   2   2       0.01873451  d_x2-y2
  455   1   0   0       1.35568332  s
  455   2   1  -1       0.83018086  p_y
  455   2   1   0       0.83012481  p_z
  455   2   1   1       0.82997658  p_x
  455   3   2  -2       0.03897951  d_xy
  455   3   2  -1       0.03876017  d_yz
  455   3   2   0       0.01873635  d_z2
  455   3   2   1       0.03894896  d_xz
  455   3   2   2       0.01873596  d_x2-y2
  456   1   0   0       1.35603926  s
  456   2   1  -1       0.83004623  p_y
  456   2   1   0       0.82972241  p_z
  456   2   1   1       0.82922154  p_x
  456   3   2  -2       0.03864792  d_xy
  456   3   2  -1       0.03842931  d_yz
  456   3   2   0       0.01871934  d_z2
  456   3   2   1       0.03929721  d_xz
  456   3   2   2       0.01872209  d_x2-y2
  457   1   0   0       1.35717259  s
  457   2   1  -1       0.82979761  p_y
  457   2   1   0       0.82999094  p_z
  457   2   1   1       0.82759880  p_x
  457   3   2  -2       0.03962962  d_xy
  457   3   2  -1       0.03743006  d_yz
  457   3   2   0       0.01856601  d_z2
  457   3   2   1       0.03901917  d_xz
  457   3   2   2       0.01896469  d_x2-y2
  458   1   0   0       1.35608521  s
  458   2   1  -1       0.82998735  p_y
  458   2   1   0       0.83005787  p_z
  458   2   1   1       0.82994730  p_x
  458   3   2  -2       0.03893572  d_xy
  458   3   2  -1       0.03889548  d_yz
  458   3   2   0       0.01875358  d_z2
  458   3   2   1       0.03895370  d_xz
  458   3   2   2       0.01877145  d_x2-y2
  459   1   0   0       1.35717259  s
  459   2   1  -1       0.82999094  p_y
  459   2   1   0       0.82979761  p_z
  459   2   1   1       0.82759880  p_x
  459   3   2  -2       0.03901917  d_xy
  459   3   2  -1       0.03743006  d_yz
  459   3   2   0       0.01875366  d_z2
  459   3   2   1       0.03962962  d_xz
  459   3   2   2       0.01877704  d_x2-y2
  460   1   0   0       1.35608521  s
  460   2   1  -1       0.83005787  p_y
  460   2   1   0       0.82998735  p_z
  460   2   1   1       0.82994730  p_x
  460   3   2  -2       0.03895370  d_xy
  460   3   2  -1       0.03889548  d_yz
  460   3   2   0       0.01876253  d_z2
  460   3   2   1       0.03893572  d_xz
  460   3   2   2       0.01876250  d_x2-y2
  461   1   0   0       1.35663579  s
  461   2   1  -1       0.82975794  p_y
  461   2   1   0       0.82973322  p_z
  461   2   1   1       0.82967868  p_x
  461   3   2  -2       0.03880853  d_xy
  461   3   2  -1       0.03897212  d_yz
  461   3   2   0       0.01873767  d_z2
  461   3   2   1       0.03899145  d_xz
  461   3   2   2       0.01877060  d_x2-y2
  462   1   0   0       1.35859058  s
  462   2   1  -1       0.82907224  p_y
  462   2   1   0       0.82878657  p_z
  462   2   1   1       0.82328710  p_x
  462   3   2  -2       0.04121946  d_xy
  462   3   2  -1       0.03592565  d_yz
  462   3   2   0       0.02044427  d_z2
  462   3   2   1       0.04124969  d_xz
  462   3   2   2       0.01998644  d_x2-y2
  463   1   0   0       1.35697797  s
  463   2   1  -1       0.82972044  p_y
  463   2   1   0       0.82982702  p_z
  463   2   1   1       0.82959692  p_x
  463   3   2  -2       0.03909239  d_xy
  463   3   2  -1       0.03905561  d_yz
  463   3   2   0       0.01882893  d_z2
  463   3   2   1       0.03876246  d_xz
  463   3   2   2       0.01877234  d_x2-y2
  464   1   0   0       1.35626298  s
  464   2   1  -1       0.82978279  p_y
  464   2   1   0       0.82976972  p_z
  464   2   1   1       0.82986492  p_x
  464   3   2  -2       0.03887863  d_xy
  464   3   2  -1       0.03904382  d_yz
  464   3   2   0       0.01873963  d_z2
  464   3   2   1       0.03878612  d_xz
  464   3   2   2       0.01871847  d_x2-y2
  465   1   0   0       1.35554848  s
  465   2   1  -1       0.82852616  p_y
  465   2   1   0       0.82982527  p_z
  465   2   1   1       0.83093968  p_x
  465   3   2  -2       0.03835426  d_xy
  465   3   2  -1       0.04013113  d_yz
  465   3   2   0       0.01897228  d_z2
  465   3   2   1       0.03767270  d_xz
  465   3   2   2       0.01874822  d_x2-y2
  466   1   0   0       1.35622145  s
  466   2   1  -1       0.82993121  p_y
  466   2   1   0       0.83001515  p_z
  466   2   1   1       0.82942733  p_x
  466   3   2  -2       0.03896896  d_xy
  466   3   2  -1       0.03859478  d_yz
  466   3   2   0       0.01868357  d_z2
  466   3   2   1       0.03897415  d_xz
  466   3   2   2       0.01875932  d_x2-y2
  467   1   0   0       1.35568332  s
  467   2   1  -1       0.83012481  p_y
  467   2   1   0       0.83018086  p_z
  467   2   1   1       0.82997658  p_x
  467   3   2  -2       0.03894896  d_xy
  467   3   2  -1       0.03876017  d_yz
  467   3   2   0       0.01872400  d_z2
  467   3   2   1       0.03897951  d_xz
  467   3   2   2       0.01874831  d_x2-y2
  468   1   0   0       1.35603926  s
  468   2   1  -1       0.82972241  p_y
  468   2   1   0       0.83004623  p_z
  468   2   1   1       0.82922154  p_x
  468   3   2  -2       0.03929721  d_xy
  468   3   2  -1       0.03842931  d_yz
  468   3   2   0       0.01867788  d_z2
  468   3   2   1       0.03864792  d_xz
  468   3   2   2       0.01876354  d_x2-y2
  469   1   0   0       1.35716868  s
  469   2   1  -1       0.83033167  p_y
  469   2   1   0       0.83033167  p_z
  469   2   1   1       0.82890214  p_x
  469   3   2  -2       0.03942507  d_xy
  469   3   2  -1       0.03821995  d_yz
  469   3   2   0       0.01881751  d_z2
  469   3   2   1       0.03942507  d_xz
  469   3   2   2       0.01898574  d_x2-y2
  470   1   0   0       1.35618981  s
  470   2   1  -1       0.82998449  p_y
  470   2   1   0       0.82998449  p_z
  470   2   1   1       0.82984320  p_x
  470   3   2  -2       0.03891953  d_xy
  470   3   2  -1       0.03890601  d_yz
  470   3   2   0       0.01873959  d_z2
  470   3   2   1       0.03891953  d_xz
  470   3   2   2       0.01876148  d_x2-y2
  471   1   0   0       1.35587850  s
  471   2   1  -1       0.83003520  p_y
  471   2   1   0       0.83003520  p_z
  471   2   1   1       0.82999494  p_x
  471   3   2  -2       0.03893304  d_xy
  471   3   2  -1       0.03883876  d_yz
  471   3   2   0       0.01873525  d_z2
  471   3   2   1       0.03893304  d_xz
  471   3   2   2       0.01873975  d_x2-y2
  472   1   0   0       1.35912899  s
  472   2   1  -1       0.82600234  p_y
  472   2   1   0       0.82600234  p_z
  472   2   1   1       0.82871684  p_x
  472   3   2  -2       0.03599905  d_xy
  472   3   2  -1       0.04431194  d_yz
  472   3   2   0       0.01953712  d_z2
  472   3   2   1       0.03599905  d_xz
  472   3   2   2       0.01924550  d_x2-y2
  473   1   0   0       1.35697797  s
  473   2   1  -1       0.82982702  p_y
  473   2   1   0       0.82972044  p_z
  473   2   1   1       0.82959692  p_x
  473   3   2  -2       0.03876246  d_xy
  473   3   2  -1       0.03905561  d_yz
  473   3   2   0       0.01878964  d_z2
  473   3   2   1       0.03909239  d_xz
  473   3   2   2       0.01881163  d_x2-y2
  474   1   0   0       1.35626298  s
  474   2   1  -1       0.82976972  p_y
  474   2   1   0       0.82978279  p_z
  474   2   1   1       0.82986492  p_x
  474   3   2  -2       0.03878612  d_xy
  474   3   2  -1       0.03904382  d_yz
  474   3   2   0       0.01872752  d_z2
  474   3   2   1       0.03887863  d_xz
  474   3   2   2       0.01873059  d_x2-y2
  475   1   0   0       1.35663579  s
  475   2   1  -1       0.82973322  p_y
  475   2   1   0       0.82975794  p_z
  475   2   1   1       0.82967868  p_x
  475   3   2  -2       0.03899145  d_xy
  475   3   2  -1       0.03897212  d_yz
  475   3   2   0       0.01876955  d_z2
  475   3   2   1       0.03880853  d_xz
  475   3   2   2       0.01873872  d_x2-y2
  476   1   0   0       1.35859058  s
  476   2   1  -1       0.82878657  p_y
  476   2   1   0       0.82907224  p_z
  476   2   1   1       0.82328710  p_x
  476   3   2  -2       0.04124969  d_xy
  476   3   2  -1       0.03592565  d_yz
  476   3   2   0       0.02087854  d_z2
  476   3   2   1       0.04121946  d_xz
  476   3   2   2       0.01955217  d_x2-y2
  477   1   0   0       1.35562098  s
  477   2   1  -1       0.83009835  p_y
  477   2   1   0       0.83020385  p_z
  477   2   1   1       0.82989272  p_x
  477   3   2  -2       0.03910634  d_xy
  477   3   2  -1       0.03866790  d_yz
  477   3   2   0       0.01872840  d_z2
  477   3   2   1       0.03888551  d_xz
  477   3   2   2       0.01873144  d_x2-y2
  478   1   0   0       1.35551767  s
  478   2   1  -1       0.82953536  p_y
  478   2   1   0       0.82983278  p_z
  478   2   1   1       0.83033774  p_x
  478   3   2  -2       0.03841408  d_xy
  478   3   2  -1       0.03939129  d_yz
  478   3   2   0       0.01872520  d_z2
  478   3   2   1       0.03855977  d_xz
  478   3   2   2       0.01870418  d_x2-y2
  479   1   0   0       1.35562098  s
  479   2   1  -1       0.83020385  p_y
  479   2   1   0       0.83009835  p_z
  479   2   1   1       0.82989272  p_x
  479   3   2  -2       0.03888551  d_xy
  479   3   2  -1       0.03866790  d_yz
  479   3   2   0       0.01872495  d_z2
  479   3   2   1       0.03910634  d_xz
  479   3   2   2       0.01873489  d_x2-y2
  480   1   0   0       1.35551767  s
  480   2   1  -1       0.82983278  p_y
  480   2   1   0       0.82953536  p_z
  480   2   1   1       0.83033774  p_x
  480   3   2  -2       0.03855977  d_xy
  480   3   2  -1       0.03939129  d_yz
  480   3   2   0       0.01875828  d_z2
  480   3   2   1       0.03841408  d_xz
  480   3   2   2       0.01867110  d_x2-y2
  481   1   0   0       1.37659845  s
  481   2   1  -1       0.81889931  p_y
  481   2   1   0       0.81889931  p_z
  481   2   1   1       0.89003962  p_x
  481   3   2  -2       0.03680579  d_xy
  481   3   2  -1       0.01709200  d_yz
  481   3   2   0       0.01912591  d_z2
  481   3   2   1       0.03680579  d_xz
  481   3   2   2       0.02590641  d_x2-y2
  482   1   0   0       1.37659853  s
  482   2   1  -1       0.81889679  p_y
  482   2   1   0       0.81889679  p_z
  482   2   1   1       0.89003953  p_x
  482   3   2  -2       0.03680598  d_xy
  482   3   2  -1       0.01709199  d_yz
  482   3   2   0       0.01912591  d_z2
  482   3   2   1       0.03680598  d_xz
  482   3   2   2       0.02590639  d_x2-y2
  483   1   0   0       1.36334845  s
  483   2   1  -1       0.82966456  p_y
  483   2   1   0       0.82966456  p_z
  483   2   1   1       0.81170133  p_x
  483   3   2  -2       0.04569376  d_xy
  483   3   2  -1       0.03457813  d_yz
  483   3   2   0       0.01882581  d_z2
  483   3   2   1       0.04569376  d_xz
  483   3   2   2       0.02017854  d_x2-y2
  484   1   0   0       1.35742852  s
  484   2   1  -1       0.82941526  p_y
  484   2   1   0       0.82941526  p_z
  484   2   1   1       0.82975572  p_x
  484   3   2  -2       0.03873030  d_xy
  484   3   2  -1       0.03964304  d_yz
  484   3   2   0       0.01883909  d_z2
  484   3   2   1       0.03873030  d_xz
  484   3   2   2       0.01890495  d_x2-y2
  485   1   0   0       1.35632064  s
  485   2   1  -1       0.82980388  p_y
  485   2   1   0       0.82980388  p_z
  485   2   1   1       0.82979738  p_x
  485   3   2  -2       0.03880881  d_xy
  485   3   2  -1       0.03913051  d_yz
  485   3   2   0       0.01873503  d_z2
  485   3   2   1       0.03880881  d_xz
  485   3   2   2       0.01873983  d_x2-y2
  486   1   0   0       1.35613908  s
  486   2   1  -1       0.82959968  p_y
  486   2   1   0       0.82963167  p_z
  486   2   1   1       0.83003211  p_x
  486   3   2  -2       0.03851385  d_xy
  486   3   2  -1       0.03968996  d_yz
  486   3   2   0       0.01864815  d_z2
  486   3   2   1       0.03873399  d_xz
  486   3   2   2       0.01881855  d_x2-y2
  487   1   0   0       1.35523128  s
  487   2   1  -1       0.83000799  p_y
  487   2   1   0       0.83054435  p_z
  487   2   1   1       0.83000241  p_x
  487   3   2  -2       0.03877209  d_xy
  487   3   2  -1       0.03930093  d_yz
  487   3   2   0       0.01866904  d_z2
  487   3   2   1       0.03888247  d_xz
  487   3   2   2       0.01886444  d_x2-y2
  488   1   0   0       1.35570616  s
  488   2   1  -1       0.82993668  p_y
  488   2   1   0       0.83005806  p_z
  488   2   1   1       0.83025055  p_x
  488   3   2  -2       0.03899738  d_xy
  488   3   2  -1       0.03881134  d_yz
  488   3   2   0       0.01875930  d_z2
  488   3   2   1       0.03887347  d_xz
  488   3   2   2       0.01872255  d_x2-y2
  489   1   0   0       1.35422119  s
  489   2   1  -1       0.83093685  p_y
  489   2   1   0       0.83072445  p_z
  489   2   1   1       0.83080078  p_x
  489   3   2  -2       0.03836167  d_xy
  489   3   2  -1       0.03927570  d_yz
  489   3   2   0       0.01899710  d_z2
  489   3   2   1       0.03959145  d_xz
  489   3   2   2       0.01871892  d_x2-y2
  490   1   0   0       1.35265254  s
  490   2   1  -1       0.83117368  p_y
  490   2   1   0       0.83115540  p_z
  490   2   1   1       0.83087891  p_x
  490   3   2  -2       0.04025948  d_xy
  490   3   2  -1       0.03978713  d_yz
  490   3   2   0       0.01908130  d_z2
  490   3   2   1       0.03868406  d_xz
  490   3   2   2       0.01957386  d_x2-y2
  491   1   0   0       1.35621375  s
  491   2   1  -1       0.82961321  p_y
  491   2   1   0       0.82951223  p_z
  491   2   1   1       0.83019912  p_x
  491   3   2  -2       0.03905648  d_xy
  491   3   2  -1       0.03859793  d_yz
  491   3   2   0       0.01882672  d_z2
  491   3   2   1       0.03927585  d_xz
  491   3   2   2       0.01868017  d_x2-y2
  492   1   0   0       1.35265254  s
  492   2   1  -1       0.83115540  p_y
  492   2   1   0       0.83117368  p_z
  492   2   1   1       0.83087891  p_x
  492   3   2  -2       0.03868406  d_xy
  492   3   2  -1       0.03978713  d_yz
  492   3   2   0       0.01983485  d_z2
  492   3   2   1       0.04025948  d_xz
  492   3   2   2       0.01882031  d_x2-y2
  493   1   0   0       1.35621375  s
  493   2   1  -1       0.82951223  p_y
  493   2   1   0       0.82961321  p_z
  493   2   1   1       0.83019912  p_x
  493   3   2  -2       0.03927585  d_xy
  493   3   2  -1       0.03859793  d_yz
  493   3   2   0       0.01879417  d_z2
  493   3   2   1       0.03905648  d_xz
  493   3   2   2       0.01871273  d_x2-y2
  494   1   0   0       1.35659678  s
  494   2   1  -1       0.82963083  p_y
  494   2   1   0       0.82952973  p_z
  494   2   1   1       0.82976923  p_x
  494   3   2  -2       0.03896181  d_xy
  494   3   2  -1       0.03900894  d_yz
  494   3   2   0       0.01885852  d_z2
  494   3   2   1       0.03908616  d_xz
  494   3   2   2       0.01869522  d_x2-y2
  495   1   0   0       1.35578831  s
  495   2   1  -1       0.81779018  p_y
  495   2   1   0       0.82384362  p_z
  495   2   1   1       0.82338559  p_x
  495   3   2  -2       0.04143876  d_xy
  495   3   2  -1       0.04466352  d_yz
  495   3   2   0       0.02261821  d_z2
  495   3   2   1       0.04414009  d_xz
  495   3   2   2       0.01863881  d_x2-y2
  496   1   0   0       1.35848163  s
  496   2   1  -1       0.82794404  p_y
  496   2   1   0       0.82795192  p_z
  496   2   1   1       0.82948187  p_x
  496   3   2  -2       0.03989417  d_xy
  496   3   2  -1       0.03832461  d_yz
  496   3   2   0       0.01888278  d_z2
  496   3   2   1       0.03903447  d_xz
  496   3   2   2       0.01856922  d_x2-y2
  497   1   0   0       1.35635282  s
  497   2   1  -1       0.82957954  p_y
  497   2   1   0       0.82976128  p_z
  497   2   1   1       0.82973672  p_x
  497   3   2  -2       0.03894451  d_xy
  497   3   2  -1       0.03900031  d_yz
  497   3   2   0       0.01875900  d_z2
  497   3   2   1       0.03876914  d_xz
  497   3   2   2       0.01873969  d_x2-y2
  498   1   0   0       1.35613908  s
  498   2   1  -1       0.82963167  p_y
  498   2   1   0       0.82959968  p_z
  498   2   1   1       0.83003211  p_x
  498   3   2  -2       0.03873399  d_xy
  498   3   2  -1       0.03968996  d_yz
  498   3   2   0       0.01869857  d_z2
  498   3   2   1       0.03851385  d_xz
  498   3   2   2       0.01876813  d_x2-y2
  499   1   0   0       1.35523128  s
  499   2   1  -1       0.83054435  p_y
  499   2   1   0       0.83000799  p_z
  499   2   1   1       0.83000241  p_x
  499   3   2  -2       0.03888247  d_xy
  499   3   2  -1       0.03930093  d_yz
  499   3   2   0       0.01879580  d_z2
  499   3   2   1       0.03877209  d_xz
  499   3   2   2       0.01873768  d_x2-y2
  500   1   0   0       1.35570616  s
  500   2   1  -1       0.83005806  p_y
  500   2   1   0       0.82993668  p_z
  500   2   1   1       0.83025055  p_x
  500   3   2  -2       0.03887347  d_xy
  500   3   2  -1       0.03881134  d_yz
  500   3   2   0       0.01876627  d_z2
  500   3   2   1       0.03899738  d_xz
  500   3   2   2       0.01871558  d_x2-y2
  501   1   0   0       1.35422119  s
  501   2   1  -1       0.83072445  p_y
  501   2   1   0       0.83093685  p_z
  501   2   1   1       0.83080078  p_x
  501   3   2  -2       0.03959145  d_xy
  501   3   2  -1       0.03927570  d_yz
  501   3   2   0       0.01879054  d_z2
  501   3   2   1       0.03836167  d_xz
  501   3   2   2       0.01892549  d_x2-y2
  502   1   0   0       1.35569582  s
  502   2   1  -1       0.83148461  p_y
  502   2   1   0       0.83148461  p_z
  502   2   1   1       0.82955080  p_x
  502   3   2  -2       0.03896404  d_xy
  502   3   2  -1       0.03972161  d_yz
  502   3   2   0       0.01860144  d_z2
  502   3   2   1       0.03896404  d_xz
  502   3   2   2       0.01888552  d_x2-y2
  503   1   0   0       1.35625266  s
  503   2   1  -1       0.82951180  p_y
  503   2   1   0       0.82951180  p_z
  503   2   1   1       0.83007901  p_x
  503   3   2  -2       0.03900741  d_xy
  503   3   2  -1       0.03881072  d_yz
  503   3   2   0       0.01879957  d_z2
  503   3   2   1       0.03900741  d_xz
  503   3   2   2       0.01871331  d_x2-y2
  504   1   0   0       1.35586333  s
  504   2   1  -1       0.82995326  p_y
  504   2   1   0       0.82995326  p_z
  504   2   1   1       0.82999912  p_x
  504   3   2  -2       0.03892234  d_xy
  504   3   2  -1       0.03881880  d_yz
  504   3   2   0       0.01873901  d_z2
  504   3   2   1       0.03892234  d_xz
  504   3   2   2       0.01872854  d_x2-y2
  505   1   0   0       1.35655940  s
  505   2   1  -1       0.83017909  p_y
  505   2   1   0       0.83017909  p_z
  505   2   1   1       0.82875132  p_x
  505   3   2  -2       0.03914623  d_xy
  505   3   2  -1       0.04081501  d_yz
  505   3   2   0       0.01853894  d_z2
  505   3   2   1       0.03914623  d_xz
  505   3   2   2       0.01915161  d_x2-y2
  506   1   0   0       1.35848163  s
  506   2   1  -1       0.82795192  p_y
  506   2   1   0       0.82794404  p_z
  506   2   1   1       0.82948187  p_x
  506   3   2  -2       0.03903447  d_xy
  506   3   2  -1       0.03832461  d_yz
  506   3   2   0       0.01890035  d_z2
  506   3   2   1       0.03989417  d_xz
  506   3   2   2       0.01855165  d_x2-y2
  507   1   0   0       1.35635282  s
  507   2   1  -1       0.82976128  p_y
  507   2   1   0       0.82957954  p_z
  507   2   1   1       0.82973672  p_x
  507   3   2  -2       0.03876914  d_xy
  507   3   2  -1       0.03900031  d_yz
  507   3   2   0       0.01875509  d_z2
  507   3   2   1       0.03894451  d_xz
  507   3   2   2       0.01874360  d_x2-y2
  508   1   0   0       1.35659678  s
  508   2   1  -1       0.82952973  p_y
  508   2   1   0       0.82963083  p_z
  508   2   1   1       0.82976923  p_x
  508   3   2  -2       0.03908616  d_xy
  508   3   2  -1       0.03900894  d_yz
  508   3   2   0       0.01879204  d_z2
  508   3   2   1       0.03896181  d_xz
  508   3   2   2       0.01876169  d_x2-y2
  509   1   0   0       1.35578831  s
  509   2   1  -1       0.82384362  p_y
  509   2   1   0       0.81779018  p_z
  509   2   1   1       0.82338559  p_x
  509   3   2  -2       0.04414009  d_xy
  509   3   2  -1       0.04466352  d_yz
  509   3   2   0       0.01945501  d_z2
  509   3   2   1       0.04143876  d_xz
  509   3   2   2       0.02180200  d_x2-y2
  510   1   0   0       1.35662579  s
  510   2   1  -1       0.82988575  p_y
  510   2   1   0       0.82962048  p_z
  510   2   1   1       0.82968568  p_x
  510   3   2  -2       0.03882323  d_xy
  510   3   2  -1       0.03892507  d_yz
  510   3   2   0       0.01877640  d_z2
  510   3   2   1       0.03911649  d_xz
  510   3   2   2       0.01874114  d_x2-y2
  511   1   0   0       1.35661714  s
  511   2   1  -1       0.82837779  p_y
  511   2   1   0       0.83080352  p_z
  511   2   1   1       0.82969065  p_x
  511   3   2  -2       0.04072266  d_xy
  511   3   2  -1       0.03842994  d_yz
  511   3   2   0       0.01894705  d_z2
  511   3   2   1       0.03902946  d_xz
  511   3   2   2       0.01900462  d_x2-y2
  512   1   0   0       1.35662579  s
  512   2   1  -1       0.82962048  p_y
  512   2   1   0       0.82988575  p_z
  512   2   1   1       0.82968568  p_x
  512   3   2  -2       0.03911649  d_xy
  512   3   2  -1       0.03892507  d_yz
  512   3   2   0       0.01874444  d_z2
  512   3   2   1       0.03882323  d_xz
  512   3   2   2       0.01877310  d_x2-y2
  513   1   0   0       1.35661714  s
  513   2   1  -1       0.83080352  p_y
  513   2   1   0       0.82837779  p_z
  513   2   1   1       0.82969065  p_x
  513   3   2  -2       0.03902946  d_xy
  513   3   2  -1       0.03842994  d_yz
  513   3   2   0       0.01936944  d_z2
  513   3   2   1       0.04072266  d_xz
  513   3   2   2       0.01858223  d_x2-y2

Fermi level:                        -0.1271677818 H           -3.4604 eV
Band energy:                      -707.3607110642 H       -19248.2643 eV
TS:                                  0.0026062864 H            0.0709 eV
Band free energy (E-TS):          -707.3633173506 H       -19248.3352 eV
Extrapolated E(0K):               -707.3620142074 H       -19248.2997 eV
Input / Output electrons (q):   2051.9999999647   2051.9999999977

Energy H0:                        -707.3621368191 H       -19248.3031 eV
Energy SCC:                          0.0001666837 H            0.0045 eV
Total Electronic energy:          -707.3619701354 H       -19248.2986 eV
Repulsive energy:                    0.0000000000 H            0.0000 eV
Total energy:                     -707.3619701354 H       -19248.2986 eV
Extrapolated to 0:                -707.3632732786 H       -19248.3340 eV
Total Mermin free energy:         -707.3645764218 H       -19248.3695 eV
Force related energy:             -707.3645764218 H       -19248.3695 eV

Non-constrained calculation

SCC converged

Warning: dipole moment is not defined absolutely!
Dipole moment:    0.04970685   -0.05738547    0.05349568 au
Dipole moment:    0.12634222   -0.14585934    0.13597247 Debye


