 Fermi distribution function

Calculation with static geometry


********************************************************************************
 iSCC Total electronic   Diff electronic      SCC error    
   11   -0.70721936E+03   -0.23995881E-08    0.41510142E-05
********************************************************************************

 Total charge:    -0.00000007

 Atomic gross charges (e)
 Atom           Charge
    1      -0.00042477
    2       0.00102316
    3      -0.01635038
    4      -0.00864845
    5      -0.00020082
    6       0.00017077
    7       0.00028664
    8      -0.00074859
    9      -0.00044565
   10       0.00021950
   11      -0.00044565
   12       0.00021950
   13       0.00003446
   14      -0.00011800
   15       0.00016370
   16      -0.00011333
   17      -0.00020082
   18       0.00017077
   19       0.00028664
   20      -0.00074859
   21      -0.00027970
   22      -0.00024369
   23      -0.00017686
   24      -0.00003557
   25       0.00016370
   26      -0.00011333
   27       0.00003446
   28      -0.00011800
   29       0.00131997
   30       0.00002933
   31       0.00131997
   32       0.00002933
   33       0.00016051
   34      -0.00021445
   35      -0.00016238
   36      -0.00017686
   37       0.00010419
   38       0.00077804
   39       0.00131997
   40       0.00021950
   41       0.00039814
   42      -0.00074859
   43       0.00039814
   44      -0.00074859
   45      -0.00037498
   46       0.00012484
   47       0.00020193
   48       0.00013648
   49       0.00010419
   50       0.00077804
   51       0.00131997
   52       0.00021950
   53       0.00013066
   54       0.00105002
   55       0.00048960
   56       0.00003232
   57       0.00020193
   58       0.00013648
   59      -0.00037498
   60       0.00012484
   61      -0.00034248
   62       0.00014487
   63      -0.00034248
   64       0.00014487
   65       0.00105002
   66       0.00077804
   67       0.00031725
   68       0.00013648
   69       0.00013066
   70       0.00010419
   71       0.00017954
   72       0.00043949
   73       0.00003232
   74       0.00000111
   75       0.00031725
   76      -0.00034248
   77       0.00011221
   78      -0.00014178
   79       0.00017954
   80      -0.00037498
   81       0.00077804
   82      -0.00008101
   83      -0.00034248
   84      -0.00010910
   85       0.00010419
   86       0.00017240
   87      -0.00037498
   88       0.00039814
   89       0.00000111
   90      -0.00018428
   91       0.00013648
   92      -0.00010910
   93      -0.00014178
   94       0.00118744
   95       0.00043949
   96       0.00039814
   97       0.00017240
   98       0.00010419
   99       0.00039814
  100      -0.00037498
  101      -0.00027970
  102      -0.00020082
  103      -0.00014178
  104      -0.00139278
  105      -0.00003557
  106      -0.00010910
  107       0.00002933
  108      -0.00064221
  109       0.00003684
  110       0.00017954
  111      -0.00014178
  112       0.00003446
  113       0.00017077
  114       0.00102316
  115      -0.00064221
  116       0.00000111
  117      -0.00020082
  118      -0.00042477
  119       0.00003446
  120      -0.00044565
  121      -0.00010910
  122       0.00017432
  123      -0.00011333
  124       0.00000111
  125       0.00012484
  126       0.00031725
  127       0.00021950
  128       0.00003232
  129       0.00105002
  130       0.00077804
  131       0.00031725
  132       0.00013648
  133       0.00077804
  134      -0.00008101
  135      -0.00034248
  136      -0.00010910
  137       0.00031725
  138      -0.00034248
  139       0.00003232
  140       0.00000111
  141       0.00013648
  142      -0.00010910
  143       0.00000111
  144      -0.00018428
  145       0.00013066
  146       0.00010419
  147       0.00017954
  148       0.00043949
  149       0.00010419
  150       0.00017240
  151      -0.00037498
  152       0.00039814
  153       0.00017954
  154      -0.00037498
  155       0.00011221
  156      -0.00014178
  157       0.00043949
  158       0.00039814
  159      -0.00014178
  160       0.00118744
  161       0.00017240
  162       0.00010419
  163       0.00039814
  164      -0.00037498
  165       0.00017077
  166       0.00102316
  167      -0.00064221
  168       0.00000111
  169       0.00002933
  170      -0.00064221
  171      -0.00003557
  172      -0.00010910
  173      -0.00011333
  174       0.00000111
  175      -0.00010910
  176       0.00017432
  177      -0.00027970
  178      -0.00020082
  179      -0.00014178
  180      -0.00139278
  181      -0.00020082
  182      -0.00042477
  183       0.00003446
  184      -0.00044565
  185      -0.00014178
  186       0.00003446
  187       0.00003684
  188       0.00017954
  189       0.00021950
  190       0.00003232
  191       0.00012484
  192       0.00031725
  193      -0.00714942
  194       0.00015429
  195       0.00014487
  196       0.00017432
  197       0.00015429
  198      -0.00021445
  199       0.00012484
  200       0.00020193
  201       0.00014487
  202       0.00012484
  203       0.00014487
  204       0.00012484
  205       0.00017432
  206       0.00020193
  207       0.00012484
  208       0.00003684
  209       0.00015429
  210      -0.00021445
  211       0.00012484
  212       0.00020193
  213      -0.00021445
  214       0.00016051
  215       0.00003684
  216      -0.00016238
  217       0.00012484
  218       0.00003684
  219       0.00017432
  220       0.00020193
  221       0.00020193
  222      -0.00016238
  223       0.00020193
  224      -0.00016238
  225      -0.00024369
  226      -0.00027970
  227      -0.00003557
  228       0.00003684
  229       0.00060722
  230       0.00017072
  231      -0.00011800
  232       0.00016370
  233       0.00041763
  234      -0.00011800
  235       0.00041763
  236      -0.00011800
  237      -0.00018428
  238       0.00016370
  239      -0.00011800
  240       0.00011221
  241       0.00060722
  242       0.00017072
  243      -0.00011800
  244       0.00016370
  245       0.00017072
  246      -0.00005824
  247       0.00011221
  248       0.00133492
  249      -0.00011800
  250       0.00011221
  251      -0.00018428
  252       0.00016370
  253       0.00000111
  254      -0.00044565
  255       0.00000111
  256      -0.00044565
  257      -0.00005824
  258       0.00017072
  259       0.00133492
  260       0.00048960
  261       0.00017072
  262       0.00060722
  263      -0.00139278
  264      -0.00064221
  265       0.00133492
  266      -0.00139278
  267       0.00133492
  268      -0.00139278
  269       0.00048960
  270      -0.00064221
  271      -0.00139278
  272       0.03793031
  273       0.00017072
  274       0.00060722
  275      -0.00139278
  276      -0.00064221
  277       0.00060722
  278      -0.00571064
  279       0.03793031
  280       0.00041763
  281      -0.00139278
  282       0.03793031
  283       0.00048960
  284      -0.00064221
  285      -0.00064221
  286       0.00041763
  287      -0.00064221
  288       0.00041763
  289       0.00017240
  290      -0.00008101
  291       0.00118744
  292       0.03793031
  293      -0.00021445
  294       0.00015429
  295       0.00043949
  296      -0.00034248
  297      -0.00016238
  298       0.00043949
  299      -0.00016238
  300       0.00043949
  301      -0.00017686
  302      -0.00034248
  303       0.00043949
  304      -0.00864845
  305      -0.00021445
  306       0.00015429
  307       0.00043949
  308      -0.00034248
  309       0.00015429
  310      -0.00714942
  311      -0.00864845
  312       0.00014487
  313       0.00043949
  314      -0.00864845
  315      -0.00017686
  316      -0.00034248
  317       0.00028664
  318       0.00031725
  319       0.00028664
  320       0.00031725
  321      -0.00042477
  322      -0.00020082
  323      -0.00044565
  324       0.00003446
  325      -0.00020082
  326      -0.00027970
  327       0.00016370
  328       0.00131997
  329      -0.00044565
  330       0.00016370
  331      -0.01635038
  332       0.00028664
  333       0.00003446
  334       0.00131997
  335       0.00028664
  336      -0.00017686
  337       0.00102316
  338       0.00017077
  339       0.00021950
  340      -0.00011800
  341       0.00017077
  342      -0.00024369
  343      -0.00011333
  344       0.00002933
  345       0.00021950
  346      -0.00011333
  347      -0.00864845
  348      -0.00074859
  349      -0.00011800
  350       0.00002933
  351      -0.00074859
  352      -0.00003557
  353      -0.00024369
  354       0.00017077
  355       0.00002933
  356      -0.00011333
  357       0.00010419
  358       0.00013066
  359       0.00020193
  360       0.00028664
  361       0.00039814
  362       0.00020193
  363       0.00118744
  364       0.00131997
  365      -0.00037498
  366       0.00028664
  367       0.00131997
  368       0.00048960
  369      -0.00008101
  370       0.00077804
  371      -0.00074859
  372       0.00012484
  373       0.00077804
  374       0.00105002
  375       0.00013648
  376       0.00031725
  377      -0.00074859
  378       0.00013648
  379       0.03793031
  380       0.00021950
  381       0.00017954
  382      -0.01635038
  383      -0.00139278
  384      -0.00044565
  385      -0.00042477
  386      -0.00020082
  387      -0.00044565
  388       0.00003446
  389       0.00102316
  390       0.00017077
  391       0.00021950
  392      -0.00011800
  393      -0.01635038
  394       0.00028664
  395      -0.00044565
  396       0.00016370
  397      -0.00864845
  398      -0.00074859
  399       0.00021950
  400      -0.00011333
  401      -0.00020082
  402      -0.00027970
  403       0.00016370
  404       0.00131997
  405       0.00017077
  406      -0.00024369
  407      -0.00011333
  408       0.00002933
  409       0.00028664
  410      -0.00017686
  411       0.00003446
  412       0.00131997
  413      -0.00074859
  414      -0.00003557
  415      -0.00011800
  416       0.00002933
  417      -0.00024369
  418       0.00017077
  419       0.00002933
  420      -0.00011333
  421      -0.00008101
  422       0.00077804
  423      -0.00074859
  424       0.00012484
  425       0.00118744
  426       0.00131997
  427       0.00039814
  428       0.00020193
  429       0.03793031
  430       0.00021950
  431      -0.00074859
  432       0.00013648
  433       0.00010419
  434       0.00013066
  435       0.00020193
  436       0.00028664
  437       0.00077804
  438       0.00105002
  439       0.00013648
  440       0.00031725
  441       0.00131997
  442       0.00048960
  443      -0.00037498
  444       0.00028664
  445      -0.00139278
  446      -0.00044565
  447       0.00017954
  448      -0.01635038
  449       0.00105002
  450       0.00013066
  451       0.00003232
  452       0.00011221
  453       0.00077804
  454       0.00010419
  455       0.00000111
  456      -0.00014178
  457       0.00031725
  458       0.00017954
  459       0.00031725
  460       0.00017954
  461       0.00013648
  462       0.00043949
  463      -0.00034248
  464      -0.00037498
  465       0.00077804
  466       0.00010419
  467       0.00000111
  468      -0.00014178
  469      -0.00008101
  470       0.00017240
  471      -0.00018428
  472       0.00118744
  473      -0.00034248
  474      -0.00037498
  475       0.00013648
  476       0.00043949
  477      -0.00010910
  478       0.00039814
  479      -0.00010910
  480       0.00039814
  481      -0.00571064
  482      -0.08799669
  483       0.00060722
  484       0.00041763
  485      -0.00018428
  486       0.00017077
  487      -0.00020082
  488      -0.00010910
  489       0.00017954
  490       0.00002933
  491      -0.00014178
  492       0.00002933
  493      -0.00014178
  494      -0.00011333
  495      -0.00139278
  496      -0.00064221
  497       0.00003446
  498       0.00017077
  499      -0.00020082
  500      -0.00010910
  501       0.00017954
  502       0.00102316
  503      -0.00042477
  504       0.00017432
  505      -0.01635038
  506      -0.00064221
  507       0.00003446
  508      -0.00011333
  509      -0.00139278
  510       0.00016370
  511       0.00133492
  512       0.00016370
  513       0.00133492

Nr. of electrons (up):   2052.00000007
Atom populations (up)
 Atom       Population
    1       4.00042477
    2       3.99897684
    3       4.01635038
    4       4.00864845
    5       4.00020082
    6       3.99982923
    7       3.99971336
    8       4.00074859
    9       4.00044565
   10       3.99978050
   11       4.00044565
   12       3.99978050
   13       3.99996554
   14       4.00011800
   15       3.99983630
   16       4.00011333
   17       4.00020082
   18       3.99982923
   19       3.99971336
   20       4.00074859
   21       4.00027970
   22       4.00024369
   23       4.00017686
   24       4.00003557
   25       3.99983630
   26       4.00011333
   27       3.99996554
   28       4.00011800
   29       3.99868003
   30       3.99997067
   31       3.99868003
   32       3.99997067
   33       3.99983949
   34       4.00021445
   35       4.00016238
   36       4.00017686
   37       3.99989581
   38       3.99922196
   39       3.99868003
   40       3.99978050
   41       3.99960186
   42       4.00074859
   43       3.99960186
   44       4.00074859
   45       4.00037498
   46       3.99987516
   47       3.99979807
   48       3.99986352
   49       3.99989581
   50       3.99922196
   51       3.99868003
   52       3.99978050
   53       3.99986934
   54       3.99894998
   55       3.99951040
   56       3.99996768
   57       3.99979807
   58       3.99986352
   59       4.00037498
   60       3.99987516
   61       4.00034248
   62       3.99985513
   63       4.00034248
   64       3.99985513
   65       3.99894998
   66       3.99922196
   67       3.99968275
   68       3.99986352
   69       3.99986934
   70       3.99989581
   71       3.99982046
   72       3.99956051
   73       3.99996768
   74       3.99999889
   75       3.99968275
   76       4.00034248
   77       3.99988779
   78       4.00014178
   79       3.99982046
   80       4.00037498
   81       3.99922196
   82       4.00008101
   83       4.00034248
   84       4.00010910
   85       3.99989581
   86       3.99982760
   87       4.00037498
   88       3.99960186
   89       3.99999889
   90       4.00018428
   91       3.99986352
   92       4.00010910
   93       4.00014178
   94       3.99881256
   95       3.99956051
   96       3.99960186
   97       3.99982760
   98       3.99989581
   99       3.99960186
  100       4.00037498
  101       4.00027970
  102       4.00020082
  103       4.00014178
  104       4.00139278
  105       4.00003557
  106       4.00010910
  107       3.99997067
  108       4.00064221
  109       3.99996316
  110       3.99982046
  111       4.00014178
  112       3.99996554
  113       3.99982923
  114       3.99897684
  115       4.00064221
  116       3.99999889
  117       4.00020082
  118       4.00042477
  119       3.99996554
  120       4.00044565
  121       4.00010910
  122       3.99982568
  123       4.00011333
  124       3.99999889
  125       3.99987516
  126       3.99968275
  127       3.99978050
  128       3.99996768
  129       3.99894998
  130       3.99922196
  131       3.99968275
  132       3.99986352
  133       3.99922196
  134       4.00008101
  135       4.00034248
  136       4.00010910
  137       3.99968275
  138       4.00034248
  139       3.99996768
  140       3.99999889
  141       3.99986352
  142       4.00010910
  143       3.99999889
  144       4.00018428
  145       3.99986934
  146       3.99989581
  147       3.99982046
  148       3.99956051
  149       3.99989581
  150       3.99982760
  151       4.00037498
  152       3.99960186
  153       3.99982046
  154       4.00037498
  155       3.99988779
  156       4.00014178
  157       3.99956051
  158       3.99960186
  159       4.00014178
  160       3.99881256
  161       3.99982760
  162       3.99989581
  163       3.99960186
  164       4.00037498
  165       3.99982923
  166       3.99897684
  167       4.00064221
  168       3.99999889
  169       3.99997067
  170       4.00064221
  171       4.00003557
  172       4.00010910
  173       4.00011333
  174       3.99999889
  175       4.00010910
  176       3.99982568
  177       4.00027970
  178       4.00020082
  179       4.00014178
  180       4.00139278
  181       4.00020082
  182       4.00042477
  183       3.99996554
  184       4.00044565
  185       4.00014178
  186       3.99996554
  187       3.99996316
  188       3.99982046
  189       3.99978050
  190       3.99996768
  191       3.99987516
  192       3.99968275
  193       4.00714942
  194       3.99984571
  195       3.99985513
  196       3.99982568
  197       3.99984571
  198       4.00021445
  199       3.99987516
  200       3.99979807
  201       3.99985513
  202       3.99987516
  203       3.99985513
  204       3.99987516
  205       3.99982568
  206       3.99979807
  207       3.99987516
  208       3.99996316
  209       3.99984571
  210       4.00021445
  211       3.99987516
  212       3.99979807
  213       4.00021445
  214       3.99983949
  215       3.99996316
  216       4.00016238
  217       3.99987516
  218       3.99996316
  219       3.99982568
  220       3.99979807
  221       3.99979807
  222       4.00016238
  223       3.99979807
  224       4.00016238
  225       4.00024369
  226       4.00027970
  227       4.00003557
  228       3.99996316
  229       3.99939278
  230       3.99982928
  231       4.00011800
  232       3.99983630
  233       3.99958237
  234       4.00011800
  235       3.99958237
  236       4.00011800
  237       4.00018428
  238       3.99983630
  239       4.00011800
  240       3.99988779
  241       3.99939278
  242       3.99982928
  243       4.00011800
  244       3.99983630
  245       3.99982928
  246       4.00005824
  247       3.99988779
  248       3.99866508
  249       4.00011800
  250       3.99988779
  251       4.00018428
  252       3.99983630
  253       3.99999889
  254       4.00044565
  255       3.99999889
  256       4.00044565
  257       4.00005824
  258       3.99982928
  259       3.99866508
  260       3.99951040
  261       3.99982928
  262       3.99939278
  263       4.00139278
  264       4.00064221
  265       3.99866508
  266       4.00139278
  267       3.99866508
  268       4.00139278
  269       3.99951040
  270       4.00064221
  271       4.00139278
  272       3.96206969
  273       3.99982928
  274       3.99939278
  275       4.00139278
  276       4.00064221
  277       3.99939278
  278       4.00571064
  279       3.96206969
  280       3.99958237
  281       4.00139278
  282       3.96206969
  283       3.99951040
  284       4.00064221
  285       4.00064221
  286       3.99958237
  287       4.00064221
  288       3.99958237
  289       3.99982760
  290       4.00008101
  291       3.99881256
  292       3.96206969
  293       4.00021445
  294       3.99984571
  295       3.99956051
  296       4.00034248
  297       4.00016238
  298       3.99956051
  299       4.00016238
  300       3.99956051
  301       4.00017686
  302       4.00034248
  303       3.99956051
  304       4.00864845
  305       4.00021445
  306       3.99984571
  307       3.99956051
  308       4.00034248
  309       3.99984571
  310       4.00714942
  311       4.00864845
  312       3.99985513
  313       3.99956051
  314       4.00864845
  315       4.00017686
  316       4.00034248
  317       3.99971336
  318       3.99968275
  319       3.99971336
  320       3.99968275
  321       4.00042477
  322       4.00020082
  323       4.00044565
  324       3.99996554
  325       4.00020082
  326       4.00027970
  327       3.99983630
  328       3.99868003
  329       4.00044565
  330       3.99983630
  331       4.01635038
  332       3.99971336
  333       3.99996554
  334       3.99868003
  335       3.99971336
  336       4.00017686
  337       3.99897684
  338       3.99982923
  339       3.99978050
  340       4.00011800
  341       3.99982923
  342       4.00024369
  343       4.00011333
  344       3.99997067
  345       3.99978050
  346       4.00011333
  347       4.00864845
  348       4.00074859
  349       4.00011800
  350       3.99997067
  351       4.00074859
  352       4.00003557
  353       4.00024369
  354       3.99982923
  355       3.99997067
  356       4.00011333
  357       3.99989581
  358       3.99986934
  359       3.99979807
  360       3.99971336
  361       3.99960186
  362       3.99979807
  363       3.99881256
  364       3.99868003
  365       4.00037498
  366       3.99971336
  367       3.99868003
  368       3.99951040
  369       4.00008101
  370       3.99922196
  371       4.00074859
  372       3.99987516
  373       3.99922196
  374       3.99894998
  375       3.99986352
  376       3.99968275
  377       4.00074859
  378       3.99986352
  379       3.96206969
  380       3.99978050
  381       3.99982046
  382       4.01635038
  383       4.00139278
  384       4.00044565
  385       4.00042477
  386       4.00020082
  387       4.00044565
  388       3.99996554
  389       3.99897684
  390       3.99982923
  391       3.99978050
  392       4.00011800
  393       4.01635038
  394       3.99971336
  395       4.00044565
  396       3.99983630
  397       4.00864845
  398       4.00074859
  399       3.99978050
  400       4.00011333
  401       4.00020082
  402       4.00027970
  403       3.99983630
  404       3.99868003
  405       3.99982923
  406       4.00024369
  407       4.00011333
  408       3.99997067
  409       3.99971336
  410       4.00017686
  411       3.99996554
  412       3.99868003
  413       4.00074859
  414       4.00003557
  415       4.00011800
  416       3.99997067
  417       4.00024369
  418       3.99982923
  419       3.99997067
  420       4.00011333
  421       4.00008101
  422       3.99922196
  423       4.00074859
  424       3.99987516
  425       3.99881256
  426       3.99868003
  427       3.99960186
  428       3.99979807
  429       3.96206969
  430       3.99978050
  431       4.00074859
  432       3.99986352
  433       3.99989581
  434       3.99986934
  435       3.99979807
  436       3.99971336
  437       3.99922196
  438       3.99894998
  439       3.99986352
  440       3.99968275
  441       3.99868003
  442       3.99951040
  443       4.00037498
  444       3.99971336
  445       4.00139278
  446       4.00044565
  447       3.99982046
  448       4.01635038
  449       3.99894998
  450       3.99986934
  451       3.99996768
  452       3.99988779
  453       3.99922196
  454       3.99989581
  455       3.99999889
  456       4.00014178
  457       3.99968275
  458       3.99982046
  459       3.99968275
  460       3.99982046
  461       3.99986352
  462       3.99956051
  463       4.00034248
  464       4.00037498
  465       3.99922196
  466       3.99989581
  467       3.99999889
  468       4.00014178
  469       4.00008101
  470       3.99982760
  471       4.00018428
  472       3.99881256
  473       4.00034248
  474       4.00037498
  475       3.99986352
  476       3.99956051
  477       4.00010910
  478       3.99960186
  479       4.00010910
  480       3.99960186
  481       4.00571064
  482       4.08799669
  483       3.99939278
  484       3.99958237
  485       4.00018428
  486       3.99982923
  487       4.00020082
  488       4.00010910
  489       3.99982046
  490       3.99997067
  491       4.00014178
  492       3.99997067
  493       4.00014178
  494       4.00011333
  495       4.00139278
  496       4.00064221
  497       3.99996554
  498       3.99982923
  499       4.00020082
  500       4.00010910
  501       3.99982046
  502       3.99897684
  503       4.00042477
  504       3.99982568
  505       4.01635038
  506       4.00064221
  507       3.99996554
  508       4.00011333
  509       4.00139278
  510       3.99983630
  511       3.99866508
  512       3.99983630
  513       3.99866508

l-shell populations (up)
 Atom Sh.   l       Population
    1   1   0       1.35543601
    1   2   1       2.49061514
    1   3   2       0.15437362
    2   1   0       1.35545463
    2   2   1       2.48790483
    2   3   2       0.15561738
    3   1   0       1.35918673
    3   2   1       2.48867026
    3   3   2       0.16849340
    4   1   0       1.36076480
    4   2   1       2.47912124
    4   3   2       0.16876241
    5   1   0       1.35572282
    5   2   1       2.49023109
    5   3   2       0.15424691
    6   1   0       1.35502605
    6   2   1       2.48860817
    6   3   2       0.15619501
    7   1   0       1.35670369
    7   2   1       2.48823211
    7   3   2       0.15477756
    8   1   0       1.35526938
    8   2   1       2.49096820
    8   3   2       0.15451102
    9   1   0       1.35509602
    9   2   1       2.49093124
    9   3   2       0.15441839
   10   1   0       1.35598010
   10   2   1       2.48967495
   10   3   2       0.15412545
   11   1   0       1.35509602
   11   2   1       2.49093124
   11   3   2       0.15441839
   12   1   0       1.35598010
   12   2   1       2.48967495
   12   3   2       0.15412545
   13   1   0       1.35551028
   13   2   1       2.49027975
   13   3   2       0.15417551
   14   1   0       1.35560959
   14   2   1       2.49035357
   14   3   2       0.15415484
   15   1   0       1.35604373
   15   2   1       2.48970016
   15   3   2       0.15409241
   16   1   0       1.35651426
   16   2   1       2.48938109
   16   3   2       0.15421797
   17   1   0       1.35572282
   17   2   1       2.49023109
   17   3   2       0.15424691
   18   1   0       1.35502605
   18   2   1       2.48860817
   18   3   2       0.15619501
   19   1   0       1.35670369
   19   2   1       2.48823211
   19   3   2       0.15477756
   20   1   0       1.35526938
   20   2   1       2.49096820
   20   3   2       0.15451102
   21   1   0       1.35565737
   21   2   1       2.49043798
   21   3   2       0.15418436
   22   1   0       1.35639270
   22   2   1       2.48953248
   22   3   2       0.15431851
   23   1   0       1.35661689
   23   2   1       2.48931596
   23   3   2       0.15424401
   24   1   0       1.35565725
   24   2   1       2.49026013
   24   3   2       0.15411819
   25   1   0       1.35604373
   25   2   1       2.48970016
   25   3   2       0.15409241
   26   1   0       1.35651426
   26   2   1       2.48938109
   26   3   2       0.15421797
   27   1   0       1.35551028
   27   2   1       2.49027975
   27   3   2       0.15417551
   28   1   0       1.35560959
   28   2   1       2.49035357
   28   3   2       0.15415484
   29   1   0       1.35541613
   29   2   1       2.48619868
   29   3   2       0.15706521
   30   1   0       1.35599387
   30   2   1       2.48937495
   30   3   2       0.15460186
   31   1   0       1.35541613
   31   2   1       2.48619868
   31   3   2       0.15706521
   32   1   0       1.35599387
   32   2   1       2.48937495
   32   3   2       0.15460186
   33   1   0       1.35555217
   33   2   1       2.49018445
   33   3   2       0.15410287
   34   1   0       1.35576443
   34   2   1       2.49029019
   34   3   2       0.15415982
   35   1   0       1.35614840
   35   2   1       2.48989280
   35   3   2       0.15412118
   36   1   0       1.35661689
   36   2   1       2.48931596
   36   3   2       0.15424401
   37   1   0       1.35573367
   37   2   1       2.49009009
   37   3   2       0.15407206
   38   1   0       1.35637734
   38   2   1       2.48903858
   38   3   2       0.15380604
   39   1   0       1.35541613
   39   2   1       2.48619868
   39   3   2       0.15706521
   40   1   0       1.35598010
   40   2   1       2.48967495
   40   3   2       0.15412545
   41   1   0       1.35574783
   41   2   1       2.48988022
   41   3   2       0.15397381
   42   1   0       1.35526938
   42   2   1       2.49096820
   42   3   2       0.15451102
   43   1   0       1.35574783
   43   2   1       2.48988022
   43   3   2       0.15397381
   44   1   0       1.35526938
   44   2   1       2.49096820
   44   3   2       0.15451102
   45   1   0       1.35503630
   45   2   1       2.49104187
   45   3   2       0.15429682
   46   1   0       1.35569156
   46   2   1       2.49012883
   46   3   2       0.15405477
   47   1   0       1.35560504
   47   2   1       2.49010510
   47   3   2       0.15408793
   48   1   0       1.35627846
   48   2   1       2.48939730
   48   3   2       0.15418775
   49   1   0       1.35573367
   49   2   1       2.49009009
   49   3   2       0.15407206
   50   1   0       1.35637734
   50   2   1       2.48903858
   50   3   2       0.15380604
   51   1   0       1.35541613
   51   2   1       2.48619868
   51   3   2       0.15706521
   52   1   0       1.35598010
   52   2   1       2.48967495
   52   3   2       0.15412545
   53   1   0       1.35588274
   53   2   1       2.48993100
   53   3   2       0.15405559
   54   1   0       1.35635097
   54   2   1       2.48905893
   54   3   2       0.15354007
   55   1   0       1.35667311
   55   2   1       2.48854372
   55   3   2       0.15429356
   56   1   0       1.35561349
   56   2   1       2.49027925
   56   3   2       0.15407494
   57   1   0       1.35560504
   57   2   1       2.49010510
   57   3   2       0.15408793
   58   1   0       1.35627846
   58   2   1       2.48939730
   58   3   2       0.15418775
   59   1   0       1.35503630
   59   2   1       2.49104187
   59   3   2       0.15429682
   60   1   0       1.35569156
   60   2   1       2.49012883
   60   3   2       0.15405477
   61   1   0       1.35556345
   61   2   1       2.49027803
   61   3   2       0.15450100
   62   1   0       1.35580991
   62   2   1       2.48992451
   62   3   2       0.15412072
   63   1   0       1.35556345
   63   2   1       2.49027803
   63   3   2       0.15450100
   64   1   0       1.35580991
   64   2   1       2.48992451
   64   3   2       0.15412072
   65   1   0       1.35635097
   65   2   1       2.48905893
   65   3   2       0.15354008
   66   1   0       1.35637734
   66   2   1       2.48903858
   66   3   2       0.15380604
   67   1   0       1.35626788
   67   2   1       2.48938742
   67   3   2       0.15402745
   68   1   0       1.35627846
   68   2   1       2.48939730
   68   3   2       0.15418775
   69   1   0       1.35588274
   69   2   1       2.48993100
   69   3   2       0.15405559
   70   1   0       1.35573367
   70   2   1       2.49009009
   70   3   2       0.15407206
   71   1   0       1.35569820
   71   2   1       2.48994221
   71   3   2       0.15418005
   72   1   0       1.35531825
   72   2   1       2.48832017
   72   3   2       0.15592209
   73   1   0       1.35561349
   73   2   1       2.49027925
   73   3   2       0.15407494
   74   1   0       1.35558836
   74   2   1       2.49028846
   74   3   2       0.15412207
   75   1   0       1.35626788
   75   2   1       2.48938742
   75   3   2       0.15402745
   76   1   0       1.35556345
   76   2   1       2.49027803
   76   3   2       0.15450100
   77   1   0       1.35549920
   77   2   1       2.49024753
   77   3   2       0.15414106
   78   1   0       1.35590923
   78   2   1       2.49005485
   78   3   2       0.15417771
   79   1   0       1.35569820
   79   2   1       2.48994221
   79   3   2       0.15418005
   80   1   0       1.35503630
   80   2   1       2.49104187
   80   3   2       0.15429682
   81   1   0       1.35637734
   81   2   1       2.48903858
   81   3   2       0.15380604
   82   1   0       1.35570486
   82   2   1       2.49023106
   82   3   2       0.15414510
   83   1   0       1.35556345
   83   2   1       2.49027803
   83   3   2       0.15450100
   84   1   0       1.35559434
   84   2   1       2.49039872
   84   3   2       0.15411605
   85   1   0       1.35573367
   85   2   1       2.49009009
   85   3   2       0.15407206
   86   1   0       1.35545283
   86   2   1       2.49024771
   86   3   2       0.15412706
   87   1   0       1.35503630
   87   2   1       2.49104187
   87   3   2       0.15429682
   88   1   0       1.35574783
   88   2   1       2.48988022
   88   3   2       0.15397381
   89   1   0       1.35558836
   89   2   1       2.49028846
   89   3   2       0.15412207
   90   1   0       1.35527805
   90   2   1       2.49069505
   90   3   2       0.15421118
   91   1   0       1.35627846
   91   2   1       2.48939730
   91   3   2       0.15418775
   92   1   0       1.35559434
   92   2   1       2.49039872
   92   3   2       0.15411605
   93   1   0       1.35590923
   93   2   1       2.49005485
   93   3   2       0.15417771
   94   1   0       1.35627186
   94   2   1       2.48674075
   94   3   2       0.15579994
   95   1   0       1.35531825
   95   2   1       2.48832017
   95   3   2       0.15592209
   96   1   0       1.35574783
   96   2   1       2.48988022
   96   3   2       0.15397381
   97   1   0       1.35545283
   97   2   1       2.49024771
   97   3   2       0.15412706
   98   1   0       1.35573367
   98   2   1       2.49009009
   98   3   2       0.15407206
   99   1   0       1.35574783
   99   2   1       2.48988022
   99   3   2       0.15397381
  100   1   0       1.35503630
  100   2   1       2.49104187
  100   3   2       0.15429682
  101   1   0       1.35565737
  101   2   1       2.49043798
  101   3   2       0.15418436
  102   1   0       1.35572282
  102   2   1       2.49023109
  102   3   2       0.15424691
  103   1   0       1.35590923
  103   2   1       2.49005485
  103   3   2       0.15417771
  104   1   0       1.35561273
  104   2   1       2.48741951
  104   3   2       0.15836054
  105   1   0       1.35565725
  105   2   1       2.49026013
  105   3   2       0.15411819
  106   1   0       1.35559434
  106   2   1       2.49039872
  106   3   2       0.15411605
  107   1   0       1.35599387
  107   2   1       2.48937495
  107   3   2       0.15460186
  108   1   0       1.35554623
  108   2   1       2.49020694
  108   3   2       0.15488904
  109   1   0       1.35553121
  109   2   1       2.49033654
  109   3   2       0.15409541
  110   1   0       1.35569820
  110   2   1       2.48994221
  110   3   2       0.15418005
  111   1   0       1.35590923
  111   2   1       2.49005485
  111   3   2       0.15417771
  112   1   0       1.35551028
  112   2   1       2.49027975
  112   3   2       0.15417551
  113   1   0       1.35502605
  113   2   1       2.48860817
  113   3   2       0.15619501
  114   1   0       1.35545463
  114   2   1       2.48790483
  114   3   2       0.15561738
  115   1   0       1.35554623
  115   2   1       2.49020694
  115   3   2       0.15488904
  116   1   0       1.35558836
  116   2   1       2.49028846
  116   3   2       0.15412207
  117   1   0       1.35572282
  117   2   1       2.49023109
  117   3   2       0.15424691
  118   1   0       1.35543601
  118   2   1       2.49061514
  118   3   2       0.15437362
  119   1   0       1.35551028
  119   2   1       2.49027975
  119   3   2       0.15417551
  120   1   0       1.35509602
  120   2   1       2.49093124
  120   3   2       0.15441839
  121   1   0       1.35559434
  121   2   1       2.49039872
  121   3   2       0.15411605
  122   1   0       1.35559598
  122   2   1       2.49017224
  122   3   2       0.15405746
  123   1   0       1.35651426
  123   2   1       2.48938109
  123   3   2       0.15421797
  124   1   0       1.35558836
  124   2   1       2.49028846
  124   3   2       0.15412207
  125   1   0       1.35569156
  125   2   1       2.49012883
  125   3   2       0.15405477
  126   1   0       1.35626788
  126   2   1       2.48938742
  126   3   2       0.15402745
  127   1   0       1.35598010
  127   2   1       2.48967495
  127   3   2       0.15412545
  128   1   0       1.35561349
  128   2   1       2.49027925
  128   3   2       0.15407494
  129   1   0       1.35635097
  129   2   1       2.48905893
  129   3   2       0.15354008
  130   1   0       1.35637734
  130   2   1       2.48903858
  130   3   2       0.15380604
  131   1   0       1.35626788
  131   2   1       2.48938742
  131   3   2       0.15402745
  132   1   0       1.35627846
  132   2   1       2.48939730
  132   3   2       0.15418775
  133   1   0       1.35637734
  133   2   1       2.48903858
  133   3   2       0.15380604
  134   1   0       1.35570486
  134   2   1       2.49023106
  134   3   2       0.15414510
  135   1   0       1.35556345
  135   2   1       2.49027803
  135   3   2       0.15450100
  136   1   0       1.35559434
  136   2   1       2.49039872
  136   3   2       0.15411605
  137   1   0       1.35626788
  137   2   1       2.48938742
  137   3   2       0.15402745
  138   1   0       1.35556345
  138   2   1       2.49027803
  138   3   2       0.15450100
  139   1   0       1.35561349
  139   2   1       2.49027925
  139   3   2       0.15407494
  140   1   0       1.35558836
  140   2   1       2.49028846
  140   3   2       0.15412207
  141   1   0       1.35627846
  141   2   1       2.48939730
  141   3   2       0.15418775
  142   1   0       1.35559434
  142   2   1       2.49039872
  142   3   2       0.15411605
  143   1   0       1.35558836
  143   2   1       2.49028846
  143   3   2       0.15412207
  144   1   0       1.35527805
  144   2   1       2.49069505
  144   3   2       0.15421118
  145   1   0       1.35588274
  145   2   1       2.48993100
  145   3   2       0.15405559
  146   1   0       1.35573367
  146   2   1       2.49009009
  146   3   2       0.15407206
  147   1   0       1.35569820
  147   2   1       2.48994221
  147   3   2       0.15418005
  148   1   0       1.35531825
  148   2   1       2.48832017
  148   3   2       0.15592209
  149   1   0       1.35573367
  149   2   1       2.49009009
  149   3   2       0.15407206
  150   1   0       1.35545283
  150   2   1       2.49024771
  150   3   2       0.15412706
  151   1   0       1.35503630
  151   2   1       2.49104187
  151   3   2       0.15429682
  152   1   0       1.35574783
  152   2   1       2.48988022
  152   3   2       0.15397381
  153   1   0       1.35569820
  153   2   1       2.48994221
  153   3   2       0.15418005
  154   1   0       1.35503630
  154   2   1       2.49104187
  154   3   2       0.15429682
  155   1   0       1.35549920
  155   2   1       2.49024753
  155   3   2       0.15414106
  156   1   0       1.35590923
  156   2   1       2.49005485
  156   3   2       0.15417771
  157   1   0       1.35531825
  157   2   1       2.48832017
  157   3   2       0.15592209
  158   1   0       1.35574783
  158   2   1       2.48988022
  158   3   2       0.15397381
  159   1   0       1.35590923
  159   2   1       2.49005485
  159   3   2       0.15417771
  160   1   0       1.35627186
  160   2   1       2.48674075
  160   3   2       0.15579994
  161   1   0       1.35545283
  161   2   1       2.49024771
  161   3   2       0.15412706
  162   1   0       1.35573367
  162   2   1       2.49009009
  162   3   2       0.15407206
  163   1   0       1.35574783
  163   2   1       2.48988022
  163   3   2       0.15397381
  164   1   0       1.35503630
  164   2   1       2.49104187
  164   3   2       0.15429682
  165   1   0       1.35502605
  165   2   1       2.48860817
  165   3   2       0.15619501
  166   1   0       1.35545463
  166   2   1       2.48790483
  166   3   2       0.15561738
  167   1   0       1.35554623
  167   2   1       2.49020694
  167   3   2       0.15488904
  168   1   0       1.35558836
  168   2   1       2.49028846
  168   3   2       0.15412207
  169   1   0       1.35599387
  169   2   1       2.48937495
  169   3   2       0.15460186
  170   1   0       1.35554623
  170   2   1       2.49020694
  170   3   2       0.15488904
  171   1   0       1.35565725
  171   2   1       2.49026013
  171   3   2       0.15411819
  172   1   0       1.35559434
  172   2   1       2.49039872
  172   3   2       0.15411605
  173   1   0       1.35651426
  173   2   1       2.48938109
  173   3   2       0.15421797
  174   1   0       1.35558836
  174   2   1       2.49028846
  174   3   2       0.15412207
  175   1   0       1.35559434
  175   2   1       2.49039872
  175   3   2       0.15411605
  176   1   0       1.35559598
  176   2   1       2.49017224
  176   3   2       0.15405746
  177   1   0       1.35565737
  177   2   1       2.49043798
  177   3   2       0.15418436
  178   1   0       1.35572282
  178   2   1       2.49023109
  178   3   2       0.15424691
  179   1   0       1.35590923
  179   2   1       2.49005485
  179   3   2       0.15417771
  180   1   0       1.35561273
  180   2   1       2.48741951
  180   3   2       0.15836054
  181   1   0       1.35572282
  181   2   1       2.49023109
  181   3   2       0.15424691
  182   1   0       1.35543601
  182   2   1       2.49061514
  182   3   2       0.15437362
  183   1   0       1.35551028
  183   2   1       2.49027975
  183   3   2       0.15417551
  184   1   0       1.35509602
  184   2   1       2.49093124
  184   3   2       0.15441839
  185   1   0       1.35590923
  185   2   1       2.49005485
  185   3   2       0.15417771
  186   1   0       1.35551028
  186   2   1       2.49027975
  186   3   2       0.15417551
  187   1   0       1.35553121
  187   2   1       2.49033654
  187   3   2       0.15409541
  188   1   0       1.35569820
  188   2   1       2.48994221
  188   3   2       0.15418005
  189   1   0       1.35598010
  189   2   1       2.48967495
  189   3   2       0.15412545
  190   1   0       1.35561349
  190   2   1       2.49027925
  190   3   2       0.15407494
  191   1   0       1.35569156
  191   2   1       2.49012883
  191   3   2       0.15405477
  192   1   0       1.35626788
  192   2   1       2.48938742
  192   3   2       0.15402745
  193   1   0       1.36426020
  193   2   1       2.49131472
  193   3   2       0.15157450
  194   1   0       1.35656590
  194   2   1       2.48831825
  194   3   2       0.15496156
  195   1   0       1.35580991
  195   2   1       2.48992451
  195   3   2       0.15412072
  196   1   0       1.35559598
  196   2   1       2.49017224
  196   3   2       0.15405746
  197   1   0       1.35656590
  197   2   1       2.48831825
  197   3   2       0.15496156
  198   1   0       1.35576443
  198   2   1       2.49029019
  198   3   2       0.15415982
  199   1   0       1.35569156
  199   2   1       2.49012883
  199   3   2       0.15405477
  200   1   0       1.35560504
  200   2   1       2.49010510
  200   3   2       0.15408793
  201   1   0       1.35580991
  201   2   1       2.48992451
  201   3   2       0.15412072
  202   1   0       1.35569156
  202   2   1       2.49012883
  202   3   2       0.15405477
  203   1   0       1.35580991
  203   2   1       2.48992451
  203   3   2       0.15412072
  204   1   0       1.35569156
  204   2   1       2.49012883
  204   3   2       0.15405477
  205   1   0       1.35559598
  205   2   1       2.49017224
  205   3   2       0.15405746
  206   1   0       1.35560504
  206   2   1       2.49010510
  206   3   2       0.15408793
  207   1   0       1.35569156
  207   2   1       2.49012883
  207   3   2       0.15405477
  208   1   0       1.35553121
  208   2   1       2.49033654
  208   3   2       0.15409541
  209   1   0       1.35656590
  209   2   1       2.48831825
  209   3   2       0.15496156
  210   1   0       1.35576443
  210   2   1       2.49029019
  210   3   2       0.15415982
  211   1   0       1.35569156
  211   2   1       2.49012883
  211   3   2       0.15405477
  212   1   0       1.35560504
  212   2   1       2.49010510
  212   3   2       0.15408793
  213   1   0       1.35576443
  213   2   1       2.49029019
  213   3   2       0.15415982
  214   1   0       1.35555217
  214   2   1       2.49018445
  214   3   2       0.15410287
  215   1   0       1.35553121
  215   2   1       2.49033654
  215   3   2       0.15409541
  216   1   0       1.35614840
  216   2   1       2.48989280
  216   3   2       0.15412118
  217   1   0       1.35569156
  217   2   1       2.49012883
  217   3   2       0.15405477
  218   1   0       1.35553121
  218   2   1       2.49033654
  218   3   2       0.15409541
  219   1   0       1.35559598
  219   2   1       2.49017224
  219   3   2       0.15405746
  220   1   0       1.35560504
  220   2   1       2.49010510
  220   3   2       0.15408793
  221   1   0       1.35560504
  221   2   1       2.49010510
  221   3   2       0.15408793
  222   1   0       1.35614840
  222   2   1       2.48989280
  222   3   2       0.15412118
  223   1   0       1.35560504
  223   2   1       2.49010510
  223   3   2       0.15408793
  224   1   0       1.35614840
  224   2   1       2.48989280
  224   3   2       0.15412118
  225   1   0       1.35639270
  225   2   1       2.48953248
  225   3   2       0.15431851
  226   1   0       1.35565737
  226   2   1       2.49043798
  226   3   2       0.15418436
  227   1   0       1.35565725
  227   2   1       2.49026013
  227   3   2       0.15411819
  228   1   0       1.35553121
  228   2   1       2.49033654
  228   3   2       0.15409541
  229   1   0       1.35724178
  229   2   1       2.48697029
  229   3   2       0.15518070
  230   1   0       1.35604548
  230   2   1       2.48958116
  230   3   2       0.15420264
  231   1   0       1.35560959
  231   2   1       2.49035357
  231   3   2       0.15415484
  232   1   0       1.35604373
  232   2   1       2.48970016
  232   3   2       0.15409241
  233   1   0       1.35646037
  233   2   1       2.48913387
  233   3   2       0.15398813
  234   1   0       1.35560959
  234   2   1       2.49035357
  234   3   2       0.15415484
  235   1   0       1.35646037
  235   2   1       2.48913387
  235   3   2       0.15398813
  236   1   0       1.35560959
  236   2   1       2.49035357
  236   3   2       0.15415484
  237   1   0       1.35527805
  237   2   1       2.49069505
  237   3   2       0.15421118
  238   1   0       1.35604373
  238   2   1       2.48970016
  238   3   2       0.15409241
  239   1   0       1.35560959
  239   2   1       2.49035357
  239   3   2       0.15415484
  240   1   0       1.35549920
  240   2   1       2.49024753
  240   3   2       0.15414106
  241   1   0       1.35724178
  241   2   1       2.48697029
  241   3   2       0.15518070
  242   1   0       1.35604548
  242   2   1       2.48958116
  242   3   2       0.15420264
  243   1   0       1.35560959
  243   2   1       2.49035357
  243   3   2       0.15415484
  244   1   0       1.35604373
  244   2   1       2.48970016
  244   3   2       0.15409241
  245   1   0       1.35604548
  245   2   1       2.48958116
  245   3   2       0.15420264
  246   1   0       1.35562872
  246   2   1       2.49035301
  246   3   2       0.15407650
  247   1   0       1.35549920
  247   2   1       2.49024753
  247   3   2       0.15414106
  248   1   0       1.35651423
  248   2   1       2.48854908
  248   3   2       0.15360177
  249   1   0       1.35560959
  249   2   1       2.49035357
  249   3   2       0.15415484
  250   1   0       1.35549920
  250   2   1       2.49024753
  250   3   2       0.15414106
  251   1   0       1.35527805
  251   2   1       2.49069505
  251   3   2       0.15421118
  252   1   0       1.35604373
  252   2   1       2.48970016
  252   3   2       0.15409241
  253   1   0       1.35558836
  253   2   1       2.49028846
  253   3   2       0.15412207
  254   1   0       1.35509602
  254   2   1       2.49093124
  254   3   2       0.15441839
  255   1   0       1.35558836
  255   2   1       2.49028846
  255   3   2       0.15412207
  256   1   0       1.35509602
  256   2   1       2.49093124
  256   3   2       0.15441839
  257   1   0       1.35562872
  257   2   1       2.49035301
  257   3   2       0.15407650
  258   1   0       1.35604548
  258   2   1       2.48958116
  258   3   2       0.15420264
  259   1   0       1.35651423
  259   2   1       2.48854908
  259   3   2       0.15360177
  260   1   0       1.35667311
  260   2   1       2.48854372
  260   3   2       0.15429356
  261   1   0       1.35604548
  261   2   1       2.48958116
  261   3   2       0.15420264
  262   1   0       1.35724178
  262   2   1       2.48697029
  262   3   2       0.15518070
  263   1   0       1.35561273
  263   2   1       2.48741951
  263   3   2       0.15836054
  264   1   0       1.35554623
  264   2   1       2.49020694
  264   3   2       0.15488904
  265   1   0       1.35651423
  265   2   1       2.48854908
  265   3   2       0.15360177
  266   1   0       1.35561273
  266   2   1       2.48741951
  266   3   2       0.15836054
  267   1   0       1.35651423
  267   2   1       2.48854908
  267   3   2       0.15360177
  268   1   0       1.35561273
  268   2   1       2.48741951
  268   3   2       0.15836054
  269   1   0       1.35667311
  269   2   1       2.48854372
  269   3   2       0.15429356
  270   1   0       1.35554623
  270   2   1       2.49020694
  270   3   2       0.15488904
  271   1   0       1.35561273
  271   2   1       2.48741951
  271   3   2       0.15836054
  272   1   0       1.38899387
  272   2   1       2.35022416
  272   3   2       0.22285166
  273   1   0       1.35604548
  273   2   1       2.48958116
  273   3   2       0.15420264
  274   1   0       1.35724178
  274   2   1       2.48697029
  274   3   2       0.15518070
  275   1   0       1.35561273
  275   2   1       2.48741951
  275   3   2       0.15836054
  276   1   0       1.35554623
  276   2   1       2.49020694
  276   3   2       0.15488904
  277   1   0       1.35724178
  277   2   1       2.48697029
  277   3   2       0.15518070
  278   1   0       1.36783805
  278   2   1       2.45695331
  278   3   2       0.18091927
  279   1   0       1.38899387
  279   2   1       2.35022416
  279   3   2       0.22285166
  280   1   0       1.35646037
  280   2   1       2.48913387
  280   3   2       0.15398813
  281   1   0       1.35561273
  281   2   1       2.48741951
  281   3   2       0.15836054
  282   1   0       1.38899387
  282   2   1       2.35022416
  282   3   2       0.22285166
  283   1   0       1.35667311
  283   2   1       2.48854372
  283   3   2       0.15429356
  284   1   0       1.35554623
  284   2   1       2.49020694
  284   3   2       0.15488904
  285   1   0       1.35554623
  285   2   1       2.49020694
  285   3   2       0.15488904
  286   1   0       1.35646037
  286   2   1       2.48913387
  286   3   2       0.15398813
  287   1   0       1.35554623
  287   2   1       2.49020694
  287   3   2       0.15488904
  288   1   0       1.35646037
  288   2   1       2.48913387
  288   3   2       0.15398813
  289   1   0       1.35545283
  289   2   1       2.49024771
  289   3   2       0.15412706
  290   1   0       1.35570486
  290   2   1       2.49023106
  290   3   2       0.15414510
  291   1   0       1.35627186
  291   2   1       2.48674075
  291   3   2       0.15579994
  292   1   0       1.38899387
  292   2   1       2.35022416
  292   3   2       0.22285166
  293   1   0       1.35576443
  293   2   1       2.49029019
  293   3   2       0.15415982
  294   1   0       1.35656590
  294   2   1       2.48831825
  294   3   2       0.15496156
  295   1   0       1.35531825
  295   2   1       2.48832017
  295   3   2       0.15592209
  296   1   0       1.35556345
  296   2   1       2.49027803
  296   3   2       0.15450100
  297   1   0       1.35614840
  297   2   1       2.48989280
  297   3   2       0.15412118
  298   1   0       1.35531825
  298   2   1       2.48832017
  298   3   2       0.15592209
  299   1   0       1.35614840
  299   2   1       2.48989280
  299   3   2       0.15412118
  300   1   0       1.35531825
  300   2   1       2.48832017
  300   3   2       0.15592209
  301   1   0       1.35661689
  301   2   1       2.48931596
  301   3   2       0.15424401
  302   1   0       1.35556345
  302   2   1       2.49027803
  302   3   2       0.15450100
  303   1   0       1.35531825
  303   2   1       2.48832017
  303   3   2       0.15592209
  304   1   0       1.36076480
  304   2   1       2.47912124
  304   3   2       0.16876241
  305   1   0       1.35576443
  305   2   1       2.49029019
  305   3   2       0.15415982
  306   1   0       1.35656590
  306   2   1       2.48831825
  306   3   2       0.15496156
  307   1   0       1.35531825
  307   2   1       2.48832017
  307   3   2       0.15592209
  308   1   0       1.35556345
  308   2   1       2.49027803
  308   3   2       0.15450100
  309   1   0       1.35656590
  309   2   1       2.48831825
  309   3   2       0.15496156
  310   1   0       1.36426020
  310   2   1       2.49131472
  310   3   2       0.15157450
  311   1   0       1.36076480
  311   2   1       2.47912124
  311   3   2       0.16876241
  312   1   0       1.35580991
  312   2   1       2.48992451
  312   3   2       0.15412072
  313   1   0       1.35531825
  313   2   1       2.48832017
  313   3   2       0.15592209
  314   1   0       1.36076480
  314   2   1       2.47912124
  314   3   2       0.16876241
  315   1   0       1.35661689
  315   2   1       2.48931596
  315   3   2       0.15424401
  316   1   0       1.35556345
  316   2   1       2.49027803
  316   3   2       0.15450100
  317   1   0       1.35670369
  317   2   1       2.48823211
  317   3   2       0.15477756
  318   1   0       1.35626788
  318   2   1       2.48938742
  318   3   2       0.15402745
  319   1   0       1.35670369
  319   2   1       2.48823211
  319   3   2       0.15477756
  320   1   0       1.35626788
  320   2   1       2.48938742
  320   3   2       0.15402745
  321   1   0       1.35543601
  321   2   1       2.49061514
  321   3   2       0.15437362
  322   1   0       1.35572282
  322   2   1       2.49023109
  322   3   2       0.15424691
  323   1   0       1.35509602
  323   2   1       2.49093124
  323   3   2       0.15441839
  324   1   0       1.35551028
  324   2   1       2.49027975
  324   3   2       0.15417551
  325   1   0       1.35572282
  325   2   1       2.49023109
  325   3   2       0.15424691
  326   1   0       1.35565737
  326   2   1       2.49043798
  326   3   2       0.15418436
  327   1   0       1.35604373
  327   2   1       2.48970016
  327   3   2       0.15409241
  328   1   0       1.35541613
  328   2   1       2.48619868
  328   3   2       0.15706521
  329   1   0       1.35509602
  329   2   1       2.49093124
  329   3   2       0.15441839
  330   1   0       1.35604373
  330   2   1       2.48970016
  330   3   2       0.15409241
  331   1   0       1.35918673
  331   2   1       2.48867026
  331   3   2       0.16849340
  332   1   0       1.35670369
  332   2   1       2.48823211
  332   3   2       0.15477756
  333   1   0       1.35551028
  333   2   1       2.49027975
  333   3   2       0.15417551
  334   1   0       1.35541613
  334   2   1       2.48619868
  334   3   2       0.15706521
  335   1   0       1.35670369
  335   2   1       2.48823211
  335   3   2       0.15477756
  336   1   0       1.35661689
  336   2   1       2.48931596
  336   3   2       0.15424401
  337   1   0       1.35545463
  337   2   1       2.48790483
  337   3   2       0.15561738
  338   1   0       1.35502605
  338   2   1       2.48860817
  338   3   2       0.15619501
  339   1   0       1.35598010
  339   2   1       2.48967495
  339   3   2       0.15412545
  340   1   0       1.35560959
  340   2   1       2.49035357
  340   3   2       0.15415484
  341   1   0       1.35502605
  341   2   1       2.48860817
  341   3   2       0.15619501
  342   1   0       1.35639270
  342   2   1       2.48953248
  342   3   2       0.15431851
  343   1   0       1.35651426
  343   2   1       2.48938109
  343   3   2       0.15421797
  344   1   0       1.35599387
  344   2   1       2.48937495
  344   3   2       0.15460186
  345   1   0       1.35598010
  345   2   1       2.48967495
  345   3   2       0.15412545
  346   1   0       1.35651426
  346   2   1       2.48938109
  346   3   2       0.15421797
  347   1   0       1.36076480
  347   2   1       2.47912124
  347   3   2       0.16876241
  348   1   0       1.35526938
  348   2   1       2.49096820
  348   3   2       0.15451102
  349   1   0       1.35560959
  349   2   1       2.49035357
  349   3   2       0.15415484
  350   1   0       1.35599387
  350   2   1       2.48937495
  350   3   2       0.15460186
  351   1   0       1.35526938
  351   2   1       2.49096820
  351   3   2       0.15451102
  352   1   0       1.35565725
  352   2   1       2.49026013
  352   3   2       0.15411819
  353   1   0       1.35639270
  353   2   1       2.48953248
  353   3   2       0.15431851
  354   1   0       1.35502605
  354   2   1       2.48860817
  354   3   2       0.15619501
  355   1   0       1.35599387
  355   2   1       2.48937495
  355   3   2       0.15460186
  356   1   0       1.35651426
  356   2   1       2.48938109
  356   3   2       0.15421797
  357   1   0       1.35573367
  357   2   1       2.49009009
  357   3   2       0.15407206
  358   1   0       1.35588274
  358   2   1       2.48993100
  358   3   2       0.15405559
  359   1   0       1.35560504
  359   2   1       2.49010510
  359   3   2       0.15408793
  360   1   0       1.35670369
  360   2   1       2.48823211
  360   3   2       0.15477756
  361   1   0       1.35574783
  361   2   1       2.48988022
  361   3   2       0.15397381
  362   1   0       1.35560504
  362   2   1       2.49010510
  362   3   2       0.15408793
  363   1   0       1.35627186
  363   2   1       2.48674075
  363   3   2       0.15579994
  364   1   0       1.35541613
  364   2   1       2.48619868
  364   3   2       0.15706521
  365   1   0       1.35503630
  365   2   1       2.49104187
  365   3   2       0.15429682
  366   1   0       1.35670369
  366   2   1       2.48823211
  366   3   2       0.15477756
  367   1   0       1.35541613
  367   2   1       2.48619868
  367   3   2       0.15706521
  368   1   0       1.35667311
  368   2   1       2.48854372
  368   3   2       0.15429356
  369   1   0       1.35570486
  369   2   1       2.49023106
  369   3   2       0.15414510
  370   1   0       1.35637734
  370   2   1       2.48903858
  370   3   2       0.15380604
  371   1   0       1.35526938
  371   2   1       2.49096820
  371   3   2       0.15451102
  372   1   0       1.35569156
  372   2   1       2.49012883
  372   3   2       0.15405477
  373   1   0       1.35637734
  373   2   1       2.48903858
  373   3   2       0.15380604
  374   1   0       1.35635097
  374   2   1       2.48905893
  374   3   2       0.15354007
  375   1   0       1.35627846
  375   2   1       2.48939730
  375   3   2       0.15418775
  376   1   0       1.35626788
  376   2   1       2.48938742
  376   3   2       0.15402745
  377   1   0       1.35526938
  377   2   1       2.49096820
  377   3   2       0.15451102
  378   1   0       1.35627846
  378   2   1       2.48939730
  378   3   2       0.15418775
  379   1   0       1.38899387
  379   2   1       2.35022416
  379   3   2       0.22285166
  380   1   0       1.35598010
  380   2   1       2.48967495
  380   3   2       0.15412545
  381   1   0       1.35569820
  381   2   1       2.48994221
  381   3   2       0.15418005
  382   1   0       1.35918673
  382   2   1       2.48867026
  382   3   2       0.16849340
  383   1   0       1.35561273
  383   2   1       2.48741951
  383   3   2       0.15836054
  384   1   0       1.35509602
  384   2   1       2.49093124
  384   3   2       0.15441839
  385   1   0       1.35543601
  385   2   1       2.49061514
  385   3   2       0.15437362
  386   1   0       1.35572282
  386   2   1       2.49023109
  386   3   2       0.15424691
  387   1   0       1.35509602
  387   2   1       2.49093124
  387   3   2       0.15441839
  388   1   0       1.35551028
  388   2   1       2.49027975
  388   3   2       0.15417551
  389   1   0       1.35545463
  389   2   1       2.48790483
  389   3   2       0.15561738
  390   1   0       1.35502605
  390   2   1       2.48860817
  390   3   2       0.15619501
  391   1   0       1.35598010
  391   2   1       2.48967495
  391   3   2       0.15412545
  392   1   0       1.35560959
  392   2   1       2.49035357
  392   3   2       0.15415484
  393   1   0       1.35918673
  393   2   1       2.48867026
  393   3   2       0.16849340
  394   1   0       1.35670369
  394   2   1       2.48823211
  394   3   2       0.15477756
  395   1   0       1.35509602
  395   2   1       2.49093124
  395   3   2       0.15441839
  396   1   0       1.35604373
  396   2   1       2.48970016
  396   3   2       0.15409241
  397   1   0       1.36076480
  397   2   1       2.47912124
  397   3   2       0.16876241
  398   1   0       1.35526938
  398   2   1       2.49096820
  398   3   2       0.15451102
  399   1   0       1.35598010
  399   2   1       2.48967495
  399   3   2       0.15412545
  400   1   0       1.35651426
  400   2   1       2.48938109
  400   3   2       0.15421797
  401   1   0       1.35572282
  401   2   1       2.49023109
  401   3   2       0.15424691
  402   1   0       1.35565737
  402   2   1       2.49043798
  402   3   2       0.15418436
  403   1   0       1.35604373
  403   2   1       2.48970016
  403   3   2       0.15409241
  404   1   0       1.35541613
  404   2   1       2.48619868
  404   3   2       0.15706521
  405   1   0       1.35502605
  405   2   1       2.48860817
  405   3   2       0.15619501
  406   1   0       1.35639270
  406   2   1       2.48953248
  406   3   2       0.15431851
  407   1   0       1.35651426
  407   2   1       2.48938109
  407   3   2       0.15421797
  408   1   0       1.35599387
  408   2   1       2.48937495
  408   3   2       0.15460186
  409   1   0       1.35670369
  409   2   1       2.48823211
  409   3   2       0.15477756
  410   1   0       1.35661689
  410   2   1       2.48931596
  410   3   2       0.15424401
  411   1   0       1.35551028
  411   2   1       2.49027975
  411   3   2       0.15417551
  412   1   0       1.35541613
  412   2   1       2.48619868
  412   3   2       0.15706521
  413   1   0       1.35526938
  413   2   1       2.49096820
  413   3   2       0.15451102
  414   1   0       1.35565725
  414   2   1       2.49026013
  414   3   2       0.15411819
  415   1   0       1.35560959
  415   2   1       2.49035357
  415   3   2       0.15415484
  416   1   0       1.35599387
  416   2   1       2.48937495
  416   3   2       0.15460186
  417   1   0       1.35639270
  417   2   1       2.48953248
  417   3   2       0.15431851
  418   1   0       1.35502605
  418   2   1       2.48860817
  418   3   2       0.15619501
  419   1   0       1.35599387
  419   2   1       2.48937495
  419   3   2       0.15460186
  420   1   0       1.35651426
  420   2   1       2.48938109
  420   3   2       0.15421797
  421   1   0       1.35570486
  421   2   1       2.49023106
  421   3   2       0.15414510
  422   1   0       1.35637734
  422   2   1       2.48903858
  422   3   2       0.15380604
  423   1   0       1.35526938
  423   2   1       2.49096820
  423   3   2       0.15451102
  424   1   0       1.35569156
  424   2   1       2.49012883
  424   3   2       0.15405477
  425   1   0       1.35627186
  425   2   1       2.48674075
  425   3   2       0.15579994
  426   1   0       1.35541613
  426   2   1       2.48619868
  426   3   2       0.15706521
  427   1   0       1.35574783
  427   2   1       2.48988022
  427   3   2       0.15397381
  428   1   0       1.35560504
  428   2   1       2.49010510
  428   3   2       0.15408793
  429   1   0       1.38899387
  429   2   1       2.35022416
  429   3   2       0.22285166
  430   1   0       1.35598010
  430   2   1       2.48967495
  430   3   2       0.15412545
  431   1   0       1.35526938
  431   2   1       2.49096820
  431   3   2       0.15451102
  432   1   0       1.35627846
  432   2   1       2.48939730
  432   3   2       0.15418775
  433   1   0       1.35573367
  433   2   1       2.49009009
  433   3   2       0.15407206
  434   1   0       1.35588274
  434   2   1       2.48993100
  434   3   2       0.15405559
  435   1   0       1.35560504
  435   2   1       2.49010510
  435   3   2       0.15408793
  436   1   0       1.35670369
  436   2   1       2.48823211
  436   3   2       0.15477756
  437   1   0       1.35637734
  437   2   1       2.48903858
  437   3   2       0.15380604
  438   1   0       1.35635097
  438   2   1       2.48905893
  438   3   2       0.15354007
  439   1   0       1.35627846
  439   2   1       2.48939730
  439   3   2       0.15418775
  440   1   0       1.35626788
  440   2   1       2.48938742
  440   3   2       0.15402745
  441   1   0       1.35541613
  441   2   1       2.48619868
  441   3   2       0.15706521
  442   1   0       1.35667311
  442   2   1       2.48854372
  442   3   2       0.15429356
  443   1   0       1.35503630
  443   2   1       2.49104187
  443   3   2       0.15429682
  444   1   0       1.35670369
  444   2   1       2.48823211
  444   3   2       0.15477756
  445   1   0       1.35561273
  445   2   1       2.48741951
  445   3   2       0.15836054
  446   1   0       1.35509602
  446   2   1       2.49093124
  446   3   2       0.15441839
  447   1   0       1.35569820
  447   2   1       2.48994221
  447   3   2       0.15418005
  448   1   0       1.35918673
  448   2   1       2.48867026
  448   3   2       0.16849340
  449   1   0       1.35635097
  449   2   1       2.48905893
  449   3   2       0.15354008
  450   1   0       1.35588274
  450   2   1       2.48993100
  450   3   2       0.15405559
  451   1   0       1.35561349
  451   2   1       2.49027925
  451   3   2       0.15407494
  452   1   0       1.35549920
  452   2   1       2.49024753
  452   3   2       0.15414106
  453   1   0       1.35637734
  453   2   1       2.48903858
  453   3   2       0.15380604
  454   1   0       1.35573367
  454   2   1       2.49009009
  454   3   2       0.15407206
  455   1   0       1.35558836
  455   2   1       2.49028846
  455   3   2       0.15412207
  456   1   0       1.35590923
  456   2   1       2.49005485
  456   3   2       0.15417771
  457   1   0       1.35626788
  457   2   1       2.48938742
  457   3   2       0.15402745
  458   1   0       1.35569820
  458   2   1       2.48994221
  458   3   2       0.15418005
  459   1   0       1.35626788
  459   2   1       2.48938742
  459   3   2       0.15402745
  460   1   0       1.35569820
  460   2   1       2.48994221
  460   3   2       0.15418005
  461   1   0       1.35627846
  461   2   1       2.48939730
  461   3   2       0.15418775
  462   1   0       1.35531825
  462   2   1       2.48832017
  462   3   2       0.15592209
  463   1   0       1.35556345
  463   2   1       2.49027803
  463   3   2       0.15450100
  464   1   0       1.35503630
  464   2   1       2.49104187
  464   3   2       0.15429682
  465   1   0       1.35637734
  465   2   1       2.48903858
  465   3   2       0.15380604
  466   1   0       1.35573367
  466   2   1       2.49009009
  466   3   2       0.15407206
  467   1   0       1.35558836
  467   2   1       2.49028846
  467   3   2       0.15412207
  468   1   0       1.35590923
  468   2   1       2.49005485
  468   3   2       0.15417771
  469   1   0       1.35570486
  469   2   1       2.49023106
  469   3   2       0.15414510
  470   1   0       1.35545283
  470   2   1       2.49024771
  470   3   2       0.15412706
  471   1   0       1.35527805
  471   2   1       2.49069505
  471   3   2       0.15421118
  472   1   0       1.35627186
  472   2   1       2.48674075
  472   3   2       0.15579994
  473   1   0       1.35556345
  473   2   1       2.49027803
  473   3   2       0.15450100
  474   1   0       1.35503630
  474   2   1       2.49104187
  474   3   2       0.15429682
  475   1   0       1.35627846
  475   2   1       2.48939730
  475   3   2       0.15418775
  476   1   0       1.35531825
  476   2   1       2.48832017
  476   3   2       0.15592209
  477   1   0       1.35559434
  477   2   1       2.49039872
  477   3   2       0.15411605
  478   1   0       1.35574783
  478   2   1       2.48988022
  478   3   2       0.15397381
  479   1   0       1.35559434
  479   2   1       2.49039872
  479   3   2       0.15411605
  480   1   0       1.35574783
  480   2   1       2.48988022
  480   3   2       0.15397381
  481   1   0       1.36783805
  481   2   1       2.45695331
  481   3   2       0.18091927
  482   1   0       1.50887376
  482   2   1       2.31406257
  482   3   2       0.26506037
  483   1   0       1.35724178
  483   2   1       2.48697029
  483   3   2       0.15518070
  484   1   0       1.35646037
  484   2   1       2.48913387
  484   3   2       0.15398813
  485   1   0       1.35527805
  485   2   1       2.49069505
  485   3   2       0.15421118
  486   1   0       1.35502605
  486   2   1       2.48860817
  486   3   2       0.15619501
  487   1   0       1.35572282
  487   2   1       2.49023109
  487   3   2       0.15424691
  488   1   0       1.35559434
  488   2   1       2.49039872
  488   3   2       0.15411605
  489   1   0       1.35569820
  489   2   1       2.48994221
  489   3   2       0.15418005
  490   1   0       1.35599387
  490   2   1       2.48937495
  490   3   2       0.15460186
  491   1   0       1.35590923
  491   2   1       2.49005485
  491   3   2       0.15417771
  492   1   0       1.35599387
  492   2   1       2.48937495
  492   3   2       0.15460186
  493   1   0       1.35590923
  493   2   1       2.49005485
  493   3   2       0.15417771
  494   1   0       1.35651426
  494   2   1       2.48938109
  494   3   2       0.15421797
  495   1   0       1.35561273
  495   2   1       2.48741951
  495   3   2       0.15836054
  496   1   0       1.35554623
  496   2   1       2.49020694
  496   3   2       0.15488904
  497   1   0       1.35551028
  497   2   1       2.49027975
  497   3   2       0.15417551
  498   1   0       1.35502605
  498   2   1       2.48860817
  498   3   2       0.15619501
  499   1   0       1.35572282
  499   2   1       2.49023109
  499   3   2       0.15424691
  500   1   0       1.35559434
  500   2   1       2.49039872
  500   3   2       0.15411605
  501   1   0       1.35569820
  501   2   1       2.48994221
  501   3   2       0.15418005
  502   1   0       1.35545463
  502   2   1       2.48790483
  502   3   2       0.15561738
  503   1   0       1.35543601
  503   2   1       2.49061514
  503   3   2       0.15437362
  504   1   0       1.35559598
  504   2   1       2.49017224
  504   3   2       0.15405746
  505   1   0       1.35918673
  505   2   1       2.48867026
  505   3   2       0.16849340
  506   1   0       1.35554623
  506   2   1       2.49020694
  506   3   2       0.15488904
  507   1   0       1.35551028
  507   2   1       2.49027975
  507   3   2       0.15417551
  508   1   0       1.35651426
  508   2   1       2.48938109
  508   3   2       0.15421797
  509   1   0       1.35561273
  509   2   1       2.48741951
  509   3   2       0.15836054
  510   1   0       1.35604373
  510   2   1       2.48970016
  510   3   2       0.15409241
  511   1   0       1.35651423
  511   2   1       2.48854908
  511   3   2       0.15360177
  512   1   0       1.35604373
  512   2   1       2.48970016
  512   3   2       0.15409241
  513   1   0       1.35651423
  513   2   1       2.48854908
  513   3   2       0.15360177

Orbital populations (up)
 Atom Sh.   l   m       Population  Label
    1   1   0   0       1.35543601  s
    1   2   1  -1       0.83023882  p_y
    1   2   1   0       0.83023882  p_z
    1   2   1   1       0.83013749  p_x
    1   3   2  -2       0.03900263  d_xy
    1   3   2  -1       0.03882873  d_yz
    1   3   2   0       0.01875665  d_z2
    1   3   2   1       0.03900263  d_xz
    1   3   2   2       0.01878298  d_x2-y2
    2   1   0   0       1.35545463  s
    2   2   1  -1       0.82905250  p_y
    2   2   1   0       0.82905250  p_z
    2   2   1   1       0.82979983  p_x
    2   3   2  -2       0.03946099  d_xy
    2   3   2  -1       0.03895565  d_yz
    2   3   2   0       0.01883516  d_z2
    2   3   2   1       0.03946099  d_xz
    2   3   2   2       0.01890458  d_x2-y2
    3   1   0   0       1.35918673  s
    3   2   1  -1       0.83025768  p_y
    3   2   1   0       0.83025768  p_z
    3   2   1   1       0.82815489  p_x
    3   3   2  -2       0.04272187  d_xy
    3   3   2  -1       0.04261920  d_yz
    3   3   2   0       0.02046441  d_z2
    3   3   2   1       0.04272187  d_xz
    3   3   2   2       0.01996604  d_x2-y2
    4   1   0   0       1.36076480  s
    4   2   1  -1       0.83006211  p_y
    4   2   1   0       0.83006211  p_z
    4   2   1   1       0.81899702  p_x
    4   3   2  -2       0.04042966  d_xy
    4   3   2  -1       0.04361103  d_yz
    4   3   2   0       0.02118528  d_z2
    4   3   2   1       0.04042966  d_xz
    4   3   2   2       0.02310679  d_x2-y2
    5   1   0   0       1.35572282  s
    5   2   1  -1       0.82999914  p_y
    5   2   1   0       0.83005766  p_z
    5   2   1   1       0.83017429  p_x
    5   3   2  -2       0.03887574  d_xy
    5   3   2  -1       0.03883028  d_yz
    5   3   2   0       0.01874113  d_z2
    5   3   2   1       0.03905069  d_xz
    5   3   2   2       0.01874907  d_x2-y2
    6   1   0   0       1.35502605  s
    6   2   1  -1       0.82912282  p_y
    6   2   1   0       0.83034494  p_z
    6   2   1   1       0.82914041  p_x
    6   3   2  -2       0.03903850  d_xy
    6   3   2  -1       0.03964661  d_yz
    6   3   2   0       0.01915839  d_z2
    6   3   2   1       0.03953169  d_xz
    6   3   2   2       0.01881982  d_x2-y2
    7   1   0   0       1.35670369  s
    7   2   1  -1       0.82853829  p_y
    7   2   1   0       0.82947376  p_z
    7   2   1   1       0.83022007  p_x
    7   3   2  -2       0.03831099  d_xy
    7   3   2  -1       0.04018352  d_yz
    7   3   2   0       0.01894401  d_z2
    7   3   2   1       0.03825745  d_xz
    7   3   2   2       0.01908160  d_x2-y2
    8   1   0   0       1.35526938  s
    8   2   1  -1       0.83042258  p_y
    8   2   1   0       0.83045573  p_z
    8   2   1   1       0.83008988  p_x
    8   3   2  -2       0.03938995  d_xy
    8   3   2  -1       0.03890489  d_yz
    8   3   2   0       0.01874624  d_z2
    8   3   2   1       0.03857544  d_xz
    8   3   2   2       0.01889450  d_x2-y2
    9   1   0   0       1.35509602  s
    9   2   1  -1       0.83036256  p_y
    9   2   1   0       0.83026003  p_z
    9   2   1   1       0.83030865  p_x
    9   3   2  -2       0.03867556  d_xy
    9   3   2  -1       0.03914932  d_yz
    9   3   2   0       0.01883847  d_z2
    9   3   2   1       0.03903112  d_xz
    9   3   2   2       0.01872392  d_x2-y2
   10   1   0   0       1.35598010  s
   10   2   1  -1       0.82962642  p_y
   10   2   1   0       0.82987045  p_z
   10   2   1   1       0.83017808  p_x
   10   3   2  -2       0.03868559  d_xy
   10   3   2  -1       0.03934092  d_yz
   10   3   2   0       0.01877118  d_z2
   10   3   2   1       0.03858198  d_xz
   10   3   2   2       0.01874578  d_x2-y2
   11   1   0   0       1.35509602  s
   11   2   1  -1       0.83026003  p_y
   11   2   1   0       0.83036256  p_z
   11   2   1   1       0.83030865  p_x
   11   3   2  -2       0.03903112  d_xy
   11   3   2  -1       0.03914932  d_yz
   11   3   2   0       0.01875018  d_z2
   11   3   2   1       0.03867556  d_xz
   11   3   2   2       0.01881222  d_x2-y2
   12   1   0   0       1.35598010  s
   12   2   1  -1       0.82987045  p_y
   12   2   1   0       0.82962642  p_z
   12   2   1   1       0.83017808  p_x
   12   3   2  -2       0.03858198  d_xy
   12   3   2  -1       0.03934092  d_yz
   12   3   2   0       0.01876616  d_z2
   12   3   2   1       0.03868559  d_xz
   12   3   2   2       0.01875080  d_x2-y2
   13   1   0   0       1.35551028  s
   13   2   1  -1       0.82991890  p_y
   13   2   1   0       0.83008571  p_z
   13   2   1   1       0.83027514  p_x
   13   3   2  -2       0.03862857  d_xy
   13   3   2  -1       0.03914862  d_yz
   13   3   2   0       0.01877875  d_z2
   13   3   2   1       0.03889307  d_xz
   13   3   2   2       0.01872649  d_x2-y2
   14   1   0   0       1.35560959  s
   14   2   1  -1       0.83010383  p_y
   14   2   1   0       0.83023624  p_z
   14   2   1   1       0.83001349  p_x
   14   3   2  -2       0.03893844  d_xy
   14   3   2  -1       0.03887736  d_yz
   14   3   2   0       0.01872878  d_z2
   14   3   2   1       0.03886070  d_xz
   14   3   2   2       0.01874955  d_x2-y2
   15   1   0   0       1.35604373  s
   15   2   1  -1       0.82985234  p_y
   15   2   1   0       0.82975486  p_z
   15   2   1   1       0.83009296  p_x
   15   3   2  -2       0.03871286  d_xy
   15   3   2  -1       0.03913560  d_yz
   15   3   2   0       0.01876007  d_z2
   15   3   2   1       0.03876289  d_xz
   15   3   2   2       0.01872099  d_x2-y2
   16   1   0   0       1.35651426  s
   16   2   1  -1       0.82974331  p_y
   16   2   1   0       0.82973974  p_z
   16   2   1   1       0.82989805  p_x
   16   3   2  -2       0.03881887  d_xy
   16   3   2  -1       0.03909961  d_yz
   16   3   2   0       0.01872463  d_z2
   16   3   2   1       0.03882470  d_xz
   16   3   2   2       0.01875015  d_x2-y2
   17   1   0   0       1.35572282  s
   17   2   1  -1       0.83005766  p_y
   17   2   1   0       0.82999914  p_z
   17   2   1   1       0.83017429  p_x
   17   3   2  -2       0.03905069  d_xy
   17   3   2  -1       0.03883028  d_yz
   17   3   2   0       0.01879013  d_z2
   17   3   2   1       0.03887574  d_xz
   17   3   2   2       0.01870007  d_x2-y2
   18   1   0   0       1.35502605  s
   18   2   1  -1       0.83034494  p_y
   18   2   1   0       0.82912282  p_z
   18   2   1   1       0.82914041  p_x
   18   3   2  -2       0.03953169  d_xy
   18   3   2  -1       0.03964661  d_yz
   18   3   2   0       0.01887266  d_z2
   18   3   2   1       0.03903850  d_xz
   18   3   2   2       0.01910555  d_x2-y2
   19   1   0   0       1.35670369  s
   19   2   1  -1       0.82947376  p_y
   19   2   1   0       0.82853829  p_z
   19   2   1   1       0.83022007  p_x
   19   3   2  -2       0.03825745  d_xy
   19   3   2  -1       0.04018352  d_yz
   19   3   2   0       0.01929380  d_z2
   19   3   2   1       0.03831099  d_xz
   19   3   2   2       0.01873181  d_x2-y2
   20   1   0   0       1.35526938  s
   20   2   1  -1       0.83045573  p_y
   20   2   1   0       0.83042258  p_z
   20   2   1   1       0.83008988  p_x
   20   3   2  -2       0.03857544  d_xy
   20   3   2  -1       0.03890489  d_yz
   20   3   2   0       0.01892232  d_z2
   20   3   2   1       0.03938995  d_xz
   20   3   2   2       0.01871842  d_x2-y2
   21   1   0   0       1.35565737  s
   21   2   1  -1       0.83021199  p_y
   21   2   1   0       0.83021199  p_z
   21   2   1   1       0.83001400  p_x
   21   3   2  -2       0.03879244  d_xy
   21   3   2  -1       0.03912233  d_yz
   21   3   2   0       0.01870958  d_z2
   21   3   2   1       0.03879244  d_xz
   21   3   2   2       0.01876756  d_x2-y2
   22   1   0   0       1.35639270  s
   22   2   1  -1       0.82981574  p_y
   22   2   1   0       0.82981574  p_z
   22   2   1   1       0.82990099  p_x
   22   3   2  -2       0.03877341  d_xy
   22   3   2  -1       0.03926899  d_yz
   22   3   2   0       0.01870012  d_z2
   22   3   2   1       0.03877341  d_xz
   22   3   2   2       0.01880259  d_x2-y2
   23   1   0   0       1.35661689  s
   23   2   1  -1       0.82973093  p_y
   23   2   1   0       0.82973093  p_z
   23   2   1   1       0.82985410  p_x
   23   3   2  -2       0.03880156  d_xy
   23   3   2  -1       0.03915621  d_yz
   23   3   2   0       0.01870413  d_z2
   23   3   2   1       0.03880156  d_xz
   23   3   2   2       0.01878055  d_x2-y2
   24   1   0   0       1.35565725  s
   24   2   1  -1       0.83009460  p_y
   24   2   1   0       0.83009460  p_z
   24   2   1   1       0.83007093  p_x
   24   3   2  -2       0.03889572  d_xy
   24   3   2  -1       0.03886994  d_yz
   24   3   2   0       0.01872880  d_z2
   24   3   2   1       0.03889572  d_xz
   24   3   2   2       0.01872802  d_x2-y2
   25   1   0   0       1.35604373  s
   25   2   1  -1       0.82975486  p_y
   25   2   1   0       0.82985234  p_z
   25   2   1   1       0.83009296  p_x
   25   3   2  -2       0.03876289  d_xy
   25   3   2  -1       0.03913560  d_yz
   25   3   2   0       0.01874349  d_z2
   25   3   2   1       0.03871286  d_xz
   25   3   2   2       0.01873757  d_x2-y2
   26   1   0   0       1.35651426  s
   26   2   1  -1       0.82973974  p_y
   26   2   1   0       0.82974331  p_z
   26   2   1   1       0.82989805  p_x
   26   3   2  -2       0.03882470  d_xy
   26   3   2  -1       0.03909961  d_yz
   26   3   2   0       0.01871502  d_z2
   26   3   2   1       0.03881887  d_xz
   26   3   2   2       0.01875976  d_x2-y2
   27   1   0   0       1.35551028  s
   27   2   1  -1       0.83008571  p_y
   27   2   1   0       0.82991890  p_z
   27   2   1   1       0.83027514  p_x
   27   3   2  -2       0.03889307  d_xy
   27   3   2  -1       0.03914862  d_yz
   27   3   2   0       0.01876562  d_z2
   27   3   2   1       0.03862857  d_xz
   27   3   2   2       0.01873962  d_x2-y2
   28   1   0   0       1.35560959  s
   28   2   1  -1       0.83023624  p_y
   28   2   1   0       0.83010383  p_z
   28   2   1   1       0.83001349  p_x
   28   3   2  -2       0.03886070  d_xy
   28   3   2  -1       0.03887736  d_yz
   28   3   2   0       0.01874081  d_z2
   28   3   2   1       0.03893844  d_xz
   28   3   2   2       0.01873752  d_x2-y2
   29   1   0   0       1.35541613  s
   29   2   1  -1       0.82948830  p_y
   29   2   1   0       0.82854754  p_z
   29   2   1   1       0.82816284  p_x
   29   3   2  -2       0.03781674  d_xy
   29   3   2  -1       0.03919983  d_yz
   29   3   2   0       0.02028747  d_z2
   29   3   2   1       0.04050877  d_xz
   29   3   2   2       0.01925240  d_x2-y2
   30   1   0   0       1.35599387  s
   30   2   1  -1       0.82983061  p_y
   30   2   1   0       0.82966769  p_z
   30   2   1   1       0.82987664  p_x
   30   3   2  -2       0.03936538  d_xy
   30   3   2  -1       0.03881573  d_yz
   30   3   2   0       0.01887092  d_z2
   30   3   2   1       0.03890962  d_xz
   30   3   2   2       0.01864021  d_x2-y2
   31   1   0   0       1.35541613  s
   31   2   1  -1       0.82854754  p_y
   31   2   1   0       0.82948830  p_z
   31   2   1   1       0.82816284  p_x
   31   3   2  -2       0.04050877  d_xy
   31   3   2  -1       0.03919983  d_yz
   31   3   2   0       0.01898336  d_z2
   31   3   2   1       0.03781674  d_xz
   31   3   2   2       0.02055652  d_x2-y2
   32   1   0   0       1.35599387  s
   32   2   1  -1       0.82966769  p_y
   32   2   1   0       0.82983061  p_z
   32   2   1   1       0.82987664  p_x
   32   3   2  -2       0.03890962  d_xy
   32   3   2  -1       0.03881573  d_yz
   32   3   2   0       0.01875672  d_z2
   32   3   2   1       0.03936538  d_xz
   32   3   2   2       0.01875441  d_x2-y2
   33   1   0   0       1.35555217  s
   33   2   1  -1       0.83006148  p_y
   33   2   1   0       0.83006148  p_z
   33   2   1   1       0.83006148  p_x
   33   3   2  -2       0.03887880  d_xy
   33   3   2  -1       0.03887880  d_yz
   33   3   2   0       0.01873323  d_z2
   33   3   2   1       0.03887880  d_xz
   33   3   2   2       0.01873323  d_x2-y2
   34   1   0   0       1.35576443  s
   34   2   1  -1       0.83004165  p_y
   34   2   1   0       0.83004165  p_z
   34   2   1   1       0.83020690  p_x
   34   3   2  -2       0.03889624  d_xy
   34   3   2  -1       0.03888736  d_yz
   34   3   2   0       0.01875515  d_z2
   34   3   2   1       0.03889624  d_xz
   34   3   2   2       0.01872482  d_x2-y2
   35   1   0   0       1.35614840  s
   35   2   1  -1       0.83002609  p_y
   35   2   1   0       0.83002609  p_z
   35   2   1   1       0.82984062  p_x
   35   3   2  -2       0.03883271  d_xy
   35   3   2  -1       0.03901527  d_yz
   35   3   2   0       0.01871134  d_z2
   35   3   2   1       0.03883271  d_xz
   35   3   2   2       0.01872914  d_x2-y2
   36   1   0   0       1.35661689  s
   36   2   1  -1       0.82973093  p_y
   36   2   1   0       0.82973093  p_z
   36   2   1   1       0.82985410  p_x
   36   3   2  -2       0.03880156  d_xy
   36   3   2  -1       0.03915621  d_yz
   36   3   2   0       0.01870413  d_z2
   36   3   2   1       0.03880156  d_xz
   36   3   2   2       0.01878055  d_x2-y2
   37   1   0   0       1.35573367  s
   37   2   1  -1       0.83018119  p_y
   37   2   1   0       0.82991003  p_z
   37   2   1   1       0.82999887  p_x
   37   3   2  -2       0.03875380  d_xy
   37   3   2  -1       0.03877377  d_yz
   37   3   2   0       0.01874826  d_z2
   37   3   2   1       0.03907735  d_xz
   37   3   2   2       0.01871887  d_x2-y2
   38   1   0   0       1.35637734  s
   38   2   1  -1       0.83026643  p_y
   38   2   1   0       0.82949936  p_z
   38   2   1   1       0.82927279  p_x
   38   3   2  -2       0.03856243  d_xy
   38   3   2  -1       0.03841507  d_yz
   38   3   2   0       0.01879255  d_z2
   38   3   2   1       0.03934934  d_xz
   38   3   2   2       0.01868664  d_x2-y2
   39   1   0   0       1.35541613  s
   39   2   1  -1       0.82816284  p_y
   39   2   1   0       0.82854754  p_z
   39   2   1   1       0.82948830  p_x
   39   3   2  -2       0.03781674  d_xy
   39   3   2  -1       0.04050877  d_yz
   39   3   2   0       0.02028747  d_z2
   39   3   2   1       0.03919983  d_xz
   39   3   2   2       0.01925240  d_x2-y2
   40   1   0   0       1.35598010  s
   40   2   1  -1       0.82987045  p_y
   40   2   1   0       0.83017808  p_z
   40   2   1   1       0.82962642  p_x
   40   3   2  -2       0.03934092  d_xy
   40   3   2  -1       0.03858198  d_yz
   40   3   2   0       0.01873810  d_z2
   40   3   2   1       0.03868559  d_xz
   40   3   2   2       0.01877886  d_x2-y2
   41   1   0   0       1.35574783  s
   41   2   1  -1       0.83010501  p_y
   41   2   1   0       0.82994935  p_z
   41   2   1   1       0.82982587  p_x
   41   3   2  -2       0.03873366  d_xy
   41   3   2  -1       0.03874495  d_yz
   41   3   2   0       0.01871090  d_z2
   41   3   2   1       0.03905319  d_xz
   41   3   2   2       0.01873111  d_x2-y2
   42   1   0   0       1.35526938  s
   42   2   1  -1       0.83008988  p_y
   42   2   1   0       0.83042258  p_z
   42   2   1   1       0.83045573  p_x
   42   3   2  -2       0.03857544  d_xy
   42   3   2  -1       0.03938995  d_yz
   42   3   2   0       0.01892232  d_z2
   42   3   2   1       0.03890489  d_xz
   42   3   2   2       0.01871842  d_x2-y2
   43   1   0   0       1.35574783  s
   43   2   1  -1       0.82994935  p_y
   43   2   1   0       0.83010501  p_z
   43   2   1   1       0.82982587  p_x
   43   3   2  -2       0.03905319  d_xy
   43   3   2  -1       0.03874495  d_yz
   43   3   2   0       0.01871289  d_z2
   43   3   2   1       0.03873366  d_xz
   43   3   2   2       0.01872912  d_x2-y2
   44   1   0   0       1.35526938  s
   44   2   1  -1       0.83042258  p_y
   44   2   1   0       0.83008988  p_z
   44   2   1   1       0.83045573  p_x
   44   3   2  -2       0.03890489  d_xy
   44   3   2  -1       0.03938995  d_yz
   44   3   2   0       0.01879255  d_z2
   44   3   2   1       0.03857544  d_xz
   44   3   2   2       0.01884819  d_x2-y2
   45   1   0   0       1.35503630  s
   45   2   1  -1       0.83040175  p_y
   45   2   1   0       0.83028125  p_z
   45   2   1   1       0.83035887  p_x
   45   3   2  -2       0.03854471  d_xy
   45   3   2  -1       0.03912895  d_yz
   45   3   2   0       0.01883887  d_z2
   45   3   2   1       0.03907467  d_xz
   45   3   2   2       0.01870961  d_x2-y2
   46   1   0   0       1.35569156  s
   46   2   1  -1       0.83006006  p_y
   46   2   1   0       0.83000665  p_z
   46   2   1   1       0.83006211  p_x
   46   3   2  -2       0.03889338  d_xy
   46   3   2  -1       0.03884766  d_yz
   46   3   2   0       0.01873547  d_z2
   46   3   2   1       0.03886489  d_xz
   46   3   2   2       0.01871337  d_x2-y2
   47   1   0   0       1.35560504  s
   47   2   1  -1       0.82996070  p_y
   47   2   1   0       0.82990402  p_z
   47   2   1   1       0.83024038  p_x
   47   3   2  -2       0.03873172  d_xy
   47   3   2  -1       0.03914076  d_yz
   47   3   2   0       0.01876044  d_z2
   47   3   2   1       0.03874188  d_xz
   47   3   2   2       0.01871313  d_x2-y2
   48   1   0   0       1.35627846  s
   48   2   1  -1       0.82970262  p_y
   48   2   1   0       0.82975454  p_z
   48   2   1   1       0.82994014  p_x
   48   3   2  -2       0.03876076  d_xy
   48   3   2  -1       0.03917145  d_yz
   48   3   2   0       0.01871958  d_z2
   48   3   2   1       0.03877332  d_xz
   48   3   2   2       0.01876265  d_x2-y2
   49   1   0   0       1.35573367  s
   49   2   1  -1       0.82991003  p_y
   49   2   1   0       0.83018119  p_z
   49   2   1   1       0.82999887  p_x
   49   3   2  -2       0.03907735  d_xy
   49   3   2  -1       0.03877377  d_yz
   49   3   2   0       0.01872554  d_z2
   49   3   2   1       0.03875380  d_xz
   49   3   2   2       0.01874159  d_x2-y2
   50   1   0   0       1.35637734  s
   50   2   1  -1       0.82949936  p_y
   50   2   1   0       0.83026643  p_z
   50   2   1   1       0.82927279  p_x
   50   3   2  -2       0.03934934  d_xy
   50   3   2  -1       0.03841507  d_yz
   50   3   2   0       0.01868672  d_z2
   50   3   2   1       0.03856243  d_xz
   50   3   2   2       0.01879248  d_x2-y2
   51   1   0   0       1.35541613  s
   51   2   1  -1       0.82854754  p_y
   51   2   1   0       0.82816284  p_z
   51   2   1   1       0.82948830  p_x
   51   3   2  -2       0.03919983  d_xy
   51   3   2  -1       0.04050877  d_yz
   51   3   2   0       0.02003899  d_z2
   51   3   2   1       0.03781674  d_xz
   51   3   2   2       0.01950089  d_x2-y2
   52   1   0   0       1.35598010  s
   52   2   1  -1       0.83017808  p_y
   52   2   1   0       0.82987045  p_z
   52   2   1   1       0.82962642  p_x
   52   3   2  -2       0.03868559  d_xy
   52   3   2  -1       0.03858198  d_yz
   52   3   2   0       0.01877118  d_z2
   52   3   2   1       0.03934092  d_xz
   52   3   2   2       0.01874578  d_x2-y2
   53   1   0   0       1.35588274  s
   53   2   1  -1       0.82999396  p_y
   53   2   1   0       0.82999396  p_z
   53   2   1   1       0.82994307  p_x
   53   3   2  -2       0.03887210  d_xy
   53   3   2  -1       0.03885283  d_yz
   53   3   2   0       0.01872865  d_z2
   53   3   2   1       0.03887210  d_xz
   53   3   2   2       0.01872992  d_x2-y2
   54   1   0   0       1.35635097  s
   54   2   1  -1       0.82922066  p_y
   54   2   1   0       0.82922066  p_z
   54   2   1   1       0.83061761  p_x
   54   3   2  -2       0.03829319  d_xy
   54   3   2  -1       0.03964684  d_yz
   54   3   2   0       0.01867837  d_z2
   54   3   2   1       0.03829319  d_xz
   54   3   2   2       0.01862849  d_x2-y2
   55   1   0   0       1.35667311  s
   55   2   1  -1       0.82935574  p_y
   55   2   1   0       0.82935574  p_z
   55   2   1   1       0.82983225  p_x
   55   3   2  -2       0.03868262  d_xy
   55   3   2  -1       0.03946857  d_yz
   55   3   2   0       0.01864891  d_z2
   55   3   2   1       0.03868262  d_xz
   55   3   2   2       0.01881085  d_x2-y2
   56   1   0   0       1.35561349  s
   56   2   1  -1       0.83008709  p_y
   56   2   1   0       0.83008709  p_z
   56   2   1   1       0.83010508  p_x
   56   3   2  -2       0.03888519  d_xy
   56   3   2  -1       0.03885006  d_yz
   56   3   2   0       0.01872902  d_z2
   56   3   2   1       0.03888519  d_xz
   56   3   2   2       0.01872547  d_x2-y2
   57   1   0   0       1.35560504  s
   57   2   1  -1       0.82990402  p_y
   57   2   1   0       0.82996070  p_z
   57   2   1   1       0.83024038  p_x
   57   3   2  -2       0.03874188  d_xy
   57   3   2  -1       0.03914076  d_yz
   57   3   2   0       0.01874214  d_z2
   57   3   2   1       0.03873172  d_xz
   57   3   2   2       0.01873142  d_x2-y2
   58   1   0   0       1.35627846  s
   58   2   1  -1       0.82975454  p_y
   58   2   1   0       0.82970262  p_z
   58   2   1   1       0.82994014  p_x
   58   3   2  -2       0.03877332  d_xy
   58   3   2  -1       0.03917145  d_yz
   58   3   2   0       0.01873712  d_z2
   58   3   2   1       0.03876076  d_xz
   58   3   2   2       0.01874511  d_x2-y2
   59   1   0   0       1.35503630  s
   59   2   1  -1       0.83028125  p_y
   59   2   1   0       0.83040175  p_z
   59   2   1   1       0.83035887  p_x
   59   3   2  -2       0.03907467  d_xy
   59   3   2  -1       0.03912895  d_yz
   59   3   2   0       0.01873962  d_z2
   59   3   2   1       0.03854471  d_xz
   59   3   2   2       0.01880887  d_x2-y2
   60   1   0   0       1.35569156  s
   60   2   1  -1       0.83000665  p_y
   60   2   1   0       0.83006006  p_z
   60   2   1   1       0.83006211  p_x
   60   3   2  -2       0.03886489  d_xy
   60   3   2  -1       0.03884766  d_yz
   60   3   2   0       0.01871992  d_z2
   60   3   2   1       0.03889338  d_xz
   60   3   2   2       0.01872892  d_x2-y2
   61   1   0   0       1.35556345  s
   61   2   1  -1       0.83031138  p_y
   61   2   1   0       0.83005883  p_z
   61   2   1   1       0.82990783  p_x
   61   3   2  -2       0.03880499  d_xy
   61   3   2  -1       0.03903821  d_yz
   61   3   2   0       0.01887846  d_z2
   61   3   2   1       0.03905950  d_xz
   61   3   2   2       0.01871983  d_x2-y2
   62   1   0   0       1.35580991  s
   62   2   1  -1       0.82993370  p_y
   62   2   1   0       0.82999540  p_z
   62   2   1   1       0.82999540  p_x
   62   3   2  -2       0.03885955  d_xy
   62   3   2  -1       0.03885955  d_yz
   62   3   2   0       0.01871979  d_z2
   62   3   2   1       0.03893911  d_xz
   62   3   2   2       0.01874272  d_x2-y2
   63   1   0   0       1.35556345  s
   63   2   1  -1       0.83005883  p_y
   63   2   1   0       0.83031138  p_z
   63   2   1   1       0.82990783  p_x
   63   3   2  -2       0.03905950  d_xy
   63   3   2  -1       0.03903821  d_yz
   63   3   2   0       0.01874916  d_z2
   63   3   2   1       0.03880499  d_xz
   63   3   2   2       0.01884914  d_x2-y2
   64   1   0   0       1.35580991  s
   64   2   1  -1       0.82999540  p_y
   64   2   1   0       0.82993370  p_z
   64   2   1   1       0.82999540  p_x
   64   3   2  -2       0.03893911  d_xy
   64   3   2  -1       0.03885955  d_yz
   64   3   2   0       0.01875419  d_z2
   64   3   2   1       0.03885955  d_xz
   64   3   2   2       0.01870832  d_x2-y2
   65   1   0   0       1.35635097  s
   65   2   1  -1       0.83061761  p_y
   65   2   1   0       0.82922066  p_z
   65   2   1   1       0.82922066  p_x
   65   3   2  -2       0.03829319  d_xy
   65   3   2  -1       0.03829319  d_yz
   65   3   2   0       0.01867837  d_z2
   65   3   2   1       0.03964684  d_xz
   65   3   2   2       0.01862849  d_x2-y2
   66   1   0   0       1.35637734  s
   66   2   1  -1       0.82927279  p_y
   66   2   1   0       0.83026643  p_z
   66   2   1   1       0.82949936  p_x
   66   3   2  -2       0.03934934  d_xy
   66   3   2  -1       0.03856243  d_yz
   66   3   2   0       0.01868672  d_z2
   66   3   2   1       0.03841507  d_xz
   66   3   2   2       0.01879248  d_x2-y2
   67   1   0   0       1.35626788  s
   67   2   1  -1       0.82963923  p_y
   67   2   1   0       0.83012824  p_z
   67   2   1   1       0.82961995  p_x
   67   3   2  -2       0.03927230  d_xy
   67   3   2  -1       0.03866222  d_yz
   67   3   2   0       0.01871120  d_z2
   67   3   2   1       0.03862380  d_xz
   67   3   2   2       0.01875792  d_x2-y2
   68   1   0   0       1.35627846  s
   68   2   1  -1       0.82970262  p_y
   68   2   1   0       0.82994014  p_z
   68   2   1   1       0.82975454  p_x
   68   3   2  -2       0.03917145  d_xy
   68   3   2  -1       0.03876076  d_yz
   68   3   2   0       0.01876665  d_z2
   68   3   2   1       0.03877332  d_xz
   68   3   2   2       0.01871558  d_x2-y2
   69   1   0   0       1.35588274  s
   69   2   1  -1       0.82994307  p_y
   69   2   1   0       0.82999396  p_z
   69   2   1   1       0.82999396  p_x
   69   3   2  -2       0.03887210  d_xy
   69   3   2  -1       0.03887210  d_yz
   69   3   2   0       0.01872865  d_z2
   69   3   2   1       0.03885283  d_xz
   69   3   2   2       0.01872992  d_x2-y2
   70   1   0   0       1.35573367  s
   70   2   1  -1       0.82999887  p_y
   70   2   1   0       0.83018119  p_z
   70   2   1   1       0.82991003  p_x
   70   3   2  -2       0.03907735  d_xy
   70   3   2  -1       0.03875380  d_yz
   70   3   2   0       0.01872554  d_z2
   70   3   2   1       0.03877377  d_xz
   70   3   2   2       0.01874159  d_x2-y2
   71   1   0   0       1.35569820  s
   71   2   1  -1       0.82987187  p_y
   71   2   1   0       0.83004888  p_z
   71   2   1   1       0.83002147  p_x
   71   3   2  -2       0.03916427  d_xy
   71   3   2  -1       0.03879510  d_yz
   71   3   2   0       0.01876301  d_z2
   71   3   2   1       0.03873955  d_xz
   71   3   2   2       0.01871812  d_x2-y2
   72   1   0   0       1.35531825  s
   72   2   1  -1       0.82973112  p_y
   72   2   1   0       0.82934468  p_z
   72   2   1   1       0.82924437  p_x
   72   3   2  -2       0.03939903  d_xy
   72   3   2  -1       0.03905691  d_yz
   72   3   2   0       0.01916654  d_z2
   72   3   2   1       0.03925045  d_xz
   72   3   2   2       0.01904916  d_x2-y2
   73   1   0   0       1.35561349  s
   73   2   1  -1       0.83010508  p_y
   73   2   1   0       0.83008709  p_z
   73   2   1   1       0.83008709  p_x
   73   3   2  -2       0.03888519  d_xy
   73   3   2  -1       0.03888519  d_yz
   73   3   2   0       0.01872902  d_z2
   73   3   2   1       0.03885006  d_xz
   73   3   2   2       0.01872547  d_x2-y2
   74   1   0   0       1.35558836  s
   74   2   1  -1       0.83003155  p_y
   74   2   1   0       0.83017273  p_z
   74   2   1   1       0.83008418  p_x
   74   3   2  -2       0.03900361  d_xy
   74   3   2  -1       0.03883896  d_yz
   74   3   2   0       0.01873031  d_z2
   74   3   2   1       0.03881591  d_xz
   74   3   2   2       0.01873328  d_x2-y2
   75   1   0   0       1.35626788  s
   75   2   1  -1       0.82963923  p_y
   75   2   1   0       0.82961995  p_z
   75   2   1   1       0.83012824  p_x
   75   3   2  -2       0.03866222  d_xy
   75   3   2  -1       0.03927230  d_yz
   75   3   2   0       0.01874756  d_z2
   75   3   2   1       0.03862380  d_xz
   75   3   2   2       0.01872157  d_x2-y2
   76   1   0   0       1.35556345  s
   76   2   1  -1       0.83005883  p_y
   76   2   1   0       0.83031138  p_z
   76   2   1   1       0.82990783  p_x
   76   3   2  -2       0.03905950  d_xy
   76   3   2  -1       0.03903821  d_yz
   76   3   2   0       0.01874916  d_z2
   76   3   2   1       0.03880499  d_xz
   76   3   2   2       0.01884914  d_x2-y2
   77   1   0   0       1.35549920  s
   77   2   1  -1       0.83004548  p_y
   77   2   1   0       0.83010103  p_z
   77   2   1   1       0.83010103  p_x
   77   3   2  -2       0.03889802  d_xy
   77   3   2  -1       0.03889802  d_yz
   77   3   2   0       0.01873443  d_z2
   77   3   2   1       0.03886986  d_xz
   77   3   2   2       0.01874074  d_x2-y2
   78   1   0   0       1.35590923  s
   78   2   1  -1       0.83000072  p_y
   78   2   1   0       0.82994675  p_z
   78   2   1   1       0.83010737  p_x
   78   3   2  -2       0.03877428  d_xy
   78   3   2  -1       0.03914755  d_yz
   78   3   2   0       0.01872137  d_z2
   78   3   2   1       0.03878269  d_xz
   78   3   2   2       0.01875182  d_x2-y2
   79   1   0   0       1.35569820  s
   79   2   1  -1       0.82987187  p_y
   79   2   1   0       0.83002147  p_z
   79   2   1   1       0.83004888  p_x
   79   3   2  -2       0.03879510  d_xy
   79   3   2  -1       0.03916427  d_yz
   79   3   2   0       0.01870990  d_z2
   79   3   2   1       0.03873955  d_xz
   79   3   2   2       0.01877123  d_x2-y2
   80   1   0   0       1.35503630  s
   80   2   1  -1       0.83028125  p_y
   80   2   1   0       0.83040175  p_z
   80   2   1   1       0.83035887  p_x
   80   3   2  -2       0.03907467  d_xy
   80   3   2  -1       0.03912895  d_yz
   80   3   2   0       0.01873962  d_z2
   80   3   2   1       0.03854471  d_xz
   80   3   2   2       0.01880887  d_x2-y2
   81   1   0   0       1.35637734  s
   81   2   1  -1       0.82927279  p_y
   81   2   1   0       0.82949936  p_z
   81   2   1   1       0.83026643  p_x
   81   3   2  -2       0.03856243  d_xy
   81   3   2  -1       0.03934934  d_yz
   81   3   2   0       0.01879255  d_z2
   81   3   2   1       0.03841507  d_xz
   81   3   2   2       0.01868664  d_x2-y2
   82   1   0   0       1.35570486  s
   82   2   1  -1       0.83009540  p_y
   82   2   1   0       0.83006783  p_z
   82   2   1   1       0.83006783  p_x
   82   3   2  -2       0.03900142  d_xy
   82   3   2  -1       0.03900142  d_yz
   82   3   2   0       0.01874264  d_z2
   82   3   2   1       0.03855365  d_xz
   82   3   2   2       0.01884597  d_x2-y2
   83   1   0   0       1.35556345  s
   83   2   1  -1       0.83005883  p_y
   83   2   1   0       0.82990783  p_z
   83   2   1   1       0.83031138  p_x
   83   3   2  -2       0.03903821  d_xy
   83   3   2  -1       0.03905950  d_yz
   83   3   2   0       0.01876983  d_z2
   83   3   2   1       0.03880499  d_xz
   83   3   2   2       0.01882847  d_x2-y2
   84   1   0   0       1.35559434  s
   84   2   1  -1       0.83016669  p_y
   84   2   1   0       0.83014053  p_z
   84   2   1   1       0.83009150  p_x
   84   3   2  -2       0.03897828  d_xy
   84   3   2  -1       0.03882513  d_yz
   84   3   2   0       0.01874042  d_z2
   84   3   2   1       0.03885029  d_xz
   84   3   2   2       0.01872194  d_x2-y2
   85   1   0   0       1.35573367  s
   85   2   1  -1       0.82999887  p_y
   85   2   1   0       0.82991003  p_z
   85   2   1   1       0.83018119  p_x
   85   3   2  -2       0.03875380  d_xy
   85   3   2  -1       0.03907735  d_yz
   85   3   2   0       0.01874826  d_z2
   85   3   2   1       0.03877377  d_xz
   85   3   2   2       0.01871887  d_x2-y2
   86   1   0   0       1.35545283  s
   86   2   1  -1       0.82999723  p_y
   86   2   1   0       0.83012524  p_z
   86   2   1   1       0.83012524  p_x
   86   3   2  -2       0.03899363  d_xy
   86   3   2  -1       0.03899363  d_yz
   86   3   2   0       0.01873339  d_z2
   86   3   2   1       0.03863943  d_xz
   86   3   2   2       0.01876699  d_x2-y2
   87   1   0   0       1.35503630  s
   87   2   1  -1       0.83028125  p_y
   87   2   1   0       0.83035887  p_z
   87   2   1   1       0.83040175  p_x
   87   3   2  -2       0.03912895  d_xy
   87   3   2  -1       0.03907467  d_yz
   87   3   2   0       0.01874424  d_z2
   87   3   2   1       0.03854471  d_xz
   87   3   2   2       0.01880424  d_x2-y2
   88   1   0   0       1.35574783  s
   88   2   1  -1       0.82982587  p_y
   88   2   1   0       0.82994935  p_z
   88   2   1   1       0.83010501  p_x
   88   3   2  -2       0.03873366  d_xy
   88   3   2  -1       0.03905319  d_yz
   88   3   2   0       0.01871090  d_z2
   88   3   2   1       0.03874495  d_xz
   88   3   2   2       0.01873111  d_x2-y2
   89   1   0   0       1.35558836  s
   89   2   1  -1       0.83003155  p_y
   89   2   1   0       0.83008418  p_z
   89   2   1   1       0.83017273  p_x
   89   3   2  -2       0.03883896  d_xy
   89   3   2  -1       0.03900361  d_yz
   89   3   2   0       0.01872942  d_z2
   89   3   2   1       0.03881591  d_xz
   89   3   2   2       0.01873417  d_x2-y2
   90   1   0   0       1.35527805  s
   90   2   1  -1       0.83020371  p_y
   90   2   1   0       0.83024567  p_z
   90   2   1   1       0.83024567  p_x
   90   3   2  -2       0.03900595  d_xy
   90   3   2  -1       0.03900595  d_yz
   90   3   2   0       0.01873444  d_z2
   90   3   2   1       0.03868942  d_xz
   90   3   2   2       0.01877541  d_x2-y2
   91   1   0   0       1.35627846  s
   91   2   1  -1       0.82970262  p_y
   91   2   1   0       0.82975454  p_z
   91   2   1   1       0.82994014  p_x
   91   3   2  -2       0.03876076  d_xy
   91   3   2  -1       0.03917145  d_yz
   91   3   2   0       0.01871958  d_z2
   91   3   2   1       0.03877332  d_xz
   91   3   2   2       0.01876265  d_x2-y2
   92   1   0   0       1.35559434  s
   92   2   1  -1       0.83016669  p_y
   92   2   1   0       0.83009150  p_z
   92   2   1   1       0.83014053  p_x
   92   3   2  -2       0.03882513  d_xy
   92   3   2  -1       0.03897828  d_yz
   92   3   2   0       0.01873005  d_z2
   92   3   2   1       0.03885029  d_xz
   92   3   2   2       0.01873230  d_x2-y2
   93   1   0   0       1.35590923  s
   93   2   1  -1       0.83000072  p_y
   93   2   1   0       0.83010737  p_z
   93   2   1   1       0.82994675  p_x
   93   3   2  -2       0.03914755  d_xy
   93   3   2  -1       0.03877428  d_yz
   93   3   2   0       0.01876788  d_z2
   93   3   2   1       0.03878269  d_xz
   93   3   2   2       0.01870531  d_x2-y2
   94   1   0   0       1.35627186  s
   94   2   1  -1       0.82699444  p_y
   94   2   1   0       0.82987316  p_z
   94   2   1   1       0.82987316  p_x
   94   3   2  -2       0.03989735  d_xy
   94   3   2  -1       0.03989735  d_yz
   94   3   2   0       0.01883056  d_z2
   94   3   2   1       0.03748296  d_xz
   94   3   2   2       0.01969172  d_x2-y2
   95   1   0   0       1.35531825  s
   95   2   1  -1       0.82973112  p_y
   95   2   1   0       0.82924437  p_z
   95   2   1   1       0.82934468  p_x
   95   3   2  -2       0.03905691  d_xy
   95   3   2  -1       0.03939903  d_yz
   95   3   2   0       0.01879383  d_z2
   95   3   2   1       0.03925045  d_xz
   95   3   2   2       0.01942186  d_x2-y2
   96   1   0   0       1.35574783  s
   96   2   1  -1       0.82982587  p_y
   96   2   1   0       0.83010501  p_z
   96   2   1   1       0.82994935  p_x
   96   3   2  -2       0.03905319  d_xy
   96   3   2  -1       0.03873366  d_yz
   96   3   2   0       0.01871289  d_z2
   96   3   2   1       0.03874495  d_xz
   96   3   2   2       0.01872912  d_x2-y2
   97   1   0   0       1.35545283  s
   97   2   1  -1       0.83012524  p_y
   97   2   1   0       0.82999723  p_z
   97   2   1   1       0.83012524  p_x
   97   3   2  -2       0.03863943  d_xy
   97   3   2  -1       0.03899363  d_yz
   97   3   2   0       0.01878378  d_z2
   97   3   2   1       0.03899363  d_xz
   97   3   2   2       0.01871659  d_x2-y2
   98   1   0   0       1.35573367  s
   98   2   1  -1       0.82991003  p_y
   98   2   1   0       0.82999887  p_z
   98   2   1   1       0.83018119  p_x
   98   3   2  -2       0.03877377  d_xy
   98   3   2  -1       0.03907735  d_yz
   98   3   2   0       0.01872689  d_z2
   98   3   2   1       0.03875380  d_xz
   98   3   2   2       0.01874024  d_x2-y2
   99   1   0   0       1.35574783  s
   99   2   1  -1       0.82994935  p_y
   99   2   1   0       0.82982587  p_z
   99   2   1   1       0.83010501  p_x
   99   3   2  -2       0.03874495  d_xy
   99   3   2  -1       0.03905319  d_yz
   99   3   2   0       0.01873923  d_z2
   99   3   2   1       0.03873366  d_xz
   99   3   2   2       0.01870278  d_x2-y2
  100   1   0   0       1.35503630  s
  100   2   1  -1       0.83028125  p_y
  100   2   1   0       0.83035887  p_z
  100   2   1   1       0.83040175  p_x
  100   3   2  -2       0.03912895  d_xy
  100   3   2  -1       0.03907467  d_yz
  100   3   2   0       0.01874424  d_z2
  100   3   2   1       0.03854471  d_xz
  100   3   2   2       0.01880424  d_x2-y2
  101   1   0   0       1.35565737  s
  101   2   1  -1       0.83001400  p_y
  101   2   1   0       0.83021199  p_z
  101   2   1   1       0.83021199  p_x
  101   3   2  -2       0.03879244  d_xy
  101   3   2  -1       0.03879244  d_yz
  101   3   2   0       0.01870958  d_z2
  101   3   2   1       0.03912233  d_xz
  101   3   2   2       0.01876756  d_x2-y2
  102   1   0   0       1.35572282  s
  102   2   1  -1       0.83017429  p_y
  102   2   1   0       0.82999914  p_z
  102   2   1   1       0.83005766  p_x
  102   3   2  -2       0.03905069  d_xy
  102   3   2  -1       0.03887574  d_yz
  102   3   2   0       0.01879013  d_z2
  102   3   2   1       0.03883028  d_xz
  102   3   2   2       0.01870007  d_x2-y2
  103   1   0   0       1.35590923  s
  103   2   1  -1       0.82994675  p_y
  103   2   1   0       0.83010737  p_z
  103   2   1   1       0.83000072  p_x
  103   3   2  -2       0.03914755  d_xy
  103   3   2  -1       0.03878269  d_yz
  103   3   2   0       0.01876788  d_z2
  103   3   2   1       0.03877428  d_xz
  103   3   2   2       0.01870531  d_x2-y2
  104   1   0   0       1.35561273  s
  104   2   1  -1       0.83097747  p_y
  104   2   1   0       0.82818358  p_z
  104   2   1   1       0.82825846  p_x
  104   3   2  -2       0.03888576  d_xy
  104   3   2  -1       0.04064378  d_yz
  104   3   2   0       0.02015358  d_z2
  104   3   2   1       0.03966308  d_xz
  104   3   2   2       0.01901434  d_x2-y2
  105   1   0   0       1.35565725  s
  105   2   1  -1       0.83007093  p_y
  105   2   1   0       0.83009460  p_z
  105   2   1   1       0.83009460  p_x
  105   3   2  -2       0.03889572  d_xy
  105   3   2  -1       0.03889572  d_yz
  105   3   2   0       0.01872880  d_z2
  105   3   2   1       0.03886994  d_xz
  105   3   2   2       0.01872802  d_x2-y2
  106   1   0   0       1.35559434  s
  106   2   1  -1       0.83009150  p_y
  106   2   1   0       0.83014053  p_z
  106   2   1   1       0.83016669  p_x
  106   3   2  -2       0.03897828  d_xy
  106   3   2  -1       0.03885029  d_yz
  106   3   2   0       0.01874042  d_z2
  106   3   2   1       0.03882513  d_xz
  106   3   2   2       0.01872194  d_x2-y2
  107   1   0   0       1.35599387  s
  107   2   1  -1       0.82987664  p_y
  107   2   1   0       0.82983061  p_z
  107   2   1   1       0.82966769  p_x
  107   3   2  -2       0.03890962  d_xy
  107   3   2  -1       0.03936538  d_yz
  107   3   2   0       0.01875672  d_z2
  107   3   2   1       0.03881573  d_xz
  107   3   2   2       0.01875441  d_x2-y2
  108   1   0   0       1.35554623  s
  108   2   1  -1       0.83036306  p_y
  108   2   1   0       0.82977796  p_z
  108   2   1   1       0.83006591  p_x
  108   3   2  -2       0.03903713  d_xy
  108   3   2  -1       0.03925444  d_yz
  108   3   2   0       0.01883411  d_z2
  108   3   2   1       0.03886730  d_xz
  108   3   2   2       0.01889607  d_x2-y2
  109   1   0   0       1.35553121  s
  109   2   1  -1       0.83011912  p_y
  109   2   1   0       0.83010871  p_z
  109   2   1   1       0.83010871  p_x
  109   3   2  -2       0.03887874  d_xy
  109   3   2  -1       0.03887874  d_yz
  109   3   2   0       0.01873127  d_z2
  109   3   2   1       0.03887738  d_xz
  109   3   2   2       0.01872929  d_x2-y2
  110   1   0   0       1.35569820  s
  110   2   1  -1       0.83002147  p_y
  110   2   1   0       0.82987187  p_z
  110   2   1   1       0.83004888  p_x
  110   3   2  -2       0.03873955  d_xy
  110   3   2  -1       0.03916427  d_yz
  110   3   2   0       0.01874878  d_z2
  110   3   2   1       0.03879510  d_xz
  110   3   2   2       0.01873234  d_x2-y2
  111   1   0   0       1.35590923  s
  111   2   1  -1       0.82994675  p_y
  111   2   1   0       0.83000072  p_z
  111   2   1   1       0.83010737  p_x
  111   3   2  -2       0.03878269  d_xy
  111   3   2  -1       0.03914755  d_yz
  111   3   2   0       0.01872053  d_z2
  111   3   2   1       0.03877428  d_xz
  111   3   2   2       0.01875266  d_x2-y2
  112   1   0   0       1.35551028  s
  112   2   1  -1       0.83008571  p_y
  112   2   1   0       0.82991890  p_z
  112   2   1   1       0.83027514  p_x
  112   3   2  -2       0.03889307  d_xy
  112   3   2  -1       0.03914862  d_yz
  112   3   2   0       0.01876562  d_z2
  112   3   2   1       0.03862857  d_xz
  112   3   2   2       0.01873962  d_x2-y2
  113   1   0   0       1.35502605  s
  113   2   1  -1       0.82914041  p_y
  113   2   1   0       0.83034494  p_z
  113   2   1   1       0.82912282  p_x
  113   3   2  -2       0.03903850  d_xy
  113   3   2  -1       0.03953169  d_yz
  113   3   2   0       0.01915839  d_z2
  113   3   2   1       0.03964661  d_xz
  113   3   2   2       0.01881982  d_x2-y2
  114   1   0   0       1.35545463  s
  114   2   1  -1       0.82979983  p_y
  114   2   1   0       0.82905250  p_z
  114   2   1   1       0.82905250  p_x
  114   3   2  -2       0.03946099  d_xy
  114   3   2  -1       0.03946099  d_yz
  114   3   2   0       0.01883516  d_z2
  114   3   2   1       0.03895565  d_xz
  114   3   2   2       0.01890458  d_x2-y2
  115   1   0   0       1.35554623  s
  115   2   1  -1       0.83036306  p_y
  115   2   1   0       0.83006591  p_z
  115   2   1   1       0.82977796  p_x
  115   3   2  -2       0.03925444  d_xy
  115   3   2  -1       0.03903713  d_yz
  115   3   2   0       0.01881459  d_z2
  115   3   2   1       0.03886730  d_xz
  115   3   2   2       0.01891558  d_x2-y2
  116   1   0   0       1.35558836  s
  116   2   1  -1       0.83008418  p_y
  116   2   1   0       0.83017273  p_z
  116   2   1   1       0.83003155  p_x
  116   3   2  -2       0.03900361  d_xy
  116   3   2  -1       0.03881591  d_yz
  116   3   2   0       0.01873031  d_z2
  116   3   2   1       0.03883896  d_xz
  116   3   2   2       0.01873328  d_x2-y2
  117   1   0   0       1.35572282  s
  117   2   1  -1       0.83017429  p_y
  117   2   1   0       0.83005766  p_z
  117   2   1   1       0.82999914  p_x
  117   3   2  -2       0.03887574  d_xy
  117   3   2  -1       0.03905069  d_yz
  117   3   2   0       0.01874113  d_z2
  117   3   2   1       0.03883028  d_xz
  117   3   2   2       0.01874907  d_x2-y2
  118   1   0   0       1.35543601  s
  118   2   1  -1       0.83013749  p_y
  118   2   1   0       0.83023882  p_z
  118   2   1   1       0.83023882  p_x
  118   3   2  -2       0.03900263  d_xy
  118   3   2  -1       0.03900263  d_yz
  118   3   2   0       0.01875665  d_z2
  118   3   2   1       0.03882873  d_xz
  118   3   2   2       0.01878298  d_x2-y2
  119   1   0   0       1.35551028  s
  119   2   1  -1       0.83008571  p_y
  119   2   1   0       0.83027514  p_z
  119   2   1   1       0.82991890  p_x
  119   3   2  -2       0.03914862  d_xy
  119   3   2  -1       0.03889307  d_yz
  119   3   2   0       0.01871349  d_z2
  119   3   2   1       0.03862857  d_xz
  119   3   2   2       0.01879175  d_x2-y2
  120   1   0   0       1.35509602  s
  120   2   1  -1       0.83030865  p_y
  120   2   1   0       0.83026003  p_z
  120   2   1   1       0.83036256  p_x
  120   3   2  -2       0.03867556  d_xy
  120   3   2  -1       0.03903112  d_yz
  120   3   2   0       0.01883847  d_z2
  120   3   2   1       0.03914932  d_xz
  120   3   2   2       0.01872392  d_x2-y2
  121   1   0   0       1.35559434  s
  121   2   1  -1       0.83009150  p_y
  121   2   1   0       0.83016669  p_z
  121   2   1   1       0.83014053  p_x
  121   3   2  -2       0.03885029  d_xy
  121   3   2  -1       0.03897828  d_yz
  121   3   2   0       0.01872306  d_z2
  121   3   2   1       0.03882513  d_xz
  121   3   2   2       0.01873929  d_x2-y2
  122   1   0   0       1.35559598  s
  122   2   1  -1       0.83003010  p_y
  122   2   1   0       0.83007107  p_z
  122   2   1   1       0.83007107  p_x
  122   3   2  -2       0.03891686  d_xy
  122   3   2  -1       0.03891686  d_yz
  122   3   2   0       0.01872344  d_z2
  122   3   2   1       0.03877452  d_xz
  122   3   2   2       0.01872579  d_x2-y2
  123   1   0   0       1.35651426  s
  123   2   1  -1       0.82974331  p_y
  123   2   1   0       0.82973974  p_z
  123   2   1   1       0.82989805  p_x
  123   3   2  -2       0.03881887  d_xy
  123   3   2  -1       0.03909961  d_yz
  123   3   2   0       0.01872463  d_z2
  123   3   2   1       0.03882470  d_xz
  123   3   2   2       0.01875015  d_x2-y2
  124   1   0   0       1.35558836  s
  124   2   1  -1       0.83008418  p_y
  124   2   1   0       0.83003155  p_z
  124   2   1   1       0.83017273  p_x
  124   3   2  -2       0.03881591  d_xy
  124   3   2  -1       0.03900361  d_yz
  124   3   2   0       0.01873566  d_z2
  124   3   2   1       0.03883896  d_xz
  124   3   2   2       0.01872793  d_x2-y2
  125   1   0   0       1.35569156  s
  125   2   1  -1       0.83006006  p_y
  125   2   1   0       0.83006211  p_z
  125   2   1   1       0.83000665  p_x
  125   3   2  -2       0.03884766  d_xy
  125   3   2  -1       0.03889338  d_yz
  125   3   2   0       0.01871787  d_z2
  125   3   2   1       0.03886489  d_xz
  125   3   2   2       0.01873097  d_x2-y2
  126   1   0   0       1.35626788  s
  126   2   1  -1       0.82961995  p_y
  126   2   1   0       0.82963923  p_z
  126   2   1   1       0.83012824  p_x
  126   3   2  -2       0.03862380  d_xy
  126   3   2  -1       0.03927230  d_yz
  126   3   2   0       0.01874492  d_z2
  126   3   2   1       0.03866222  d_xz
  126   3   2   2       0.01872420  d_x2-y2
  127   1   0   0       1.35598010  s
  127   2   1  -1       0.82987045  p_y
  127   2   1   0       0.82962642  p_z
  127   2   1   1       0.83017808  p_x
  127   3   2  -2       0.03858198  d_xy
  127   3   2  -1       0.03934092  d_yz
  127   3   2   0       0.01876616  d_z2
  127   3   2   1       0.03868559  d_xz
  127   3   2   2       0.01875080  d_x2-y2
  128   1   0   0       1.35561349  s
  128   2   1  -1       0.83008709  p_y
  128   2   1   0       0.83010508  p_z
  128   2   1   1       0.83008709  p_x
  128   3   2  -2       0.03885006  d_xy
  128   3   2  -1       0.03888519  d_yz
  128   3   2   0       0.01872370  d_z2
  128   3   2   1       0.03888519  d_xz
  128   3   2   2       0.01873080  d_x2-y2
  129   1   0   0       1.35635097  s
  129   2   1  -1       0.82922066  p_y
  129   2   1   0       0.83061761  p_z
  129   2   1   1       0.82922066  p_x
  129   3   2  -2       0.03964684  d_xy
  129   3   2  -1       0.03829319  d_yz
  129   3   2   0       0.01860355  d_z2
  129   3   2   1       0.03829319  d_xz
  129   3   2   2       0.01870331  d_x2-y2
  130   1   0   0       1.35637734  s
  130   2   1  -1       0.83026643  p_y
  130   2   1   0       0.82927279  p_z
  130   2   1   1       0.82949936  p_x
  130   3   2  -2       0.03841507  d_xy
  130   3   2  -1       0.03856243  d_yz
  130   3   2   0       0.01873952  d_z2
  130   3   2   1       0.03934934  d_xz
  130   3   2   2       0.01873967  d_x2-y2
  131   1   0   0       1.35626788  s
  131   2   1  -1       0.83012824  p_y
  131   2   1   0       0.82963923  p_z
  131   2   1   1       0.82961995  p_x
  131   3   2  -2       0.03862380  d_xy
  131   3   2  -1       0.03866222  d_yz
  131   3   2   0       0.01874492  d_z2
  131   3   2   1       0.03927230  d_xz
  131   3   2   2       0.01872420  d_x2-y2
  132   1   0   0       1.35627846  s
  132   2   1  -1       0.82994014  p_y
  132   2   1   0       0.82970262  p_z
  132   2   1   1       0.82975454  p_x
  132   3   2  -2       0.03877332  d_xy
  132   3   2  -1       0.03876076  d_yz
  132   3   2   0       0.01873712  d_z2
  132   3   2   1       0.03917145  d_xz
  132   3   2   2       0.01874511  d_x2-y2
  133   1   0   0       1.35637734  s
  133   2   1  -1       0.82949936  p_y
  133   2   1   0       0.82927279  p_z
  133   2   1   1       0.83026643  p_x
  133   3   2  -2       0.03841507  d_xy
  133   3   2  -1       0.03934934  d_yz
  133   3   2   0       0.01873952  d_z2
  133   3   2   1       0.03856243  d_xz
  133   3   2   2       0.01873967  d_x2-y2
  134   1   0   0       1.35570486  s
  134   2   1  -1       0.83006783  p_y
  134   2   1   0       0.83009540  p_z
  134   2   1   1       0.83006783  p_x
  134   3   2  -2       0.03855365  d_xy
  134   3   2  -1       0.03900142  d_yz
  134   3   2   0       0.01889763  d_z2
  134   3   2   1       0.03900142  d_xz
  134   3   2   2       0.01869098  d_x2-y2
  135   1   0   0       1.35556345  s
  135   2   1  -1       0.82990783  p_y
  135   2   1   0       0.83005883  p_z
  135   2   1   1       0.83031138  p_x
  135   3   2  -2       0.03880499  d_xy
  135   3   2  -1       0.03905950  d_yz
  135   3   2   0       0.01887846  d_z2
  135   3   2   1       0.03903821  d_xz
  135   3   2   2       0.01871983  d_x2-y2
  136   1   0   0       1.35559434  s
  136   2   1  -1       0.83014053  p_y
  136   2   1   0       0.83016669  p_z
  136   2   1   1       0.83009150  p_x
  136   3   2  -2       0.03885029  d_xy
  136   3   2  -1       0.03882513  d_yz
  136   3   2   0       0.01872306  d_z2
  136   3   2   1       0.03897828  d_xz
  136   3   2   2       0.01873929  d_x2-y2
  137   1   0   0       1.35626788  s
  137   2   1  -1       0.82961995  p_y
  137   2   1   0       0.82963923  p_z
  137   2   1   1       0.83012824  p_x
  137   3   2  -2       0.03862380  d_xy
  137   3   2  -1       0.03927230  d_yz
  137   3   2   0       0.01874492  d_z2
  137   3   2   1       0.03866222  d_xz
  137   3   2   2       0.01872420  d_x2-y2
  138   1   0   0       1.35556345  s
  138   2   1  -1       0.83031138  p_y
  138   2   1   0       0.83005883  p_z
  138   2   1   1       0.82990783  p_x
  138   3   2  -2       0.03880499  d_xy
  138   3   2  -1       0.03903821  d_yz
  138   3   2   0       0.01887846  d_z2
  138   3   2   1       0.03905950  d_xz
  138   3   2   2       0.01871983  d_x2-y2
  139   1   0   0       1.35561349  s
  139   2   1  -1       0.83008709  p_y
  139   2   1   0       0.83010508  p_z
  139   2   1   1       0.83008709  p_x
  139   3   2  -2       0.03885006  d_xy
  139   3   2  -1       0.03888519  d_yz
  139   3   2   0       0.01872370  d_z2
  139   3   2   1       0.03888519  d_xz
  139   3   2   2       0.01873080  d_x2-y2
  140   1   0   0       1.35558836  s
  140   2   1  -1       0.83017273  p_y
  140   2   1   0       0.83003155  p_z
  140   2   1   1       0.83008418  p_x
  140   3   2  -2       0.03881591  d_xy
  140   3   2  -1       0.03883896  d_yz
  140   3   2   0       0.01873566  d_z2
  140   3   2   1       0.03900361  d_xz
  140   3   2   2       0.01872793  d_x2-y2
  141   1   0   0       1.35627846  s
  141   2   1  -1       0.82975454  p_y
  141   2   1   0       0.82970262  p_z
  141   2   1   1       0.82994014  p_x
  141   3   2  -2       0.03877332  d_xy
  141   3   2  -1       0.03917145  d_yz
  141   3   2   0       0.01873712  d_z2
  141   3   2   1       0.03876076  d_xz
  141   3   2   2       0.01874511  d_x2-y2
  142   1   0   0       1.35559434  s
  142   2   1  -1       0.83009150  p_y
  142   2   1   0       0.83016669  p_z
  142   2   1   1       0.83014053  p_x
  142   3   2  -2       0.03885029  d_xy
  142   3   2  -1       0.03897828  d_yz
  142   3   2   0       0.01872306  d_z2
  142   3   2   1       0.03882513  d_xz
  142   3   2   2       0.01873929  d_x2-y2
  143   1   0   0       1.35558836  s
  143   2   1  -1       0.83008418  p_y
  143   2   1   0       0.83003155  p_z
  143   2   1   1       0.83017273  p_x
  143   3   2  -2       0.03881591  d_xy
  143   3   2  -1       0.03900361  d_yz
  143   3   2   0       0.01873566  d_z2
  143   3   2   1       0.03883896  d_xz
  143   3   2   2       0.01872793  d_x2-y2
  144   1   0   0       1.35527805  s
  144   2   1  -1       0.83024567  p_y
  144   2   1   0       0.83020371  p_z
  144   2   1   1       0.83024567  p_x
  144   3   2  -2       0.03868942  d_xy
  144   3   2  -1       0.03900595  d_yz
  144   3   2   0       0.01879590  d_z2
  144   3   2   1       0.03900595  d_xz
  144   3   2   2       0.01871395  d_x2-y2
  145   1   0   0       1.35588274  s
  145   2   1  -1       0.82999396  p_y
  145   2   1   0       0.82994307  p_z
  145   2   1   1       0.82999396  p_x
  145   3   2  -2       0.03885283  d_xy
  145   3   2  -1       0.03887210  d_yz
  145   3   2   0       0.01873055  d_z2
  145   3   2   1       0.03887210  d_xz
  145   3   2   2       0.01872801  d_x2-y2
  146   1   0   0       1.35573367  s
  146   2   1  -1       0.83018119  p_y
  146   2   1   0       0.82999887  p_z
  146   2   1   1       0.82991003  p_x
  146   3   2  -2       0.03877377  d_xy
  146   3   2  -1       0.03875380  d_yz
  146   3   2   0       0.01872689  d_z2
  146   3   2   1       0.03907735  d_xz
  146   3   2   2       0.01874024  d_x2-y2
  147   1   0   0       1.35569820  s
  147   2   1  -1       0.83004888  p_y
  147   2   1   0       0.82987187  p_z
  147   2   1   1       0.83002147  p_x
  147   3   2  -2       0.03873955  d_xy
  147   3   2  -1       0.03879510  d_yz
  147   3   2   0       0.01874878  d_z2
  147   3   2   1       0.03916427  d_xz
  147   3   2   2       0.01873234  d_x2-y2
  148   1   0   0       1.35531825  s
  148   2   1  -1       0.82934468  p_y
  148   2   1   0       0.82973112  p_z
  148   2   1   1       0.82924437  p_x
  148   3   2  -2       0.03925045  d_xy
  148   3   2  -1       0.03905691  d_yz
  148   3   2   0       0.01936317  d_z2
  148   3   2   1       0.03939903  d_xz
  148   3   2   2       0.01885252  d_x2-y2
  149   1   0   0       1.35573367  s
  149   2   1  -1       0.82991003  p_y
  149   2   1   0       0.82999887  p_z
  149   2   1   1       0.83018119  p_x
  149   3   2  -2       0.03877377  d_xy
  149   3   2  -1       0.03907735  d_yz
  149   3   2   0       0.01872689  d_z2
  149   3   2   1       0.03875380  d_xz
  149   3   2   2       0.01874024  d_x2-y2
  150   1   0   0       1.35545283  s
  150   2   1  -1       0.83012524  p_y
  150   2   1   0       0.82999723  p_z
  150   2   1   1       0.83012524  p_x
  150   3   2  -2       0.03863943  d_xy
  150   3   2  -1       0.03899363  d_yz
  150   3   2   0       0.01878378  d_z2
  150   3   2   1       0.03899363  d_xz
  150   3   2   2       0.01871659  d_x2-y2
  151   1   0   0       1.35503630  s
  151   2   1  -1       0.83035887  p_y
  151   2   1   0       0.83028125  p_z
  151   2   1   1       0.83040175  p_x
  151   3   2  -2       0.03854471  d_xy
  151   3   2  -1       0.03907467  d_yz
  151   3   2   0       0.01883887  d_z2
  151   3   2   1       0.03912895  d_xz
  151   3   2   2       0.01870961  d_x2-y2
  152   1   0   0       1.35574783  s
  152   2   1  -1       0.82994935  p_y
  152   2   1   0       0.82982587  p_z
  152   2   1   1       0.83010501  p_x
  152   3   2  -2       0.03874495  d_xy
  152   3   2  -1       0.03905319  d_yz
  152   3   2   0       0.01873923  d_z2
  152   3   2   1       0.03873366  d_xz
  152   3   2   2       0.01870278  d_x2-y2
  153   1   0   0       1.35569820  s
  153   2   1  -1       0.83002147  p_y
  153   2   1   0       0.82987187  p_z
  153   2   1   1       0.83004888  p_x
  153   3   2  -2       0.03873955  d_xy
  153   3   2  -1       0.03916427  d_yz
  153   3   2   0       0.01874878  d_z2
  153   3   2   1       0.03879510  d_xz
  153   3   2   2       0.01873234  d_x2-y2
  154   1   0   0       1.35503630  s
  154   2   1  -1       0.83040175  p_y
  154   2   1   0       0.83028125  p_z
  154   2   1   1       0.83035887  p_x
  154   3   2  -2       0.03854471  d_xy
  154   3   2  -1       0.03912895  d_yz
  154   3   2   0       0.01883887  d_z2
  154   3   2   1       0.03907467  d_xz
  154   3   2   2       0.01870961  d_x2-y2
  155   1   0   0       1.35549920  s
  155   2   1  -1       0.83010103  p_y
  155   2   1   0       0.83004548  p_z
  155   2   1   1       0.83010103  p_x
  155   3   2  -2       0.03886986  d_xy
  155   3   2  -1       0.03889802  d_yz
  155   3   2   0       0.01874389  d_z2
  155   3   2   1       0.03889802  d_xz
  155   3   2   2       0.01873128  d_x2-y2
  156   1   0   0       1.35590923  s
  156   2   1  -1       0.82994675  p_y
  156   2   1   0       0.83000072  p_z
  156   2   1   1       0.83010737  p_x
  156   3   2  -2       0.03878269  d_xy
  156   3   2  -1       0.03914755  d_yz
  156   3   2   0       0.01872053  d_z2
  156   3   2   1       0.03877428  d_xz
  156   3   2   2       0.01875266  d_x2-y2
  157   1   0   0       1.35531825  s
  157   2   1  -1       0.82924437  p_y
  157   2   1   0       0.82973112  p_z
  157   2   1   1       0.82934468  p_x
  157   3   2  -2       0.03925045  d_xy
  157   3   2  -1       0.03939903  d_yz
  157   3   2   0       0.01936317  d_z2
  157   3   2   1       0.03905691  d_xz
  157   3   2   2       0.01885252  d_x2-y2
  158   1   0   0       1.35574783  s
  158   2   1  -1       0.83010501  p_y
  158   2   1   0       0.82982587  p_z
  158   2   1   1       0.82994935  p_x
  158   3   2  -2       0.03874495  d_xy
  158   3   2  -1       0.03873366  d_yz
  158   3   2   0       0.01873923  d_z2
  158   3   2   1       0.03905319  d_xz
  158   3   2   2       0.01870278  d_x2-y2
  159   1   0   0       1.35590923  s
  159   2   1  -1       0.83010737  p_y
  159   2   1   0       0.83000072  p_z
  159   2   1   1       0.82994675  p_x
  159   3   2  -2       0.03878269  d_xy
  159   3   2  -1       0.03877428  d_yz
  159   3   2   0       0.01872053  d_z2
  159   3   2   1       0.03914755  d_xz
  159   3   2   2       0.01875266  d_x2-y2
  160   1   0   0       1.35627186  s
  160   2   1  -1       0.82987316  p_y
  160   2   1   0       0.82699444  p_z
  160   2   1   1       0.82987316  p_x
  160   3   2  -2       0.03748296  d_xy
  160   3   2  -1       0.03989735  d_yz
  160   3   2   0       0.02012230  d_z2
  160   3   2   1       0.03989735  d_xz
  160   3   2   2       0.01839998  d_x2-y2
  161   1   0   0       1.35545283  s
  161   2   1  -1       0.82999723  p_y
  161   2   1   0       0.83012524  p_z
  161   2   1   1       0.83012524  p_x
  161   3   2  -2       0.03899363  d_xy
  161   3   2  -1       0.03899363  d_yz
  161   3   2   0       0.01873339  d_z2
  161   3   2   1       0.03863943  d_xz
  161   3   2   2       0.01876699  d_x2-y2
  162   1   0   0       1.35573367  s
  162   2   1  -1       0.82999887  p_y
  162   2   1   0       0.82991003  p_z
  162   2   1   1       0.83018119  p_x
  162   3   2  -2       0.03875380  d_xy
  162   3   2  -1       0.03907735  d_yz
  162   3   2   0       0.01874826  d_z2
  162   3   2   1       0.03877377  d_xz
  162   3   2   2       0.01871887  d_x2-y2
  163   1   0   0       1.35574783  s
  163   2   1  -1       0.82982587  p_y
  163   2   1   0       0.82994935  p_z
  163   2   1   1       0.83010501  p_x
  163   3   2  -2       0.03873366  d_xy
  163   3   2  -1       0.03905319  d_yz
  163   3   2   0       0.01871090  d_z2
  163   3   2   1       0.03874495  d_xz
  163   3   2   2       0.01873111  d_x2-y2
  164   1   0   0       1.35503630  s
  164   2   1  -1       0.83035887  p_y
  164   2   1   0       0.83028125  p_z
  164   2   1   1       0.83040175  p_x
  164   3   2  -2       0.03854471  d_xy
  164   3   2  -1       0.03907467  d_yz
  164   3   2   0       0.01883887  d_z2
  164   3   2   1       0.03912895  d_xz
  164   3   2   2       0.01870961  d_x2-y2
  165   1   0   0       1.35502605  s
  165   2   1  -1       0.83034494  p_y
  165   2   1   0       0.82914041  p_z
  165   2   1   1       0.82912282  p_x
  165   3   2  -2       0.03964661  d_xy
  165   3   2  -1       0.03953169  d_yz
  165   3   2   0       0.01893627  d_z2
  165   3   2   1       0.03903850  d_xz
  165   3   2   2       0.01904194  d_x2-y2
  166   1   0   0       1.35545463  s
  166   2   1  -1       0.82905250  p_y
  166   2   1   0       0.82979983  p_z
  166   2   1   1       0.82905250  p_x
  166   3   2  -2       0.03895565  d_xy
  166   3   2  -1       0.03946099  d_yz
  166   3   2   0       0.01893930  d_z2
  166   3   2   1       0.03946099  d_xz
  166   3   2   2       0.01880044  d_x2-y2
  167   1   0   0       1.35554623  s
  167   2   1  -1       0.83006591  p_y
  167   2   1   0       0.83036306  p_z
  167   2   1   1       0.82977796  p_x
  167   3   2  -2       0.03886730  d_xy
  167   3   2  -1       0.03903713  d_yz
  167   3   2   0       0.01894657  d_z2
  167   3   2   1       0.03925444  d_xz
  167   3   2   2       0.01878361  d_x2-y2
  168   1   0   0       1.35558836  s
  168   2   1  -1       0.83017273  p_y
  168   2   1   0       0.83008418  p_z
  168   2   1   1       0.83003155  p_x
  168   3   2  -2       0.03883896  d_xy
  168   3   2  -1       0.03881591  d_yz
  168   3   2   0       0.01872942  d_z2
  168   3   2   1       0.03900361  d_xz
  168   3   2   2       0.01873417  d_x2-y2
  169   1   0   0       1.35599387  s
  169   2   1  -1       0.82983061  p_y
  169   2   1   0       0.82987664  p_z
  169   2   1   1       0.82966769  p_x
  169   3   2  -2       0.03881573  d_xy
  169   3   2  -1       0.03936538  d_yz
  169   3   2   0       0.01863906  d_z2
  169   3   2   1       0.03890962  d_xz
  169   3   2   2       0.01887207  d_x2-y2
  170   1   0   0       1.35554623  s
  170   2   1  -1       0.82977796  p_y
  170   2   1   0       0.83036306  p_z
  170   2   1   1       0.83006591  p_x
  170   3   2  -2       0.03886730  d_xy
  170   3   2  -1       0.03925444  d_yz
  170   3   2   0       0.01894657  d_z2
  170   3   2   1       0.03903713  d_xz
  170   3   2   2       0.01878361  d_x2-y2
  171   1   0   0       1.35565725  s
  171   2   1  -1       0.83009460  p_y
  171   2   1   0       0.83007093  p_z
  171   2   1   1       0.83009460  p_x
  171   3   2  -2       0.03886994  d_xy
  171   3   2  -1       0.03889572  d_yz
  171   3   2   0       0.01872762  d_z2
  171   3   2   1       0.03889572  d_xz
  171   3   2   2       0.01872919  d_x2-y2
  172   1   0   0       1.35559434  s
  172   2   1  -1       0.83014053  p_y
  172   2   1   0       0.83009150  p_z
  172   2   1   1       0.83016669  p_x
  172   3   2  -2       0.03882513  d_xy
  172   3   2  -1       0.03885029  d_yz
  172   3   2   0       0.01873005  d_z2
  172   3   2   1       0.03897828  d_xz
  172   3   2   2       0.01873230  d_x2-y2
  173   1   0   0       1.35651426  s
  173   2   1  -1       0.82973974  p_y
  173   2   1   0       0.82974331  p_z
  173   2   1   1       0.82989805  p_x
  173   3   2  -2       0.03882470  d_xy
  173   3   2  -1       0.03909961  d_yz
  173   3   2   0       0.01871502  d_z2
  173   3   2   1       0.03881887  d_xz
  173   3   2   2       0.01875976  d_x2-y2
  174   1   0   0       1.35558836  s
  174   2   1  -1       0.83003155  p_y
  174   2   1   0       0.83008418  p_z
  174   2   1   1       0.83017273  p_x
  174   3   2  -2       0.03883896  d_xy
  174   3   2  -1       0.03900361  d_yz
  174   3   2   0       0.01872942  d_z2
  174   3   2   1       0.03881591  d_xz
  174   3   2   2       0.01873417  d_x2-y2
  175   1   0   0       1.35559434  s
  175   2   1  -1       0.83016669  p_y
  175   2   1   0       0.83009150  p_z
  175   2   1   1       0.83014053  p_x
  175   3   2  -2       0.03882513  d_xy
  175   3   2  -1       0.03897828  d_yz
  175   3   2   0       0.01873005  d_z2
  175   3   2   1       0.03885029  d_xz
  175   3   2   2       0.01873230  d_x2-y2
  176   1   0   0       1.35559598  s
  176   2   1  -1       0.83007107  p_y
  176   2   1   0       0.83003010  p_z
  176   2   1   1       0.83007107  p_x
  176   3   2  -2       0.03877452  d_xy
  176   3   2  -1       0.03891686  d_yz
  176   3   2   0       0.01872696  d_z2
  176   3   2   1       0.03891686  d_xz
  176   3   2   2       0.01872226  d_x2-y2
  177   1   0   0       1.35565737  s
  177   2   1  -1       0.83021199  p_y
  177   2   1   0       0.83001400  p_z
  177   2   1   1       0.83021199  p_x
  177   3   2  -2       0.03912233  d_xy
  177   3   2  -1       0.03879244  d_yz
  177   3   2   0       0.01879655  d_z2
  177   3   2   1       0.03879244  d_xz
  177   3   2   2       0.01868059  d_x2-y2
  178   1   0   0       1.35572282  s
  178   2   1  -1       0.82999914  p_y
  178   2   1   0       0.83017429  p_z
  178   2   1   1       0.83005766  p_x
  178   3   2  -2       0.03883028  d_xy
  178   3   2  -1       0.03887574  d_yz
  178   3   2   0       0.01870404  d_z2
  178   3   2   1       0.03905069  d_xz
  178   3   2   2       0.01878616  d_x2-y2
  179   1   0   0       1.35590923  s
  179   2   1  -1       0.83010737  p_y
  179   2   1   0       0.82994675  p_z
  179   2   1   1       0.83000072  p_x
  179   3   2  -2       0.03877428  d_xy
  179   3   2  -1       0.03878269  d_yz
  179   3   2   0       0.01872137  d_z2
  179   3   2   1       0.03914755  d_xz
  179   3   2   2       0.01875182  d_x2-y2
  180   1   0   0       1.35561273  s
  180   2   1  -1       0.82818358  p_y
  180   2   1   0       0.83097747  p_z
  180   2   1   1       0.82825846  p_x
  180   3   2  -2       0.03966308  d_xy
  180   3   2  -1       0.04064378  d_yz
  180   3   2   0       0.01959801  d_z2
  180   3   2   1       0.03888576  d_xz
  180   3   2   2       0.01956991  d_x2-y2
  181   1   0   0       1.35572282  s
  181   2   1  -1       0.83005766  p_y
  181   2   1   0       0.83017429  p_z
  181   2   1   1       0.82999914  p_x
  181   3   2  -2       0.03883028  d_xy
  181   3   2  -1       0.03905069  d_yz
  181   3   2   0       0.01870404  d_z2
  181   3   2   1       0.03887574  d_xz
  181   3   2   2       0.01878616  d_x2-y2
  182   1   0   0       1.35543601  s
  182   2   1  -1       0.83023882  p_y
  182   2   1   0       0.83013749  p_z
  182   2   1   1       0.83023882  p_x
  182   3   2  -2       0.03882873  d_xy
  182   3   2  -1       0.03900263  d_yz
  182   3   2   0       0.01879615  d_z2
  182   3   2   1       0.03900263  d_xz
  182   3   2   2       0.01874348  d_x2-y2
  183   1   0   0       1.35551028  s
  183   2   1  -1       0.83027514  p_y
  183   2   1   0       0.83008571  p_z
  183   2   1   1       0.82991890  p_x
  183   3   2  -2       0.03862857  d_xy
  183   3   2  -1       0.03889307  d_yz
  183   3   2   0       0.01877875  d_z2
  183   3   2   1       0.03914862  d_xz
  183   3   2   2       0.01872649  d_x2-y2
  184   1   0   0       1.35509602  s
  184   2   1  -1       0.83026003  p_y
  184   2   1   0       0.83030865  p_z
  184   2   1   1       0.83036256  p_x
  184   3   2  -2       0.03914932  d_xy
  184   3   2  -1       0.03903112  d_yz
  184   3   2   0       0.01875494  d_z2
  184   3   2   1       0.03867556  d_xz
  184   3   2   2       0.01880745  d_x2-y2
  185   1   0   0       1.35590923  s
  185   2   1  -1       0.83000072  p_y
  185   2   1   0       0.82994675  p_z
  185   2   1   1       0.83010737  p_x
  185   3   2  -2       0.03877428  d_xy
  185   3   2  -1       0.03914755  d_yz
  185   3   2   0       0.01872137  d_z2
  185   3   2   1       0.03878269  d_xz
  185   3   2   2       0.01875182  d_x2-y2
  186   1   0   0       1.35551028  s
  186   2   1  -1       0.82991890  p_y
  186   2   1   0       0.83008571  p_z
  186   2   1   1       0.83027514  p_x
  186   3   2  -2       0.03862857  d_xy
  186   3   2  -1       0.03914862  d_yz
  186   3   2   0       0.01877875  d_z2
  186   3   2   1       0.03889307  d_xz
  186   3   2   2       0.01872649  d_x2-y2
  187   1   0   0       1.35553121  s
  187   2   1  -1       0.83010871  p_y
  187   2   1   0       0.83011912  p_z
  187   2   1   1       0.83010871  p_x
  187   3   2  -2       0.03887738  d_xy
  187   3   2  -1       0.03887874  d_yz
  187   3   2   0       0.01872830  d_z2
  187   3   2   1       0.03887874  d_xz
  187   3   2   2       0.01873226  d_x2-y2
  188   1   0   0       1.35569820  s
  188   2   1  -1       0.82987187  p_y
  188   2   1   0       0.83002147  p_z
  188   2   1   1       0.83004888  p_x
  188   3   2  -2       0.03879510  d_xy
  188   3   2  -1       0.03916427  d_yz
  188   3   2   0       0.01870990  d_z2
  188   3   2   1       0.03873955  d_xz
  188   3   2   2       0.01877123  d_x2-y2
  189   1   0   0       1.35598010  s
  189   2   1  -1       0.82962642  p_y
  189   2   1   0       0.82987045  p_z
  189   2   1   1       0.83017808  p_x
  189   3   2  -2       0.03868559  d_xy
  189   3   2  -1       0.03934092  d_yz
  189   3   2   0       0.01877118  d_z2
  189   3   2   1       0.03858198  d_xz
  189   3   2   2       0.01874578  d_x2-y2
  190   1   0   0       1.35561349  s
  190   2   1  -1       0.83010508  p_y
  190   2   1   0       0.83008709  p_z
  190   2   1   1       0.83008709  p_x
  190   3   2  -2       0.03888519  d_xy
  190   3   2  -1       0.03888519  d_yz
  190   3   2   0       0.01872902  d_z2
  190   3   2   1       0.03885006  d_xz
  190   3   2   2       0.01872547  d_x2-y2
  191   1   0   0       1.35569156  s
  191   2   1  -1       0.83006211  p_y
  191   2   1   0       0.83006006  p_z
  191   2   1   1       0.83000665  p_x
  191   3   2  -2       0.03886489  d_xy
  191   3   2  -1       0.03889338  d_yz
  191   3   2   0       0.01871992  d_z2
  191   3   2   1       0.03884766  d_xz
  191   3   2   2       0.01872892  d_x2-y2
  192   1   0   0       1.35626788  s
  192   2   1  -1       0.82963923  p_y
  192   2   1   0       0.82961995  p_z
  192   2   1   1       0.83012824  p_x
  192   3   2  -2       0.03866222  d_xy
  192   3   2  -1       0.03927230  d_yz
  192   3   2   0       0.01874756  d_z2
  192   3   2   1       0.03862380  d_xz
  192   3   2   2       0.01872157  d_x2-y2
  193   1   0   0       1.36426020  s
  193   2   1  -1       0.83043824  p_y
  193   2   1   0       0.83043824  p_z
  193   2   1   1       0.83043824  p_x
  193   3   2  -2       0.03853847  d_xy
  193   3   2  -1       0.03853847  d_yz
  193   3   2   0       0.01797955  d_z2
  193   3   2   1       0.03853847  d_xz
  193   3   2   2       0.01797955  d_x2-y2
  194   1   0   0       1.35656590  s
  194   2   1  -1       0.82943866  p_y
  194   2   1   0       0.82943866  p_z
  194   2   1   1       0.82944093  p_x
  194   3   2  -2       0.03871541  d_xy
  194   3   2  -1       0.03986630  d_yz
  194   3   2   0       0.01872779  d_z2
  194   3   2   1       0.03871541  d_xz
  194   3   2   2       0.01893665  d_x2-y2
  195   1   0   0       1.35580991  s
  195   2   1  -1       0.82999540  p_y
  195   2   1   0       0.82999540  p_z
  195   2   1   1       0.82993370  p_x
  195   3   2  -2       0.03885955  d_xy
  195   3   2  -1       0.03893911  d_yz
  195   3   2   0       0.01871979  d_z2
  195   3   2   1       0.03885955  d_xz
  195   3   2   2       0.01874272  d_x2-y2
  196   1   0   0       1.35559598  s
  196   2   1  -1       0.83007107  p_y
  196   2   1   0       0.83007107  p_z
  196   2   1   1       0.83003010  p_x
  196   3   2  -2       0.03891686  d_xy
  196   3   2  -1       0.03877452  d_yz
  196   3   2   0       0.01872344  d_z2
  196   3   2   1       0.03891686  d_xz
  196   3   2   2       0.01872579  d_x2-y2
  197   1   0   0       1.35656590  s
  197   2   1  -1       0.82944093  p_y
  197   2   1   0       0.82943866  p_z
  197   2   1   1       0.82943866  p_x
  197   3   2  -2       0.03871541  d_xy
  197   3   2  -1       0.03871541  d_yz
  197   3   2   0       0.01872779  d_z2
  197   3   2   1       0.03986630  d_xz
  197   3   2   2       0.01893665  d_x2-y2
  198   1   0   0       1.35576443  s
  198   2   1  -1       0.83004165  p_y
  198   2   1   0       0.83020690  p_z
  198   2   1   1       0.83004165  p_x
  198   3   2  -2       0.03888736  d_xy
  198   3   2  -1       0.03889624  d_yz
  198   3   2   0       0.01870966  d_z2
  198   3   2   1       0.03889624  d_xz
  198   3   2   2       0.01877031  d_x2-y2
  199   1   0   0       1.35569156  s
  199   2   1  -1       0.83000665  p_y
  199   2   1   0       0.83006211  p_z
  199   2   1   1       0.83006006  p_x
  199   3   2  -2       0.03884766  d_xy
  199   3   2  -1       0.03886489  d_yz
  199   3   2   0       0.01871787  d_z2
  199   3   2   1       0.03889338  d_xz
  199   3   2   2       0.01873097  d_x2-y2
  200   1   0   0       1.35560504  s
  200   2   1  -1       0.83024038  p_y
  200   2   1   0       0.82996070  p_z
  200   2   1   1       0.82990402  p_x
  200   3   2  -2       0.03874188  d_xy
  200   3   2  -1       0.03873172  d_yz
  200   3   2   0       0.01874214  d_z2
  200   3   2   1       0.03914076  d_xz
  200   3   2   2       0.01873142  d_x2-y2
  201   1   0   0       1.35580991  s
  201   2   1  -1       0.82993370  p_y
  201   2   1   0       0.82999540  p_z
  201   2   1   1       0.82999540  p_x
  201   3   2  -2       0.03885955  d_xy
  201   3   2  -1       0.03885955  d_yz
  201   3   2   0       0.01871979  d_z2
  201   3   2   1       0.03893911  d_xz
  201   3   2   2       0.01874272  d_x2-y2
  202   1   0   0       1.35569156  s
  202   2   1  -1       0.83006006  p_y
  202   2   1   0       0.83006211  p_z
  202   2   1   1       0.83000665  p_x
  202   3   2  -2       0.03884766  d_xy
  202   3   2  -1       0.03889338  d_yz
  202   3   2   0       0.01871787  d_z2
  202   3   2   1       0.03886489  d_xz
  202   3   2   2       0.01873097  d_x2-y2
  203   1   0   0       1.35580991  s
  203   2   1  -1       0.82999540  p_y
  203   2   1   0       0.82993370  p_z
  203   2   1   1       0.82999540  p_x
  203   3   2  -2       0.03893911  d_xy
  203   3   2  -1       0.03885955  d_yz
  203   3   2   0       0.01875419  d_z2
  203   3   2   1       0.03885955  d_xz
  203   3   2   2       0.01870832  d_x2-y2
  204   1   0   0       1.35569156  s
  204   2   1  -1       0.83006211  p_y
  204   2   1   0       0.83006006  p_z
  204   2   1   1       0.83000665  p_x
  204   3   2  -2       0.03886489  d_xy
  204   3   2  -1       0.03889338  d_yz
  204   3   2   0       0.01871992  d_z2
  204   3   2   1       0.03884766  d_xz
  204   3   2   2       0.01872892  d_x2-y2
  205   1   0   0       1.35559598  s
  205   2   1  -1       0.83003010  p_y
  205   2   1   0       0.83007107  p_z
  205   2   1   1       0.83007107  p_x
  205   3   2  -2       0.03891686  d_xy
  205   3   2  -1       0.03891686  d_yz
  205   3   2   0       0.01872344  d_z2
  205   3   2   1       0.03877452  d_xz
  205   3   2   2       0.01872579  d_x2-y2
  206   1   0   0       1.35560504  s
  206   2   1  -1       0.82990402  p_y
  206   2   1   0       0.82996070  p_z
  206   2   1   1       0.83024038  p_x
  206   3   2  -2       0.03874188  d_xy
  206   3   2  -1       0.03914076  d_yz
  206   3   2   0       0.01874214  d_z2
  206   3   2   1       0.03873172  d_xz
  206   3   2   2       0.01873142  d_x2-y2
  207   1   0   0       1.35569156  s
  207   2   1  -1       0.83000665  p_y
  207   2   1   0       0.83006006  p_z
  207   2   1   1       0.83006211  p_x
  207   3   2  -2       0.03886489  d_xy
  207   3   2  -1       0.03884766  d_yz
  207   3   2   0       0.01871992  d_z2
  207   3   2   1       0.03889338  d_xz
  207   3   2   2       0.01872892  d_x2-y2
  208   1   0   0       1.35553121  s
  208   2   1  -1       0.83010871  p_y
  208   2   1   0       0.83011912  p_z
  208   2   1   1       0.83010871  p_x
  208   3   2  -2       0.03887738  d_xy
  208   3   2  -1       0.03887874  d_yz
  208   3   2   0       0.01872830  d_z2
  208   3   2   1       0.03887874  d_xz
  208   3   2   2       0.01873226  d_x2-y2
  209   1   0   0       1.35656590  s
  209   2   1  -1       0.82943866  p_y
  209   2   1   0       0.82944093  p_z
  209   2   1   1       0.82943866  p_x
  209   3   2  -2       0.03986630  d_xy
  209   3   2  -1       0.03871541  d_yz
  209   3   2   0       0.01904108  d_z2
  209   3   2   1       0.03871541  d_xz
  209   3   2   2       0.01862336  d_x2-y2
  210   1   0   0       1.35576443  s
  210   2   1  -1       0.83020690  p_y
  210   2   1   0       0.83004165  p_z
  210   2   1   1       0.83004165  p_x
  210   3   2  -2       0.03889624  d_xy
  210   3   2  -1       0.03889624  d_yz
  210   3   2   0       0.01875515  d_z2
  210   3   2   1       0.03888736  d_xz
  210   3   2   2       0.01872482  d_x2-y2
  211   1   0   0       1.35569156  s
  211   2   1  -1       0.83006211  p_y
  211   2   1   0       0.83000665  p_z
  211   2   1   1       0.83006006  p_x
  211   3   2  -2       0.03889338  d_xy
  211   3   2  -1       0.03886489  d_yz
  211   3   2   0       0.01873547  d_z2
  211   3   2   1       0.03884766  d_xz
  211   3   2   2       0.01871337  d_x2-y2
  212   1   0   0       1.35560504  s
  212   2   1  -1       0.82996070  p_y
  212   2   1   0       0.83024038  p_z
  212   2   1   1       0.82990402  p_x
  212   3   2  -2       0.03914076  d_xy
  212   3   2  -1       0.03873172  d_yz
  212   3   2   0       0.01870777  d_z2
  212   3   2   1       0.03874188  d_xz
  212   3   2   2       0.01876580  d_x2-y2
  213   1   0   0       1.35576443  s
  213   2   1  -1       0.83004165  p_y
  213   2   1   0       0.83004165  p_z
  213   2   1   1       0.83020690  p_x
  213   3   2  -2       0.03889624  d_xy
  213   3   2  -1       0.03888736  d_yz
  213   3   2   0       0.01875515  d_z2
  213   3   2   1       0.03889624  d_xz
  213   3   2   2       0.01872482  d_x2-y2
  214   1   0   0       1.35555217  s
  214   2   1  -1       0.83006148  p_y
  214   2   1   0       0.83006148  p_z
  214   2   1   1       0.83006148  p_x
  214   3   2  -2       0.03887880  d_xy
  214   3   2  -1       0.03887880  d_yz
  214   3   2   0       0.01873323  d_z2
  214   3   2   1       0.03887880  d_xz
  214   3   2   2       0.01873323  d_x2-y2
  215   1   0   0       1.35553121  s
  215   2   1  -1       0.83010871  p_y
  215   2   1   0       0.83010871  p_z
  215   2   1   1       0.83011912  p_x
  215   3   2  -2       0.03887874  d_xy
  215   3   2  -1       0.03887738  d_yz
  215   3   2   0       0.01873127  d_z2
  215   3   2   1       0.03887874  d_xz
  215   3   2   2       0.01872929  d_x2-y2
  216   1   0   0       1.35614840  s
  216   2   1  -1       0.83002609  p_y
  216   2   1   0       0.83002609  p_z
  216   2   1   1       0.82984062  p_x
  216   3   2  -2       0.03883271  d_xy
  216   3   2  -1       0.03901527  d_yz
  216   3   2   0       0.01871134  d_z2
  216   3   2   1       0.03883271  d_xz
  216   3   2   2       0.01872914  d_x2-y2
  217   1   0   0       1.35569156  s
  217   2   1  -1       0.83006006  p_y
  217   2   1   0       0.83000665  p_z
  217   2   1   1       0.83006211  p_x
  217   3   2  -2       0.03889338  d_xy
  217   3   2  -1       0.03884766  d_yz
  217   3   2   0       0.01873547  d_z2
  217   3   2   1       0.03886489  d_xz
  217   3   2   2       0.01871337  d_x2-y2
  218   1   0   0       1.35553121  s
  218   2   1  -1       0.83011912  p_y
  218   2   1   0       0.83010871  p_z
  218   2   1   1       0.83010871  p_x
  218   3   2  -2       0.03887874  d_xy
  218   3   2  -1       0.03887874  d_yz
  218   3   2   0       0.01873127  d_z2
  218   3   2   1       0.03887738  d_xz
  218   3   2   2       0.01872929  d_x2-y2
  219   1   0   0       1.35559598  s
  219   2   1  -1       0.83007107  p_y
  219   2   1   0       0.83003010  p_z
  219   2   1   1       0.83007107  p_x
  219   3   2  -2       0.03877452  d_xy
  219   3   2  -1       0.03891686  d_yz
  219   3   2   0       0.01872696  d_z2
  219   3   2   1       0.03891686  d_xz
  219   3   2   2       0.01872226  d_x2-y2
  220   1   0   0       1.35560504  s
  220   2   1  -1       0.82996070  p_y
  220   2   1   0       0.82990402  p_z
  220   2   1   1       0.83024038  p_x
  220   3   2  -2       0.03873172  d_xy
  220   3   2  -1       0.03914076  d_yz
  220   3   2   0       0.01876044  d_z2
  220   3   2   1       0.03874188  d_xz
  220   3   2   2       0.01871313  d_x2-y2
  221   1   0   0       1.35560504  s
  221   2   1  -1       0.82990402  p_y
  221   2   1   0       0.83024038  p_z
  221   2   1   1       0.82996070  p_x
  221   3   2  -2       0.03914076  d_xy
  221   3   2  -1       0.03874188  d_yz
  221   3   2   0       0.01870777  d_z2
  221   3   2   1       0.03873172  d_xz
  221   3   2   2       0.01876580  d_x2-y2
  222   1   0   0       1.35614840  s
  222   2   1  -1       0.82984062  p_y
  222   2   1   0       0.83002609  p_z
  222   2   1   1       0.83002609  p_x
  222   3   2  -2       0.03883271  d_xy
  222   3   2  -1       0.03883271  d_yz
  222   3   2   0       0.01871134  d_z2
  222   3   2   1       0.03901527  d_xz
  222   3   2   2       0.01872914  d_x2-y2
  223   1   0   0       1.35560504  s
  223   2   1  -1       0.83024038  p_y
  223   2   1   0       0.82990402  p_z
  223   2   1   1       0.82996070  p_x
  223   3   2  -2       0.03873172  d_xy
  223   3   2  -1       0.03874188  d_yz
  223   3   2   0       0.01876044  d_z2
  223   3   2   1       0.03914076  d_xz
  223   3   2   2       0.01871313  d_x2-y2
  224   1   0   0       1.35614840  s
  224   2   1  -1       0.83002609  p_y
  224   2   1   0       0.82984062  p_z
  224   2   1   1       0.83002609  p_x
  224   3   2  -2       0.03901527  d_xy
  224   3   2  -1       0.03883271  d_yz
  224   3   2   0       0.01873804  d_z2
  224   3   2   1       0.03883271  d_xz
  224   3   2   2       0.01870244  d_x2-y2
  225   1   0   0       1.35639270  s
  225   2   1  -1       0.82981574  p_y
  225   2   1   0       0.82981574  p_z
  225   2   1   1       0.82990099  p_x
  225   3   2  -2       0.03877341  d_xy
  225   3   2  -1       0.03926899  d_yz
  225   3   2   0       0.01870012  d_z2
  225   3   2   1       0.03877341  d_xz
  225   3   2   2       0.01880259  d_x2-y2
  226   1   0   0       1.35565737  s
  226   2   1  -1       0.83021199  p_y
  226   2   1   0       0.83021199  p_z
  226   2   1   1       0.83001400  p_x
  226   3   2  -2       0.03879244  d_xy
  226   3   2  -1       0.03912233  d_yz
  226   3   2   0       0.01870958  d_z2
  226   3   2   1       0.03879244  d_xz
  226   3   2   2       0.01876756  d_x2-y2
  227   1   0   0       1.35565725  s
  227   2   1  -1       0.83009460  p_y
  227   2   1   0       0.83009460  p_z
  227   2   1   1       0.83007093  p_x
  227   3   2  -2       0.03889572  d_xy
  227   3   2  -1       0.03886994  d_yz
  227   3   2   0       0.01872880  d_z2
  227   3   2   1       0.03889572  d_xz
  227   3   2   2       0.01872802  d_x2-y2
  228   1   0   0       1.35553121  s
  228   2   1  -1       0.83010871  p_y
  228   2   1   0       0.83010871  p_z
  228   2   1   1       0.83011912  p_x
  228   3   2  -2       0.03887874  d_xy
  228   3   2  -1       0.03887738  d_yz
  228   3   2   0       0.01873127  d_z2
  228   3   2   1       0.03887874  d_xz
  228   3   2   2       0.01872929  d_x2-y2
  229   1   0   0       1.35724178  s
  229   2   1  -1       0.83028115  p_y
  229   2   1   0       0.82834457  p_z
  229   2   1   1       0.82834457  p_x
  229   3   2  -2       0.03810928  d_xy
  229   3   2  -1       0.03810928  d_yz
  229   3   2   0       0.01892181  d_z2
  229   3   2   1       0.04057819  d_xz
  229   3   2   2       0.01946213  d_x2-y2
  230   1   0   0       1.35604548  s
  230   2   1  -1       0.82999189  p_y
  230   2   1   0       0.82959737  p_z
  230   2   1   1       0.82999189  p_x
  230   3   2  -2       0.03863845  d_xy
  230   3   2  -1       0.03902936  d_yz
  230   3   2   0       0.01877893  d_z2
  230   3   2   1       0.03902936  d_xz
  230   3   2   2       0.01872653  d_x2-y2
  231   1   0   0       1.35560959  s
  231   2   1  -1       0.83023624  p_y
  231   2   1   0       0.83001349  p_z
  231   2   1   1       0.83010383  p_x
  231   3   2  -2       0.03887736  d_xy
  231   3   2  -1       0.03886070  d_yz
  231   3   2   0       0.01874790  d_z2
  231   3   2   1       0.03893844  d_xz
  231   3   2   2       0.01873043  d_x2-y2
  232   1   0   0       1.35604373  s
  232   2   1  -1       0.83009296  p_y
  232   2   1   0       0.82985234  p_z
  232   2   1   1       0.82975486  p_x
  232   3   2  -2       0.03876289  d_xy
  232   3   2  -1       0.03871286  d_yz
  232   3   2   0       0.01874349  d_z2
  232   3   2   1       0.03913560  d_xz
  232   3   2   2       0.01873757  d_x2-y2
  233   1   0   0       1.35646037  s
  233   2   1  -1       0.82991494  p_y
  233   2   1   0       0.82960946  p_z
  233   2   1   1       0.82960946  p_x
  233   3   2  -2       0.03875155  d_xy
  233   3   2  -1       0.03875155  d_yz
  233   3   2   0       0.01871325  d_z2
  233   3   2   1       0.03903204  d_xz
  233   3   2   2       0.01873975  d_x2-y2
  234   1   0   0       1.35560959  s
  234   2   1  -1       0.83010383  p_y
  234   2   1   0       0.83001349  p_z
  234   2   1   1       0.83023624  p_x
  234   3   2  -2       0.03887736  d_xy
  234   3   2  -1       0.03893844  d_yz
  234   3   2   0       0.01874790  d_z2
  234   3   2   1       0.03886070  d_xz
  234   3   2   2       0.01873043  d_x2-y2
  235   1   0   0       1.35646037  s
  235   2   1  -1       0.82960946  p_y
  235   2   1   0       0.82991494  p_z
  235   2   1   1       0.82960946  p_x
  235   3   2  -2       0.03903204  d_xy
  235   3   2  -1       0.03875155  d_yz
  235   3   2   0       0.01875300  d_z2
  235   3   2   1       0.03875155  d_xz
  235   3   2   2       0.01869999  d_x2-y2
  236   1   0   0       1.35560959  s
  236   2   1  -1       0.83001349  p_y
  236   2   1   0       0.83010383  p_z
  236   2   1   1       0.83023624  p_x
  236   3   2  -2       0.03886070  d_xy
  236   3   2  -1       0.03893844  d_yz
  236   3   2   0       0.01874081  d_z2
  236   3   2   1       0.03887736  d_xz
  236   3   2   2       0.01873752  d_x2-y2
  237   1   0   0       1.35527805  s
  237   2   1  -1       0.83020371  p_y
  237   2   1   0       0.83024567  p_z
  237   2   1   1       0.83024567  p_x
  237   3   2  -2       0.03900595  d_xy
  237   3   2  -1       0.03900595  d_yz
  237   3   2   0       0.01873444  d_z2
  237   3   2   1       0.03868942  d_xz
  237   3   2   2       0.01877541  d_x2-y2
  238   1   0   0       1.35604373  s
  238   2   1  -1       0.82975486  p_y
  238   2   1   0       0.82985234  p_z
  238   2   1   1       0.83009296  p_x
  238   3   2  -2       0.03876289  d_xy
  238   3   2  -1       0.03913560  d_yz
  238   3   2   0       0.01874349  d_z2
  238   3   2   1       0.03871286  d_xz
  238   3   2   2       0.01873757  d_x2-y2
  239   1   0   0       1.35560959  s
  239   2   1  -1       0.83023624  p_y
  239   2   1   0       0.83010383  p_z
  239   2   1   1       0.83001349  p_x
  239   3   2  -2       0.03886070  d_xy
  239   3   2  -1       0.03887736  d_yz
  239   3   2   0       0.01874081  d_z2
  239   3   2   1       0.03893844  d_xz
  239   3   2   2       0.01873752  d_x2-y2
  240   1   0   0       1.35549920  s
  240   2   1  -1       0.83010103  p_y
  240   2   1   0       0.83004548  p_z
  240   2   1   1       0.83010103  p_x
  240   3   2  -2       0.03886986  d_xy
  240   3   2  -1       0.03889802  d_yz
  240   3   2   0       0.01874389  d_z2
  240   3   2   1       0.03889802  d_xz
  240   3   2   2       0.01873128  d_x2-y2
  241   1   0   0       1.35724178  s
  241   2   1  -1       0.82834457  p_y
  241   2   1   0       0.83028115  p_z
  241   2   1   1       0.82834457  p_x
  241   3   2  -2       0.04057819  d_xy
  241   3   2  -1       0.03810928  d_yz
  241   3   2   0       0.01973230  d_z2
  241   3   2   1       0.03810928  d_xz
  241   3   2   2       0.01865164  d_x2-y2
  242   1   0   0       1.35604548  s
  242   2   1  -1       0.82959737  p_y
  242   2   1   0       0.82999189  p_z
  242   2   1   1       0.82999189  p_x
  242   3   2  -2       0.03902936  d_xy
  242   3   2  -1       0.03902936  d_yz
  242   3   2   0       0.01873963  d_z2
  242   3   2   1       0.03863845  d_xz
  242   3   2   2       0.01876583  d_x2-y2
  243   1   0   0       1.35560959  s
  243   2   1  -1       0.83001349  p_y
  243   2   1   0       0.83023624  p_z
  243   2   1   1       0.83010383  p_x
  243   3   2  -2       0.03893844  d_xy
  243   3   2  -1       0.03886070  d_yz
  243   3   2   0       0.01872878  d_z2
  243   3   2   1       0.03887736  d_xz
  243   3   2   2       0.01874955  d_x2-y2
  244   1   0   0       1.35604373  s
  244   2   1  -1       0.82985234  p_y
  244   2   1   0       0.83009296  p_z
  244   2   1   1       0.82975486  p_x
  244   3   2  -2       0.03913560  d_xy
  244   3   2  -1       0.03871286  d_yz
  244   3   2   0       0.01871803  d_z2
  244   3   2   1       0.03876289  d_xz
  244   3   2   2       0.01876303  d_x2-y2
  245   1   0   0       1.35604548  s
  245   2   1  -1       0.82999189  p_y
  245   2   1   0       0.82999189  p_z
  245   2   1   1       0.82959737  p_x
  245   3   2  -2       0.03902936  d_xy
  245   3   2  -1       0.03863845  d_yz
  245   3   2   0       0.01873963  d_z2
  245   3   2   1       0.03902936  d_xz
  245   3   2   2       0.01876583  d_x2-y2
  246   1   0   0       1.35562872  s
  246   2   1  -1       0.83011767  p_y
  246   2   1   0       0.83011767  p_z
  246   2   1   1       0.83011767  p_x
  246   3   2  -2       0.03887607  d_xy
  246   3   2  -1       0.03887607  d_yz
  246   3   2   0       0.01872415  d_z2
  246   3   2   1       0.03887607  d_xz
  246   3   2   2       0.01872415  d_x2-y2
  247   1   0   0       1.35549920  s
  247   2   1  -1       0.83010103  p_y
  247   2   1   0       0.83010103  p_z
  247   2   1   1       0.83004548  p_x
  247   3   2  -2       0.03889802  d_xy
  247   3   2  -1       0.03886986  d_yz
  247   3   2   0       0.01873443  d_z2
  247   3   2   1       0.03889802  d_xz
  247   3   2   2       0.01874074  d_x2-y2
  248   1   0   0       1.35651423  s
  248   2   1  -1       0.82919730  p_y
  248   2   1   0       0.82919730  p_z
  248   2   1   1       0.83015447  p_x
  248   3   2  -2       0.03848909  d_xy
  248   3   2  -1       0.03935889  d_yz
  248   3   2   0       0.01866339  d_z2
  248   3   2   1       0.03848909  d_xz
  248   3   2   2       0.01860130  d_x2-y2
  249   1   0   0       1.35560959  s
  249   2   1  -1       0.83010383  p_y
  249   2   1   0       0.83023624  p_z
  249   2   1   1       0.83001349  p_x
  249   3   2  -2       0.03893844  d_xy
  249   3   2  -1       0.03887736  d_yz
  249   3   2   0       0.01872878  d_z2
  249   3   2   1       0.03886070  d_xz
  249   3   2   2       0.01874955  d_x2-y2
  250   1   0   0       1.35549920  s
  250   2   1  -1       0.83004548  p_y
  250   2   1   0       0.83010103  p_z
  250   2   1   1       0.83010103  p_x
  250   3   2  -2       0.03889802  d_xy
  250   3   2  -1       0.03889802  d_yz
  250   3   2   0       0.01873443  d_z2
  250   3   2   1       0.03886986  d_xz
  250   3   2   2       0.01874074  d_x2-y2
  251   1   0   0       1.35527805  s
  251   2   1  -1       0.83024567  p_y
  251   2   1   0       0.83020371  p_z
  251   2   1   1       0.83024567  p_x
  251   3   2  -2       0.03868942  d_xy
  251   3   2  -1       0.03900595  d_yz
  251   3   2   0       0.01879590  d_z2
  251   3   2   1       0.03900595  d_xz
  251   3   2   2       0.01871395  d_x2-y2
  252   1   0   0       1.35604373  s
  252   2   1  -1       0.82985234  p_y
  252   2   1   0       0.82975486  p_z
  252   2   1   1       0.83009296  p_x
  252   3   2  -2       0.03871286  d_xy
  252   3   2  -1       0.03913560  d_yz
  252   3   2   0       0.01876007  d_z2
  252   3   2   1       0.03876289  d_xz
  252   3   2   2       0.01872099  d_x2-y2
  253   1   0   0       1.35558836  s
  253   2   1  -1       0.83003155  p_y
  253   2   1   0       0.83017273  p_z
  253   2   1   1       0.83008418  p_x
  253   3   2  -2       0.03900361  d_xy
  253   3   2  -1       0.03883896  d_yz
  253   3   2   0       0.01873031  d_z2
  253   3   2   1       0.03881591  d_xz
  253   3   2   2       0.01873328  d_x2-y2
  254   1   0   0       1.35509602  s
  254   2   1  -1       0.83036256  p_y
  254   2   1   0       0.83026003  p_z
  254   2   1   1       0.83030865  p_x
  254   3   2  -2       0.03867556  d_xy
  254   3   2  -1       0.03914932  d_yz
  254   3   2   0       0.01883847  d_z2
  254   3   2   1       0.03903112  d_xz
  254   3   2   2       0.01872392  d_x2-y2
  255   1   0   0       1.35558836  s
  255   2   1  -1       0.83017273  p_y
  255   2   1   0       0.83003155  p_z
  255   2   1   1       0.83008418  p_x
  255   3   2  -2       0.03881591  d_xy
  255   3   2  -1       0.03883896  d_yz
  255   3   2   0       0.01873566  d_z2
  255   3   2   1       0.03900361  d_xz
  255   3   2   2       0.01872793  d_x2-y2
  256   1   0   0       1.35509602  s
  256   2   1  -1       0.83026003  p_y
  256   2   1   0       0.83036256  p_z
  256   2   1   1       0.83030865  p_x
  256   3   2  -2       0.03903112  d_xy
  256   3   2  -1       0.03914932  d_yz
  256   3   2   0       0.01875018  d_z2
  256   3   2   1       0.03867556  d_xz
  256   3   2   2       0.01881222  d_x2-y2
  257   1   0   0       1.35562872  s
  257   2   1  -1       0.83011767  p_y
  257   2   1   0       0.83011767  p_z
  257   2   1   1       0.83011767  p_x
  257   3   2  -2       0.03887607  d_xy
  257   3   2  -1       0.03887607  d_yz
  257   3   2   0       0.01872415  d_z2
  257   3   2   1       0.03887607  d_xz
  257   3   2   2       0.01872415  d_x2-y2
  258   1   0   0       1.35604548  s
  258   2   1  -1       0.82999189  p_y
  258   2   1   0       0.82999189  p_z
  258   2   1   1       0.82959737  p_x
  258   3   2  -2       0.03902936  d_xy
  258   3   2  -1       0.03863845  d_yz
  258   3   2   0       0.01873963  d_z2
  258   3   2   1       0.03902936  d_xz
  258   3   2   2       0.01876583  d_x2-y2
  259   1   0   0       1.35651423  s
  259   2   1  -1       0.82919730  p_y
  259   2   1   0       0.82919730  p_z
  259   2   1   1       0.83015447  p_x
  259   3   2  -2       0.03848909  d_xy
  259   3   2  -1       0.03935889  d_yz
  259   3   2   0       0.01866339  d_z2
  259   3   2   1       0.03848909  d_xz
  259   3   2   2       0.01860130  d_x2-y2
  260   1   0   0       1.35667311  s
  260   2   1  -1       0.82935574  p_y
  260   2   1   0       0.82935574  p_z
  260   2   1   1       0.82983225  p_x
  260   3   2  -2       0.03868262  d_xy
  260   3   2  -1       0.03946857  d_yz
  260   3   2   0       0.01864891  d_z2
  260   3   2   1       0.03868262  d_xz
  260   3   2   2       0.01881085  d_x2-y2
  261   1   0   0       1.35604548  s
  261   2   1  -1       0.82959737  p_y
  261   2   1   0       0.82999189  p_z
  261   2   1   1       0.82999189  p_x
  261   3   2  -2       0.03902936  d_xy
  261   3   2  -1       0.03902936  d_yz
  261   3   2   0       0.01873963  d_z2
  261   3   2   1       0.03863845  d_xz
  261   3   2   2       0.01876583  d_x2-y2
  262   1   0   0       1.35724178  s
  262   2   1  -1       0.82834457  p_y
  262   2   1   0       0.83028115  p_z
  262   2   1   1       0.82834457  p_x
  262   3   2  -2       0.04057819  d_xy
  262   3   2  -1       0.03810928  d_yz
  262   3   2   0       0.01973230  d_z2
  262   3   2   1       0.03810928  d_xz
  262   3   2   2       0.01865164  d_x2-y2
  263   1   0   0       1.35561273  s
  263   2   1  -1       0.82818358  p_y
  263   2   1   0       0.83097747  p_z
  263   2   1   1       0.82825846  p_x
  263   3   2  -2       0.03966308  d_xy
  263   3   2  -1       0.04064378  d_yz
  263   3   2   0       0.01959801  d_z2
  263   3   2   1       0.03888576  d_xz
  263   3   2   2       0.01956991  d_x2-y2
  264   1   0   0       1.35554623  s
  264   2   1  -1       0.83036306  p_y
  264   2   1   0       0.83006591  p_z
  264   2   1   1       0.82977796  p_x
  264   3   2  -2       0.03925444  d_xy
  264   3   2  -1       0.03903713  d_yz
  264   3   2   0       0.01881459  d_z2
  264   3   2   1       0.03886730  d_xz
  264   3   2   2       0.01891558  d_x2-y2
  265   1   0   0       1.35651423  s
  265   2   1  -1       0.83015447  p_y
  265   2   1   0       0.82919730  p_z
  265   2   1   1       0.82919730  p_x
  265   3   2  -2       0.03848909  d_xy
  265   3   2  -1       0.03848909  d_yz
  265   3   2   0       0.01866339  d_z2
  265   3   2   1       0.03935889  d_xz
  265   3   2   2       0.01860130  d_x2-y2
  266   1   0   0       1.35561273  s
  266   2   1  -1       0.82825846  p_y
  266   2   1   0       0.83097747  p_z
  266   2   1   1       0.82818358  p_x
  266   3   2  -2       0.03966308  d_xy
  266   3   2  -1       0.03888576  d_yz
  266   3   2   0       0.01959801  d_z2
  266   3   2   1       0.04064378  d_xz
  266   3   2   2       0.01956991  d_x2-y2
  267   1   0   0       1.35651423  s
  267   2   1  -1       0.82919730  p_y
  267   2   1   0       0.83015447  p_z
  267   2   1   1       0.82919730  p_x
  267   3   2  -2       0.03935889  d_xy
  267   3   2  -1       0.03848909  d_yz
  267   3   2   0       0.01857026  d_z2
  267   3   2   1       0.03848909  d_xz
  267   3   2   2       0.01869444  d_x2-y2
  268   1   0   0       1.35561273  s
  268   2   1  -1       0.83097747  p_y
  268   2   1   0       0.82825846  p_z
  268   2   1   1       0.82818358  p_x
  268   3   2  -2       0.04064378  d_xy
  268   3   2  -1       0.03888576  d_yz
  268   3   2   0       0.01900029  d_z2
  268   3   2   1       0.03966308  d_xz
  268   3   2   2       0.02016763  d_x2-y2
  269   1   0   0       1.35667311  s
  269   2   1  -1       0.82983225  p_y
  269   2   1   0       0.82935574  p_z
  269   2   1   1       0.82935574  p_x
  269   3   2  -2       0.03868262  d_xy
  269   3   2  -1       0.03868262  d_yz
  269   3   2   0       0.01864891  d_z2
  269   3   2   1       0.03946857  d_xz
  269   3   2   2       0.01881085  d_x2-y2
  270   1   0   0       1.35554623  s
  270   2   1  -1       0.82977796  p_y
  270   2   1   0       0.83006591  p_z
  270   2   1   1       0.83036306  p_x
  270   3   2  -2       0.03925444  d_xy
  270   3   2  -1       0.03886730  d_yz
  270   3   2   0       0.01881459  d_z2
  270   3   2   1       0.03903713  d_xz
  270   3   2   2       0.01891558  d_x2-y2
  271   1   0   0       1.35561273  s
  271   2   1  -1       0.82818358  p_y
  271   2   1   0       0.82825846  p_z
  271   2   1   1       0.83097747  p_x
  271   3   2  -2       0.04064378  d_xy
  271   3   2  -1       0.03966308  d_yz
  271   3   2   0       0.01900029  d_z2
  271   3   2   1       0.03888576  d_xz
  271   3   2   2       0.02016763  d_x2-y2
  272   1   0   0       1.38899387  s
  272   2   1  -1       0.80682627  p_y
  272   2   1   0       0.73657162  p_z
  272   2   1   1       0.80682627  p_x
  272   3   2  -2       0.05786985  d_xy
  272   3   2  -1       0.05524451  d_yz
  272   3   2   0       0.03817320  d_z2
  272   3   2   1       0.05524451  d_xz
  272   3   2   2       0.01631960  d_x2-y2
  273   1   0   0       1.35604548  s
  273   2   1  -1       0.82999189  p_y
  273   2   1   0       0.82959737  p_z
  273   2   1   1       0.82999189  p_x
  273   3   2  -2       0.03863845  d_xy
  273   3   2  -1       0.03902936  d_yz
  273   3   2   0       0.01877893  d_z2
  273   3   2   1       0.03902936  d_xz
  273   3   2   2       0.01872653  d_x2-y2
  274   1   0   0       1.35724178  s
  274   2   1  -1       0.83028115  p_y
  274   2   1   0       0.82834457  p_z
  274   2   1   1       0.82834457  p_x
  274   3   2  -2       0.03810928  d_xy
  274   3   2  -1       0.03810928  d_yz
  274   3   2   0       0.01892181  d_z2
  274   3   2   1       0.04057819  d_xz
  274   3   2   2       0.01946213  d_x2-y2
  275   1   0   0       1.35561273  s
  275   2   1  -1       0.83097747  p_y
  275   2   1   0       0.82818358  p_z
  275   2   1   1       0.82825846  p_x
  275   3   2  -2       0.03888576  d_xy
  275   3   2  -1       0.04064378  d_yz
  275   3   2   0       0.02015358  d_z2
  275   3   2   1       0.03966308  d_xz
  275   3   2   2       0.01901434  d_x2-y2
  276   1   0   0       1.35554623  s
  276   2   1  -1       0.83006591  p_y
  276   2   1   0       0.83036306  p_z
  276   2   1   1       0.82977796  p_x
  276   3   2  -2       0.03886730  d_xy
  276   3   2  -1       0.03903713  d_yz
  276   3   2   0       0.01894657  d_z2
  276   3   2   1       0.03925444  d_xz
  276   3   2   2       0.01878361  d_x2-y2
  277   1   0   0       1.35724178  s
  277   2   1  -1       0.82834457  p_y
  277   2   1   0       0.82834457  p_z
  277   2   1   1       0.83028115  p_x
  277   3   2  -2       0.03810928  d_xy
  277   3   2  -1       0.04057819  d_yz
  277   3   2   0       0.01892181  d_z2
  277   3   2   1       0.03810928  d_xz
  277   3   2   2       0.01946213  d_x2-y2
  278   1   0   0       1.36783805  s
  278   2   1  -1       0.81898444  p_y
  278   2   1   0       0.81898444  p_z
  278   2   1   1       0.81898444  p_x
  278   3   2  -2       0.04864617  d_xy
  278   3   2  -1       0.04864617  d_yz
  278   3   2   0       0.01749038  d_z2
  278   3   2   1       0.04864617  d_xz
  278   3   2   2       0.01749038  d_x2-y2
  279   1   0   0       1.38899387  s
  279   2   1  -1       0.80682627  p_y
  279   2   1   0       0.80682627  p_z
  279   2   1   1       0.73657162  p_x
  279   3   2  -2       0.05524451  d_xy
  279   3   2  -1       0.05786985  d_yz
  279   3   2   0       0.02178300  d_z2
  279   3   2   1       0.05524451  d_xz
  279   3   2   2       0.03270980  d_x2-y2
  280   1   0   0       1.35646037  s
  280   2   1  -1       0.82960946  p_y
  280   2   1   0       0.82960946  p_z
  280   2   1   1       0.82991494  p_x
  280   3   2  -2       0.03875155  d_xy
  280   3   2  -1       0.03903204  d_yz
  280   3   2   0       0.01871325  d_z2
  280   3   2   1       0.03875155  d_xz
  280   3   2   2       0.01873975  d_x2-y2
  281   1   0   0       1.35561273  s
  281   2   1  -1       0.82825846  p_y
  281   2   1   0       0.82818358  p_z
  281   2   1   1       0.83097747  p_x
  281   3   2  -2       0.03888576  d_xy
  281   3   2  -1       0.03966308  d_yz
  281   3   2   0       0.02015358  d_z2
  281   3   2   1       0.04064378  d_xz
  281   3   2   2       0.01901434  d_x2-y2
  282   1   0   0       1.38899387  s
  282   2   1  -1       0.73657162  p_y
  282   2   1   0       0.80682627  p_z
  282   2   1   1       0.80682627  p_x
  282   3   2  -2       0.05524451  d_xy
  282   3   2  -1       0.05524451  d_yz
  282   3   2   0       0.02178300  d_z2
  282   3   2   1       0.05786985  d_xz
  282   3   2   2       0.03270980  d_x2-y2
  283   1   0   0       1.35667311  s
  283   2   1  -1       0.82935574  p_y
  283   2   1   0       0.82983225  p_z
  283   2   1   1       0.82935574  p_x
  283   3   2  -2       0.03946857  d_xy
  283   3   2  -1       0.03868262  d_yz
  283   3   2   0       0.01889181  d_z2
  283   3   2   1       0.03868262  d_xz
  283   3   2   2       0.01856795  d_x2-y2
  284   1   0   0       1.35554623  s
  284   2   1  -1       0.83006591  p_y
  284   2   1   0       0.82977796  p_z
  284   2   1   1       0.83036306  p_x
  284   3   2  -2       0.03903713  d_xy
  284   3   2  -1       0.03886730  d_yz
  284   3   2   0       0.01883411  d_z2
  284   3   2   1       0.03925444  d_xz
  284   3   2   2       0.01889607  d_x2-y2
  285   1   0   0       1.35554623  s
  285   2   1  -1       0.82977796  p_y
  285   2   1   0       0.83036306  p_z
  285   2   1   1       0.83006591  p_x
  285   3   2  -2       0.03886730  d_xy
  285   3   2  -1       0.03925444  d_yz
  285   3   2   0       0.01894657  d_z2
  285   3   2   1       0.03903713  d_xz
  285   3   2   2       0.01878361  d_x2-y2
  286   1   0   0       1.35646037  s
  286   2   1  -1       0.82991494  p_y
  286   2   1   0       0.82960946  p_z
  286   2   1   1       0.82960946  p_x
  286   3   2  -2       0.03875155  d_xy
  286   3   2  -1       0.03875155  d_yz
  286   3   2   0       0.01871325  d_z2
  286   3   2   1       0.03903204  d_xz
  286   3   2   2       0.01873975  d_x2-y2
  287   1   0   0       1.35554623  s
  287   2   1  -1       0.83036306  p_y
  287   2   1   0       0.82977796  p_z
  287   2   1   1       0.83006591  p_x
  287   3   2  -2       0.03903713  d_xy
  287   3   2  -1       0.03925444  d_yz
  287   3   2   0       0.01883411  d_z2
  287   3   2   1       0.03886730  d_xz
  287   3   2   2       0.01889607  d_x2-y2
  288   1   0   0       1.35646037  s
  288   2   1  -1       0.82960946  p_y
  288   2   1   0       0.82991494  p_z
  288   2   1   1       0.82960946  p_x
  288   3   2  -2       0.03903204  d_xy
  288   3   2  -1       0.03875155  d_yz
  288   3   2   0       0.01875300  d_z2
  288   3   2   1       0.03875155  d_xz
  288   3   2   2       0.01869999  d_x2-y2
  289   1   0   0       1.35545283  s
  289   2   1  -1       0.83012524  p_y
  289   2   1   0       0.83012524  p_z
  289   2   1   1       0.82999723  p_x
  289   3   2  -2       0.03899363  d_xy
  289   3   2  -1       0.03863943  d_yz
  289   3   2   0       0.01873339  d_z2
  289   3   2   1       0.03899363  d_xz
  289   3   2   2       0.01876699  d_x2-y2
  290   1   0   0       1.35570486  s
  290   2   1  -1       0.83006783  p_y
  290   2   1   0       0.83006783  p_z
  290   2   1   1       0.83009540  p_x
  290   3   2  -2       0.03900142  d_xy
  290   3   2  -1       0.03855365  d_yz
  290   3   2   0       0.01874264  d_z2
  290   3   2   1       0.03900142  d_xz
  290   3   2   2       0.01884597  d_x2-y2
  291   1   0   0       1.35627186  s
  291   2   1  -1       0.82987316  p_y
  291   2   1   0       0.82987316  p_z
  291   2   1   1       0.82699444  p_x
  291   3   2  -2       0.03989735  d_xy
  291   3   2  -1       0.03748296  d_yz
  291   3   2   0       0.01883056  d_z2
  291   3   2   1       0.03989735  d_xz
  291   3   2   2       0.01969172  d_x2-y2
  292   1   0   0       1.38899387  s
  292   2   1  -1       0.80682627  p_y
  292   2   1   0       0.80682627  p_z
  292   2   1   1       0.73657162  p_x
  292   3   2  -2       0.05524451  d_xy
  292   3   2  -1       0.05786985  d_yz
  292   3   2   0       0.02178300  d_z2
  292   3   2   1       0.05524451  d_xz
  292   3   2   2       0.03270980  d_x2-y2
  293   1   0   0       1.35576443  s
  293   2   1  -1       0.83020690  p_y
  293   2   1   0       0.83004165  p_z
  293   2   1   1       0.83004165  p_x
  293   3   2  -2       0.03889624  d_xy
  293   3   2  -1       0.03889624  d_yz
  293   3   2   0       0.01875515  d_z2
  293   3   2   1       0.03888736  d_xz
  293   3   2   2       0.01872482  d_x2-y2
  294   1   0   0       1.35656590  s
  294   2   1  -1       0.82943866  p_y
  294   2   1   0       0.82944093  p_z
  294   2   1   1       0.82943866  p_x
  294   3   2  -2       0.03986630  d_xy
  294   3   2  -1       0.03871541  d_yz
  294   3   2   0       0.01904108  d_z2
  294   3   2   1       0.03871541  d_xz
  294   3   2   2       0.01862336  d_x2-y2
  295   1   0   0       1.35531825  s
  295   2   1  -1       0.82934468  p_y
  295   2   1   0       0.82973112  p_z
  295   2   1   1       0.82924437  p_x
  295   3   2  -2       0.03925045  d_xy
  295   3   2  -1       0.03905691  d_yz
  295   3   2   0       0.01936317  d_z2
  295   3   2   1       0.03939903  d_xz
  295   3   2   2       0.01885252  d_x2-y2
  296   1   0   0       1.35556345  s
  296   2   1  -1       0.83005883  p_y
  296   2   1   0       0.82990783  p_z
  296   2   1   1       0.83031138  p_x
  296   3   2  -2       0.03903821  d_xy
  296   3   2  -1       0.03905950  d_yz
  296   3   2   0       0.01876983  d_z2
  296   3   2   1       0.03880499  d_xz
  296   3   2   2       0.01882847  d_x2-y2
  297   1   0   0       1.35614840  s
  297   2   1  -1       0.82984062  p_y
  297   2   1   0       0.83002609  p_z
  297   2   1   1       0.83002609  p_x
  297   3   2  -2       0.03883271  d_xy
  297   3   2  -1       0.03883271  d_yz
  297   3   2   0       0.01871134  d_z2
  297   3   2   1       0.03901527  d_xz
  297   3   2   2       0.01872914  d_x2-y2
  298   1   0   0       1.35531825  s
  298   2   1  -1       0.82924437  p_y
  298   2   1   0       0.82973112  p_z
  298   2   1   1       0.82934468  p_x
  298   3   2  -2       0.03925045  d_xy
  298   3   2  -1       0.03939903  d_yz
  298   3   2   0       0.01936317  d_z2
  298   3   2   1       0.03905691  d_xz
  298   3   2   2       0.01885252  d_x2-y2
  299   1   0   0       1.35614840  s
  299   2   1  -1       0.83002609  p_y
  299   2   1   0       0.82984062  p_z
  299   2   1   1       0.83002609  p_x
  299   3   2  -2       0.03901527  d_xy
  299   3   2  -1       0.03883271  d_yz
  299   3   2   0       0.01873804  d_z2
  299   3   2   1       0.03883271  d_xz
  299   3   2   2       0.01870244  d_x2-y2
  300   1   0   0       1.35531825  s
  300   2   1  -1       0.82973112  p_y
  300   2   1   0       0.82924437  p_z
  300   2   1   1       0.82934468  p_x
  300   3   2  -2       0.03905691  d_xy
  300   3   2  -1       0.03939903  d_yz
  300   3   2   0       0.01879383  d_z2
  300   3   2   1       0.03925045  d_xz
  300   3   2   2       0.01942186  d_x2-y2
  301   1   0   0       1.35661689  s
  301   2   1  -1       0.82985410  p_y
  301   2   1   0       0.82973093  p_z
  301   2   1   1       0.82973093  p_x
  301   3   2  -2       0.03880156  d_xy
  301   3   2  -1       0.03880156  d_yz
  301   3   2   0       0.01870413  d_z2
  301   3   2   1       0.03915621  d_xz
  301   3   2   2       0.01878055  d_x2-y2
  302   1   0   0       1.35556345  s
  302   2   1  -1       0.83031138  p_y
  302   2   1   0       0.82990783  p_z
  302   2   1   1       0.83005883  p_x
  302   3   2  -2       0.03903821  d_xy
  302   3   2  -1       0.03880499  d_yz
  302   3   2   0       0.01876983  d_z2
  302   3   2   1       0.03905950  d_xz
  302   3   2   2       0.01882847  d_x2-y2
  303   1   0   0       1.35531825  s
  303   2   1  -1       0.82934468  p_y
  303   2   1   0       0.82924437  p_z
  303   2   1   1       0.82973112  p_x
  303   3   2  -2       0.03905691  d_xy
  303   3   2  -1       0.03925045  d_yz
  303   3   2   0       0.01879383  d_z2
  303   3   2   1       0.03939903  d_xz
  303   3   2   2       0.01942186  d_x2-y2
  304   1   0   0       1.36076480  s
  304   2   1  -1       0.83006211  p_y
  304   2   1   0       0.81899702  p_z
  304   2   1   1       0.83006211  p_x
  304   3   2  -2       0.04361103  d_xy
  304   3   2  -1       0.04042966  d_yz
  304   3   2   0       0.02406754  d_z2
  304   3   2   1       0.04042966  d_xz
  304   3   2   2       0.02022453  d_x2-y2
  305   1   0   0       1.35576443  s
  305   2   1  -1       0.83004165  p_y
  305   2   1   0       0.83020690  p_z
  305   2   1   1       0.83004165  p_x
  305   3   2  -2       0.03888736  d_xy
  305   3   2  -1       0.03889624  d_yz
  305   3   2   0       0.01870966  d_z2
  305   3   2   1       0.03889624  d_xz
  305   3   2   2       0.01877031  d_x2-y2
  306   1   0   0       1.35656590  s
  306   2   1  -1       0.82944093  p_y
  306   2   1   0       0.82943866  p_z
  306   2   1   1       0.82943866  p_x
  306   3   2  -2       0.03871541  d_xy
  306   3   2  -1       0.03871541  d_yz
  306   3   2   0       0.01872779  d_z2
  306   3   2   1       0.03986630  d_xz
  306   3   2   2       0.01893665  d_x2-y2
  307   1   0   0       1.35531825  s
  307   2   1  -1       0.82973112  p_y
  307   2   1   0       0.82934468  p_z
  307   2   1   1       0.82924437  p_x
  307   3   2  -2       0.03939903  d_xy
  307   3   2  -1       0.03905691  d_yz
  307   3   2   0       0.01916654  d_z2
  307   3   2   1       0.03925045  d_xz
  307   3   2   2       0.01904916  d_x2-y2
  308   1   0   0       1.35556345  s
  308   2   1  -1       0.82990783  p_y
  308   2   1   0       0.83005883  p_z
  308   2   1   1       0.83031138  p_x
  308   3   2  -2       0.03880499  d_xy
  308   3   2  -1       0.03905950  d_yz
  308   3   2   0       0.01887846  d_z2
  308   3   2   1       0.03903821  d_xz
  308   3   2   2       0.01871983  d_x2-y2
  309   1   0   0       1.35656590  s
  309   2   1  -1       0.82943866  p_y
  309   2   1   0       0.82943866  p_z
  309   2   1   1       0.82944093  p_x
  309   3   2  -2       0.03871541  d_xy
  309   3   2  -1       0.03986630  d_yz
  309   3   2   0       0.01872779  d_z2
  309   3   2   1       0.03871541  d_xz
  309   3   2   2       0.01893665  d_x2-y2
  310   1   0   0       1.36426020  s
  310   2   1  -1       0.83043824  p_y
  310   2   1   0       0.83043824  p_z
  310   2   1   1       0.83043824  p_x
  310   3   2  -2       0.03853847  d_xy
  310   3   2  -1       0.03853847  d_yz
  310   3   2   0       0.01797955  d_z2
  310   3   2   1       0.03853847  d_xz
  310   3   2   2       0.01797955  d_x2-y2
  311   1   0   0       1.36076480  s
  311   2   1  -1       0.83006211  p_y
  311   2   1   0       0.83006211  p_z
  311   2   1   1       0.81899702  p_x
  311   3   2  -2       0.04042966  d_xy
  311   3   2  -1       0.04361103  d_yz
  311   3   2   0       0.02118528  d_z2
  311   3   2   1       0.04042966  d_xz
  311   3   2   2       0.02310679  d_x2-y2
  312   1   0   0       1.35580991  s
  312   2   1  -1       0.82999540  p_y
  312   2   1   0       0.82999540  p_z
  312   2   1   1       0.82993370  p_x
  312   3   2  -2       0.03885955  d_xy
  312   3   2  -1       0.03893911  d_yz
  312   3   2   0       0.01871979  d_z2
  312   3   2   1       0.03885955  d_xz
  312   3   2   2       0.01874272  d_x2-y2
  313   1   0   0       1.35531825  s
  313   2   1  -1       0.82924437  p_y
  313   2   1   0       0.82934468  p_z
  313   2   1   1       0.82973112  p_x
  313   3   2  -2       0.03939903  d_xy
  313   3   2  -1       0.03925045  d_yz
  313   3   2   0       0.01916654  d_z2
  313   3   2   1       0.03905691  d_xz
  313   3   2   2       0.01904916  d_x2-y2
  314   1   0   0       1.36076480  s
  314   2   1  -1       0.81899702  p_y
  314   2   1   0       0.83006211  p_z
  314   2   1   1       0.83006211  p_x
  314   3   2  -2       0.04042966  d_xy
  314   3   2  -1       0.04042966  d_yz
  314   3   2   0       0.02118528  d_z2
  314   3   2   1       0.04361103  d_xz
  314   3   2   2       0.02310679  d_x2-y2
  315   1   0   0       1.35661689  s
  315   2   1  -1       0.82973093  p_y
  315   2   1   0       0.82985410  p_z
  315   2   1   1       0.82973093  p_x
  315   3   2  -2       0.03915621  d_xy
  315   3   2  -1       0.03880156  d_yz
  315   3   2   0       0.01881876  d_z2
  315   3   2   1       0.03880156  d_xz
  315   3   2   2       0.01866591  d_x2-y2
  316   1   0   0       1.35556345  s
  316   2   1  -1       0.82990783  p_y
  316   2   1   0       0.83031138  p_z
  316   2   1   1       0.83005883  p_x
  316   3   2  -2       0.03905950  d_xy
  316   3   2  -1       0.03880499  d_yz
  316   3   2   0       0.01874916  d_z2
  316   3   2   1       0.03903821  d_xz
  316   3   2   2       0.01884914  d_x2-y2
  317   1   0   0       1.35670369  s
  317   2   1  -1       0.83022007  p_y
  317   2   1   0       0.82947376  p_z
  317   2   1   1       0.82853829  p_x
  317   3   2  -2       0.03831099  d_xy
  317   3   2  -1       0.03825745  d_yz
  317   3   2   0       0.01894401  d_z2
  317   3   2   1       0.04018352  d_xz
  317   3   2   2       0.01908160  d_x2-y2
  318   1   0   0       1.35626788  s
  318   2   1  -1       0.82961995  p_y
  318   2   1   0       0.83012824  p_z
  318   2   1   1       0.82963923  p_x
  318   3   2  -2       0.03927230  d_xy
  318   3   2  -1       0.03862380  d_yz
  318   3   2   0       0.01871120  d_z2
  318   3   2   1       0.03866222  d_xz
  318   3   2   2       0.01875792  d_x2-y2
  319   1   0   0       1.35670369  s
  319   2   1  -1       0.82947376  p_y
  319   2   1   0       0.83022007  p_z
  319   2   1   1       0.82853829  p_x
  319   3   2  -2       0.04018352  d_xy
  319   3   2  -1       0.03825745  d_yz
  319   3   2   0       0.01880060  d_z2
  319   3   2   1       0.03831099  d_xz
  319   3   2   2       0.01922500  d_x2-y2
  320   1   0   0       1.35626788  s
  320   2   1  -1       0.83012824  p_y
  320   2   1   0       0.82961995  p_z
  320   2   1   1       0.82963923  p_x
  320   3   2  -2       0.03866222  d_xy
  320   3   2  -1       0.03862380  d_yz
  320   3   2   0       0.01874756  d_z2
  320   3   2   1       0.03927230  d_xz
  320   3   2   2       0.01872157  d_x2-y2
  321   1   0   0       1.35543601  s
  321   2   1  -1       0.83023882  p_y
  321   2   1   0       0.83013749  p_z
  321   2   1   1       0.83023882  p_x
  321   3   2  -2       0.03882873  d_xy
  321   3   2  -1       0.03900263  d_yz
  321   3   2   0       0.01879615  d_z2
  321   3   2   1       0.03900263  d_xz
  321   3   2   2       0.01874348  d_x2-y2
  322   1   0   0       1.35572282  s
  322   2   1  -1       0.83005766  p_y
  322   2   1   0       0.83017429  p_z
  322   2   1   1       0.82999914  p_x
  322   3   2  -2       0.03883028  d_xy
  322   3   2  -1       0.03905069  d_yz
  322   3   2   0       0.01870404  d_z2
  322   3   2   1       0.03887574  d_xz
  322   3   2   2       0.01878616  d_x2-y2
  323   1   0   0       1.35509602  s
  323   2   1  -1       0.83026003  p_y
  323   2   1   0       0.83030865  p_z
  323   2   1   1       0.83036256  p_x
  323   3   2  -2       0.03914932  d_xy
  323   3   2  -1       0.03903112  d_yz
  323   3   2   0       0.01875494  d_z2
  323   3   2   1       0.03867556  d_xz
  323   3   2   2       0.01880745  d_x2-y2
  324   1   0   0       1.35551028  s
  324   2   1  -1       0.83008571  p_y
  324   2   1   0       0.83027514  p_z
  324   2   1   1       0.82991890  p_x
  324   3   2  -2       0.03914862  d_xy
  324   3   2  -1       0.03889307  d_yz
  324   3   2   0       0.01871349  d_z2
  324   3   2   1       0.03862857  d_xz
  324   3   2   2       0.01879175  d_x2-y2
  325   1   0   0       1.35572282  s
  325   2   1  -1       0.82999914  p_y
  325   2   1   0       0.83017429  p_z
  325   2   1   1       0.83005766  p_x
  325   3   2  -2       0.03883028  d_xy
  325   3   2  -1       0.03887574  d_yz
  325   3   2   0       0.01870404  d_z2
  325   3   2   1       0.03905069  d_xz
  325   3   2   2       0.01878616  d_x2-y2
  326   1   0   0       1.35565737  s
  326   2   1  -1       0.83021199  p_y
  326   2   1   0       0.83001400  p_z
  326   2   1   1       0.83021199  p_x
  326   3   2  -2       0.03912233  d_xy
  326   3   2  -1       0.03879244  d_yz
  326   3   2   0       0.01879655  d_z2
  326   3   2   1       0.03879244  d_xz
  326   3   2   2       0.01868059  d_x2-y2
  327   1   0   0       1.35604373  s
  327   2   1  -1       0.82985234  p_y
  327   2   1   0       0.83009296  p_z
  327   2   1   1       0.82975486  p_x
  327   3   2  -2       0.03913560  d_xy
  327   3   2  -1       0.03871286  d_yz
  327   3   2   0       0.01871803  d_z2
  327   3   2   1       0.03876289  d_xz
  327   3   2   2       0.01876303  d_x2-y2
  328   1   0   0       1.35541613  s
  328   2   1  -1       0.82854754  p_y
  328   2   1   0       0.82816284  p_z
  328   2   1   1       0.82948830  p_x
  328   3   2  -2       0.03919983  d_xy
  328   3   2  -1       0.04050877  d_yz
  328   3   2   0       0.02003899  d_z2
  328   3   2   1       0.03781674  d_xz
  328   3   2   2       0.01950089  d_x2-y2
  329   1   0   0       1.35509602  s
  329   2   1  -1       0.83036256  p_y
  329   2   1   0       0.83030865  p_z
  329   2   1   1       0.83026003  p_x
  329   3   2  -2       0.03914932  d_xy
  329   3   2  -1       0.03867556  d_yz
  329   3   2   0       0.01875494  d_z2
  329   3   2   1       0.03903112  d_xz
  329   3   2   2       0.01880745  d_x2-y2
  330   1   0   0       1.35604373  s
  330   2   1  -1       0.82975486  p_y
  330   2   1   0       0.83009296  p_z
  330   2   1   1       0.82985234  p_x
  330   3   2  -2       0.03913560  d_xy
  330   3   2  -1       0.03876289  d_yz
  330   3   2   0       0.01871803  d_z2
  330   3   2   1       0.03871286  d_xz
  330   3   2   2       0.01876303  d_x2-y2
  331   1   0   0       1.35918673  s
  331   2   1  -1       0.83025768  p_y
  331   2   1   0       0.82815489  p_z
  331   2   1   1       0.83025768  p_x
  331   3   2  -2       0.04261920  d_xy
  331   3   2  -1       0.04272187  d_yz
  331   3   2   0       0.01971686  d_z2
  331   3   2   1       0.04272187  d_xz
  331   3   2   2       0.02071359  d_x2-y2
  332   1   0   0       1.35670369  s
  332   2   1  -1       0.82947376  p_y
  332   2   1   0       0.83022007  p_z
  332   2   1   1       0.82853829  p_x
  332   3   2  -2       0.04018352  d_xy
  332   3   2  -1       0.03825745  d_yz
  332   3   2   0       0.01880060  d_z2
  332   3   2   1       0.03831099  d_xz
  332   3   2   2       0.01922500  d_x2-y2
  333   1   0   0       1.35551028  s
  333   2   1  -1       0.82991890  p_y
  333   2   1   0       0.83027514  p_z
  333   2   1   1       0.83008571  p_x
  333   3   2  -2       0.03914862  d_xy
  333   3   2  -1       0.03862857  d_yz
  333   3   2   0       0.01871349  d_z2
  333   3   2   1       0.03889307  d_xz
  333   3   2   2       0.01879175  d_x2-y2
  334   1   0   0       1.35541613  s
  334   2   1  -1       0.82948830  p_y
  334   2   1   0       0.82816284  p_z
  334   2   1   1       0.82854754  p_x
  334   3   2  -2       0.03919983  d_xy
  334   3   2  -1       0.03781674  d_yz
  334   3   2   0       0.02003899  d_z2
  334   3   2   1       0.04050877  d_xz
  334   3   2   2       0.01950089  d_x2-y2
  335   1   0   0       1.35670369  s
  335   2   1  -1       0.82853829  p_y
  335   2   1   0       0.83022007  p_z
  335   2   1   1       0.82947376  p_x
  335   3   2  -2       0.04018352  d_xy
  335   3   2  -1       0.03831099  d_yz
  335   3   2   0       0.01880060  d_z2
  335   3   2   1       0.03825745  d_xz
  335   3   2   2       0.01922500  d_x2-y2
  336   1   0   0       1.35661689  s
  336   2   1  -1       0.82973093  p_y
  336   2   1   0       0.82985410  p_z
  336   2   1   1       0.82973093  p_x
  336   3   2  -2       0.03915621  d_xy
  336   3   2  -1       0.03880156  d_yz
  336   3   2   0       0.01881876  d_z2
  336   3   2   1       0.03880156  d_xz
  336   3   2   2       0.01866591  d_x2-y2
  337   1   0   0       1.35545463  s
  337   2   1  -1       0.82905250  p_y
  337   2   1   0       0.82979983  p_z
  337   2   1   1       0.82905250  p_x
  337   3   2  -2       0.03895565  d_xy
  337   3   2  -1       0.03946099  d_yz
  337   3   2   0       0.01893930  d_z2
  337   3   2   1       0.03946099  d_xz
  337   3   2   2       0.01880044  d_x2-y2
  338   1   0   0       1.35502605  s
  338   2   1  -1       0.83034494  p_y
  338   2   1   0       0.82914041  p_z
  338   2   1   1       0.82912282  p_x
  338   3   2  -2       0.03964661  d_xy
  338   3   2  -1       0.03953169  d_yz
  338   3   2   0       0.01893627  d_z2
  338   3   2   1       0.03903850  d_xz
  338   3   2   2       0.01904194  d_x2-y2
  339   1   0   0       1.35598010  s
  339   2   1  -1       0.82987045  p_y
  339   2   1   0       0.83017808  p_z
  339   2   1   1       0.82962642  p_x
  339   3   2  -2       0.03934092  d_xy
  339   3   2  -1       0.03858198  d_yz
  339   3   2   0       0.01873810  d_z2
  339   3   2   1       0.03868559  d_xz
  339   3   2   2       0.01877886  d_x2-y2
  340   1   0   0       1.35560959  s
  340   2   1  -1       0.83023624  p_y
  340   2   1   0       0.83001349  p_z
  340   2   1   1       0.83010383  p_x
  340   3   2  -2       0.03887736  d_xy
  340   3   2  -1       0.03886070  d_yz
  340   3   2   0       0.01874790  d_z2
  340   3   2   1       0.03893844  d_xz
  340   3   2   2       0.01873043  d_x2-y2
  341   1   0   0       1.35502605  s
  341   2   1  -1       0.82912282  p_y
  341   2   1   0       0.82914041  p_z
  341   2   1   1       0.83034494  p_x
  341   3   2  -2       0.03964661  d_xy
  341   3   2  -1       0.03903850  d_yz
  341   3   2   0       0.01893627  d_z2
  341   3   2   1       0.03953169  d_xz
  341   3   2   2       0.01904194  d_x2-y2
  342   1   0   0       1.35639270  s
  342   2   1  -1       0.82981574  p_y
  342   2   1   0       0.82990099  p_z
  342   2   1   1       0.82981574  p_x
  342   3   2  -2       0.03926899  d_xy
  342   3   2  -1       0.03877341  d_yz
  342   3   2   0       0.01885383  d_z2
  342   3   2   1       0.03877341  d_xz
  342   3   2   2       0.01864888  d_x2-y2
  343   1   0   0       1.35651426  s
  343   2   1  -1       0.82974331  p_y
  343   2   1   0       0.82989805  p_z
  343   2   1   1       0.82973974  p_x
  343   3   2  -2       0.03909961  d_xy
  343   3   2  -1       0.03881887  d_yz
  343   3   2   0       0.01877252  d_z2
  343   3   2   1       0.03882470  d_xz
  343   3   2   2       0.01870226  d_x2-y2
  344   1   0   0       1.35599387  s
  344   2   1  -1       0.82966769  p_y
  344   2   1   0       0.82987664  p_z
  344   2   1   1       0.82983061  p_x
  344   3   2  -2       0.03881573  d_xy
  344   3   2  -1       0.03890962  d_yz
  344   3   2   0       0.01863906  d_z2
  344   3   2   1       0.03936538  d_xz
  344   3   2   2       0.01887207  d_x2-y2
  345   1   0   0       1.35598010  s
  345   2   1  -1       0.82962642  p_y
  345   2   1   0       0.83017808  p_z
  345   2   1   1       0.82987045  p_x
  345   3   2  -2       0.03934092  d_xy
  345   3   2  -1       0.03868559  d_yz
  345   3   2   0       0.01873810  d_z2
  345   3   2   1       0.03858198  d_xz
  345   3   2   2       0.01877886  d_x2-y2
  346   1   0   0       1.35651426  s
  346   2   1  -1       0.82973974  p_y
  346   2   1   0       0.82989805  p_z
  346   2   1   1       0.82974331  p_x
  346   3   2  -2       0.03909961  d_xy
  346   3   2  -1       0.03882470  d_yz
  346   3   2   0       0.01877252  d_z2
  346   3   2   1       0.03881887  d_xz
  346   3   2   2       0.01870226  d_x2-y2
  347   1   0   0       1.36076480  s
  347   2   1  -1       0.83006211  p_y
  347   2   1   0       0.81899702  p_z
  347   2   1   1       0.83006211  p_x
  347   3   2  -2       0.04361103  d_xy
  347   3   2  -1       0.04042966  d_yz
  347   3   2   0       0.02406754  d_z2
  347   3   2   1       0.04042966  d_xz
  347   3   2   2       0.02022453  d_x2-y2
  348   1   0   0       1.35526938  s
  348   2   1  -1       0.83045573  p_y
  348   2   1   0       0.83008988  p_z
  348   2   1   1       0.83042258  p_x
  348   3   2  -2       0.03890489  d_xy
  348   3   2  -1       0.03857544  d_yz
  348   3   2   0       0.01879255  d_z2
  348   3   2   1       0.03938995  d_xz
  348   3   2   2       0.01884819  d_x2-y2
  349   1   0   0       1.35560959  s
  349   2   1  -1       0.83010383  p_y
  349   2   1   0       0.83001349  p_z
  349   2   1   1       0.83023624  p_x
  349   3   2  -2       0.03887736  d_xy
  349   3   2  -1       0.03893844  d_yz
  349   3   2   0       0.01874790  d_z2
  349   3   2   1       0.03886070  d_xz
  349   3   2   2       0.01873043  d_x2-y2
  350   1   0   0       1.35599387  s
  350   2   1  -1       0.82983061  p_y
  350   2   1   0       0.82987664  p_z
  350   2   1   1       0.82966769  p_x
  350   3   2  -2       0.03881573  d_xy
  350   3   2  -1       0.03936538  d_yz
  350   3   2   0       0.01863906  d_z2
  350   3   2   1       0.03890962  d_xz
  350   3   2   2       0.01887207  d_x2-y2
  351   1   0   0       1.35526938  s
  351   2   1  -1       0.83042258  p_y
  351   2   1   0       0.83008988  p_z
  351   2   1   1       0.83045573  p_x
  351   3   2  -2       0.03890489  d_xy
  351   3   2  -1       0.03938995  d_yz
  351   3   2   0       0.01879255  d_z2
  351   3   2   1       0.03857544  d_xz
  351   3   2   2       0.01884819  d_x2-y2
  352   1   0   0       1.35565725  s
  352   2   1  -1       0.83009460  p_y
  352   2   1   0       0.83007093  p_z
  352   2   1   1       0.83009460  p_x
  352   3   2  -2       0.03886994  d_xy
  352   3   2  -1       0.03889572  d_yz
  352   3   2   0       0.01872762  d_z2
  352   3   2   1       0.03889572  d_xz
  352   3   2   2       0.01872919  d_x2-y2
  353   1   0   0       1.35639270  s
  353   2   1  -1       0.82990099  p_y
  353   2   1   0       0.82981574  p_z
  353   2   1   1       0.82981574  p_x
  353   3   2  -2       0.03877341  d_xy
  353   3   2  -1       0.03877341  d_yz
  353   3   2   0       0.01870012  d_z2
  353   3   2   1       0.03926899  d_xz
  353   3   2   2       0.01880259  d_x2-y2
  354   1   0   0       1.35502605  s
  354   2   1  -1       0.82914041  p_y
  354   2   1   0       0.82912282  p_z
  354   2   1   1       0.83034494  p_x
  354   3   2  -2       0.03953169  d_xy
  354   3   2  -1       0.03903850  d_yz
  354   3   2   0       0.01887266  d_z2
  354   3   2   1       0.03964661  d_xz
  354   3   2   2       0.01910555  d_x2-y2
  355   1   0   0       1.35599387  s
  355   2   1  -1       0.82987664  p_y
  355   2   1   0       0.82966769  p_z
  355   2   1   1       0.82983061  p_x
  355   3   2  -2       0.03936538  d_xy
  355   3   2  -1       0.03890962  d_yz
  355   3   2   0       0.01887092  d_z2
  355   3   2   1       0.03881573  d_xz
  355   3   2   2       0.01864021  d_x2-y2
  356   1   0   0       1.35651426  s
  356   2   1  -1       0.82974331  p_y
  356   2   1   0       0.82989805  p_z
  356   2   1   1       0.82973974  p_x
  356   3   2  -2       0.03909961  d_xy
  356   3   2  -1       0.03881887  d_yz
  356   3   2   0       0.01877252  d_z2
  356   3   2   1       0.03882470  d_xz
  356   3   2   2       0.01870226  d_x2-y2
  357   1   0   0       1.35573367  s
  357   2   1  -1       0.83018119  p_y
  357   2   1   0       0.82999887  p_z
  357   2   1   1       0.82991003  p_x
  357   3   2  -2       0.03877377  d_xy
  357   3   2  -1       0.03875380  d_yz
  357   3   2   0       0.01872689  d_z2
  357   3   2   1       0.03907735  d_xz
  357   3   2   2       0.01874024  d_x2-y2
  358   1   0   0       1.35588274  s
  358   2   1  -1       0.82999396  p_y
  358   2   1   0       0.82994307  p_z
  358   2   1   1       0.82999396  p_x
  358   3   2  -2       0.03885283  d_xy
  358   3   2  -1       0.03887210  d_yz
  358   3   2   0       0.01873055  d_z2
  358   3   2   1       0.03887210  d_xz
  358   3   2   2       0.01872801  d_x2-y2
  359   1   0   0       1.35560504  s
  359   2   1  -1       0.82996070  p_y
  359   2   1   0       0.83024038  p_z
  359   2   1   1       0.82990402  p_x
  359   3   2  -2       0.03914076  d_xy
  359   3   2  -1       0.03873172  d_yz
  359   3   2   0       0.01870777  d_z2
  359   3   2   1       0.03874188  d_xz
  359   3   2   2       0.01876580  d_x2-y2
  360   1   0   0       1.35670369  s
  360   2   1  -1       0.82947376  p_y
  360   2   1   0       0.82853829  p_z
  360   2   1   1       0.83022007  p_x
  360   3   2  -2       0.03825745  d_xy
  360   3   2  -1       0.04018352  d_yz
  360   3   2   0       0.01929380  d_z2
  360   3   2   1       0.03831099  d_xz
  360   3   2   2       0.01873181  d_x2-y2
  361   1   0   0       1.35574783  s
  361   2   1  -1       0.83010501  p_y
  361   2   1   0       0.82982587  p_z
  361   2   1   1       0.82994935  p_x
  361   3   2  -2       0.03874495  d_xy
  361   3   2  -1       0.03873366  d_yz
  361   3   2   0       0.01873923  d_z2
  361   3   2   1       0.03905319  d_xz
  361   3   2   2       0.01870278  d_x2-y2
  362   1   0   0       1.35560504  s
  362   2   1  -1       0.82990402  p_y
  362   2   1   0       0.83024038  p_z
  362   2   1   1       0.82996070  p_x
  362   3   2  -2       0.03914076  d_xy
  362   3   2  -1       0.03874188  d_yz
  362   3   2   0       0.01870777  d_z2
  362   3   2   1       0.03873172  d_xz
  362   3   2   2       0.01876580  d_x2-y2
  363   1   0   0       1.35627186  s
  363   2   1  -1       0.82987316  p_y
  363   2   1   0       0.82699444  p_z
  363   2   1   1       0.82987316  p_x
  363   3   2  -2       0.03748296  d_xy
  363   3   2  -1       0.03989735  d_yz
  363   3   2   0       0.02012230  d_z2
  363   3   2   1       0.03989735  d_xz
  363   3   2   2       0.01839998  d_x2-y2
  364   1   0   0       1.35541613  s
  364   2   1  -1       0.82854754  p_y
  364   2   1   0       0.82948830  p_z
  364   2   1   1       0.82816284  p_x
  364   3   2  -2       0.04050877  d_xy
  364   3   2  -1       0.03919983  d_yz
  364   3   2   0       0.01898336  d_z2
  364   3   2   1       0.03781674  d_xz
  364   3   2   2       0.02055652  d_x2-y2
  365   1   0   0       1.35503630  s
  365   2   1  -1       0.83040175  p_y
  365   2   1   0       0.83035887  p_z
  365   2   1   1       0.83028125  p_x
  365   3   2  -2       0.03912895  d_xy
  365   3   2  -1       0.03854471  d_yz
  365   3   2   0       0.01874424  d_z2
  365   3   2   1       0.03907467  d_xz
  365   3   2   2       0.01880424  d_x2-y2
  366   1   0   0       1.35670369  s
  366   2   1  -1       0.83022007  p_y
  366   2   1   0       0.82853829  p_z
  366   2   1   1       0.82947376  p_x
  366   3   2  -2       0.03825745  d_xy
  366   3   2  -1       0.03831099  d_yz
  366   3   2   0       0.01929380  d_z2
  366   3   2   1       0.04018352  d_xz
  366   3   2   2       0.01873181  d_x2-y2
  367   1   0   0       1.35541613  s
  367   2   1  -1       0.82816284  p_y
  367   2   1   0       0.82948830  p_z
  367   2   1   1       0.82854754  p_x
  367   3   2  -2       0.04050877  d_xy
  367   3   2  -1       0.03781674  d_yz
  367   3   2   0       0.01898336  d_z2
  367   3   2   1       0.03919983  d_xz
  367   3   2   2       0.02055652  d_x2-y2
  368   1   0   0       1.35667311  s
  368   2   1  -1       0.82935574  p_y
  368   2   1   0       0.82983225  p_z
  368   2   1   1       0.82935574  p_x
  368   3   2  -2       0.03946857  d_xy
  368   3   2  -1       0.03868262  d_yz
  368   3   2   0       0.01889181  d_z2
  368   3   2   1       0.03868262  d_xz
  368   3   2   2       0.01856795  d_x2-y2
  369   1   0   0       1.35570486  s
  369   2   1  -1       0.83006783  p_y
  369   2   1   0       0.83009540  p_z
  369   2   1   1       0.83006783  p_x
  369   3   2  -2       0.03855365  d_xy
  369   3   2  -1       0.03900142  d_yz
  369   3   2   0       0.01889763  d_z2
  369   3   2   1       0.03900142  d_xz
  369   3   2   2       0.01869098  d_x2-y2
  370   1   0   0       1.35637734  s
  370   2   1  -1       0.82949936  p_y
  370   2   1   0       0.82927279  p_z
  370   2   1   1       0.83026643  p_x
  370   3   2  -2       0.03841507  d_xy
  370   3   2  -1       0.03934934  d_yz
  370   3   2   0       0.01873952  d_z2
  370   3   2   1       0.03856243  d_xz
  370   3   2   2       0.01873967  d_x2-y2
  371   1   0   0       1.35526938  s
  371   2   1  -1       0.83042258  p_y
  371   2   1   0       0.83045573  p_z
  371   2   1   1       0.83008988  p_x
  371   3   2  -2       0.03938995  d_xy
  371   3   2  -1       0.03890489  d_yz
  371   3   2   0       0.01874624  d_z2
  371   3   2   1       0.03857544  d_xz
  371   3   2   2       0.01889450  d_x2-y2
  372   1   0   0       1.35569156  s
  372   2   1  -1       0.83000665  p_y
  372   2   1   0       0.83006211  p_z
  372   2   1   1       0.83006006  p_x
  372   3   2  -2       0.03884766  d_xy
  372   3   2  -1       0.03886489  d_yz
  372   3   2   0       0.01871787  d_z2
  372   3   2   1       0.03889338  d_xz
  372   3   2   2       0.01873097  d_x2-y2
  373   1   0   0       1.35637734  s
  373   2   1  -1       0.83026643  p_y
  373   2   1   0       0.82927279  p_z
  373   2   1   1       0.82949936  p_x
  373   3   2  -2       0.03841507  d_xy
  373   3   2  -1       0.03856243  d_yz
  373   3   2   0       0.01873952  d_z2
  373   3   2   1       0.03934934  d_xz
  373   3   2   2       0.01873967  d_x2-y2
  374   1   0   0       1.35635097  s
  374   2   1  -1       0.82922066  p_y
  374   2   1   0       0.83061761  p_z
  374   2   1   1       0.82922066  p_x
  374   3   2  -2       0.03964684  d_xy
  374   3   2  -1       0.03829319  d_yz
  374   3   2   0       0.01860355  d_z2
  374   3   2   1       0.03829319  d_xz
  374   3   2   2       0.01870331  d_x2-y2
  375   1   0   0       1.35627846  s
  375   2   1  -1       0.82970262  p_y
  375   2   1   0       0.82994014  p_z
  375   2   1   1       0.82975454  p_x
  375   3   2  -2       0.03917145  d_xy
  375   3   2  -1       0.03876076  d_yz
  375   3   2   0       0.01876665  d_z2
  375   3   2   1       0.03877332  d_xz
  375   3   2   2       0.01871558  d_x2-y2
  376   1   0   0       1.35626788  s
  376   2   1  -1       0.83012824  p_y
  376   2   1   0       0.82963923  p_z
  376   2   1   1       0.82961995  p_x
  376   3   2  -2       0.03862380  d_xy
  376   3   2  -1       0.03866222  d_yz
  376   3   2   0       0.01874492  d_z2
  376   3   2   1       0.03927230  d_xz
  376   3   2   2       0.01872420  d_x2-y2
  377   1   0   0       1.35526938  s
  377   2   1  -1       0.83008988  p_y
  377   2   1   0       0.83045573  p_z
  377   2   1   1       0.83042258  p_x
  377   3   2  -2       0.03938995  d_xy
  377   3   2  -1       0.03857544  d_yz
  377   3   2   0       0.01874624  d_z2
  377   3   2   1       0.03890489  d_xz
  377   3   2   2       0.01889450  d_x2-y2
  378   1   0   0       1.35627846  s
  378   2   1  -1       0.82975454  p_y
  378   2   1   0       0.82994014  p_z
  378   2   1   1       0.82970262  p_x
  378   3   2  -2       0.03917145  d_xy
  378   3   2  -1       0.03877332  d_yz
  378   3   2   0       0.01876665  d_z2
  378   3   2   1       0.03876076  d_xz
  378   3   2   2       0.01871558  d_x2-y2
  379   1   0   0       1.38899387  s
  379   2   1  -1       0.80682627  p_y
  379   2   1   0       0.73657162  p_z
  379   2   1   1       0.80682627  p_x
  379   3   2  -2       0.05786985  d_xy
  379   3   2  -1       0.05524451  d_yz
  379   3   2   0       0.03817320  d_z2
  379   3   2   1       0.05524451  d_xz
  379   3   2   2       0.01631960  d_x2-y2
  380   1   0   0       1.35598010  s
  380   2   1  -1       0.83017808  p_y
  380   2   1   0       0.82962642  p_z
  380   2   1   1       0.82987045  p_x
  380   3   2  -2       0.03858198  d_xy
  380   3   2  -1       0.03868559  d_yz
  380   3   2   0       0.01876616  d_z2
  380   3   2   1       0.03934092  d_xz
  380   3   2   2       0.01875080  d_x2-y2
  381   1   0   0       1.35569820  s
  381   2   1  -1       0.83002147  p_y
  381   2   1   0       0.83004888  p_z
  381   2   1   1       0.82987187  p_x
  381   3   2  -2       0.03916427  d_xy
  381   3   2  -1       0.03873955  d_yz
  381   3   2   0       0.01876301  d_z2
  381   3   2   1       0.03879510  d_xz
  381   3   2   2       0.01871812  d_x2-y2
  382   1   0   0       1.35918673  s
  382   2   1  -1       0.82815489  p_y
  382   2   1   0       0.83025768  p_z
  382   2   1   1       0.83025768  p_x
  382   3   2  -2       0.04272187  d_xy
  382   3   2  -1       0.04272187  d_yz
  382   3   2   0       0.02046441  d_z2
  382   3   2   1       0.04261920  d_xz
  382   3   2   2       0.01996604  d_x2-y2
  383   1   0   0       1.35561273  s
  383   2   1  -1       0.83097747  p_y
  383   2   1   0       0.82825846  p_z
  383   2   1   1       0.82818358  p_x
  383   3   2  -2       0.04064378  d_xy
  383   3   2  -1       0.03888576  d_yz
  383   3   2   0       0.01900029  d_z2
  383   3   2   1       0.03966308  d_xz
  383   3   2   2       0.02016763  d_x2-y2
  384   1   0   0       1.35509602  s
  384   2   1  -1       0.83030865  p_y
  384   2   1   0       0.83036256  p_z
  384   2   1   1       0.83026003  p_x
  384   3   2  -2       0.03903112  d_xy
  384   3   2  -1       0.03867556  d_yz
  384   3   2   0       0.01875018  d_z2
  384   3   2   1       0.03914932  d_xz
  384   3   2   2       0.01881222  d_x2-y2
  385   1   0   0       1.35543601  s
  385   2   1  -1       0.83013749  p_y
  385   2   1   0       0.83023882  p_z
  385   2   1   1       0.83023882  p_x
  385   3   2  -2       0.03900263  d_xy
  385   3   2  -1       0.03900263  d_yz
  385   3   2   0       0.01875665  d_z2
  385   3   2   1       0.03882873  d_xz
  385   3   2   2       0.01878298  d_x2-y2
  386   1   0   0       1.35572282  s
  386   2   1  -1       0.83017429  p_y
  386   2   1   0       0.83005766  p_z
  386   2   1   1       0.82999914  p_x
  386   3   2  -2       0.03887574  d_xy
  386   3   2  -1       0.03905069  d_yz
  386   3   2   0       0.01874113  d_z2
  386   3   2   1       0.03883028  d_xz
  386   3   2   2       0.01874907  d_x2-y2
  387   1   0   0       1.35509602  s
  387   2   1  -1       0.83030865  p_y
  387   2   1   0       0.83026003  p_z
  387   2   1   1       0.83036256  p_x
  387   3   2  -2       0.03867556  d_xy
  387   3   2  -1       0.03903112  d_yz
  387   3   2   0       0.01883847  d_z2
  387   3   2   1       0.03914932  d_xz
  387   3   2   2       0.01872392  d_x2-y2
  388   1   0   0       1.35551028  s
  388   2   1  -1       0.83027514  p_y
  388   2   1   0       0.83008571  p_z
  388   2   1   1       0.82991890  p_x
  388   3   2  -2       0.03862857  d_xy
  388   3   2  -1       0.03889307  d_yz
  388   3   2   0       0.01877875  d_z2
  388   3   2   1       0.03914862  d_xz
  388   3   2   2       0.01872649  d_x2-y2
  389   1   0   0       1.35545463  s
  389   2   1  -1       0.82979983  p_y
  389   2   1   0       0.82905250  p_z
  389   2   1   1       0.82905250  p_x
  389   3   2  -2       0.03946099  d_xy
  389   3   2  -1       0.03946099  d_yz
  389   3   2   0       0.01883516  d_z2
  389   3   2   1       0.03895565  d_xz
  389   3   2   2       0.01890458  d_x2-y2
  390   1   0   0       1.35502605  s
  390   2   1  -1       0.82914041  p_y
  390   2   1   0       0.83034494  p_z
  390   2   1   1       0.82912282  p_x
  390   3   2  -2       0.03903850  d_xy
  390   3   2  -1       0.03953169  d_yz
  390   3   2   0       0.01915839  d_z2
  390   3   2   1       0.03964661  d_xz
  390   3   2   2       0.01881982  d_x2-y2
  391   1   0   0       1.35598010  s
  391   2   1  -1       0.83017808  p_y
  391   2   1   0       0.82987045  p_z
  391   2   1   1       0.82962642  p_x
  391   3   2  -2       0.03868559  d_xy
  391   3   2  -1       0.03858198  d_yz
  391   3   2   0       0.01877118  d_z2
  391   3   2   1       0.03934092  d_xz
  391   3   2   2       0.01874578  d_x2-y2
  392   1   0   0       1.35560959  s
  392   2   1  -1       0.83001349  p_y
  392   2   1   0       0.83023624  p_z
  392   2   1   1       0.83010383  p_x
  392   3   2  -2       0.03893844  d_xy
  392   3   2  -1       0.03886070  d_yz
  392   3   2   0       0.01872878  d_z2
  392   3   2   1       0.03887736  d_xz
  392   3   2   2       0.01874955  d_x2-y2
  393   1   0   0       1.35918673  s
  393   2   1  -1       0.82815489  p_y
  393   2   1   0       0.83025768  p_z
  393   2   1   1       0.83025768  p_x
  393   3   2  -2       0.04272187  d_xy
  393   3   2  -1       0.04272187  d_yz
  393   3   2   0       0.02046441  d_z2
  393   3   2   1       0.04261920  d_xz
  393   3   2   2       0.01996604  d_x2-y2
  394   1   0   0       1.35670369  s
  394   2   1  -1       0.83022007  p_y
  394   2   1   0       0.82947376  p_z
  394   2   1   1       0.82853829  p_x
  394   3   2  -2       0.03831099  d_xy
  394   3   2  -1       0.03825745  d_yz
  394   3   2   0       0.01894401  d_z2
  394   3   2   1       0.04018352  d_xz
  394   3   2   2       0.01908160  d_x2-y2
  395   1   0   0       1.35509602  s
  395   2   1  -1       0.83030865  p_y
  395   2   1   0       0.83036256  p_z
  395   2   1   1       0.83026003  p_x
  395   3   2  -2       0.03903112  d_xy
  395   3   2  -1       0.03867556  d_yz
  395   3   2   0       0.01875018  d_z2
  395   3   2   1       0.03914932  d_xz
  395   3   2   2       0.01881222  d_x2-y2
  396   1   0   0       1.35604373  s
  396   2   1  -1       0.83009296  p_y
  396   2   1   0       0.82975486  p_z
  396   2   1   1       0.82985234  p_x
  396   3   2  -2       0.03871286  d_xy
  396   3   2  -1       0.03876289  d_yz
  396   3   2   0       0.01876007  d_z2
  396   3   2   1       0.03913560  d_xz
  396   3   2   2       0.01872099  d_x2-y2
  397   1   0   0       1.36076480  s
  397   2   1  -1       0.81899702  p_y
  397   2   1   0       0.83006211  p_z
  397   2   1   1       0.83006211  p_x
  397   3   2  -2       0.04042966  d_xy
  397   3   2  -1       0.04042966  d_yz
  397   3   2   0       0.02118528  d_z2
  397   3   2   1       0.04361103  d_xz
  397   3   2   2       0.02310679  d_x2-y2
  398   1   0   0       1.35526938  s
  398   2   1  -1       0.83008988  p_y
  398   2   1   0       0.83045573  p_z
  398   2   1   1       0.83042258  p_x
  398   3   2  -2       0.03938995  d_xy
  398   3   2  -1       0.03857544  d_yz
  398   3   2   0       0.01874624  d_z2
  398   3   2   1       0.03890489  d_xz
  398   3   2   2       0.01889450  d_x2-y2
  399   1   0   0       1.35598010  s
  399   2   1  -1       0.83017808  p_y
  399   2   1   0       0.82962642  p_z
  399   2   1   1       0.82987045  p_x
  399   3   2  -2       0.03858198  d_xy
  399   3   2  -1       0.03868559  d_yz
  399   3   2   0       0.01876616  d_z2
  399   3   2   1       0.03934092  d_xz
  399   3   2   2       0.01875080  d_x2-y2
  400   1   0   0       1.35651426  s
  400   2   1  -1       0.82989805  p_y
  400   2   1   0       0.82973974  p_z
  400   2   1   1       0.82974331  p_x
  400   3   2  -2       0.03881887  d_xy
  400   3   2  -1       0.03882470  d_yz
  400   3   2   0       0.01872463  d_z2
  400   3   2   1       0.03909961  d_xz
  400   3   2   2       0.01875015  d_x2-y2
  401   1   0   0       1.35572282  s
  401   2   1  -1       0.83017429  p_y
  401   2   1   0       0.82999914  p_z
  401   2   1   1       0.83005766  p_x
  401   3   2  -2       0.03905069  d_xy
  401   3   2  -1       0.03887574  d_yz
  401   3   2   0       0.01879013  d_z2
  401   3   2   1       0.03883028  d_xz
  401   3   2   2       0.01870007  d_x2-y2
  402   1   0   0       1.35565737  s
  402   2   1  -1       0.83001400  p_y
  402   2   1   0       0.83021199  p_z
  402   2   1   1       0.83021199  p_x
  402   3   2  -2       0.03879244  d_xy
  402   3   2  -1       0.03879244  d_yz
  402   3   2   0       0.01870958  d_z2
  402   3   2   1       0.03912233  d_xz
  402   3   2   2       0.01876756  d_x2-y2
  403   1   0   0       1.35604373  s
  403   2   1  -1       0.83009296  p_y
  403   2   1   0       0.82985234  p_z
  403   2   1   1       0.82975486  p_x
  403   3   2  -2       0.03876289  d_xy
  403   3   2  -1       0.03871286  d_yz
  403   3   2   0       0.01874349  d_z2
  403   3   2   1       0.03913560  d_xz
  403   3   2   2       0.01873757  d_x2-y2
  404   1   0   0       1.35541613  s
  404   2   1  -1       0.82816284  p_y
  404   2   1   0       0.82854754  p_z
  404   2   1   1       0.82948830  p_x
  404   3   2  -2       0.03781674  d_xy
  404   3   2  -1       0.04050877  d_yz
  404   3   2   0       0.02028747  d_z2
  404   3   2   1       0.03919983  d_xz
  404   3   2   2       0.01925240  d_x2-y2
  405   1   0   0       1.35502605  s
  405   2   1  -1       0.82914041  p_y
  405   2   1   0       0.82912282  p_z
  405   2   1   1       0.83034494  p_x
  405   3   2  -2       0.03953169  d_xy
  405   3   2  -1       0.03903850  d_yz
  405   3   2   0       0.01887266  d_z2
  405   3   2   1       0.03964661  d_xz
  405   3   2   2       0.01910555  d_x2-y2
  406   1   0   0       1.35639270  s
  406   2   1  -1       0.82990099  p_y
  406   2   1   0       0.82981574  p_z
  406   2   1   1       0.82981574  p_x
  406   3   2  -2       0.03877341  d_xy
  406   3   2  -1       0.03877341  d_yz
  406   3   2   0       0.01870012  d_z2
  406   3   2   1       0.03926899  d_xz
  406   3   2   2       0.01880259  d_x2-y2
  407   1   0   0       1.35651426  s
  407   2   1  -1       0.82989805  p_y
  407   2   1   0       0.82974331  p_z
  407   2   1   1       0.82973974  p_x
  407   3   2  -2       0.03882470  d_xy
  407   3   2  -1       0.03881887  d_yz
  407   3   2   0       0.01871502  d_z2
  407   3   2   1       0.03909961  d_xz
  407   3   2   2       0.01875976  d_x2-y2
  408   1   0   0       1.35599387  s
  408   2   1  -1       0.82987664  p_y
  408   2   1   0       0.82966769  p_z
  408   2   1   1       0.82983061  p_x
  408   3   2  -2       0.03936538  d_xy
  408   3   2  -1       0.03890962  d_yz
  408   3   2   0       0.01887092  d_z2
  408   3   2   1       0.03881573  d_xz
  408   3   2   2       0.01864021  d_x2-y2
  409   1   0   0       1.35670369  s
  409   2   1  -1       0.83022007  p_y
  409   2   1   0       0.82853829  p_z
  409   2   1   1       0.82947376  p_x
  409   3   2  -2       0.03825745  d_xy
  409   3   2  -1       0.03831099  d_yz
  409   3   2   0       0.01929380  d_z2
  409   3   2   1       0.04018352  d_xz
  409   3   2   2       0.01873181  d_x2-y2
  410   1   0   0       1.35661689  s
  410   2   1  -1       0.82985410  p_y
  410   2   1   0       0.82973093  p_z
  410   2   1   1       0.82973093  p_x
  410   3   2  -2       0.03880156  d_xy
  410   3   2  -1       0.03880156  d_yz
  410   3   2   0       0.01870413  d_z2
  410   3   2   1       0.03915621  d_xz
  410   3   2   2       0.01878055  d_x2-y2
  411   1   0   0       1.35551028  s
  411   2   1  -1       0.83027514  p_y
  411   2   1   0       0.82991890  p_z
  411   2   1   1       0.83008571  p_x
  411   3   2  -2       0.03889307  d_xy
  411   3   2  -1       0.03862857  d_yz
  411   3   2   0       0.01876562  d_z2
  411   3   2   1       0.03914862  d_xz
  411   3   2   2       0.01873962  d_x2-y2
  412   1   0   0       1.35541613  s
  412   2   1  -1       0.82816284  p_y
  412   2   1   0       0.82948830  p_z
  412   2   1   1       0.82854754  p_x
  412   3   2  -2       0.04050877  d_xy
  412   3   2  -1       0.03781674  d_yz
  412   3   2   0       0.01898336  d_z2
  412   3   2   1       0.03919983  d_xz
  412   3   2   2       0.02055652  d_x2-y2
  413   1   0   0       1.35526938  s
  413   2   1  -1       0.83008988  p_y
  413   2   1   0       0.83042258  p_z
  413   2   1   1       0.83045573  p_x
  413   3   2  -2       0.03857544  d_xy
  413   3   2  -1       0.03938995  d_yz
  413   3   2   0       0.01892232  d_z2
  413   3   2   1       0.03890489  d_xz
  413   3   2   2       0.01871842  d_x2-y2
  414   1   0   0       1.35565725  s
  414   2   1  -1       0.83007093  p_y
  414   2   1   0       0.83009460  p_z
  414   2   1   1       0.83009460  p_x
  414   3   2  -2       0.03889572  d_xy
  414   3   2  -1       0.03889572  d_yz
  414   3   2   0       0.01872880  d_z2
  414   3   2   1       0.03886994  d_xz
  414   3   2   2       0.01872802  d_x2-y2
  415   1   0   0       1.35560959  s
  415   2   1  -1       0.83001349  p_y
  415   2   1   0       0.83010383  p_z
  415   2   1   1       0.83023624  p_x
  415   3   2  -2       0.03886070  d_xy
  415   3   2  -1       0.03893844  d_yz
  415   3   2   0       0.01874081  d_z2
  415   3   2   1       0.03887736  d_xz
  415   3   2   2       0.01873752  d_x2-y2
  416   1   0   0       1.35599387  s
  416   2   1  -1       0.82987664  p_y
  416   2   1   0       0.82983061  p_z
  416   2   1   1       0.82966769  p_x
  416   3   2  -2       0.03890962  d_xy
  416   3   2  -1       0.03936538  d_yz
  416   3   2   0       0.01875672  d_z2
  416   3   2   1       0.03881573  d_xz
  416   3   2   2       0.01875441  d_x2-y2
  417   1   0   0       1.35639270  s
  417   2   1  -1       0.82981574  p_y
  417   2   1   0       0.82990099  p_z
  417   2   1   1       0.82981574  p_x
  417   3   2  -2       0.03926899  d_xy
  417   3   2  -1       0.03877341  d_yz
  417   3   2   0       0.01885383  d_z2
  417   3   2   1       0.03877341  d_xz
  417   3   2   2       0.01864888  d_x2-y2
  418   1   0   0       1.35502605  s
  418   2   1  -1       0.82912282  p_y
  418   2   1   0       0.82914041  p_z
  418   2   1   1       0.83034494  p_x
  418   3   2  -2       0.03964661  d_xy
  418   3   2  -1       0.03903850  d_yz
  418   3   2   0       0.01893627  d_z2
  418   3   2   1       0.03953169  d_xz
  418   3   2   2       0.01904194  d_x2-y2
  419   1   0   0       1.35599387  s
  419   2   1  -1       0.82966769  p_y
  419   2   1   0       0.82987664  p_z
  419   2   1   1       0.82983061  p_x
  419   3   2  -2       0.03881573  d_xy
  419   3   2  -1       0.03890962  d_yz
  419   3   2   0       0.01863906  d_z2
  419   3   2   1       0.03936538  d_xz
  419   3   2   2       0.01887207  d_x2-y2
  420   1   0   0       1.35651426  s
  420   2   1  -1       0.82989805  p_y
  420   2   1   0       0.82974331  p_z
  420   2   1   1       0.82973974  p_x
  420   3   2  -2       0.03882470  d_xy
  420   3   2  -1       0.03881887  d_yz
  420   3   2   0       0.01871502  d_z2
  420   3   2   1       0.03909961  d_xz
  420   3   2   2       0.01875976  d_x2-y2
  421   1   0   0       1.35570486  s
  421   2   1  -1       0.83009540  p_y
  421   2   1   0       0.83006783  p_z
  421   2   1   1       0.83006783  p_x
  421   3   2  -2       0.03900142  d_xy
  421   3   2  -1       0.03900142  d_yz
  421   3   2   0       0.01874264  d_z2
  421   3   2   1       0.03855365  d_xz
  421   3   2   2       0.01884597  d_x2-y2
  422   1   0   0       1.35637734  s
  422   2   1  -1       0.82927279  p_y
  422   2   1   0       0.82949936  p_z
  422   2   1   1       0.83026643  p_x
  422   3   2  -2       0.03856243  d_xy
  422   3   2  -1       0.03934934  d_yz
  422   3   2   0       0.01879255  d_z2
  422   3   2   1       0.03841507  d_xz
  422   3   2   2       0.01868664  d_x2-y2
  423   1   0   0       1.35526938  s
  423   2   1  -1       0.83045573  p_y
  423   2   1   0       0.83042258  p_z
  423   2   1   1       0.83008988  p_x
  423   3   2  -2       0.03857544  d_xy
  423   3   2  -1       0.03890489  d_yz
  423   3   2   0       0.01892232  d_z2
  423   3   2   1       0.03938995  d_xz
  423   3   2   2       0.01871842  d_x2-y2
  424   1   0   0       1.35569156  s
  424   2   1  -1       0.83006211  p_y
  424   2   1   0       0.83000665  p_z
  424   2   1   1       0.83006006  p_x
  424   3   2  -2       0.03889338  d_xy
  424   3   2  -1       0.03886489  d_yz
  424   3   2   0       0.01873547  d_z2
  424   3   2   1       0.03884766  d_xz
  424   3   2   2       0.01871337  d_x2-y2
  425   1   0   0       1.35627186  s
  425   2   1  -1       0.82699444  p_y
  425   2   1   0       0.82987316  p_z
  425   2   1   1       0.82987316  p_x
  425   3   2  -2       0.03989735  d_xy
  425   3   2  -1       0.03989735  d_yz
  425   3   2   0       0.01883056  d_z2
  425   3   2   1       0.03748296  d_xz
  425   3   2   2       0.01969172  d_x2-y2
  426   1   0   0       1.35541613  s
  426   2   1  -1       0.82948830  p_y
  426   2   1   0       0.82854754  p_z
  426   2   1   1       0.82816284  p_x
  426   3   2  -2       0.03781674  d_xy
  426   3   2  -1       0.03919983  d_yz
  426   3   2   0       0.02028747  d_z2
  426   3   2   1       0.04050877  d_xz
  426   3   2   2       0.01925240  d_x2-y2
  427   1   0   0       1.35574783  s
  427   2   1  -1       0.82982587  p_y
  427   2   1   0       0.83010501  p_z
  427   2   1   1       0.82994935  p_x
  427   3   2  -2       0.03905319  d_xy
  427   3   2  -1       0.03873366  d_yz
  427   3   2   0       0.01871289  d_z2
  427   3   2   1       0.03874495  d_xz
  427   3   2   2       0.01872912  d_x2-y2
  428   1   0   0       1.35560504  s
  428   2   1  -1       0.83024038  p_y
  428   2   1   0       0.82990402  p_z
  428   2   1   1       0.82996070  p_x
  428   3   2  -2       0.03873172  d_xy
  428   3   2  -1       0.03874188  d_yz
  428   3   2   0       0.01876044  d_z2
  428   3   2   1       0.03914076  d_xz
  428   3   2   2       0.01871313  d_x2-y2
  429   1   0   0       1.38899387  s
  429   2   1  -1       0.73657162  p_y
  429   2   1   0       0.80682627  p_z
  429   2   1   1       0.80682627  p_x
  429   3   2  -2       0.05524451  d_xy
  429   3   2  -1       0.05524451  d_yz
  429   3   2   0       0.02178300  d_z2
  429   3   2   1       0.05786985  d_xz
  429   3   2   2       0.03270980  d_x2-y2
  430   1   0   0       1.35598010  s
  430   2   1  -1       0.82962642  p_y
  430   2   1   0       0.83017808  p_z
  430   2   1   1       0.82987045  p_x
  430   3   2  -2       0.03934092  d_xy
  430   3   2  -1       0.03868559  d_yz
  430   3   2   0       0.01873810  d_z2
  430   3   2   1       0.03858198  d_xz
  430   3   2   2       0.01877886  d_x2-y2
  431   1   0   0       1.35526938  s
  431   2   1  -1       0.83045573  p_y
  431   2   1   0       0.83008988  p_z
  431   2   1   1       0.83042258  p_x
  431   3   2  -2       0.03890489  d_xy
  431   3   2  -1       0.03857544  d_yz
  431   3   2   0       0.01879255  d_z2
  431   3   2   1       0.03938995  d_xz
  431   3   2   2       0.01884819  d_x2-y2
  432   1   0   0       1.35627846  s
  432   2   1  -1       0.82994014  p_y
  432   2   1   0       0.82975454  p_z
  432   2   1   1       0.82970262  p_x
  432   3   2  -2       0.03876076  d_xy
  432   3   2  -1       0.03877332  d_yz
  432   3   2   0       0.01871958  d_z2
  432   3   2   1       0.03917145  d_xz
  432   3   2   2       0.01876265  d_x2-y2
  433   1   0   0       1.35573367  s
  433   2   1  -1       0.82999887  p_y
  433   2   1   0       0.83018119  p_z
  433   2   1   1       0.82991003  p_x
  433   3   2  -2       0.03907735  d_xy
  433   3   2  -1       0.03875380  d_yz
  433   3   2   0       0.01872554  d_z2
  433   3   2   1       0.03877377  d_xz
  433   3   2   2       0.01874159  d_x2-y2
  434   1   0   0       1.35588274  s
  434   2   1  -1       0.82994307  p_y
  434   2   1   0       0.82999396  p_z
  434   2   1   1       0.82999396  p_x
  434   3   2  -2       0.03887210  d_xy
  434   3   2  -1       0.03887210  d_yz
  434   3   2   0       0.01872865  d_z2
  434   3   2   1       0.03885283  d_xz
  434   3   2   2       0.01872992  d_x2-y2
  435   1   0   0       1.35560504  s
  435   2   1  -1       0.83024038  p_y
  435   2   1   0       0.82996070  p_z
  435   2   1   1       0.82990402  p_x
  435   3   2  -2       0.03874188  d_xy
  435   3   2  -1       0.03873172  d_yz
  435   3   2   0       0.01874214  d_z2
  435   3   2   1       0.03914076  d_xz
  435   3   2   2       0.01873142  d_x2-y2
  436   1   0   0       1.35670369  s
  436   2   1  -1       0.82853829  p_y
  436   2   1   0       0.82947376  p_z
  436   2   1   1       0.83022007  p_x
  436   3   2  -2       0.03831099  d_xy
  436   3   2  -1       0.04018352  d_yz
  436   3   2   0       0.01894401  d_z2
  436   3   2   1       0.03825745  d_xz
  436   3   2   2       0.01908160  d_x2-y2
  437   1   0   0       1.35637734  s
  437   2   1  -1       0.82927279  p_y
  437   2   1   0       0.83026643  p_z
  437   2   1   1       0.82949936  p_x
  437   3   2  -2       0.03934934  d_xy
  437   3   2  -1       0.03856243  d_yz
  437   3   2   0       0.01868672  d_z2
  437   3   2   1       0.03841507  d_xz
  437   3   2   2       0.01879248  d_x2-y2
  438   1   0   0       1.35635097  s
  438   2   1  -1       0.83061761  p_y
  438   2   1   0       0.82922066  p_z
  438   2   1   1       0.82922066  p_x
  438   3   2  -2       0.03829319  d_xy
  438   3   2  -1       0.03829319  d_yz
  438   3   2   0       0.01867837  d_z2
  438   3   2   1       0.03964684  d_xz
  438   3   2   2       0.01862849  d_x2-y2
  439   1   0   0       1.35627846  s
  439   2   1  -1       0.82994014  p_y
  439   2   1   0       0.82970262  p_z
  439   2   1   1       0.82975454  p_x
  439   3   2  -2       0.03877332  d_xy
  439   3   2  -1       0.03876076  d_yz
  439   3   2   0       0.01873712  d_z2
  439   3   2   1       0.03917145  d_xz
  439   3   2   2       0.01874511  d_x2-y2
  440   1   0   0       1.35626788  s
  440   2   1  -1       0.82963923  p_y
  440   2   1   0       0.83012824  p_z
  440   2   1   1       0.82961995  p_x
  440   3   2  -2       0.03927230  d_xy
  440   3   2  -1       0.03866222  d_yz
  440   3   2   0       0.01871120  d_z2
  440   3   2   1       0.03862380  d_xz
  440   3   2   2       0.01875792  d_x2-y2
  441   1   0   0       1.35541613  s
  441   2   1  -1       0.82948830  p_y
  441   2   1   0       0.82816284  p_z
  441   2   1   1       0.82854754  p_x
  441   3   2  -2       0.03919983  d_xy
  441   3   2  -1       0.03781674  d_yz
  441   3   2   0       0.02003899  d_z2
  441   3   2   1       0.04050877  d_xz
  441   3   2   2       0.01950089  d_x2-y2
  442   1   0   0       1.35667311  s
  442   2   1  -1       0.82983225  p_y
  442   2   1   0       0.82935574  p_z
  442   2   1   1       0.82935574  p_x
  442   3   2  -2       0.03868262  d_xy
  442   3   2  -1       0.03868262  d_yz
  442   3   2   0       0.01864891  d_z2
  442   3   2   1       0.03946857  d_xz
  442   3   2   2       0.01881085  d_x2-y2
  443   1   0   0       1.35503630  s
  443   2   1  -1       0.83035887  p_y
  443   2   1   0       0.83040175  p_z
  443   2   1   1       0.83028125  p_x
  443   3   2  -2       0.03907467  d_xy
  443   3   2  -1       0.03854471  d_yz
  443   3   2   0       0.01873962  d_z2
  443   3   2   1       0.03912895  d_xz
  443   3   2   2       0.01880887  d_x2-y2
  444   1   0   0       1.35670369  s
  444   2   1  -1       0.82853829  p_y
  444   2   1   0       0.83022007  p_z
  444   2   1   1       0.82947376  p_x
  444   3   2  -2       0.04018352  d_xy
  444   3   2  -1       0.03831099  d_yz
  444   3   2   0       0.01880060  d_z2
  444   3   2   1       0.03825745  d_xz
  444   3   2   2       0.01922500  d_x2-y2
  445   1   0   0       1.35561273  s
  445   2   1  -1       0.82825846  p_y
  445   2   1   0       0.83097747  p_z
  445   2   1   1       0.82818358  p_x
  445   3   2  -2       0.03966308  d_xy
  445   3   2  -1       0.03888576  d_yz
  445   3   2   0       0.01959801  d_z2
  445   3   2   1       0.04064378  d_xz
  445   3   2   2       0.01956991  d_x2-y2
  446   1   0   0       1.35509602  s
  446   2   1  -1       0.83036256  p_y
  446   2   1   0       0.83030865  p_z
  446   2   1   1       0.83026003  p_x
  446   3   2  -2       0.03914932  d_xy
  446   3   2  -1       0.03867556  d_yz
  446   3   2   0       0.01875494  d_z2
  446   3   2   1       0.03903112  d_xz
  446   3   2   2       0.01880745  d_x2-y2
  447   1   0   0       1.35569820  s
  447   2   1  -1       0.83004888  p_y
  447   2   1   0       0.83002147  p_z
  447   2   1   1       0.82987187  p_x
  447   3   2  -2       0.03879510  d_xy
  447   3   2  -1       0.03873955  d_yz
  447   3   2   0       0.01870990  d_z2
  447   3   2   1       0.03916427  d_xz
  447   3   2   2       0.01877123  d_x2-y2
  448   1   0   0       1.35918673  s
  448   2   1  -1       0.83025768  p_y
  448   2   1   0       0.82815489  p_z
  448   2   1   1       0.83025768  p_x
  448   3   2  -2       0.04261920  d_xy
  448   3   2  -1       0.04272187  d_yz
  448   3   2   0       0.01971686  d_z2
  448   3   2   1       0.04272187  d_xz
  448   3   2   2       0.02071359  d_x2-y2
  449   1   0   0       1.35635097  s
  449   2   1  -1       0.82922066  p_y
  449   2   1   0       0.82922066  p_z
  449   2   1   1       0.83061761  p_x
  449   3   2  -2       0.03829319  d_xy
  449   3   2  -1       0.03964684  d_yz
  449   3   2   0       0.01867837  d_z2
  449   3   2   1       0.03829319  d_xz
  449   3   2   2       0.01862849  d_x2-y2
  450   1   0   0       1.35588274  s
  450   2   1  -1       0.82999396  p_y
  450   2   1   0       0.82999396  p_z
  450   2   1   1       0.82994307  p_x
  450   3   2  -2       0.03887210  d_xy
  450   3   2  -1       0.03885283  d_yz
  450   3   2   0       0.01872865  d_z2
  450   3   2   1       0.03887210  d_xz
  450   3   2   2       0.01872992  d_x2-y2
  451   1   0   0       1.35561349  s
  451   2   1  -1       0.83008709  p_y
  451   2   1   0       0.83008709  p_z
  451   2   1   1       0.83010508  p_x
  451   3   2  -2       0.03888519  d_xy
  451   3   2  -1       0.03885006  d_yz
  451   3   2   0       0.01872902  d_z2
  451   3   2   1       0.03888519  d_xz
  451   3   2   2       0.01872547  d_x2-y2
  452   1   0   0       1.35549920  s
  452   2   1  -1       0.83010103  p_y
  452   2   1   0       0.83010103  p_z
  452   2   1   1       0.83004548  p_x
  452   3   2  -2       0.03889802  d_xy
  452   3   2  -1       0.03886986  d_yz
  452   3   2   0       0.01873443  d_z2
  452   3   2   1       0.03889802  d_xz
  452   3   2   2       0.01874074  d_x2-y2
  453   1   0   0       1.35637734  s
  453   2   1  -1       0.82949936  p_y
  453   2   1   0       0.83026643  p_z
  453   2   1   1       0.82927279  p_x
  453   3   2  -2       0.03934934  d_xy
  453   3   2  -1       0.03841507  d_yz
  453   3   2   0       0.01868672  d_z2
  453   3   2   1       0.03856243  d_xz
  453   3   2   2       0.01879248  d_x2-y2
  454   1   0   0       1.35573367  s
  454   2   1  -1       0.82991003  p_y
  454   2   1   0       0.83018119  p_z
  454   2   1   1       0.82999887  p_x
  454   3   2  -2       0.03907735  d_xy
  454   3   2  -1       0.03877377  d_yz
  454   3   2   0       0.01872554  d_z2
  454   3   2   1       0.03875380  d_xz
  454   3   2   2       0.01874159  d_x2-y2
  455   1   0   0       1.35558836  s
  455   2   1  -1       0.83008418  p_y
  455   2   1   0       0.83017273  p_z
  455   2   1   1       0.83003155  p_x
  455   3   2  -2       0.03900361  d_xy
  455   3   2  -1       0.03881591  d_yz
  455   3   2   0       0.01873031  d_z2
  455   3   2   1       0.03883896  d_xz
  455   3   2   2       0.01873328  d_x2-y2
  456   1   0   0       1.35590923  s
  456   2   1  -1       0.83010737  p_y
  456   2   1   0       0.82994675  p_z
  456   2   1   1       0.83000072  p_x
  456   3   2  -2       0.03877428  d_xy
  456   3   2  -1       0.03878269  d_yz
  456   3   2   0       0.01872137  d_z2
  456   3   2   1       0.03914755  d_xz
  456   3   2   2       0.01875182  d_x2-y2
  457   1   0   0       1.35626788  s
  457   2   1  -1       0.82961995  p_y
  457   2   1   0       0.83012824  p_z
  457   2   1   1       0.82963923  p_x
  457   3   2  -2       0.03927230  d_xy
  457   3   2  -1       0.03862380  d_yz
  457   3   2   0       0.01871120  d_z2
  457   3   2   1       0.03866222  d_xz
  457   3   2   2       0.01875792  d_x2-y2
  458   1   0   0       1.35569820  s
  458   2   1  -1       0.83002147  p_y
  458   2   1   0       0.83004888  p_z
  458   2   1   1       0.82987187  p_x
  458   3   2  -2       0.03916427  d_xy
  458   3   2  -1       0.03873955  d_yz
  458   3   2   0       0.01876301  d_z2
  458   3   2   1       0.03879510  d_xz
  458   3   2   2       0.01871812  d_x2-y2
  459   1   0   0       1.35626788  s
  459   2   1  -1       0.83012824  p_y
  459   2   1   0       0.82961995  p_z
  459   2   1   1       0.82963923  p_x
  459   3   2  -2       0.03866222  d_xy
  459   3   2  -1       0.03862380  d_yz
  459   3   2   0       0.01874756  d_z2
  459   3   2   1       0.03927230  d_xz
  459   3   2   2       0.01872157  d_x2-y2
  460   1   0   0       1.35569820  s
  460   2   1  -1       0.83004888  p_y
  460   2   1   0       0.83002147  p_z
  460   2   1   1       0.82987187  p_x
  460   3   2  -2       0.03879510  d_xy
  460   3   2  -1       0.03873955  d_yz
  460   3   2   0       0.01870990  d_z2
  460   3   2   1       0.03916427  d_xz
  460   3   2   2       0.01877123  d_x2-y2
  461   1   0   0       1.35627846  s
  461   2   1  -1       0.82975454  p_y
  461   2   1   0       0.82994014  p_z
  461   2   1   1       0.82970262  p_x
  461   3   2  -2       0.03917145  d_xy
  461   3   2  -1       0.03877332  d_yz
  461   3   2   0       0.01876665  d_z2
  461   3   2   1       0.03876076  d_xz
  461   3   2   2       0.01871558  d_x2-y2
  462   1   0   0       1.35531825  s
  462   2   1  -1       0.82924437  p_y
  462   2   1   0       0.82934468  p_z
  462   2   1   1       0.82973112  p_x
  462   3   2  -2       0.03939903  d_xy
  462   3   2  -1       0.03925045  d_yz
  462   3   2   0       0.01916654  d_z2
  462   3   2   1       0.03905691  d_xz
  462   3   2   2       0.01904916  d_x2-y2
  463   1   0   0       1.35556345  s
  463   2   1  -1       0.82990783  p_y
  463   2   1   0       0.83031138  p_z
  463   2   1   1       0.83005883  p_x
  463   3   2  -2       0.03905950  d_xy
  463   3   2  -1       0.03880499  d_yz
  463   3   2   0       0.01874916  d_z2
  463   3   2   1       0.03903821  d_xz
  463   3   2   2       0.01884914  d_x2-y2
  464   1   0   0       1.35503630  s
  464   2   1  -1       0.83035887  p_y
  464   2   1   0       0.83040175  p_z
  464   2   1   1       0.83028125  p_x
  464   3   2  -2       0.03907467  d_xy
  464   3   2  -1       0.03854471  d_yz
  464   3   2   0       0.01873962  d_z2
  464   3   2   1       0.03912895  d_xz
  464   3   2   2       0.01880887  d_x2-y2
  465   1   0   0       1.35637734  s
  465   2   1  -1       0.83026643  p_y
  465   2   1   0       0.82949936  p_z
  465   2   1   1       0.82927279  p_x
  465   3   2  -2       0.03856243  d_xy
  465   3   2  -1       0.03841507  d_yz
  465   3   2   0       0.01879255  d_z2
  465   3   2   1       0.03934934  d_xz
  465   3   2   2       0.01868664  d_x2-y2
  466   1   0   0       1.35573367  s
  466   2   1  -1       0.83018119  p_y
  466   2   1   0       0.82991003  p_z
  466   2   1   1       0.82999887  p_x
  466   3   2  -2       0.03875380  d_xy
  466   3   2  -1       0.03877377  d_yz
  466   3   2   0       0.01874826  d_z2
  466   3   2   1       0.03907735  d_xz
  466   3   2   2       0.01871887  d_x2-y2
  467   1   0   0       1.35558836  s
  467   2   1  -1       0.83017273  p_y
  467   2   1   0       0.83008418  p_z
  467   2   1   1       0.83003155  p_x
  467   3   2  -2       0.03883896  d_xy
  467   3   2  -1       0.03881591  d_yz
  467   3   2   0       0.01872942  d_z2
  467   3   2   1       0.03900361  d_xz
  467   3   2   2       0.01873417  d_x2-y2
  468   1   0   0       1.35590923  s
  468   2   1  -1       0.82994675  p_y
  468   2   1   0       0.83010737  p_z
  468   2   1   1       0.83000072  p_x
  468   3   2  -2       0.03914755  d_xy
  468   3   2  -1       0.03878269  d_yz
  468   3   2   0       0.01876788  d_z2
  468   3   2   1       0.03877428  d_xz
  468   3   2   2       0.01870531  d_x2-y2
  469   1   0   0       1.35570486  s
  469   2   1  -1       0.83006783  p_y
  469   2   1   0       0.83006783  p_z
  469   2   1   1       0.83009540  p_x
  469   3   2  -2       0.03900142  d_xy
  469   3   2  -1       0.03855365  d_yz
  469   3   2   0       0.01874264  d_z2
  469   3   2   1       0.03900142  d_xz
  469   3   2   2       0.01884597  d_x2-y2
  470   1   0   0       1.35545283  s
  470   2   1  -1       0.83012524  p_y
  470   2   1   0       0.83012524  p_z
  470   2   1   1       0.82999723  p_x
  470   3   2  -2       0.03899363  d_xy
  470   3   2  -1       0.03863943  d_yz
  470   3   2   0       0.01873339  d_z2
  470   3   2   1       0.03899363  d_xz
  470   3   2   2       0.01876699  d_x2-y2
  471   1   0   0       1.35527805  s
  471   2   1  -1       0.83024567  p_y
  471   2   1   0       0.83024567  p_z
  471   2   1   1       0.83020371  p_x
  471   3   2  -2       0.03900595  d_xy
  471   3   2  -1       0.03868942  d_yz
  471   3   2   0       0.01873444  d_z2
  471   3   2   1       0.03900595  d_xz
  471   3   2   2       0.01877541  d_x2-y2
  472   1   0   0       1.35627186  s
  472   2   1  -1       0.82987316  p_y
  472   2   1   0       0.82987316  p_z
  472   2   1   1       0.82699444  p_x
  472   3   2  -2       0.03989735  d_xy
  472   3   2  -1       0.03748296  d_yz
  472   3   2   0       0.01883056  d_z2
  472   3   2   1       0.03989735  d_xz
  472   3   2   2       0.01969172  d_x2-y2
  473   1   0   0       1.35556345  s
  473   2   1  -1       0.83031138  p_y
  473   2   1   0       0.82990783  p_z
  473   2   1   1       0.83005883  p_x
  473   3   2  -2       0.03903821  d_xy
  473   3   2  -1       0.03880499  d_yz
  473   3   2   0       0.01876983  d_z2
  473   3   2   1       0.03905950  d_xz
  473   3   2   2       0.01882847  d_x2-y2
  474   1   0   0       1.35503630  s
  474   2   1  -1       0.83040175  p_y
  474   2   1   0       0.83035887  p_z
  474   2   1   1       0.83028125  p_x
  474   3   2  -2       0.03912895  d_xy
  474   3   2  -1       0.03854471  d_yz
  474   3   2   0       0.01874424  d_z2
  474   3   2   1       0.03907467  d_xz
  474   3   2   2       0.01880424  d_x2-y2
  475   1   0   0       1.35627846  s
  475   2   1  -1       0.82994014  p_y
  475   2   1   0       0.82975454  p_z
  475   2   1   1       0.82970262  p_x
  475   3   2  -2       0.03876076  d_xy
  475   3   2  -1       0.03877332  d_yz
  475   3   2   0       0.01871958  d_z2
  475   3   2   1       0.03917145  d_xz
  475   3   2   2       0.01876265  d_x2-y2
  476   1   0   0       1.35531825  s
  476   2   1  -1       0.82934468  p_y
  476   2   1   0       0.82924437  p_z
  476   2   1   1       0.82973112  p_x
  476   3   2  -2       0.03905691  d_xy
  476   3   2  -1       0.03925045  d_yz
  476   3   2   0       0.01879383  d_z2
  476   3   2   1       0.03939903  d_xz
  476   3   2   2       0.01942186  d_x2-y2
  477   1   0   0       1.35559434  s
  477   2   1  -1       0.83009150  p_y
  477   2   1   0       0.83014053  p_z
  477   2   1   1       0.83016669  p_x
  477   3   2  -2       0.03897828  d_xy
  477   3   2  -1       0.03885029  d_yz
  477   3   2   0       0.01874042  d_z2
  477   3   2   1       0.03882513  d_xz
  477   3   2   2       0.01872194  d_x2-y2
  478   1   0   0       1.35574783  s
  478   2   1  -1       0.83010501  p_y
  478   2   1   0       0.82994935  p_z
  478   2   1   1       0.82982587  p_x
  478   3   2  -2       0.03873366  d_xy
  478   3   2  -1       0.03874495  d_yz
  478   3   2   0       0.01871090  d_z2
  478   3   2   1       0.03905319  d_xz
  478   3   2   2       0.01873111  d_x2-y2
  479   1   0   0       1.35559434  s
  479   2   1  -1       0.83014053  p_y
  479   2   1   0       0.83009150  p_z
  479   2   1   1       0.83016669  p_x
  479   3   2  -2       0.03882513  d_xy
  479   3   2  -1       0.03885029  d_yz
  479   3   2   0       0.01873005  d_z2
  479   3   2   1       0.03897828  d_xz
  479   3   2   2       0.01873230  d_x2-y2
  480   1   0   0       1.35574783  s
  480   2   1  -1       0.82994935  p_y
  480   2   1   0       0.83010501  p_z
  480   2   1   1       0.82982587  p_x
  480   3   2  -2       0.03905319  d_xy
  480   3   2  -1       0.03874495  d_yz
  480   3   2   0       0.01871289  d_z2
  480   3   2   1       0.03873366  d_xz
  480   3   2   2       0.01872912  d_x2-y2
  481   1   0   0       1.36783805  s
  481   2   1  -1       0.81898444  p_y
  481   2   1   0       0.81898444  p_z
  481   2   1   1       0.81898444  p_x
  481   3   2  -2       0.04864617  d_xy
  481   3   2  -1       0.04864617  d_yz
  481   3   2   0       0.01749038  d_z2
  481   3   2   1       0.04864617  d_xz
  481   3   2   2       0.01749038  d_x2-y2
  482   1   0   0       1.50887376  s
  482   2   1  -1       0.77135419  p_y
  482   2   1   0       0.77135419  p_z
  482   2   1   1       0.77135419  p_x
  482   3   2  -2       0.05742913  d_xy
  482   3   2  -1       0.05742913  d_yz
  482   3   2   0       0.04638649  d_z2
  482   3   2   1       0.05742913  d_xz
  482   3   2   2       0.04638649  d_x2-y2
  483   1   0   0       1.35724178  s
  483   2   1  -1       0.82834457  p_y
  483   2   1   0       0.82834457  p_z
  483   2   1   1       0.83028115  p_x
  483   3   2  -2       0.03810928  d_xy
  483   3   2  -1       0.04057819  d_yz
  483   3   2   0       0.01892181  d_z2
  483   3   2   1       0.03810928  d_xz
  483   3   2   2       0.01946213  d_x2-y2
  484   1   0   0       1.35646037  s
  484   2   1  -1       0.82960946  p_y
  484   2   1   0       0.82960946  p_z
  484   2   1   1       0.82991494  p_x
  484   3   2  -2       0.03875155  d_xy
  484   3   2  -1       0.03903204  d_yz
  484   3   2   0       0.01871325  d_z2
  484   3   2   1       0.03875155  d_xz
  484   3   2   2       0.01873975  d_x2-y2
  485   1   0   0       1.35527805  s
  485   2   1  -1       0.83024567  p_y
  485   2   1   0       0.83024567  p_z
  485   2   1   1       0.83020371  p_x
  485   3   2  -2       0.03900595  d_xy
  485   3   2  -1       0.03868942  d_yz
  485   3   2   0       0.01873444  d_z2
  485   3   2   1       0.03900595  d_xz
  485   3   2   2       0.01877541  d_x2-y2
  486   1   0   0       1.35502605  s
  486   2   1  -1       0.83034494  p_y
  486   2   1   0       0.82912282  p_z
  486   2   1   1       0.82914041  p_x
  486   3   2  -2       0.03953169  d_xy
  486   3   2  -1       0.03964661  d_yz
  486   3   2   0       0.01887266  d_z2
  486   3   2   1       0.03903850  d_xz
  486   3   2   2       0.01910555  d_x2-y2
  487   1   0   0       1.35572282  s
  487   2   1  -1       0.83005766  p_y
  487   2   1   0       0.82999914  p_z
  487   2   1   1       0.83017429  p_x
  487   3   2  -2       0.03905069  d_xy
  487   3   2  -1       0.03883028  d_yz
  487   3   2   0       0.01879013  d_z2
  487   3   2   1       0.03887574  d_xz
  487   3   2   2       0.01870007  d_x2-y2
  488   1   0   0       1.35559434  s
  488   2   1  -1       0.83016669  p_y
  488   2   1   0       0.83014053  p_z
  488   2   1   1       0.83009150  p_x
  488   3   2  -2       0.03897828  d_xy
  488   3   2  -1       0.03882513  d_yz
  488   3   2   0       0.01874042  d_z2
  488   3   2   1       0.03885029  d_xz
  488   3   2   2       0.01872194  d_x2-y2
  489   1   0   0       1.35569820  s
  489   2   1  -1       0.83004888  p_y
  489   2   1   0       0.82987187  p_z
  489   2   1   1       0.83002147  p_x
  489   3   2  -2       0.03873955  d_xy
  489   3   2  -1       0.03879510  d_yz
  489   3   2   0       0.01874878  d_z2
  489   3   2   1       0.03916427  d_xz
  489   3   2   2       0.01873234  d_x2-y2
  490   1   0   0       1.35599387  s
  490   2   1  -1       0.82983061  p_y
  490   2   1   0       0.82966769  p_z
  490   2   1   1       0.82987664  p_x
  490   3   2  -2       0.03936538  d_xy
  490   3   2  -1       0.03881573  d_yz
  490   3   2   0       0.01887092  d_z2
  490   3   2   1       0.03890962  d_xz
  490   3   2   2       0.01864021  d_x2-y2
  491   1   0   0       1.35590923  s
  491   2   1  -1       0.83000072  p_y
  491   2   1   0       0.83010737  p_z
  491   2   1   1       0.82994675  p_x
  491   3   2  -2       0.03914755  d_xy
  491   3   2  -1       0.03877428  d_yz
  491   3   2   0       0.01876788  d_z2
  491   3   2   1       0.03878269  d_xz
  491   3   2   2       0.01870531  d_x2-y2
  492   1   0   0       1.35599387  s
  492   2   1  -1       0.82966769  p_y
  492   2   1   0       0.82983061  p_z
  492   2   1   1       0.82987664  p_x
  492   3   2  -2       0.03890962  d_xy
  492   3   2  -1       0.03881573  d_yz
  492   3   2   0       0.01875672  d_z2
  492   3   2   1       0.03936538  d_xz
  492   3   2   2       0.01875441  d_x2-y2
  493   1   0   0       1.35590923  s
  493   2   1  -1       0.83010737  p_y
  493   2   1   0       0.83000072  p_z
  493   2   1   1       0.82994675  p_x
  493   3   2  -2       0.03878269  d_xy
  493   3   2  -1       0.03877428  d_yz
  493   3   2   0       0.01872053  d_z2
  493   3   2   1       0.03914755  d_xz
  493   3   2   2       0.01875266  d_x2-y2
  494   1   0   0       1.35651426  s
  494   2   1  -1       0.82973974  p_y
  494   2   1   0       0.82989805  p_z
  494   2   1   1       0.82974331  p_x
  494   3   2  -2       0.03909961  d_xy
  494   3   2  -1       0.03882470  d_yz
  494   3   2   0       0.01877252  d_z2
  494   3   2   1       0.03881887  d_xz
  494   3   2   2       0.01870226  d_x2-y2
  495   1   0   0       1.35561273  s
  495   2   1  -1       0.82825846  p_y
  495   2   1   0       0.82818358  p_z
  495   2   1   1       0.83097747  p_x
  495   3   2  -2       0.03888576  d_xy
  495   3   2  -1       0.03966308  d_yz
  495   3   2   0       0.02015358  d_z2
  495   3   2   1       0.04064378  d_xz
  495   3   2   2       0.01901434  d_x2-y2
  496   1   0   0       1.35554623  s
  496   2   1  -1       0.83006591  p_y
  496   2   1   0       0.82977796  p_z
  496   2   1   1       0.83036306  p_x
  496   3   2  -2       0.03903713  d_xy
  496   3   2  -1       0.03886730  d_yz
  496   3   2   0       0.01883411  d_z2
  496   3   2   1       0.03925444  d_xz
  496   3   2   2       0.01889607  d_x2-y2
  497   1   0   0       1.35551028  s
  497   2   1  -1       0.83027514  p_y
  497   2   1   0       0.82991890  p_z
  497   2   1   1       0.83008571  p_x
  497   3   2  -2       0.03889307  d_xy
  497   3   2  -1       0.03862857  d_yz
  497   3   2   0       0.01876562  d_z2
  497   3   2   1       0.03914862  d_xz
  497   3   2   2       0.01873962  d_x2-y2
  498   1   0   0       1.35502605  s
  498   2   1  -1       0.82912282  p_y
  498   2   1   0       0.83034494  p_z
  498   2   1   1       0.82914041  p_x
  498   3   2  -2       0.03903850  d_xy
  498   3   2  -1       0.03964661  d_yz
  498   3   2   0       0.01915839  d_z2
  498   3   2   1       0.03953169  d_xz
  498   3   2   2       0.01881982  d_x2-y2
  499   1   0   0       1.35572282  s
  499   2   1  -1       0.82999914  p_y
  499   2   1   0       0.83005766  p_z
  499   2   1   1       0.83017429  p_x
  499   3   2  -2       0.03887574  d_xy
  499   3   2  -1       0.03883028  d_yz
  499   3   2   0       0.01874113  d_z2
  499   3   2   1       0.03905069  d_xz
  499   3   2   2       0.01874907  d_x2-y2
  500   1   0   0       1.35559434  s
  500   2   1  -1       0.83014053  p_y
  500   2   1   0       0.83016669  p_z
  500   2   1   1       0.83009150  p_x
  500   3   2  -2       0.03885029  d_xy
  500   3   2  -1       0.03882513  d_yz
  500   3   2   0       0.01872306  d_z2
  500   3   2   1       0.03897828  d_xz
  500   3   2   2       0.01873929  d_x2-y2
  501   1   0   0       1.35569820  s
  501   2   1  -1       0.82987187  p_y
  501   2   1   0       0.83004888  p_z
  501   2   1   1       0.83002147  p_x
  501   3   2  -2       0.03916427  d_xy
  501   3   2  -1       0.03879510  d_yz
  501   3   2   0       0.01876301  d_z2
  501   3   2   1       0.03873955  d_xz
  501   3   2   2       0.01871812  d_x2-y2
  502   1   0   0       1.35545463  s
  502   2   1  -1       0.82905250  p_y
  502   2   1   0       0.82905250  p_z
  502   2   1   1       0.82979983  p_x
  502   3   2  -2       0.03946099  d_xy
  502   3   2  -1       0.03895565  d_yz
  502   3   2   0       0.01883516  d_z2
  502   3   2   1       0.03946099  d_xz
  502   3   2   2       0.01890458  d_x2-y2
  503   1   0   0       1.35543601  s
  503   2   1  -1       0.83023882  p_y
  503   2   1   0       0.83023882  p_z
  503   2   1   1       0.83013749  p_x
  503   3   2  -2       0.03900263  d_xy
  503   3   2  -1       0.03882873  d_yz
  503   3   2   0       0.01875665  d_z2
  503   3   2   1       0.03900263  d_xz
  503   3   2   2       0.01878298  d_x2-y2
  504   1   0   0       1.35559598  s
  504   2   1  -1       0.83007107  p_y
  504   2   1   0       0.83007107  p_z
  504   2   1   1       0.83003010  p_x
  504   3   2  -2       0.03891686  d_xy
  504   3   2  -1       0.03877452  d_yz
  504   3   2   0       0.01872344  d_z2
  504   3   2   1       0.03891686  d_xz
  504   3   2   2       0.01872579  d_x2-y2
  505   1   0   0       1.35918673  s
  505   2   1  -1       0.83025768  p_y
  505   2   1   0       0.83025768  p_z
  505   2   1   1       0.82815489  p_x
  505   3   2  -2       0.04272187  d_xy
  505   3   2  -1       0.04261920  d_yz
  505   3   2   0       0.02046441  d_z2
  505   3   2   1       0.04272187  d_xz
  505   3   2   2       0.01996604  d_x2-y2
  506   1   0   0       1.35554623  s
  506   2   1  -1       0.82977796  p_y
  506   2   1   0       0.83006591  p_z
  506   2   1   1       0.83036306  p_x
  506   3   2  -2       0.03925444  d_xy
  506   3   2  -1       0.03886730  d_yz
  506   3   2   0       0.01881459  d_z2
  506   3   2   1       0.03903713  d_xz
  506   3   2   2       0.01891558  d_x2-y2
  507   1   0   0       1.35551028  s
  507   2   1  -1       0.82991890  p_y
  507   2   1   0       0.83027514  p_z
  507   2   1   1       0.83008571  p_x
  507   3   2  -2       0.03914862  d_xy
  507   3   2  -1       0.03862857  d_yz
  507   3   2   0       0.01871349  d_z2
  507   3   2   1       0.03889307  d_xz
  507   3   2   2       0.01879175  d_x2-y2
  508   1   0   0       1.35651426  s
  508   2   1  -1       0.82989805  p_y
  508   2   1   0       0.82973974  p_z
  508   2   1   1       0.82974331  p_x
  508   3   2  -2       0.03881887  d_xy
  508   3   2  -1       0.03882470  d_yz
  508   3   2   0       0.01872463  d_z2
  508   3   2   1       0.03909961  d_xz
  508   3   2   2       0.01875015  d_x2-y2
  509   1   0   0       1.35561273  s
  509   2   1  -1       0.82818358  p_y
  509   2   1   0       0.82825846  p_z
  509   2   1   1       0.83097747  p_x
  509   3   2  -2       0.04064378  d_xy
  509   3   2  -1       0.03966308  d_yz
  509   3   2   0       0.01900029  d_z2
  509   3   2   1       0.03888576  d_xz
  509   3   2   2       0.02016763  d_x2-y2
  510   1   0   0       1.35604373  s
  510   2   1  -1       0.82975486  p_y
  510   2   1   0       0.83009296  p_z
  510   2   1   1       0.82985234  p_x
  510   3   2  -2       0.03913560  d_xy
  510   3   2  -1       0.03876289  d_yz
  510   3   2   0       0.01871803  d_z2
  510   3   2   1       0.03871286  d_xz
  510   3   2   2       0.01876303  d_x2-y2
  511   1   0   0       1.35651423  s
  511   2   1  -1       0.83015447  p_y
  511   2   1   0       0.82919730  p_z
  511   2   1   1       0.82919730  p_x
  511   3   2  -2       0.03848909  d_xy
  511   3   2  -1       0.03848909  d_yz
  511   3   2   0       0.01866339  d_z2
  511   3   2   1       0.03935889  d_xz
  511   3   2   2       0.01860130  d_x2-y2
  512   1   0   0       1.35604373  s
  512   2   1  -1       0.83009296  p_y
  512   2   1   0       0.82975486  p_z
  512   2   1   1       0.82985234  p_x
  512   3   2  -2       0.03871286  d_xy
  512   3   2  -1       0.03876289  d_yz
  512   3   2   0       0.01876007  d_z2
  512   3   2   1       0.03913560  d_xz
  512   3   2   2       0.01872099  d_x2-y2
  513   1   0   0       1.35651423  s
  513   2   1  -1       0.82919730  p_y
  513   2   1   0       0.83015447  p_z
  513   2   1   1       0.82919730  p_x
  513   3   2  -2       0.03935889  d_xy
  513   3   2  -1       0.03848909  d_yz
  513   3   2   0       0.01857026  d_z2
  513   3   2   1       0.03848909  d_xz
  513   3   2   2       0.01869444  d_x2-y2

Fermi level:                        -0.1251554021 H           -3.4057 eV
Band energy:                      -707.2190112856 H       -19244.4084 eV
TS:                                  0.0000000027 H            0.0000 eV
Band free energy (E-TS):          -707.2190112883 H       -19244.4084 eV
Extrapolated E(0K):               -707.2190112870 H       -19244.4084 eV
Input / Output electrons (q):   2052.0000000730   2052.0000000739

Energy H0:                        -707.2196580012 H       -19244.4260 eV
Energy SCC:                          0.0002984045 H            0.0081 eV
Total Electronic energy:          -707.2193595967 H       -19244.4179 eV
Repulsive energy:                    0.0000000000 H            0.0000 eV
Total energy:                     -707.2193595967 H       -19244.4179 eV
Extrapolated to 0:                -707.2193595981 H       -19244.4179 eV
Total Mermin free energy:         -707.2193595995 H       -19244.4179 eV
Force related energy:             -707.2193595995 H       -19244.4179 eV

Non-constrained calculation

SCC converged

Warning: dipole moment is not defined absolutely!
Dipole moment:    0.00163566   -0.00163867   -0.00163867 au
Dipole moment:    0.00415743   -0.00416509   -0.00416509 Debye


