 Fermi distribution function

Calculation with static geometry


********************************************************************************
 iSCC Total electronic   Diff electronic      SCC error    
   12   -0.70719994E+03   -0.58352043E-08    0.64835986E-05
********************************************************************************

 Total charge:    -0.00000000

 Atomic gross charges (e)
 Atom           Charge
    1       0.00010088
    2      -0.00007023
    3       0.00461011
    4      -0.05844682
    5      -0.00029557
    6      -0.00063074
    7      -0.01590106
    8      -0.00002556
    9      -0.00037861
   10      -0.00114311
   11       0.00002863
   12      -0.00007023
   13      -0.00098251
   14      -0.00007889
   15      -0.00029557
   16       0.00029874
   17       0.00002863
   18      -0.00050935
   19       0.00461011
   20      -0.00003451
   21      -0.00028314
   22      -0.00063074
   23       0.00130557
   24      -0.00007889
   25      -0.00037861
   26      -0.00003451
   27       0.00010088
   28      -0.00020196
   29       0.00130557
   30      -0.00002556
   31      -0.00060244
   32       0.00029874
   33       0.00002916
   34       0.00022087
   35       0.00009486
   36      -0.00012637
   37      -0.00018128
   38      -0.00096265
   39       0.00421346
   40       0.00001720
   41       0.00009486
   42       0.00172871
   43      -0.00014465
   44       0.00018351
   45       0.00061591
   46      -0.00000460
   47       0.00022864
   48      -0.00096265
   49       0.00013561
   50       0.00018351
   51       0.00095399
   52      -0.00012637
   53       0.00022864
   54       0.00094639
   55       0.00421346
   56       0.00018176
   57       0.00036750
   58       0.00172871
   59       0.00013561
   60       0.00022087
   61       0.00061591
   62       0.00018176
   63      -0.00018128
   64       0.00037350
   65      -0.00024917
   66       0.00117741
   67       0.00109602
   68      -0.00024346
   69      -0.00017220
   70       0.00022422
   71      -0.00020676
   72       0.00076921
   73       0.00009031
   74       0.00002870
   75       0.00174315
   76       0.00117741
   77      -0.00011679
   78       0.00076077
   79      -0.00017220
   80       0.00025874
   81       0.00174315
   82       0.00098839
   83       0.00109602
   84       0.00017777
   85       0.00078426
   86       0.00022422
   87       0.00045260
   88       0.00076077
   89       0.00009031
   90       0.00017777
   91      -0.00024917
   92       0.00039123
   93       0.00045260
   94       0.00076921
   95      -0.00108130
   96       0.00025874
   97      -0.00094991
   98      -0.00038355
   99      -0.00019027
  100       0.00029851
  101       0.00006770
  102       0.00001897
  103      -0.00024438
  104       0.00335915
  105      -0.00019027
  106      -0.00011633
  107      -0.00114129
  108      -0.00344428
  109      -0.00001474
  110      -0.00173064
  111      -0.00053533
  112       0.00001897
  113       0.00072591
  114      -0.00344428
  115      -0.00012151
  116       0.00029851
  117      -0.00053533
  118       0.00028557
  119      -0.00024438
  120       0.00014741
  121      -0.00015375
  122      -0.00011633
  123       0.00072591
  124      -0.00038355
  125      -0.00001474
  126       0.00014741
  127       0.00006770
  128      -0.00002047
  129       0.00000001
  130       0.00022058
  131       0.00021202
  132       0.00008303
  133       0.00022058
  134      -0.00032224
  135      -0.00019246
  136      -0.00007028
  137       0.00021202
  138      -0.00019246
  139      -0.00008285
  140      -0.00018891
  141       0.00008303
  142      -0.00007028
  143      -0.00018891
  144      -0.00022421
  145       0.00008082
  146       0.00017070
  147       0.00004534
  148       0.00063182
  149       0.00017070
  150      -0.00020437
  151       0.00011782
  152       0.00022084
  153       0.00004534
  154       0.00011782
  155      -0.00015540
  156       0.00051383
  157       0.00063182
  158       0.00022084
  159       0.00051383
  160       0.00177612
  161      -0.00081317
  162      -0.00018128
  163       0.00009486
  164       0.00061591
  165      -0.00011512
  166      -0.00148632
  167       0.00083909
  168       0.00000477
  169      -0.00185302
  170       0.00083909
  171       0.00003273
  172       0.00007586
  173      -0.00057960
  174       0.00000477
  175       0.00007586
  176       0.00005368
  177      -0.00005611
  178      -0.00005051
  179      -0.00010424
  180       0.00620883
  181      -0.00005051
  182       0.00015577
  183       0.00006429
  184       0.00009487
  185      -0.00010424
  186       0.00006429
  187       0.00015254
  188      -0.00028109
  189      -0.00012637
  190       0.00018176
  191       0.00022087
  192      -0.00001218
  193       0.05731966
  194      -0.01692144
  195      -0.00015905
  196      -0.00025122
  197      -0.01692144
  198       0.00105985
  199      -0.00040235
  200       0.00012634
  201      -0.00015905
  202      -0.00040235
  203       0.00019330
  204      -0.00009518
  205      -0.00025122
  206       0.00012634
  207      -0.00009518
  208       0.00007455
  209       0.00256398
  210       0.00085160
  211      -0.00022856
  212       0.00009511
  213       0.00085160
  214      -0.00026745
  215      -0.00001254
  216       0.00002097
  217      -0.00022856
  218      -0.00001254
  219       0.00057144
  220      -0.00010234
  221       0.00009511
  222       0.00002097
  223      -0.00010234
  224       0.00170022
  225      -0.00009248
  226       0.00006770
  227      -0.00019027
  228      -0.00001474
  229      -0.00766214
  230       0.00207021
  231       0.00042385
  232      -0.00010168
  233       0.00057202
  234       0.00042385
  235       0.00016927
  236      -0.00078468
  237      -0.00107876
  238      -0.00010168
  239      -0.00078468
  240       0.00005817
  241      -0.00858714
  242      -0.00014378
  243       0.00132179
  244       0.00062809
  245      -0.00014378
  246       0.00091078
  247       0.00011881
  248      -0.00319678
  249       0.00132179
  250       0.00011881
  251       0.00015666
  252       0.00085514
  253       0.00029851
  254       0.00014741
  255      -0.00038355
  256       0.00012533
  257      -0.00015540
  258      -0.00018891
  259       0.00004534
  260       0.00008303
  261      -0.00018891
  262      -0.00020437
  263      -0.00019246
  264       0.00022084
  265       0.00004534
  266      -0.00019246
  267       0.00008082
  268       0.00022058
  269       0.00008303
  270       0.00022084
  271       0.00022058
  272       0.00177612
  273      -0.00008285
  274       0.00017070
  275       0.00021202
  276       0.00011782
  277       0.00017070
  278      -0.00032224
  279       0.00063182
  280      -0.00007028
  281       0.00021202
  282       0.00063182
  283       0.00000001
  284       0.00051383
  285       0.00011782
  286      -0.00007028
  287       0.00051383
  288      -0.00022421
  289      -0.00081317
  290      -0.00028109
  291      -0.00185302
  292       0.00620883
  293       0.00022087
  294       0.00005368
  295       0.00006429
  296       0.00000477
  297       0.00009486
  298       0.00006429
  299       0.00003273
  300      -0.00005051
  301      -0.00012637
  302       0.00000477
  303      -0.00005051
  304      -0.00148632
  305       0.00015254
  306       0.00007586
  307      -0.00010424
  308       0.00061591
  309       0.00007586
  310       0.00015577
  311       0.00083909
  312       0.00018176
  313      -0.00010424
  314       0.00083909
  315      -0.00005611
  316      -0.00018128
  317      -0.00057960
  318       0.00009487
  319      -0.00011512
  320      -0.00001218
  321       0.00057144
  322      -0.00009518
  323      -0.00022856
  324      -0.00025122
  325      -0.00009518
  326      -0.00026745
  327      -0.00040235
  328       0.00002097
  329      -0.00022856
  330      -0.00040235
  331       0.00256398
  332      -0.01692144
  333      -0.00025122
  334       0.00002097
  335      -0.01692144
  336       0.00170022
  337       0.00019330
  338       0.00085160
  339      -0.00015905
  340      -0.00001254
  341       0.00085160
  342       0.00105985
  343       0.00009511
  344       0.00012634
  345      -0.00015905
  346       0.00009511
  347       0.05731966
  348      -0.00010234
  349      -0.00001254
  350       0.00012634
  351      -0.00010234
  352       0.00007455
  353      -0.00009248
  354       0.00085514
  355       0.00057202
  356       0.00062809
  357      -0.00038355
  358       0.00005817
  359       0.00011881
  360      -0.00010168
  361      -0.00019027
  362       0.00011881
  363       0.00016927
  364      -0.00014378
  365       0.00029851
  366      -0.00010168
  367      -0.00014378
  368       0.00207021
  369       0.00015666
  370      -0.00078468
  371       0.00132179
  372      -0.00001474
  373      -0.00078468
  374       0.00091078
  375       0.00042385
  376       0.00014741
  377       0.00132179
  378       0.00042385
  379      -0.00858714
  380       0.00006770
  381      -0.00107876
  382      -0.00319678
  383      -0.00766214
  384       0.00012533
  385       0.00010088
  386      -0.00029557
  387      -0.00037861
  388      -0.00098251
  389      -0.00007023
  390      -0.00063074
  391      -0.00114311
  392      -0.00007889
  393       0.00461011
  394      -0.01590106
  395       0.00002863
  396      -0.00029557
  397      -0.05844682
  398      -0.00002556
  399      -0.00007023
  400       0.00029874
  401       0.00002863
  402      -0.00028314
  403      -0.00037861
  404       0.00130557
  405      -0.00050935
  406      -0.00063074
  407      -0.00003451
  408      -0.00002556
  409       0.00461011
  410       0.00130557
  411       0.00010088
  412      -0.00060244
  413      -0.00003451
  414      -0.00007889
  415      -0.00020196
  416       0.00029874
  417      -0.00008408
  418      -0.00011512
  419      -0.00185302
  420      -0.00057960
  421      -0.00028109
  422      -0.00096265
  423       0.00172871
  424      -0.00000460
  425      -0.00185302
  426       0.00421346
  427      -0.00014465
  428       0.00022864
  429       0.00620883
  430       0.00001720
  431       0.00018351
  432      -0.00096265
  433       0.00013561
  434       0.00022864
  435       0.00036750
  436      -0.00057960
  437       0.00018351
  438       0.00094639
  439       0.00172871
  440       0.00009487
  441       0.00095399
  442       0.00421346
  443       0.00013561
  444      -0.00011512
  445       0.00620883
  446       0.00009487
  447      -0.00028109
  448       0.00274637
  449      -0.00024917
  450      -0.00017220
  451       0.00009031
  452      -0.00011679
  453       0.00117741
  454       0.00022422
  455       0.00002870
  456       0.00076077
  457       0.00109602
  458      -0.00020676
  459       0.00174315
  460      -0.00017220
  461      -0.00024346
  462       0.00076921
  463       0.00117741
  464       0.00025874
  465       0.00174315
  466       0.00078426
  467       0.00009031
  468       0.00045260
  469       0.00098839
  470       0.00022422
  471       0.00017777
  472       0.00076921
  473       0.00109602
  474       0.00045260
  475      -0.00024917
  476      -0.00108130
  477       0.00017777
  478       0.00076077
  479       0.00039123
  480       0.00025874
  481       0.03329544
  482       0.03329544
  483      -0.00766214
  484       0.00057202
  485      -0.00107876
  486       0.00085514
  487       0.00001897
  488      -0.00011633
  489      -0.00173064
  490       0.00057202
  491      -0.00024438
  492      -0.00114129
  493      -0.00053533
  494       0.00062809
  495       0.00335915
  496      -0.00344428
  497       0.00001897
  498       0.00072591
  499      -0.00053533
  500      -0.00015375
  501      -0.00107876
  502      -0.00344428
  503       0.00028557
  504      -0.00011633
  505      -0.00319678
  506      -0.00012151
  507      -0.00024438
  508       0.00072591
  509      -0.00766214
  510       0.00062809
  511      -0.00319678
  512       0.00085514
  513      -0.00779432

Nr. of electrons (up):   2052.00000000
Atom populations (up)
 Atom       Population
    1       3.99989912
    2       4.00007023
    3       3.99538989
    4       4.05844682
    5       4.00029557
    6       4.00063074
    7       4.01590106
    8       4.00002556
    9       4.00037861
   10       4.00114311
   11       3.99997137
   12       4.00007023
   13       4.00098251
   14       4.00007889
   15       4.00029557
   16       3.99970126
   17       3.99997137
   18       4.00050935
   19       3.99538989
   20       4.00003451
   21       4.00028314
   22       4.00063074
   23       3.99869443
   24       4.00007889
   25       4.00037861
   26       4.00003451
   27       3.99989912
   28       4.00020196
   29       3.99869443
   30       4.00002556
   31       4.00060244
   32       3.99970126
   33       3.99997084
   34       3.99977913
   35       3.99990514
   36       4.00012637
   37       4.00018128
   38       4.00096265
   39       3.99578654
   40       3.99998280
   41       3.99990514
   42       3.99827129
   43       4.00014465
   44       3.99981649
   45       3.99938409
   46       4.00000460
   47       3.99977136
   48       4.00096265
   49       3.99986439
   50       3.99981649
   51       3.99904601
   52       4.00012637
   53       3.99977136
   54       3.99905361
   55       3.99578654
   56       3.99981824
   57       3.99963250
   58       3.99827129
   59       3.99986439
   60       3.99977913
   61       3.99938409
   62       3.99981824
   63       4.00018128
   64       3.99962650
   65       4.00024917
   66       3.99882259
   67       3.99890398
   68       4.00024346
   69       4.00017220
   70       3.99977578
   71       4.00020676
   72       3.99923079
   73       3.99990969
   74       3.99997130
   75       3.99825685
   76       3.99882259
   77       4.00011679
   78       3.99923923
   79       4.00017220
   80       3.99974126
   81       3.99825685
   82       3.99901161
   83       3.99890398
   84       3.99982223
   85       3.99921574
   86       3.99977578
   87       3.99954740
   88       3.99923923
   89       3.99990969
   90       3.99982223
   91       4.00024917
   92       3.99960877
   93       3.99954740
   94       3.99923079
   95       4.00108130
   96       3.99974126
   97       4.00094991
   98       4.00038355
   99       4.00019027
  100       3.99970149
  101       3.99993230
  102       3.99998103
  103       4.00024438
  104       3.99664085
  105       4.00019027
  106       4.00011633
  107       4.00114129
  108       4.00344428
  109       4.00001474
  110       4.00173064
  111       4.00053533
  112       3.99998103
  113       3.99927409
  114       4.00344428
  115       4.00012151
  116       3.99970149
  117       4.00053533
  118       3.99971443
  119       4.00024438
  120       3.99985259
  121       4.00015375
  122       4.00011633
  123       3.99927409
  124       4.00038355
  125       4.00001474
  126       3.99985259
  127       3.99993230
  128       4.00002047
  129       3.99999999
  130       3.99977942
  131       3.99978798
  132       3.99991697
  133       3.99977942
  134       4.00032224
  135       4.00019246
  136       4.00007028
  137       3.99978798
  138       4.00019246
  139       4.00008285
  140       4.00018891
  141       3.99991697
  142       4.00007028
  143       4.00018891
  144       4.00022421
  145       3.99991918
  146       3.99982930
  147       3.99995466
  148       3.99936818
  149       3.99982930
  150       4.00020437
  151       3.99988218
  152       3.99977916
  153       3.99995466
  154       3.99988218
  155       4.00015540
  156       3.99948617
  157       3.99936818
  158       3.99977916
  159       3.99948617
  160       3.99822388
  161       4.00081317
  162       4.00018128
  163       3.99990514
  164       3.99938409
  165       4.00011512
  166       4.00148632
  167       3.99916091
  168       3.99999523
  169       4.00185302
  170       3.99916091
  171       3.99996727
  172       3.99992414
  173       4.00057960
  174       3.99999523
  175       3.99992414
  176       3.99994632
  177       4.00005611
  178       4.00005051
  179       4.00010424
  180       3.99379117
  181       4.00005051
  182       3.99984423
  183       3.99993571
  184       3.99990513
  185       4.00010424
  186       3.99993571
  187       3.99984746
  188       4.00028109
  189       4.00012637
  190       3.99981824
  191       3.99977913
  192       4.00001218
  193       3.94268034
  194       4.01692144
  195       4.00015905
  196       4.00025122
  197       4.01692144
  198       3.99894015
  199       4.00040235
  200       3.99987366
  201       4.00015905
  202       4.00040235
  203       3.99980670
  204       4.00009518
  205       4.00025122
  206       3.99987366
  207       4.00009518
  208       3.99992545
  209       3.99743602
  210       3.99914840
  211       4.00022856
  212       3.99990489
  213       3.99914840
  214       4.00026745
  215       4.00001254
  216       3.99997903
  217       4.00022856
  218       4.00001254
  219       3.99942856
  220       4.00010234
  221       3.99990489
  222       3.99997903
  223       4.00010234
  224       3.99829978
  225       4.00009248
  226       3.99993230
  227       4.00019027
  228       4.00001474
  229       4.00766214
  230       3.99792979
  231       3.99957615
  232       4.00010168
  233       3.99942798
  234       3.99957615
  235       3.99983073
  236       4.00078468
  237       4.00107876
  238       4.00010168
  239       4.00078468
  240       3.99994183
  241       4.00858714
  242       4.00014378
  243       3.99867821
  244       3.99937191
  245       4.00014378
  246       3.99908922
  247       3.99988119
  248       4.00319678
  249       3.99867821
  250       3.99988119
  251       3.99984334
  252       3.99914486
  253       3.99970149
  254       3.99985259
  255       4.00038355
  256       3.99987467
  257       4.00015540
  258       4.00018891
  259       3.99995466
  260       3.99991697
  261       4.00018891
  262       4.00020437
  263       4.00019246
  264       3.99977916
  265       3.99995466
  266       4.00019246
  267       3.99991918
  268       3.99977942
  269       3.99991697
  270       3.99977916
  271       3.99977942
  272       3.99822388
  273       4.00008285
  274       3.99982930
  275       3.99978798
  276       3.99988218
  277       3.99982930
  278       4.00032224
  279       3.99936818
  280       4.00007028
  281       3.99978798
  282       3.99936818
  283       3.99999999
  284       3.99948617
  285       3.99988218
  286       4.00007028
  287       3.99948617
  288       4.00022421
  289       4.00081317
  290       4.00028109
  291       4.00185302
  292       3.99379117
  293       3.99977913
  294       3.99994632
  295       3.99993571
  296       3.99999523
  297       3.99990514
  298       3.99993571
  299       3.99996727
  300       4.00005051
  301       4.00012637
  302       3.99999523
  303       4.00005051
  304       4.00148632
  305       3.99984746
  306       3.99992414
  307       4.00010424
  308       3.99938409
  309       3.99992414
  310       3.99984423
  311       3.99916091
  312       3.99981824
  313       4.00010424
  314       3.99916091
  315       4.00005611
  316       4.00018128
  317       4.00057960
  318       3.99990513
  319       4.00011512
  320       4.00001218
  321       3.99942856
  322       4.00009518
  323       4.00022856
  324       4.00025122
  325       4.00009518
  326       4.00026745
  327       4.00040235
  328       3.99997903
  329       4.00022856
  330       4.00040235
  331       3.99743602
  332       4.01692144
  333       4.00025122
  334       3.99997903
  335       4.01692144
  336       3.99829978
  337       3.99980670
  338       3.99914840
  339       4.00015905
  340       4.00001254
  341       3.99914840
  342       3.99894015
  343       3.99990489
  344       3.99987366
  345       4.00015905
  346       3.99990489
  347       3.94268034
  348       4.00010234
  349       4.00001254
  350       3.99987366
  351       4.00010234
  352       3.99992545
  353       4.00009248
  354       3.99914486
  355       3.99942798
  356       3.99937191
  357       4.00038355
  358       3.99994183
  359       3.99988119
  360       4.00010168
  361       4.00019027
  362       3.99988119
  363       3.99983073
  364       4.00014378
  365       3.99970149
  366       4.00010168
  367       4.00014378
  368       3.99792979
  369       3.99984334
  370       4.00078468
  371       3.99867821
  372       4.00001474
  373       4.00078468
  374       3.99908922
  375       3.99957615
  376       3.99985259
  377       3.99867821
  378       3.99957615
  379       4.00858714
  380       3.99993230
  381       4.00107876
  382       4.00319678
  383       4.00766214
  384       3.99987467
  385       3.99989912
  386       4.00029557
  387       4.00037861
  388       4.00098251
  389       4.00007023
  390       4.00063074
  391       4.00114311
  392       4.00007889
  393       3.99538989
  394       4.01590106
  395       3.99997137
  396       4.00029557
  397       4.05844682
  398       4.00002556
  399       4.00007023
  400       3.99970126
  401       3.99997137
  402       4.00028314
  403       4.00037861
  404       3.99869443
  405       4.00050935
  406       4.00063074
  407       4.00003451
  408       4.00002556
  409       3.99538989
  410       3.99869443
  411       3.99989912
  412       4.00060244
  413       4.00003451
  414       4.00007889
  415       4.00020196
  416       3.99970126
  417       4.00008408
  418       4.00011512
  419       4.00185302
  420       4.00057960
  421       4.00028109
  422       4.00096265
  423       3.99827129
  424       4.00000460
  425       4.00185302
  426       3.99578654
  427       4.00014465
  428       3.99977136
  429       3.99379117
  430       3.99998280
  431       3.99981649
  432       4.00096265
  433       3.99986439
  434       3.99977136
  435       3.99963250
  436       4.00057960
  437       3.99981649
  438       3.99905361
  439       3.99827129
  440       3.99990513
  441       3.99904601
  442       3.99578654
  443       3.99986439
  444       4.00011512
  445       3.99379117
  446       3.99990513
  447       4.00028109
  448       3.99725363
  449       4.00024917
  450       4.00017220
  451       3.99990969
  452       4.00011679
  453       3.99882259
  454       3.99977578
  455       3.99997130
  456       3.99923923
  457       3.99890398
  458       4.00020676
  459       3.99825685
  460       4.00017220
  461       4.00024346
  462       3.99923079
  463       3.99882259
  464       3.99974126
  465       3.99825685
  466       3.99921574
  467       3.99990969
  468       3.99954740
  469       3.99901161
  470       3.99977578
  471       3.99982223
  472       3.99923079
  473       3.99890398
  474       3.99954740
  475       4.00024917
  476       4.00108130
  477       3.99982223
  478       3.99923923
  479       3.99960877
  480       3.99974126
  481       3.96670456
  482       3.96670456
  483       4.00766214
  484       3.99942798
  485       4.00107876
  486       3.99914486
  487       3.99998103
  488       4.00011633
  489       4.00173064
  490       3.99942798
  491       4.00024438
  492       4.00114129
  493       4.00053533
  494       3.99937191
  495       3.99664085
  496       4.00344428
  497       3.99998103
  498       3.99927409
  499       4.00053533
  500       4.00015375
  501       4.00107876
  502       4.00344428
  503       3.99971443
  504       4.00011633
  505       4.00319678
  506       4.00012151
  507       4.00024438
  508       3.99927409
  509       4.00766214
  510       3.99937191
  511       4.00319678
  512       3.99914486
  513       4.00779432

l-shell populations (up)
 Atom Sh.   l       Population
    1   1   0       1.35541212
    1   2   1       2.49037835
    1   3   2       0.15410865
    2   1   0       1.35549867
    2   2   1       2.49016715
    2   3   2       0.15440442
    3   1   0       1.35627494
    3   2   1       2.48352157
    3   3   2       0.15559338
    4   1   0       1.36795694
    4   2   1       2.52424954
    4   3   2       0.16624035
    5   1   0       1.35528737
    5   2   1       2.49073133
    5   3   2       0.15427687
    6   1   0       1.35517884
    6   2   1       2.49027381
    6   3   2       0.15517809
    7   1   0       1.35265397
    7   2   1       2.50432500
    7   3   2       0.15892209
    8   1   0       1.35628042
    8   2   1       2.48957994
    8   3   2       0.15416520
    9   1   0       1.35555847
    9   2   1       2.49057889
    9   3   2       0.15424124
   10   1   0       1.35394255
   10   2   1       2.49149232
   10   3   2       0.15570824
   11   1   0       1.35575001
   11   2   1       2.49007809
   11   3   2       0.15414327
   12   1   0       1.35549867
   12   2   1       2.49016715
   12   3   2       0.15440442
   13   1   0       1.35468947
   13   2   1       2.49176534
   13   3   2       0.15452770
   14   1   0       1.35575343
   14   2   1       2.49017234
   14   3   2       0.15415311
   15   1   0       1.35528737
   15   2   1       2.49073133
   15   3   2       0.15427687
   16   1   0       1.35600252
   16   2   1       2.48963886
   16   3   2       0.15405989
   17   1   0       1.35575001
   17   2   1       2.49007809
   17   3   2       0.15414327
   18   1   0       1.35616342
   18   2   1       2.49005845
   18   3   2       0.15428748
   19   1   0       1.35627494
   19   2   1       2.48352157
   19   3   2       0.15559338
   20   1   0       1.35609405
   20   2   1       2.48970907
   20   3   2       0.15423139
   21   1   0       1.35571731
   21   2   1       2.49034195
   21   3   2       0.15422388
   22   1   0       1.35517884
   22   2   1       2.49027381
   22   3   2       0.15517809
   23   1   0       1.35640357
   23   2   1       2.48796359
   23   3   2       0.15432728
   24   1   0       1.35575343
   24   2   1       2.49017234
   24   3   2       0.15415311
   25   1   0       1.35555847
   25   2   1       2.49057889
   25   3   2       0.15424124
   26   1   0       1.35609405
   26   2   1       2.48970907
   26   3   2       0.15423139
   27   1   0       1.35541212
   27   2   1       2.49037835
   27   3   2       0.15410865
   28   1   0       1.35576570
   28   2   1       2.49025409
   28   3   2       0.15418217
   29   1   0       1.35640357
   29   2   1       2.48796359
   29   3   2       0.15432728
   30   1   0       1.35628042
   30   2   1       2.48957994
   30   3   2       0.15416520
   31   1   0       1.35672014
   31   2   1       2.48965147
   31   3   2       0.15423083
   32   1   0       1.35600252
   32   2   1       2.48963886
   32   3   2       0.15405989
   33   1   0       1.35595792
   33   2   1       2.48995953
   33   3   2       0.15405339
   34   1   0       1.35586739
   34   2   1       2.48988726
   34   3   2       0.15402448
   35   1   0       1.35563801
   35   2   1       2.49018830
   35   3   2       0.15407884
   36   1   0       1.35619407
   36   2   1       2.48975572
   36   3   2       0.15417657
   37   1   0       1.35546185
   37   2   1       2.49056608
   37   3   2       0.15415335
   38   1   0       1.35536210
   38   2   1       2.49124006
   38   3   2       0.15436049
   39   1   0       1.35516272
   39   2   1       2.48720568
   39   3   2       0.15341814
   40   1   0       1.35625411
   40   2   1       2.48955637
   40   3   2       0.15417232
   41   1   0       1.35563801
   41   2   1       2.49018830
   41   3   2       0.15407884
   42   1   0       1.35585030
   42   2   1       2.48898743
   42   3   2       0.15343356
   43   1   0       1.35569674
   43   2   1       2.49024851
   43   3   2       0.15419940
   44   1   0       1.35602823
   44   2   1       2.48971395
   44   3   2       0.15407431
   45   1   0       1.35563302
   45   2   1       2.48986135
   45   3   2       0.15388971
   46   1   0       1.35586183
   46   2   1       2.49005446
   46   3   2       0.15408832
   47   1   0       1.35574129
   47   2   1       2.49001025
   47   3   2       0.15401982
   48   1   0       1.35536210
   48   2   1       2.49124006
   48   3   2       0.15436049
   49   1   0       1.35568941
   49   2   1       2.49003862
   49   3   2       0.15413636
   50   1   0       1.35602823
   50   2   1       2.48971395
   50   3   2       0.15407431
   51   1   0       1.35639536
   51   2   1       2.48877697
   51   3   2       0.15387368
   52   1   0       1.35619407
   52   2   1       2.48975572
   52   3   2       0.15417657
   53   1   0       1.35574129
   53   2   1       2.49001025
   53   3   2       0.15401982
   54   1   0       1.35615551
   54   2   1       2.48925856
   54   3   2       0.15363954
   55   1   0       1.35516272
   55   2   1       2.48720568
   55   3   2       0.15341814
   56   1   0       1.35579685
   56   2   1       2.48995247
   56   3   2       0.15406892
   57   1   0       1.35590442
   57   2   1       2.48977653
   57   3   2       0.15395155
   58   1   0       1.35585030
   58   2   1       2.48898743
   58   3   2       0.15343356
   59   1   0       1.35568941
   59   2   1       2.49003862
   59   3   2       0.15413636
   60   1   0       1.35586739
   60   2   1       2.48988726
   60   3   2       0.15402448
   61   1   0       1.35563302
   61   2   1       2.48986135
   61   3   2       0.15388971
   62   1   0       1.35579685
   62   2   1       2.48995247
   62   3   2       0.15406892
   63   1   0       1.35546185
   63   2   1       2.49056608
   63   3   2       0.15415335
   64   1   0       1.35584385
   64   2   1       2.48978246
   64   3   2       0.15400019
   65   1   0       1.35649180
   65   2   1       2.48954702
   65   3   2       0.15421036
   66   1   0       1.35642401
   66   2   1       2.48793978
   66   3   2       0.15445880
   67   1   0       1.35609364
   67   2   1       2.48836035
   67   3   2       0.15445000
   68   1   0       1.35655694
   68   2   1       2.48946627
   68   3   2       0.15422026
   69   1   0       1.35586150
   69   2   1       2.49015423
   69   3   2       0.15415646
   70   1   0       1.35616624
   70   2   1       2.48952042
   70   3   2       0.15408912
   71   1   0       1.35596571
   71   2   1       2.49008256
   71   3   2       0.15415849
   72   1   0       1.36724974
   72   2   1       2.47046375
   72   3   2       0.16151730
   73   1   0       1.35581098
   73   2   1       2.49001288
   73   3   2       0.15408583
   74   1   0       1.35586916
   74   2   1       2.49001265
   74   3   2       0.15408949
   75   1   0       1.35573483
   75   2   1       2.48826898
   75   3   2       0.15425303
   76   1   0       1.35642401
   76   2   1       2.48793978
   76   3   2       0.15445880
   77   1   0       1.35588890
   77   2   1       2.49012906
   77   3   2       0.15409883
   78   1   0       1.35567757
   78   2   1       2.48965758
   78   3   2       0.15390408
   79   1   0       1.35586150
   79   2   1       2.49015423
   79   3   2       0.15415646
   80   1   0       1.35602927
   80   2   1       2.48968348
   80   3   2       0.15402851
   81   1   0       1.35573483
   81   2   1       2.48826898
   81   3   2       0.15425303
   82   1   0       1.35728296
   82   2   1       2.48796865
   82   3   2       0.15376000
   83   1   0       1.35609364
   83   2   1       2.48836035
   83   3   2       0.15445000
   84   1   0       1.35584718
   84   2   1       2.48990193
   84   3   2       0.15407312
   85   1   0       1.35609332
   85   2   1       2.48923176
   85   3   2       0.15389067
   86   1   0       1.35616624
   86   2   1       2.48952042
   86   3   2       0.15408912
   87   1   0       1.35588701
   87   2   1       2.48963502
   87   3   2       0.15402537
   88   1   0       1.35567757
   88   2   1       2.48965758
   88   3   2       0.15390408
   89   1   0       1.35581098
   89   2   1       2.49001288
   89   3   2       0.15408583
   90   1   0       1.35584718
   90   2   1       2.48990193
   90   3   2       0.15407312
   91   1   0       1.35649180
   91   2   1       2.48954702
   91   3   2       0.15421036
   92   1   0       1.35570307
   92   2   1       2.48985928
   92   3   2       0.15404642
   93   1   0       1.35588701
   93   2   1       2.48963502
   93   3   2       0.15402537
   94   1   0       1.36724974
   94   2   1       2.47046375
   94   3   2       0.16151730
   95   1   0       1.36508454
   95   2   1       2.47845575
   95   3   2       0.15754102
   96   1   0       1.35602927
   96   2   1       2.48968348
   96   3   2       0.15402851
   97   1   0       1.35471910
   97   2   1       2.49181190
   97   3   2       0.15441892
   98   1   0       1.35544517
   98   2   1       2.49062856
   98   3   2       0.15430982
   99   1   0       1.35563811
   99   2   1       2.49035855
   99   3   2       0.15419361
  100   1   0       1.35573986
  100   2   1       2.48984632
  100   3   2       0.15411531
  101   1   0       1.35627439
  101   2   1       2.48950247
  101   3   2       0.15415544
  102   1   0       1.35599819
  102   2   1       2.48947219
  102   3   2       0.15451065
  103   1   0       1.35584653
  103   2   1       2.48995875
  103   3   2       0.15443909
  104   1   0       1.36714435
  104   2   1       2.43192962
  104   3   2       0.19756688
  105   1   0       1.35563811
  105   2   1       2.49035855
  105   3   2       0.15419361
  106   1   0       1.35584161
  106   2   1       2.49008536
  106   3   2       0.15418936
  107   1   0       1.35251075
  107   2   1       2.49205854
  107   3   2       0.15657200
  108   1   0       1.35648947
  108   2   1       2.49040240
  108   3   2       0.15655241
  109   1   0       1.35581847
  109   2   1       2.49007132
  109   3   2       0.15412495
  110   1   0       1.35459368
  110   2   1       2.49248295
  110   3   2       0.15465401
  111   1   0       1.35555760
  111   2   1       2.49032138
  111   3   2       0.15465634
  112   1   0       1.35599819
  112   2   1       2.48947219
  112   3   2       0.15451065
  113   1   0       1.35626983
  113   2   1       2.48894948
  113   3   2       0.15405478
  114   1   0       1.35648947
  114   2   1       2.49040240
  114   3   2       0.15655241
  115   1   0       1.35626984
  115   2   1       2.48865949
  115   3   2       0.15519218
  116   1   0       1.35573986
  116   2   1       2.48984632
  116   3   2       0.15411531
  117   1   0       1.35555760
  117   2   1       2.49032138
  117   3   2       0.15465634
  118   1   0       1.35615258
  118   2   1       2.48928433
  118   3   2       0.15427753
  119   1   0       1.35584653
  119   2   1       2.48995875
  119   3   2       0.15443909
  120   1   0       1.35603876
  120   2   1       2.48963295
  120   3   2       0.15418088
  121   1   0       1.35577991
  121   2   1       2.49019168
  121   3   2       0.15418215
  122   1   0       1.35584161
  122   2   1       2.49008536
  122   3   2       0.15418936
  123   1   0       1.35626983
  123   2   1       2.48894948
  123   3   2       0.15405478
  124   1   0       1.35544517
  124   2   1       2.49062856
  124   3   2       0.15430982
  125   1   0       1.35581847
  125   2   1       2.49007132
  125   3   2       0.15412495
  126   1   0       1.35603876
  126   2   1       2.48963295
  126   3   2       0.15418088
  127   1   0       1.35627439
  127   2   1       2.48950247
  127   3   2       0.15415544
  128   1   0       1.35574651
  128   2   1       2.49015606
  128   3   2       0.15411790
  129   1   0       1.35646080
  129   2   1       2.48933627
  129   3   2       0.15420292
  130   1   0       1.35630474
  130   2   1       2.48928793
  130   3   2       0.15418674
  131   1   0       1.35628205
  131   2   1       2.48937261
  131   3   2       0.15413332
  132   1   0       1.35634804
  132   2   1       2.48937467
  132   3   2       0.15419426
  133   1   0       1.35630474
  133   2   1       2.48928793
  133   3   2       0.15418674
  134   1   0       1.35680682
  134   2   1       2.48921321
  134   3   2       0.15430221
  135   1   0       1.35654785
  135   2   1       2.48939471
  135   3   2       0.15424991
  136   1   0       1.35557945
  136   2   1       2.49032430
  136   3   2       0.15416652
  137   1   0       1.35628205
  137   2   1       2.48937261
  137   3   2       0.15413332
  138   1   0       1.35654785
  138   2   1       2.48939471
  138   3   2       0.15424991
  139   1   0       1.35561185
  139   2   1       2.49026427
  139   3   2       0.15420673
  140   1   0       1.35561847
  140   2   1       2.49038265
  140   3   2       0.15418780
  141   1   0       1.35634804
  141   2   1       2.48937467
  141   3   2       0.15419426
  142   1   0       1.35557945
  142   2   1       2.49032430
  142   3   2       0.15416652
  143   1   0       1.35561847
  143   2   1       2.49038265
  143   3   2       0.15418780
  144   1   0       1.35561134
  144   2   1       2.49043271
  144   3   2       0.15418015
  145   1   0       1.35606360
  145   2   1       2.48978253
  145   3   2       0.15407304
  146   1   0       1.35615751
  146   2   1       2.48963328
  146   3   2       0.15403850
  147   1   0       1.35600634
  147   2   1       2.48982175
  147   3   2       0.15412657
  148   1   0       1.35648547
  148   2   1       2.48693577
  148   3   2       0.15594694
  149   1   0       1.35615751
  149   2   1       2.48963328
  149   3   2       0.15403850
  150   1   0       1.35616268
  150   2   1       2.48987680
  150   3   2       0.15416489
  151   1   0       1.35595386
  151   2   1       2.48980453
  151   3   2       0.15412378
  152   1   0       1.35587480
  152   2   1       2.48985266
  152   3   2       0.15405170
  153   1   0       1.35600634
  153   2   1       2.48982175
  153   3   2       0.15412657
  154   1   0       1.35595386
  154   2   1       2.48980453
  154   3   2       0.15412378
  155   1   0       1.35580925
  155   2   1       2.49018103
  155   3   2       0.15416512
  156   1   0       1.35584381
  156   2   1       2.48966381
  156   3   2       0.15397855
  157   1   0       1.35648547
  157   2   1       2.48693577
  157   3   2       0.15594694
  158   1   0       1.35587480
  158   2   1       2.48985266
  158   3   2       0.15405170
  159   1   0       1.35584381
  159   2   1       2.48966381
  159   3   2       0.15397855
  160   1   0       1.35638257
  160   2   1       2.48629573
  160   3   2       0.15554559
  161   1   0       1.35504252
  161   2   1       2.49139589
  161   3   2       0.15437476
  162   1   0       1.35546185
  162   2   1       2.49056608
  162   3   2       0.15415335
  163   1   0       1.35563801
  163   2   1       2.49018830
  163   3   2       0.15407884
  164   1   0       1.35563302
  164   2   1       2.48986135
  164   3   2       0.15388971
  165   1   0       1.35640518
  165   2   1       2.48944348
  165   3   2       0.15426646
  166   1   0       1.35645654
  166   2   1       2.49019139
  166   3   2       0.15483839
  167   1   0       1.35655946
  167   2   1       2.48844839
  167   3   2       0.15415306
  168   1   0       1.35559009
  168   2   1       2.49030073
  168   3   2       0.15410441
  169   1   0       1.35606130
  169   2   1       2.49086374
  169   3   2       0.15492798
  170   1   0       1.35655946
  170   2   1       2.48844839
  170   3   2       0.15415306
  171   1   0       1.35568595
  171   2   1       2.49017092
  171   3   2       0.15411039
  172   1   0       1.35576597
  172   2   1       2.49006675
  172   3   2       0.15409142
  173   1   0       1.35632860
  173   2   1       2.48976047
  173   3   2       0.15449053
  174   1   0       1.35559009
  174   2   1       2.49030073
  174   3   2       0.15410441
  175   1   0       1.35576597
  175   2   1       2.49006675
  175   3   2       0.15409142
  176   1   0       1.35572856
  176   2   1       2.49009736
  176   3   2       0.15412039
  177   1   0       1.35631699
  177   2   1       2.48953377
  177   3   2       0.15420536
  178   1   0       1.35593353
  178   2   1       2.48979179
  178   3   2       0.15432519
  179   1   0       1.35589475
  179   2   1       2.48990781
  179   3   2       0.15430169
  180   1   0       1.35157639
  180   2   1       2.47657750
  180   3   2       0.16563728
  181   1   0       1.35593353
  181   2   1       2.48979179
  181   3   2       0.15432519
  182   1   0       1.35622679
  182   2   1       2.48941111
  182   3   2       0.15420633
  183   1   0       1.35612477
  183   2   1       2.48965597
  183   3   2       0.15415497
  184   1   0       1.35609197
  184   2   1       2.48962010
  184   3   2       0.15419307
  185   1   0       1.35589475
  185   2   1       2.48990781
  185   3   2       0.15430169
  186   1   0       1.35612477
  186   2   1       2.48965597
  186   3   2       0.15415497
  187   1   0       1.35587797
  187   2   1       2.48993774
  187   3   2       0.15403175
  188   1   0       1.35546390
  188   2   1       2.49049961
  188   3   2       0.15431759
  189   1   0       1.35619407
  189   2   1       2.48975572
  189   3   2       0.15417657
  190   1   0       1.35579685
  190   2   1       2.48995247
  190   3   2       0.15406892
  191   1   0       1.35586739
  191   2   1       2.48988726
  191   3   2       0.15402448
  192   1   0       1.35585092
  192   2   1       2.48990658
  192   3   2       0.15425468
  193   1   0       1.37499812
  193   2   1       2.37730732
  193   3   2       0.19037490
  194   1   0       1.36125663
  194   2   1       2.50104568
  194   3   2       0.15461913
  195   1   0       1.35497266
  195   2   1       2.48968470
  195   3   2       0.15550169
  196   1   0       1.35530257
  196   2   1       2.49068863
  196   3   2       0.15426003
  197   1   0       1.36125663
  197   2   1       2.50104568
  197   3   2       0.15461913
  198   1   0       1.35566005
  198   2   1       2.48776680
  198   3   2       0.15551331
  199   1   0       1.35556776
  199   2   1       2.49053563
  199   3   2       0.15429896
  200   1   0       1.35626745
  200   2   1       2.48944164
  200   3   2       0.15416458
  201   1   0       1.35497266
  201   2   1       2.48968470
  201   3   2       0.15550169
  202   1   0       1.35556776
  202   2   1       2.49053563
  202   3   2       0.15429896
  203   1   0       1.35591865
  203   2   1       2.48963515
  203   3   2       0.15425289
  204   1   0       1.35557503
  204   2   1       2.49029891
  204   3   2       0.15422124
  205   1   0       1.35530257
  205   2   1       2.49068863
  205   3   2       0.15426003
  206   1   0       1.35626745
  206   2   1       2.48944164
  206   3   2       0.15416458
  207   1   0       1.35557503
  207   2   1       2.49029891
  207   3   2       0.15422124
  208   1   0       1.35583324
  208   2   1       2.49003021
  208   3   2       0.15406201
  209   1   0       1.35861889
  209   2   1       2.48383130
  209   3   2       0.15498583
  210   1   0       1.35587641
  210   2   1       2.48841044
  210   3   2       0.15486155
  211   1   0       1.35583451
  211   2   1       2.49022660
  211   3   2       0.15416745
  212   1   0       1.35620525
  212   2   1       2.48951367
  212   3   2       0.15418597
  213   1   0       1.35587641
  213   2   1       2.48841044
  213   3   2       0.15486155
  214   1   0       1.35583586
  214   2   1       2.49022788
  214   3   2       0.15420370
  215   1   0       1.35577748
  215   2   1       2.49010045
  215   3   2       0.15413461
  216   1   0       1.35666959
  216   2   1       2.48838388
  216   3   2       0.15492556
  217   1   0       1.35583451
  217   2   1       2.49022660
  217   3   2       0.15416745
  218   1   0       1.35577748
  218   2   1       2.49010045
  218   3   2       0.15413461
  219   1   0       1.35555594
  219   2   1       2.48998831
  219   3   2       0.15388431
  220   1   0       1.35627401
  220   2   1       2.48956756
  220   3   2       0.15426077
  221   1   0       1.35620525
  221   2   1       2.48951367
  221   3   2       0.15418597
  222   1   0       1.35666959
  222   2   1       2.48838388
  222   3   2       0.15492556
  223   1   0       1.35627401
  223   2   1       2.48956756
  223   3   2       0.15426077
  224   1   0       1.35648316
  224   2   1       2.48678389
  224   3   2       0.15503273
  225   1   0       1.35635743
  225   2   1       2.48948009
  225   3   2       0.15425496
  226   1   0       1.35627439
  226   2   1       2.48950247
  226   3   2       0.15415544
  227   1   0       1.35563811
  227   2   1       2.49035855
  227   3   2       0.15419361
  228   1   0       1.35581847
  228   2   1       2.49007132
  228   3   2       0.15412495
  229   1   0       1.36899237
  229   2   1       2.41485271
  229   3   2       0.22381706
  230   1   0       1.35639933
  230   2   1       2.48602616
  230   3   2       0.15550431
  231   1   0       1.35594913
  231   2   1       2.48969477
  231   3   2       0.15393226
  232   1   0       1.35647931
  232   2   1       2.48924396
  232   3   2       0.15437841
  233   1   0       1.35420253
  233   2   1       2.48896796
  233   3   2       0.15625748
  234   1   0       1.35594913
  234   2   1       2.48969477
  234   3   2       0.15393226
  235   1   0       1.35648055
  235   2   1       2.48868929
  235   3   2       0.15466089
  236   1   0       1.35599231
  236   2   1       2.49042785
  236   3   2       0.15436453
  237   1   0       1.35537099
  237   2   1       2.49117933
  237   3   2       0.15452843
  238   1   0       1.35647931
  238   2   1       2.48924396
  238   3   2       0.15437841
  239   1   0       1.35599231
  239   2   1       2.49042785
  239   3   2       0.15436453
  240   1   0       1.35567532
  240   2   1       2.49014317
  240   3   2       0.15412334
  241   1   0       1.35659732
  241   2   1       2.48799467
  241   3   2       0.16399515
  242   1   0       1.35655442
  242   2   1       2.48810667
  242   3   2       0.15548269
  243   1   0       1.35612999
  243   2   1       2.48887522
  243   3   2       0.15367300
  244   1   0       1.35641363
  244   2   1       2.48873569
  244   3   2       0.15422258
  245   1   0       1.35655442
  245   2   1       2.48810667
  245   3   2       0.15548269
  246   1   0       1.35633569
  246   2   1       2.48903746
  246   3   2       0.15371608
  247   1   0       1.35580686
  247   2   1       2.48998390
  247   3   2       0.15409043
  248   1   0       1.35658187
  248   2   1       2.48996609
  248   3   2       0.15664881
  249   1   0       1.35612999
  249   2   1       2.48887522
  249   3   2       0.15367300
  250   1   0       1.35580686
  250   2   1       2.48998390
  250   3   2       0.15409043
  251   1   0       1.35576121
  251   2   1       2.48983777
  251   3   2       0.15424435
  252   1   0       1.35631494
  252   2   1       2.48870869
  252   3   2       0.15412122
  253   1   0       1.35573986
  253   2   1       2.48984632
  253   3   2       0.15411531
  254   1   0       1.35603876
  254   2   1       2.48963295
  254   3   2       0.15418088
  255   1   0       1.35544517
  255   2   1       2.49062856
  255   3   2       0.15430982
  256   1   0       1.35616401
  256   2   1       2.48951159
  256   3   2       0.15419907
  257   1   0       1.35580925
  257   2   1       2.49018103
  257   3   2       0.15416512
  258   1   0       1.35561847
  258   2   1       2.49038265
  258   3   2       0.15418780
  259   1   0       1.35600634
  259   2   1       2.48982175
  259   3   2       0.15412657
  260   1   0       1.35634804
  260   2   1       2.48937467
  260   3   2       0.15419426
  261   1   0       1.35561847
  261   2   1       2.49038265
  261   3   2       0.15418780
  262   1   0       1.35616268
  262   2   1       2.48987680
  262   3   2       0.15416489
  263   1   0       1.35654785
  263   2   1       2.48939471
  263   3   2       0.15424991
  264   1   0       1.35587480
  264   2   1       2.48985266
  264   3   2       0.15405170
  265   1   0       1.35600634
  265   2   1       2.48982175
  265   3   2       0.15412657
  266   1   0       1.35654785
  266   2   1       2.48939471
  266   3   2       0.15424991
  267   1   0       1.35606360
  267   2   1       2.48978253
  267   3   2       0.15407304
  268   1   0       1.35630474
  268   2   1       2.48928793
  268   3   2       0.15418674
  269   1   0       1.35634804
  269   2   1       2.48937467
  269   3   2       0.15419426
  270   1   0       1.35587480
  270   2   1       2.48985266
  270   3   2       0.15405170
  271   1   0       1.35630474
  271   2   1       2.48928793
  271   3   2       0.15418674
  272   1   0       1.35638257
  272   2   1       2.48629573
  272   3   2       0.15554559
  273   1   0       1.35561185
  273   2   1       2.49026427
  273   3   2       0.15420673
  274   1   0       1.35615751
  274   2   1       2.48963328
  274   3   2       0.15403850
  275   1   0       1.35628205
  275   2   1       2.48937261
  275   3   2       0.15413332
  276   1   0       1.35595386
  276   2   1       2.48980453
  276   3   2       0.15412378
  277   1   0       1.35615751
  277   2   1       2.48963328
  277   3   2       0.15403850
  278   1   0       1.35680682
  278   2   1       2.48921321
  278   3   2       0.15430221
  279   1   0       1.35648547
  279   2   1       2.48693577
  279   3   2       0.15594694
  280   1   0       1.35557945
  280   2   1       2.49032430
  280   3   2       0.15416652
  281   1   0       1.35628205
  281   2   1       2.48937261
  281   3   2       0.15413332
  282   1   0       1.35648547
  282   2   1       2.48693577
  282   3   2       0.15594694
  283   1   0       1.35646080
  283   2   1       2.48933627
  283   3   2       0.15420292
  284   1   0       1.35584381
  284   2   1       2.48966381
  284   3   2       0.15397855
  285   1   0       1.35595386
  285   2   1       2.48980453
  285   3   2       0.15412378
  286   1   0       1.35557945
  286   2   1       2.49032430
  286   3   2       0.15416652
  287   1   0       1.35584381
  287   2   1       2.48966381
  287   3   2       0.15397855
  288   1   0       1.35561134
  288   2   1       2.49043271
  288   3   2       0.15418015
  289   1   0       1.35504252
  289   2   1       2.49139589
  289   3   2       0.15437476
  290   1   0       1.35546390
  290   2   1       2.49049961
  290   3   2       0.15431759
  291   1   0       1.35606130
  291   2   1       2.49086374
  291   3   2       0.15492798
  292   1   0       1.35157639
  292   2   1       2.47657750
  292   3   2       0.16563728
  293   1   0       1.35586739
  293   2   1       2.48988726
  293   3   2       0.15402448
  294   1   0       1.35572856
  294   2   1       2.49009736
  294   3   2       0.15412039
  295   1   0       1.35612477
  295   2   1       2.48965597
  295   3   2       0.15415497
  296   1   0       1.35559009
  296   2   1       2.49030073
  296   3   2       0.15410441
  297   1   0       1.35563801
  297   2   1       2.49018830
  297   3   2       0.15407884
  298   1   0       1.35612477
  298   2   1       2.48965597
  298   3   2       0.15415497
  299   1   0       1.35568595
  299   2   1       2.49017092
  299   3   2       0.15411039
  300   1   0       1.35593353
  300   2   1       2.48979179
  300   3   2       0.15432519
  301   1   0       1.35619407
  301   2   1       2.48975572
  301   3   2       0.15417657
  302   1   0       1.35559009
  302   2   1       2.49030073
  302   3   2       0.15410441
  303   1   0       1.35593353
  303   2   1       2.48979179
  303   3   2       0.15432519
  304   1   0       1.35645654
  304   2   1       2.49019139
  304   3   2       0.15483839
  305   1   0       1.35587797
  305   2   1       2.48993774
  305   3   2       0.15403175
  306   1   0       1.35576597
  306   2   1       2.49006675
  306   3   2       0.15409142
  307   1   0       1.35589475
  307   2   1       2.48990781
  307   3   2       0.15430169
  308   1   0       1.35563302
  308   2   1       2.48986135
  308   3   2       0.15388971
  309   1   0       1.35576597
  309   2   1       2.49006675
  309   3   2       0.15409142
  310   1   0       1.35622679
  310   2   1       2.48941111
  310   3   2       0.15420633
  311   1   0       1.35655946
  311   2   1       2.48844839
  311   3   2       0.15415306
  312   1   0       1.35579685
  312   2   1       2.48995247
  312   3   2       0.15406892
  313   1   0       1.35589475
  313   2   1       2.48990781
  313   3   2       0.15430169
  314   1   0       1.35655946
  314   2   1       2.48844839
  314   3   2       0.15415306
  315   1   0       1.35631699
  315   2   1       2.48953377
  315   3   2       0.15420536
  316   1   0       1.35546185
  316   2   1       2.49056608
  316   3   2       0.15415335
  317   1   0       1.35632860
  317   2   1       2.48976047
  317   3   2       0.15449053
  318   1   0       1.35609197
  318   2   1       2.48962010
  318   3   2       0.15419307
  319   1   0       1.35640518
  319   2   1       2.48944348
  319   3   2       0.15426646
  320   1   0       1.35585092
  320   2   1       2.48990658
  320   3   2       0.15425468
  321   1   0       1.35555594
  321   2   1       2.48998831
  321   3   2       0.15388431
  322   1   0       1.35557503
  322   2   1       2.49029891
  322   3   2       0.15422124
  323   1   0       1.35583451
  323   2   1       2.49022660
  323   3   2       0.15416745
  324   1   0       1.35530257
  324   2   1       2.49068863
  324   3   2       0.15426003
  325   1   0       1.35557503
  325   2   1       2.49029891
  325   3   2       0.15422124
  326   1   0       1.35583586
  326   2   1       2.49022788
  326   3   2       0.15420370
  327   1   0       1.35556776
  327   2   1       2.49053563
  327   3   2       0.15429896
  328   1   0       1.35666959
  328   2   1       2.48838388
  328   3   2       0.15492556
  329   1   0       1.35583451
  329   2   1       2.49022660
  329   3   2       0.15416745
  330   1   0       1.35556776
  330   2   1       2.49053563
  330   3   2       0.15429896
  331   1   0       1.35861889
  331   2   1       2.48383130
  331   3   2       0.15498583
  332   1   0       1.36125663
  332   2   1       2.50104568
  332   3   2       0.15461913
  333   1   0       1.35530257
  333   2   1       2.49068863
  333   3   2       0.15426003
  334   1   0       1.35666959
  334   2   1       2.48838388
  334   3   2       0.15492556
  335   1   0       1.36125663
  335   2   1       2.50104568
  335   3   2       0.15461913
  336   1   0       1.35648316
  336   2   1       2.48678389
  336   3   2       0.15503273
  337   1   0       1.35591865
  337   2   1       2.48963515
  337   3   2       0.15425289
  338   1   0       1.35587641
  338   2   1       2.48841044
  338   3   2       0.15486155
  339   1   0       1.35497266
  339   2   1       2.48968470
  339   3   2       0.15550169
  340   1   0       1.35577748
  340   2   1       2.49010045
  340   3   2       0.15413461
  341   1   0       1.35587641
  341   2   1       2.48841044
  341   3   2       0.15486155
  342   1   0       1.35566005
  342   2   1       2.48776680
  342   3   2       0.15551331
  343   1   0       1.35620525
  343   2   1       2.48951367
  343   3   2       0.15418597
  344   1   0       1.35626745
  344   2   1       2.48944164
  344   3   2       0.15416458
  345   1   0       1.35497266
  345   2   1       2.48968470
  345   3   2       0.15550169
  346   1   0       1.35620525
  346   2   1       2.48951367
  346   3   2       0.15418597
  347   1   0       1.37499812
  347   2   1       2.37730732
  347   3   2       0.19037490
  348   1   0       1.35627401
  348   2   1       2.48956756
  348   3   2       0.15426077
  349   1   0       1.35577748
  349   2   1       2.49010045
  349   3   2       0.15413461
  350   1   0       1.35626745
  350   2   1       2.48944164
  350   3   2       0.15416458
  351   1   0       1.35627401
  351   2   1       2.48956756
  351   3   2       0.15426077
  352   1   0       1.35583324
  352   2   1       2.49003021
  352   3   2       0.15406201
  353   1   0       1.35635743
  353   2   1       2.48948009
  353   3   2       0.15425496
  354   1   0       1.35631494
  354   2   1       2.48870869
  354   3   2       0.15412122
  355   1   0       1.35420253
  355   2   1       2.48896796
  355   3   2       0.15625748
  356   1   0       1.35641363
  356   2   1       2.48873569
  356   3   2       0.15422258
  357   1   0       1.35544517
  357   2   1       2.49062856
  357   3   2       0.15430982
  358   1   0       1.35567532
  358   2   1       2.49014317
  358   3   2       0.15412334
  359   1   0       1.35580686
  359   2   1       2.48998390
  359   3   2       0.15409043
  360   1   0       1.35647931
  360   2   1       2.48924396
  360   3   2       0.15437841
  361   1   0       1.35563811
  361   2   1       2.49035855
  361   3   2       0.15419361
  362   1   0       1.35580686
  362   2   1       2.48998390
  362   3   2       0.15409043
  363   1   0       1.35648055
  363   2   1       2.48868929
  363   3   2       0.15466089
  364   1   0       1.35655442
  364   2   1       2.48810667
  364   3   2       0.15548269
  365   1   0       1.35573986
  365   2   1       2.48984632
  365   3   2       0.15411531
  366   1   0       1.35647931
  366   2   1       2.48924396
  366   3   2       0.15437841
  367   1   0       1.35655442
  367   2   1       2.48810667
  367   3   2       0.15548269
  368   1   0       1.35639933
  368   2   1       2.48602616
  368   3   2       0.15550431
  369   1   0       1.35576121
  369   2   1       2.48983777
  369   3   2       0.15424435
  370   1   0       1.35599231
  370   2   1       2.49042785
  370   3   2       0.15436453
  371   1   0       1.35612999
  371   2   1       2.48887522
  371   3   2       0.15367300
  372   1   0       1.35581847
  372   2   1       2.49007132
  372   3   2       0.15412495
  373   1   0       1.35599231
  373   2   1       2.49042785
  373   3   2       0.15436453
  374   1   0       1.35633569
  374   2   1       2.48903746
  374   3   2       0.15371608
  375   1   0       1.35594913
  375   2   1       2.48969477
  375   3   2       0.15393226
  376   1   0       1.35603876
  376   2   1       2.48963295
  376   3   2       0.15418088
  377   1   0       1.35612999
  377   2   1       2.48887522
  377   3   2       0.15367300
  378   1   0       1.35594913
  378   2   1       2.48969477
  378   3   2       0.15393226
  379   1   0       1.35659732
  379   2   1       2.48799467
  379   3   2       0.16399515
  380   1   0       1.35627439
  380   2   1       2.48950247
  380   3   2       0.15415544
  381   1   0       1.35537099
  381   2   1       2.49117933
  381   3   2       0.15452843
  382   1   0       1.35658187
  382   2   1       2.48996609
  382   3   2       0.15664881
  383   1   0       1.36899237
  383   2   1       2.41485271
  383   3   2       0.22381706
  384   1   0       1.35616401
  384   2   1       2.48951159
  384   3   2       0.15419907
  385   1   0       1.35541212
  385   2   1       2.49037835
  385   3   2       0.15410865
  386   1   0       1.35528737
  386   2   1       2.49073133
  386   3   2       0.15427687
  387   1   0       1.35555847
  387   2   1       2.49057889
  387   3   2       0.15424124
  388   1   0       1.35468947
  388   2   1       2.49176534
  388   3   2       0.15452770
  389   1   0       1.35549867
  389   2   1       2.49016715
  389   3   2       0.15440442
  390   1   0       1.35517884
  390   2   1       2.49027381
  390   3   2       0.15517809
  391   1   0       1.35394255
  391   2   1       2.49149232
  391   3   2       0.15570824
  392   1   0       1.35575343
  392   2   1       2.49017234
  392   3   2       0.15415311
  393   1   0       1.35627494
  393   2   1       2.48352157
  393   3   2       0.15559338
  394   1   0       1.35265397
  394   2   1       2.50432500
  394   3   2       0.15892209
  395   1   0       1.35575001
  395   2   1       2.49007809
  395   3   2       0.15414327
  396   1   0       1.35528737
  396   2   1       2.49073133
  396   3   2       0.15427687
  397   1   0       1.36795694
  397   2   1       2.52424954
  397   3   2       0.16624035
  398   1   0       1.35628042
  398   2   1       2.48957994
  398   3   2       0.15416520
  399   1   0       1.35549867
  399   2   1       2.49016715
  399   3   2       0.15440442
  400   1   0       1.35600252
  400   2   1       2.48963886
  400   3   2       0.15405989
  401   1   0       1.35575001
  401   2   1       2.49007809
  401   3   2       0.15414327
  402   1   0       1.35571731
  402   2   1       2.49034195
  402   3   2       0.15422388
  403   1   0       1.35555847
  403   2   1       2.49057889
  403   3   2       0.15424124
  404   1   0       1.35640357
  404   2   1       2.48796359
  404   3   2       0.15432728
  405   1   0       1.35616342
  405   2   1       2.49005845
  405   3   2       0.15428748
  406   1   0       1.35517884
  406   2   1       2.49027381
  406   3   2       0.15517809
  407   1   0       1.35609405
  407   2   1       2.48970907
  407   3   2       0.15423139
  408   1   0       1.35628042
  408   2   1       2.48957994
  408   3   2       0.15416520
  409   1   0       1.35627494
  409   2   1       2.48352157
  409   3   2       0.15559338
  410   1   0       1.35640357
  410   2   1       2.48796359
  410   3   2       0.15432728
  411   1   0       1.35541212
  411   2   1       2.49037835
  411   3   2       0.15410865
  412   1   0       1.35672014
  412   2   1       2.48965147
  412   3   2       0.15423083
  413   1   0       1.35609405
  413   2   1       2.48970907
  413   3   2       0.15423139
  414   1   0       1.35575343
  414   2   1       2.49017234
  414   3   2       0.15415311
  415   1   0       1.35576570
  415   2   1       2.49025409
  415   3   2       0.15418217
  416   1   0       1.35600252
  416   2   1       2.48963886
  416   3   2       0.15405989
  417   1   0       1.35643884
  417   2   1       2.48938137
  417   3   2       0.15426387
  418   1   0       1.35640518
  418   2   1       2.48944348
  418   3   2       0.15426646
  419   1   0       1.35606130
  419   2   1       2.49086374
  419   3   2       0.15492798
  420   1   0       1.35632860
  420   2   1       2.48976047
  420   3   2       0.15449053
  421   1   0       1.35546390
  421   2   1       2.49049961
  421   3   2       0.15431759
  422   1   0       1.35536210
  422   2   1       2.49124006
  422   3   2       0.15436049
  423   1   0       1.35585030
  423   2   1       2.48898743
  423   3   2       0.15343356
  424   1   0       1.35586183
  424   2   1       2.49005446
  424   3   2       0.15408832
  425   1   0       1.35606130
  425   2   1       2.49086374
  425   3   2       0.15492798
  426   1   0       1.35516272
  426   2   1       2.48720568
  426   3   2       0.15341814
  427   1   0       1.35569674
  427   2   1       2.49024851
  427   3   2       0.15419940
  428   1   0       1.35574129
  428   2   1       2.49001025
  428   3   2       0.15401982
  429   1   0       1.35157639
  429   2   1       2.47657750
  429   3   2       0.16563728
  430   1   0       1.35625411
  430   2   1       2.48955637
  430   3   2       0.15417232
  431   1   0       1.35602823
  431   2   1       2.48971395
  431   3   2       0.15407431
  432   1   0       1.35536210
  432   2   1       2.49124006
  432   3   2       0.15436049
  433   1   0       1.35568941
  433   2   1       2.49003862
  433   3   2       0.15413636
  434   1   0       1.35574129
  434   2   1       2.49001025
  434   3   2       0.15401982
  435   1   0       1.35590442
  435   2   1       2.48977653
  435   3   2       0.15395155
  436   1   0       1.35632860
  436   2   1       2.48976047
  436   3   2       0.15449053
  437   1   0       1.35602823
  437   2   1       2.48971395
  437   3   2       0.15407431
  438   1   0       1.35615551
  438   2   1       2.48925856
  438   3   2       0.15363954
  439   1   0       1.35585030
  439   2   1       2.48898743
  439   3   2       0.15343356
  440   1   0       1.35609196
  440   2   1       2.48962010
  440   3   2       0.15419307
  441   1   0       1.35639536
  441   2   1       2.48877697
  441   3   2       0.15387368
  442   1   0       1.35516272
  442   2   1       2.48720568
  442   3   2       0.15341814
  443   1   0       1.35568941
  443   2   1       2.49003862
  443   3   2       0.15413636
  444   1   0       1.35640518
  444   2   1       2.48944348
  444   3   2       0.15426646
  445   1   0       1.35157639
  445   2   1       2.47657750
  445   3   2       0.16563728
  446   1   0       1.35609196
  446   2   1       2.48962010
  446   3   2       0.15419307
  447   1   0       1.35546390
  447   2   1       2.49049961
  447   3   2       0.15431759
  448   1   0       1.35628557
  448   2   1       2.48708461
  448   3   2       0.15388345
  449   1   0       1.35649180
  449   2   1       2.48954702
  449   3   2       0.15421036
  450   1   0       1.35586150
  450   2   1       2.49015423
  450   3   2       0.15415646
  451   1   0       1.35581098
  451   2   1       2.49001288
  451   3   2       0.15408583
  452   1   0       1.35588890
  452   2   1       2.49012906
  452   3   2       0.15409883
  453   1   0       1.35642401
  453   2   1       2.48793978
  453   3   2       0.15445880
  454   1   0       1.35616624
  454   2   1       2.48952042
  454   3   2       0.15408912
  455   1   0       1.35586916
  455   2   1       2.49001265
  455   3   2       0.15408949
  456   1   0       1.35567757
  456   2   1       2.48965758
  456   3   2       0.15390408
  457   1   0       1.35609364
  457   2   1       2.48836035
  457   3   2       0.15445000
  458   1   0       1.35596571
  458   2   1       2.49008256
  458   3   2       0.15415849
  459   1   0       1.35573483
  459   2   1       2.48826898
  459   3   2       0.15425303
  460   1   0       1.35586150
  460   2   1       2.49015423
  460   3   2       0.15415646
  461   1   0       1.35655694
  461   2   1       2.48946627
  461   3   2       0.15422026
  462   1   0       1.36724974
  462   2   1       2.47046375
  462   3   2       0.16151729
  463   1   0       1.35642401
  463   2   1       2.48793978
  463   3   2       0.15445880
  464   1   0       1.35602927
  464   2   1       2.48968348
  464   3   2       0.15402851
  465   1   0       1.35573483
  465   2   1       2.48826898
  465   3   2       0.15425303
  466   1   0       1.35609332
  466   2   1       2.48923176
  466   3   2       0.15389067
  467   1   0       1.35581098
  467   2   1       2.49001288
  467   3   2       0.15408583
  468   1   0       1.35588701
  468   2   1       2.48963502
  468   3   2       0.15402537
  469   1   0       1.35728296
  469   2   1       2.48796865
  469   3   2       0.15376000
  470   1   0       1.35616624
  470   2   1       2.48952042
  470   3   2       0.15408912
  471   1   0       1.35584718
  471   2   1       2.48990193
  471   3   2       0.15407312
  472   1   0       1.36724974
  472   2   1       2.47046375
  472   3   2       0.16151730
  473   1   0       1.35609364
  473   2   1       2.48836035
  473   3   2       0.15445000
  474   1   0       1.35588701
  474   2   1       2.48963502
  474   3   2       0.15402537
  475   1   0       1.35649180
  475   2   1       2.48954702
  475   3   2       0.15421036
  476   1   0       1.36508454
  476   2   1       2.47845575
  476   3   2       0.15754102
  477   1   0       1.35584718
  477   2   1       2.48990193
  477   3   2       0.15407312
  478   1   0       1.35567757
  478   2   1       2.48965758
  478   3   2       0.15390408
  479   1   0       1.35570307
  479   2   1       2.48985928
  479   3   2       0.15404642
  480   1   0       1.35602927
  480   2   1       2.48968348
  480   3   2       0.15402851
  481   1   0       1.52289123
  481   2   1       2.27396325
  481   3   2       0.16985007
  482   1   0       1.52289123
  482   2   1       2.27396325
  482   3   2       0.16985007
  483   1   0       1.36899237
  483   2   1       2.41485271
  483   3   2       0.22381706
  484   1   0       1.35420253
  484   2   1       2.48896796
  484   3   2       0.15625748
  485   1   0       1.35537100
  485   2   1       2.49117933
  485   3   2       0.15452843
  486   1   0       1.35631494
  486   2   1       2.48870869
  486   3   2       0.15412122
  487   1   0       1.35599819
  487   2   1       2.48947219
  487   3   2       0.15451065
  488   1   0       1.35584161
  488   2   1       2.49008536
  488   3   2       0.15418936
  489   1   0       1.35459368
  489   2   1       2.49248295
  489   3   2       0.15465401
  490   1   0       1.35420253
  490   2   1       2.48896796
  490   3   2       0.15625748
  491   1   0       1.35584654
  491   2   1       2.48995875
  491   3   2       0.15443909
  492   1   0       1.35251075
  492   2   1       2.49205854
  492   3   2       0.15657200
  493   1   0       1.35555760
  493   2   1       2.49032138
  493   3   2       0.15465634
  494   1   0       1.35641363
  494   2   1       2.48873569
  494   3   2       0.15422258
  495   1   0       1.36714435
  495   2   1       2.43192962
  495   3   2       0.19756688
  496   1   0       1.35648947
  496   2   1       2.49040240
  496   3   2       0.15655241
  497   1   0       1.35599819
  497   2   1       2.48947219
  497   3   2       0.15451065
  498   1   0       1.35626983
  498   2   1       2.48894948
  498   3   2       0.15405478
  499   1   0       1.35555760
  499   2   1       2.49032138
  499   3   2       0.15465634
  500   1   0       1.35577991
  500   2   1       2.49019168
  500   3   2       0.15418215
  501   1   0       1.35537100
  501   2   1       2.49117933
  501   3   2       0.15452843
  502   1   0       1.35648947
  502   2   1       2.49040240
  502   3   2       0.15655241
  503   1   0       1.35615258
  503   2   1       2.48928433
  503   3   2       0.15427753
  504   1   0       1.35584161
  504   2   1       2.49008536
  504   3   2       0.15418936
  505   1   0       1.35658187
  505   2   1       2.48996609
  505   3   2       0.15664881
  506   1   0       1.35626984
  506   2   1       2.48865949
  506   3   2       0.15519218
  507   1   0       1.35584654
  507   2   1       2.48995875
  507   3   2       0.15443909
  508   1   0       1.35626983
  508   2   1       2.48894948
  508   3   2       0.15405478
  509   1   0       1.36899237
  509   2   1       2.41485271
  509   3   2       0.22381706
  510   1   0       1.35641363
  510   2   1       2.48873569
  510   3   2       0.15422258
  511   1   0       1.35658187
  511   2   1       2.48996609
  511   3   2       0.15664881
  512   1   0       1.35631494
  512   2   1       2.48870869
  512   3   2       0.15412122
  513   1   0       1.35711500
  513   2   1       2.49170312
  513   3   2       0.15897620

Orbital populations (up)
 Atom Sh.   l   m       Population  Label
    1   1   0   0       1.35541212  s
    1   2   1  -1       0.82999739  p_y
    1   2   1   0       0.83024443  p_z
    1   2   1   1       0.83013653  p_x
    1   3   2  -2       0.03909824  d_xy
    1   3   2  -1       0.03866366  d_yz
    1   3   2   0       0.01871225  d_z2
    1   3   2   1       0.03887490  d_xz
    1   3   2   2       0.01875960  d_x2-y2
    2   1   0   0       1.35549867  s
    2   2   1  -1       0.82988102  p_y
    2   2   1   0       0.83011881  p_z
    2   2   1   1       0.83016732  p_x
    2   3   2  -2       0.03916280  d_xy
    2   3   2  -1       0.03881245  d_yz
    2   3   2   0       0.01875736  d_z2
    2   3   2   1       0.03885433  d_xz
    2   3   2   2       0.01881748  d_x2-y2
    3   1   0   0       1.35627494  s
    3   2   1  -1       0.82645502  p_y
    3   2   1   0       0.82754252  p_z
    3   2   1   1       0.82952404  p_x
    3   3   2  -2       0.03998959  d_xy
    3   3   2  -1       0.03846972  d_yz
    3   3   2   0       0.01870800  d_z2
    3   3   2   1       0.03910487  d_xz
    3   3   2   2       0.01932120  d_x2-y2
    4   1   0   0       1.36795694  s
    4   2   1  -1       0.86641106  p_y
    4   2   1   0       0.79142742  p_z
    4   2   1   1       0.86641106  p_x
    4   3   2  -2       0.03382254  d_xy
    4   3   2  -1       0.03522467  d_yz
    4   3   2   0       0.04344933  d_z2
    4   3   2   1       0.03522467  d_xz
    4   3   2   2       0.01851915  d_x2-y2
    5   1   0   0       1.35528737  s
    5   2   1  -1       0.83023988  p_y
    5   2   1   0       0.83026910  p_z
    5   2   1   1       0.83022235  p_x
    5   3   2  -2       0.03897663  d_xy
    5   3   2  -1       0.03873969  d_yz
    5   3   2   0       0.01874222  d_z2
    5   3   2   1       0.03904520  d_xz
    5   3   2   2       0.01877312  d_x2-y2
    6   1   0   0       1.35517884  s
    6   2   1  -1       0.82970750  p_y
    6   2   1   0       0.82972301  p_z
    6   2   1   1       0.83084329  p_x
    6   3   2  -2       0.03934292  d_xy
    6   3   2  -1       0.03871038  d_yz
    6   3   2   0       0.01882735  d_z2
    6   3   2   1       0.03941659  d_xz
    6   3   2   2       0.01888085  d_x2-y2
    7   1   0   0       1.35265397  s
    7   2   1  -1       0.83333744  p_y
    7   2   1   0       0.83765012  p_z
    7   2   1   1       0.83333744  p_x
    7   3   2  -2       0.04076471  d_xy
    7   3   2  -1       0.03963153  d_yz
    7   3   2   0       0.01990275  d_z2
    7   3   2   1       0.03963153  d_xz
    7   3   2   2       0.01899157  d_x2-y2
    8   1   0   0       1.35628042  s
    8   2   1  -1       0.82981063  p_y
    8   2   1   0       0.82993290  p_z
    8   2   1   1       0.82983641  p_x
    8   3   2  -2       0.03903920  d_xy
    8   3   2  -1       0.03882435  d_yz
    8   3   2   0       0.01875051  d_z2
    8   3   2   1       0.03884001  d_xz
    8   3   2   2       0.01871113  d_x2-y2
    9   1   0   0       1.35555847  s
    9   2   1  -1       0.83009830  p_y
    9   2   1   0       0.83016195  p_z
    9   2   1   1       0.83031864  p_x
    9   3   2  -2       0.03883958  d_xy
    9   3   2  -1       0.03880347  d_yz
    9   3   2   0       0.01873358  d_z2
    9   3   2   1       0.03910788  d_xz
    9   3   2   2       0.01875673  d_x2-y2
   10   1   0   0       1.35394255  s
   10   2   1  -1       0.83035265  p_y
   10   2   1   0       0.83078703  p_z
   10   2   1   1       0.83035265  p_x
   10   3   2  -2       0.03853761  d_xy
   10   3   2  -1       0.03963455  d_yz
   10   3   2   0       0.01917195  d_z2
   10   3   2   1       0.03963455  d_xz
   10   3   2   2       0.01872957  d_x2-y2
   11   1   0   0       1.35575001  s
   11   2   1  -1       0.82996460  p_y
   11   2   1   0       0.83011843  p_z
   11   2   1   1       0.82999506  p_x
   11   3   2  -2       0.03907057  d_xy
   11   3   2  -1       0.03880475  d_yz
   11   3   2   0       0.01874400  d_z2
   11   3   2   1       0.03879807  d_xz
   11   3   2   2       0.01872587  d_x2-y2
   12   1   0   0       1.35549867  s
   12   2   1  -1       0.83016732  p_y
   12   2   1   0       0.83011881  p_z
   12   2   1   1       0.82988102  p_x
   12   3   2  -2       0.03916280  d_xy
   12   3   2  -1       0.03885433  d_yz
   12   3   2   0       0.01875736  d_z2
   12   3   2   1       0.03881245  d_xz
   12   3   2   2       0.01881748  d_x2-y2
   13   1   0   0       1.35468947  s
   13   2   1  -1       0.83063112  p_y
   13   2   1   0       0.83050311  p_z
   13   2   1   1       0.83063112  p_x
   13   3   2  -2       0.03855555  d_xy
   13   3   2  -1       0.03919347  d_yz
   13   3   2   0       0.01886467  d_z2
   13   3   2   1       0.03919347  d_xz
   13   3   2   2       0.01872055  d_x2-y2
   14   1   0   0       1.35575343  s
   14   2   1  -1       0.83006637  p_y
   14   2   1   0       0.83001265  p_z
   14   2   1   1       0.83009332  p_x
   14   3   2  -2       0.03892356  d_xy
   14   3   2  -1       0.03888942  d_yz
   14   3   2   0       0.01874549  d_z2
   14   3   2   1       0.03887146  d_xz
   14   3   2   2       0.01872317  d_x2-y2
   15   1   0   0       1.35528737  s
   15   2   1  -1       0.83022235  p_y
   15   2   1   0       0.83026910  p_z
   15   2   1   1       0.83023988  p_x
   15   3   2  -2       0.03897663  d_xy
   15   3   2  -1       0.03904520  d_yz
   15   3   2   0       0.01874222  d_z2
   15   3   2   1       0.03873969  d_xz
   15   3   2   2       0.01877312  d_x2-y2
   16   1   0   0       1.35600252  s
   16   2   1  -1       0.82994924  p_y
   16   2   1   0       0.82966834  p_z
   16   2   1   1       0.83002128  p_x
   16   3   2  -2       0.03865114  d_xy
   16   3   2  -1       0.03917911  d_yz
   16   3   2   0       0.01874937  d_z2
   16   3   2   1       0.03877209  d_xz
   16   3   2   2       0.01870819  d_x2-y2
   17   1   0   0       1.35575001  s
   17   2   1  -1       0.82999506  p_y
   17   2   1   0       0.83011843  p_z
   17   2   1   1       0.82996460  p_x
   17   3   2  -2       0.03907057  d_xy
   17   3   2  -1       0.03879807  d_yz
   17   3   2   0       0.01874400  d_z2
   17   3   2   1       0.03880475  d_xz
   17   3   2   2       0.01872587  d_x2-y2
   18   1   0   0       1.35616342  s
   18   2   1  -1       0.83005644  p_y
   18   2   1   0       0.82994556  p_z
   18   2   1   1       0.83005644  p_x
   18   3   2  -2       0.03915340  d_xy
   18   3   2  -1       0.03881334  d_yz
   18   3   2   0       0.01881672  d_z2
   18   3   2   1       0.03881334  d_xz
   18   3   2   2       0.01869068  d_x2-y2
   19   1   0   0       1.35627494  s
   19   2   1  -1       0.82952404  p_y
   19   2   1   0       0.82754252  p_z
   19   2   1   1       0.82645502  p_x
   19   3   2  -2       0.03998959  d_xy
   19   3   2  -1       0.03910487  d_yz
   19   3   2   0       0.01870800  d_z2
   19   3   2   1       0.03846972  d_xz
   19   3   2   2       0.01932120  d_x2-y2
   20   1   0   0       1.35609405  s
   20   2   1  -1       0.82996709  p_y
   20   2   1   0       0.82981620  p_z
   20   2   1   1       0.82992578  p_x
   20   3   2  -2       0.03875792  d_xy
   20   3   2  -1       0.03878593  d_yz
   20   3   2   0       0.01872030  d_z2
   20   3   2   1       0.03920528  d_xz
   20   3   2   2       0.01876196  d_x2-y2
   21   1   0   0       1.35571731  s
   21   2   1  -1       0.83016115  p_y
   21   2   1   0       0.83001965  p_z
   21   2   1   1       0.83016115  p_x
   21   3   2  -2       0.03902024  d_xy
   21   3   2  -1       0.03885909  d_yz
   21   3   2   0       0.01877652  d_z2
   21   3   2   1       0.03885909  d_xz
   21   3   2   2       0.01870895  d_x2-y2
   22   1   0   0       1.35517884  s
   22   2   1  -1       0.83084329  p_y
   22   2   1   0       0.82972301  p_z
   22   2   1   1       0.82970750  p_x
   22   3   2  -2       0.03934292  d_xy
   22   3   2  -1       0.03941659  d_yz
   22   3   2   0       0.01882735  d_z2
   22   3   2   1       0.03871038  d_xz
   22   3   2   2       0.01888085  d_x2-y2
   23   1   0   0       1.35640357  s
   23   2   1  -1       0.82972500  p_y
   23   2   1   0       0.82865899  p_z
   23   2   1   1       0.82957960  p_x
   23   3   2  -2       0.03844562  d_xy
   23   3   2  -1       0.03945373  d_yz
   23   3   2   0       0.01915006  d_z2
   23   3   2   1       0.03865684  d_xz
   23   3   2   2       0.01862104  d_x2-y2
   24   1   0   0       1.35575343  s
   24   2   1  -1       0.83009332  p_y
   24   2   1   0       0.83001265  p_z
   24   2   1   1       0.83006637  p_x
   24   3   2  -2       0.03892356  d_xy
   24   3   2  -1       0.03887146  d_yz
   24   3   2   0       0.01874549  d_z2
   24   3   2   1       0.03888942  d_xz
   24   3   2   2       0.01872317  d_x2-y2
   25   1   0   0       1.35555847  s
   25   2   1  -1       0.83031864  p_y
   25   2   1   0       0.83016195  p_z
   25   2   1   1       0.83009830  p_x
   25   3   2  -2       0.03883958  d_xy
   25   3   2  -1       0.03910788  d_yz
   25   3   2   0       0.01873358  d_z2
   25   3   2   1       0.03880347  d_xz
   25   3   2   2       0.01875673  d_x2-y2
   26   1   0   0       1.35609405  s
   26   2   1  -1       0.82992578  p_y
   26   2   1   0       0.82981620  p_z
   26   2   1   1       0.82996709  p_x
   26   3   2  -2       0.03875792  d_xy
   26   3   2  -1       0.03920528  d_yz
   26   3   2   0       0.01872030  d_z2
   26   3   2   1       0.03878593  d_xz
   26   3   2   2       0.01876196  d_x2-y2
   27   1   0   0       1.35541212  s
   27   2   1  -1       0.83013653  p_y
   27   2   1   0       0.83024443  p_z
   27   2   1   1       0.82999739  p_x
   27   3   2  -2       0.03909824  d_xy
   27   3   2  -1       0.03887490  d_yz
   27   3   2   0       0.01871225  d_z2
   27   3   2   1       0.03866366  d_xz
   27   3   2   2       0.01875960  d_x2-y2
   28   1   0   0       1.35576570  s
   28   2   1  -1       0.83009603  p_y
   28   2   1   0       0.83006203  p_z
   28   2   1   1       0.83009603  p_x
   28   3   2  -2       0.03887375  d_xy
   28   3   2  -1       0.03891784  d_yz
   28   3   2   0       0.01873818  d_z2
   28   3   2   1       0.03891784  d_xz
   28   3   2   2       0.01873458  d_x2-y2
   29   1   0   0       1.35640357  s
   29   2   1  -1       0.82957960  p_y
   29   2   1   0       0.82865899  p_z
   29   2   1   1       0.82972500  p_x
   29   3   2  -2       0.03844562  d_xy
   29   3   2  -1       0.03865684  d_yz
   29   3   2   0       0.01915006  d_z2
   29   3   2   1       0.03945373  d_xz
   29   3   2   2       0.01862104  d_x2-y2
   30   1   0   0       1.35628042  s
   30   2   1  -1       0.82983641  p_y
   30   2   1   0       0.82993290  p_z
   30   2   1   1       0.82981063  p_x
   30   3   2  -2       0.03903920  d_xy
   30   3   2  -1       0.03884001  d_yz
   30   3   2   0       0.01875051  d_z2
   30   3   2   1       0.03882435  d_xz
   30   3   2   2       0.01871113  d_x2-y2
   31   1   0   0       1.35672014  s
   31   2   1  -1       0.82985192  p_y
   31   2   1   0       0.82994764  p_z
   31   2   1   1       0.82985192  p_x
   31   3   2  -2       0.03914375  d_xy
   31   3   2  -1       0.03880074  d_yz
   31   3   2   0       0.01878845  d_z2
   31   3   2   1       0.03880074  d_xz
   31   3   2   2       0.01869714  d_x2-y2
   32   1   0   0       1.35600252  s
   32   2   1  -1       0.83002128  p_y
   32   2   1   0       0.82966834  p_z
   32   2   1   1       0.82994924  p_x
   32   3   2  -2       0.03865114  d_xy
   32   3   2  -1       0.03877209  d_yz
   32   3   2   0       0.01874937  d_z2
   32   3   2   1       0.03917911  d_xz
   32   3   2   2       0.01870819  d_x2-y2
   33   1   0   0       1.35595792  s
   33   2   1  -1       0.82998683  p_y
   33   2   1   0       0.82998588  p_z
   33   2   1   1       0.82998683  p_x
   33   3   2  -2       0.03888090  d_xy
   33   3   2  -1       0.03886657  d_yz
   33   3   2   0       0.01872117  d_z2
   33   3   2   1       0.03886657  d_xz
   33   3   2   2       0.01871819  d_x2-y2
   34   1   0   0       1.35586739  s
   34   2   1  -1       0.82995681  p_y
   34   2   1   0       0.82996504  p_z
   34   2   1   1       0.82996541  p_x
   34   3   2  -2       0.03885607  d_xy
   34   3   2  -1       0.03888106  d_yz
   34   3   2   0       0.01871532  d_z2
   34   3   2   1       0.03885196  d_xz
   34   3   2   2       0.01872007  d_x2-y2
   35   1   0   0       1.35563801  s
   35   2   1  -1       0.83000276  p_y
   35   2   1   0       0.82995064  p_z
   35   2   1   1       0.83023489  p_x
   35   3   2  -2       0.03876025  d_xy
   35   3   2  -1       0.03908061  d_yz
   35   3   2   0       0.01873646  d_z2
   35   3   2   1       0.03877666  d_xz
   35   3   2   2       0.01872486  d_x2-y2
   36   1   0   0       1.35619407  s
   36   2   1  -1       0.82980674  p_y
   36   2   1   0       0.82992652  p_z
   36   2   1   1       0.83002247  p_x
   36   3   2  -2       0.03880153  d_xy
   36   3   2  -1       0.03911309  d_yz
   36   3   2   0       0.01872190  d_z2
   36   3   2   1       0.03877405  d_xz
   36   3   2   2       0.01876601  d_x2-y2
   37   1   0   0       1.35546185  s
   37   2   1  -1       0.83024966  p_y
   37   2   1   0       0.83024087  p_z
   37   2   1   1       0.83007556  p_x
   37   3   2  -2       0.03899990  d_xy
   37   3   2  -1       0.03867999  d_yz
   37   3   2   0       0.01872539  d_z2
   37   3   2   1       0.03899427  d_xz
   37   3   2   2       0.01875379  d_x2-y2
   38   1   0   0       1.35536210  s
   38   2   1  -1       0.83057138  p_y
   38   2   1   0       0.83038476  p_z
   38   2   1   1       0.83028392  p_x
   38   3   2  -2       0.03895150  d_xy
   38   3   2  -1       0.03864908  d_yz
   38   3   2   0       0.01875324  d_z2
   38   3   2   1       0.03918821  d_xz
   38   3   2   2       0.01881846  d_x2-y2
   39   1   0   0       1.35516272  s
   39   2   1  -1       0.83028595  p_y
   39   2   1   0       0.82929967  p_z
   39   2   1   1       0.82762005  p_x
   39   3   2  -2       0.03879750  d_xy
   39   3   2  -1       0.03679960  d_yz
   39   3   2   0       0.01874844  d_z2
   39   3   2   1       0.04011608  d_xz
   39   3   2   2       0.01895652  d_x2-y2
   40   1   0   0       1.35625411  s
   40   2   1  -1       0.82981090  p_y
   40   2   1   0       0.82993458  p_z
   40   2   1   1       0.82981090  p_x
   40   3   2  -2       0.03905269  d_xy
   40   3   2  -1       0.03882423  d_yz
   40   3   2   0       0.01875724  d_z2
   40   3   2   1       0.03882423  d_xz
   40   3   2   2       0.01871392  d_x2-y2
   41   1   0   0       1.35563801  s
   41   2   1  -1       0.83023489  p_y
   41   2   1   0       0.82995064  p_z
   41   2   1   1       0.83000276  p_x
   41   3   2  -2       0.03876025  d_xy
   41   3   2  -1       0.03877666  d_yz
   41   3   2   0       0.01873646  d_z2
   41   3   2   1       0.03908061  d_xz
   41   3   2   2       0.01872486  d_x2-y2
   42   1   0   0       1.35585030  s
   42   2   1  -1       0.83038449  p_y
   42   2   1   0       0.82952735  p_z
   42   2   1   1       0.82907559  p_x
   42   3   2  -2       0.03841624  d_xy
   42   3   2  -1       0.03827303  d_yz
   42   3   2   0       0.01863959  d_z2
   42   3   2   1       0.03946337  d_xz
   42   3   2   2       0.01864133  d_x2-y2
   43   1   0   0       1.35569674  s
   43   2   1  -1       0.83007155  p_y
   43   2   1   0       0.83010542  p_z
   43   2   1   1       0.83007155  p_x
   43   3   2  -2       0.03903507  d_xy
   43   3   2  -1       0.03883801  d_yz
   43   3   2   0       0.01875546  d_z2
   43   3   2   1       0.03883801  d_xz
   43   3   2   2       0.01873286  d_x2-y2
   44   1   0   0       1.35602823  s
   44   2   1  -1       0.82984956  p_y
   44   2   1   0       0.83008901  p_z
   44   2   1   1       0.82977538  p_x
   44   3   2  -2       0.03911929  d_xy
   44   3   2  -1       0.03872028  d_yz
   44   3   2   0       0.01872475  d_z2
   44   3   2   1       0.03876703  d_xz
   44   3   2   2       0.01874296  d_x2-y2
   45   1   0   0       1.35563302  s
   45   2   1  -1       0.83013553  p_y
   45   2   1   0       0.82988167  p_z
   45   2   1   1       0.82984415  p_x
   45   3   2  -2       0.03863831  d_xy
   45   3   2  -1       0.03876749  d_yz
   45   3   2   0       0.01869960  d_z2
   45   3   2   1       0.03907118  d_xz
   45   3   2   2       0.01871314  d_x2-y2
   46   1   0   0       1.35586183  s
   46   2   1  -1       0.82997362  p_y
   46   2   1   0       0.83010722  p_z
   46   2   1   1       0.82997362  p_x
   46   3   2  -2       0.03894690  d_xy
   46   3   2  -1       0.03884504  d_yz
   46   3   2   0       0.01871619  d_z2
   46   3   2   1       0.03884504  d_xz
   46   3   2   2       0.01873515  d_x2-y2
   47   1   0   0       1.35574129  s
   47   2   1  -1       0.82996461  p_y
   47   2   1   0       0.83013277  p_z
   47   2   1   1       0.82991286  p_x
   47   3   2  -2       0.03902404  d_xy
   47   3   2  -1       0.03878695  d_yz
   47   3   2   0       0.01870627  d_z2
   47   3   2   1       0.03876683  d_xz
   47   3   2   2       0.01873573  d_x2-y2
   48   1   0   0       1.35536210  s
   48   2   1  -1       0.83028392  p_y
   48   2   1   0       0.83038476  p_z
   48   2   1   1       0.83057138  p_x
   48   3   2  -2       0.03895150  d_xy
   48   3   2  -1       0.03918821  d_yz
   48   3   2   0       0.01875324  d_z2
   48   3   2   1       0.03864908  d_xz
   48   3   2   2       0.01881846  d_x2-y2
   49   1   0   0       1.35568941  s
   49   2   1  -1       0.83011546  p_y
   49   2   1   0       0.82999033  p_z
   49   2   1   1       0.82993284  p_x
   49   3   2  -2       0.03900320  d_xy
   49   3   2  -1       0.03876743  d_yz
   49   3   2   0       0.01874884  d_z2
   49   3   2   1       0.03890046  d_xz
   49   3   2   2       0.01871643  d_x2-y2
   50   1   0   0       1.35602823  s
   50   2   1  -1       0.82977538  p_y
   50   2   1   0       0.83008901  p_z
   50   2   1   1       0.82984956  p_x
   50   3   2  -2       0.03911929  d_xy
   50   3   2  -1       0.03876703  d_yz
   50   3   2   0       0.01872475  d_z2
   50   3   2   1       0.03872028  d_xz
   50   3   2   2       0.01874296  d_x2-y2
   51   1   0   0       1.35639536  s
   51   2   1  -1       0.82934761  p_y
   51   2   1   0       0.83008175  p_z
   51   2   1   1       0.82934761  p_x
   51   3   2  -2       0.03946627  d_xy
   51   3   2  -1       0.03854867  d_yz
   51   3   2   0       0.01864942  d_z2
   51   3   2   1       0.03854867  d_xz
   51   3   2   2       0.01866065  d_x2-y2
   52   1   0   0       1.35619407  s
   52   2   1  -1       0.83002247  p_y
   52   2   1   0       0.82992652  p_z
   52   2   1   1       0.82980674  p_x
   52   3   2  -2       0.03880153  d_xy
   52   3   2  -1       0.03877405  d_yz
   52   3   2   0       0.01872190  d_z2
   52   3   2   1       0.03911309  d_xz
   52   3   2   2       0.01876601  d_x2-y2
   53   1   0   0       1.35574129  s
   53   2   1  -1       0.82991286  p_y
   53   2   1   0       0.83013277  p_z
   53   2   1   1       0.82996461  p_x
   53   3   2  -2       0.03902404  d_xy
   53   3   2  -1       0.03876683  d_yz
   53   3   2   0       0.01870627  d_z2
   53   3   2   1       0.03878695  d_xz
   53   3   2   2       0.01873573  d_x2-y2
   54   1   0   0       1.35615551  s
   54   2   1  -1       0.82950919  p_y
   54   2   1   0       0.83024017  p_z
   54   2   1   1       0.82950919  p_x
   54   3   2  -2       0.03923491  d_xy
   54   3   2  -1       0.03853472  d_yz
   54   3   2   0       0.01859106  d_z2
   54   3   2   1       0.03853472  d_xz
   54   3   2   2       0.01874414  d_x2-y2
   55   1   0   0       1.35516272  s
   55   2   1  -1       0.82762005  p_y
   55   2   1   0       0.82929967  p_z
   55   2   1   1       0.83028595  p_x
   55   3   2  -2       0.03879750  d_xy
   55   3   2  -1       0.04011608  d_yz
   55   3   2   0       0.01874844  d_z2
   55   3   2   1       0.03679960  d_xz
   55   3   2   2       0.01895652  d_x2-y2
   56   1   0   0       1.35579685  s
   56   2   1  -1       0.82997136  p_y
   56   2   1   0       0.83002695  p_z
   56   2   1   1       0.82995416  p_x
   56   3   2  -2       0.03893121  d_xy
   56   3   2  -1       0.03881618  d_yz
   56   3   2   0       0.01872340  d_z2
   56   3   2   1       0.03887228  d_xz
   56   3   2   2       0.01872585  d_x2-y2
   57   1   0   0       1.35590442  s
   57   2   1  -1       0.82991258  p_y
   57   2   1   0       0.82995138  p_z
   57   2   1   1       0.82991258  p_x
   57   3   2  -2       0.03884127  d_xy
   57   3   2  -1       0.03884630  d_yz
   57   3   2   0       0.01869672  d_z2
   57   3   2   1       0.03884630  d_xz
   57   3   2   2       0.01872095  d_x2-y2
   58   1   0   0       1.35585030  s
   58   2   1  -1       0.82907559  p_y
   58   2   1   0       0.82952735  p_z
   58   2   1   1       0.83038449  p_x
   58   3   2  -2       0.03841624  d_xy
   58   3   2  -1       0.03946337  d_yz
   58   3   2   0       0.01863959  d_z2
   58   3   2   1       0.03827303  d_xz
   58   3   2   2       0.01864133  d_x2-y2
   59   1   0   0       1.35568941  s
   59   2   1  -1       0.82993284  p_y
   59   2   1   0       0.82999033  p_z
   59   2   1   1       0.83011546  p_x
   59   3   2  -2       0.03900320  d_xy
   59   3   2  -1       0.03890046  d_yz
   59   3   2   0       0.01874884  d_z2
   59   3   2   1       0.03876743  d_xz
   59   3   2   2       0.01871643  d_x2-y2
   60   1   0   0       1.35586739  s
   60   2   1  -1       0.82996541  p_y
   60   2   1   0       0.82996504  p_z
   60   2   1   1       0.82995681  p_x
   60   3   2  -2       0.03885607  d_xy
   60   3   2  -1       0.03885196  d_yz
   60   3   2   0       0.01871532  d_z2
   60   3   2   1       0.03888106  d_xz
   60   3   2   2       0.01872007  d_x2-y2
   61   1   0   0       1.35563302  s
   61   2   1  -1       0.82984415  p_y
   61   2   1   0       0.82988167  p_z
   61   2   1   1       0.83013553  p_x
   61   3   2  -2       0.03863831  d_xy
   61   3   2  -1       0.03907118  d_yz
   61   3   2   0       0.01869960  d_z2
   61   3   2   1       0.03876749  d_xz
   61   3   2   2       0.01871314  d_x2-y2
   62   1   0   0       1.35579685  s
   62   2   1  -1       0.82995416  p_y
   62   2   1   0       0.83002695  p_z
   62   2   1   1       0.82997136  p_x
   62   3   2  -2       0.03893121  d_xy
   62   3   2  -1       0.03887228  d_yz
   62   3   2   0       0.01872340  d_z2
   62   3   2   1       0.03881618  d_xz
   62   3   2   2       0.01872585  d_x2-y2
   63   1   0   0       1.35546185  s
   63   2   1  -1       0.83007556  p_y
   63   2   1   0       0.83024087  p_z
   63   2   1   1       0.83024966  p_x
   63   3   2  -2       0.03899990  d_xy
   63   3   2  -1       0.03899427  d_yz
   63   3   2   0       0.01872539  d_z2
   63   3   2   1       0.03867999  d_xz
   63   3   2   2       0.01875379  d_x2-y2
   64   1   0   0       1.35584385  s
   64   2   1  -1       0.82992771  p_y
   64   2   1   0       0.82992704  p_z
   64   2   1   1       0.82992771  p_x
   64   3   2  -2       0.03880604  d_xy
   64   3   2  -1       0.03888114  d_yz
   64   3   2   0       0.01870798  d_z2
   64   3   2   1       0.03888114  d_xz
   64   3   2   2       0.01872390  d_x2-y2
   65   1   0   0       1.35649180  s
   65   2   1  -1       0.83000116  p_y
   65   2   1   0       0.82977579  p_z
   65   2   1   1       0.82977007  p_x
   65   3   2  -2       0.03878383  d_xy
   65   3   2  -1       0.03883021  d_yz
   65   3   2   0       0.01873137  d_z2
   65   3   2   1       0.03911036  d_xz
   65   3   2   2       0.01875459  d_x2-y2
   66   1   0   0       1.35642401  s
   66   2   1  -1       0.82999291  p_y
   66   2   1   0       0.82854919  p_z
   66   2   1   1       0.82939768  p_x
   66   3   2  -2       0.03805840  d_xy
   66   3   2  -1       0.03896927  d_yz
   66   3   2   0       0.01924091  d_z2
   66   3   2   1       0.03946690  d_xz
   66   3   2   2       0.01872333  d_x2-y2
   67   1   0   0       1.35609364  s
   67   2   1  -1       0.82879715  p_y
   67   2   1   0       0.83002724  p_z
   67   2   1   1       0.82953595  p_x
   67   3   2  -2       0.03946852  d_xy
   67   3   2  -1       0.03872605  d_yz
   67   3   2   0       0.01864817  d_z2
   67   3   2   1       0.03833802  d_xz
   67   3   2   2       0.01926924  d_x2-y2
   68   1   0   0       1.35655694  s
   68   2   1  -1       0.82976521  p_y
   68   2   1   0       0.82993584  p_z
   68   2   1   1       0.82976521  p_x
   68   3   2  -2       0.03906119  d_xy
   68   3   2  -1       0.03883874  d_yz
   68   3   2   0       0.01877592  d_z2
   68   3   2   1       0.03883874  d_xz
   68   3   2   2       0.01870568  d_x2-y2
   69   1   0   0       1.35586150  s
   69   2   1  -1       0.83029741  p_y
   69   2   1   0       0.82999999  p_z
   69   2   1   1       0.82985684  p_x
   69   3   2  -2       0.03880174  d_xy
   69   3   2  -1       0.03873099  d_yz
   69   3   2   0       0.01873559  d_z2
   69   3   2   1       0.03914161  d_xz
   69   3   2   2       0.01874654  d_x2-y2
   70   1   0   0       1.35616624  s
   70   2   1  -1       0.82988646  p_y
   70   2   1   0       0.82975708  p_z
   70   2   1   1       0.82987688  p_x
   70   3   2  -2       0.03879031  d_xy
   70   3   2  -1       0.03890165  d_yz
   70   3   2   0       0.01873787  d_z2
   70   3   2   1       0.03891863  d_xz
   70   3   2   2       0.01874066  d_x2-y2
   71   1   0   0       1.35596571  s
   71   2   1  -1       0.82991175  p_y
   71   2   1   0       0.83025906  p_z
   71   2   1   1       0.82991175  p_x
   71   3   2  -2       0.03912593  d_xy
   71   3   2  -1       0.03877396  d_yz
   71   3   2   0       0.01872762  d_z2
   71   3   2   1       0.03877396  d_xz
   71   3   2   2       0.01875704  d_x2-y2
   72   1   0   0       1.36724974  s
   72   2   1  -1       0.82718751  p_y
   72   2   1   0       0.82682883  p_z
   72   2   1   1       0.81644741  p_x
   72   3   2  -2       0.03671665  d_xy
   72   3   2  -1       0.04349560  d_yz
   72   3   2   0       0.02148216  d_z2
   72   3   2   1       0.03690571  d_xz
   72   3   2   2       0.02291717  d_x2-y2
   73   1   0   0       1.35581098  s
   73   2   1  -1       0.82997511  p_y
   73   2   1   0       0.83003277  p_z
   73   2   1   1       0.83000500  p_x
   73   3   2  -2       0.03889620  d_xy
   73   3   2  -1       0.03885595  d_yz
   73   3   2   0       0.01872367  d_z2
   73   3   2   1       0.03887794  d_xz
   73   3   2   2       0.01873207  d_x2-y2
   74   1   0   0       1.35586916  s
   74   2   1  -1       0.83001909  p_y
   74   2   1   0       0.82997447  p_z
   74   2   1   1       0.83001909  p_x
   74   3   2  -2       0.03889356  d_xy
   74   3   2  -1       0.03887088  d_yz
   74   3   2   0       0.01873922  d_z2
   74   3   2   1       0.03887088  d_xz
   74   3   2   2       0.01871494  d_x2-y2
   75   1   0   0       1.35573483  s
   75   2   1  -1       0.82807075  p_y
   75   2   1   0       0.83006865  p_z
   75   2   1   1       0.83012959  p_x
   75   3   2  -2       0.03882187  d_xy
   75   3   2  -1       0.03965905  d_yz
   75   3   2   0       0.01899661  d_z2
   75   3   2   1       0.03791576  d_xz
   75   3   2   2       0.01885974  d_x2-y2
   76   1   0   0       1.35642401  s
   76   2   1  -1       0.82939768  p_y
   76   2   1   0       0.82854919  p_z
   76   2   1   1       0.82999291  p_x
   76   3   2  -2       0.03805840  d_xy
   76   3   2  -1       0.03946690  d_yz
   76   3   2   0       0.01924091  d_z2
   76   3   2   1       0.03896927  d_xz
   76   3   2   2       0.01872333  d_x2-y2
   77   1   0   0       1.35588890  s
   77   2   1  -1       0.83004686  p_y
   77   2   1   0       0.83003534  p_z
   77   2   1   1       0.83004686  p_x
   77   3   2  -2       0.03891235  d_xy
   77   3   2  -1       0.03886848  d_yz
   77   3   2   0       0.01872874  d_z2
   77   3   2   1       0.03886848  d_xz
   77   3   2   2       0.01872077  d_x2-y2
   78   1   0   0       1.35567757  s
   78   2   1  -1       0.82956902  p_y
   78   2   1   0       0.82994940  p_z
   78   2   1   1       0.83013916  p_x
   78   3   2  -2       0.03863123  d_xy
   78   3   2  -1       0.03923940  d_yz
   78   3   2   0       0.01875120  d_z2
   78   3   2   1       0.03857860  d_xz
   78   3   2   2       0.01870365  d_x2-y2
   79   1   0   0       1.35586150  s
   79   2   1  -1       0.82985684  p_y
   79   2   1   0       0.82999999  p_z
   79   2   1   1       0.83029741  p_x
   79   3   2  -2       0.03880174  d_xy
   79   3   2  -1       0.03914161  d_yz
   79   3   2   0       0.01873559  d_z2
   79   3   2   1       0.03873099  d_xz
   79   3   2   2       0.01874654  d_x2-y2
   80   1   0   0       1.35602927  s
   80   2   1  -1       0.82987943  p_y
   80   2   1   0       0.82972835  p_z
   80   2   1   1       0.83007569  p_x
   80   3   2  -2       0.03866511  d_xy
   80   3   2  -1       0.03914468  d_yz
   80   3   2   0       0.01875171  d_z2
   80   3   2   1       0.03875400  d_xz
   80   3   2   2       0.01871301  d_x2-y2
   81   1   0   0       1.35573483  s
   81   2   1  -1       0.83012959  p_y
   81   2   1   0       0.83006865  p_z
   81   2   1   1       0.82807075  p_x
   81   3   2  -2       0.03882187  d_xy
   81   3   2  -1       0.03791576  d_yz
   81   3   2   0       0.01899661  d_z2
   81   3   2   1       0.03965905  d_xz
   81   3   2   2       0.01885974  d_x2-y2
   82   1   0   0       1.35728296  s
   82   2   1  -1       0.82943857  p_y
   82   2   1   0       0.82909150  p_z
   82   2   1   1       0.82943857  p_x
   82   3   2  -2       0.03844625  d_xy
   82   3   2  -1       0.03896832  d_yz
   82   3   2   0       0.01862856  d_z2
   82   3   2   1       0.03896832  d_xz
   82   3   2   2       0.01874855  d_x2-y2
   83   1   0   0       1.35609364  s
   83   2   1  -1       0.82953595  p_y
   83   2   1   0       0.83002724  p_z
   83   2   1   1       0.82879715  p_x
   83   3   2  -2       0.03946852  d_xy
   83   3   2  -1       0.03833802  d_yz
   83   3   2   0       0.01864817  d_z2
   83   3   2   1       0.03872605  d_xz
   83   3   2   2       0.01926924  d_x2-y2
   84   1   0   0       1.35584718  s
   84   2   1  -1       0.82993989  p_y
   84   2   1   0       0.83000528  p_z
   84   2   1   1       0.82995676  p_x
   84   3   2  -2       0.03889520  d_xy
   84   3   2  -1       0.03883206  d_yz
   84   3   2   0       0.01872584  d_z2
   84   3   2   1       0.03889733  d_xz
   84   3   2   2       0.01872269  d_x2-y2
   85   1   0   0       1.35609332  s
   85   2   1  -1       0.82968285  p_y
   85   2   1   0       0.82986606  p_z
   85   2   1   1       0.82968285  p_x
   85   3   2  -2       0.03884025  d_xy
   85   3   2  -1       0.03880825  d_yz
   85   3   2   0       0.01869382  d_z2
   85   3   2   1       0.03880825  d_xz
   85   3   2   2       0.01874011  d_x2-y2
   86   1   0   0       1.35616624  s
   86   2   1  -1       0.82987688  p_y
   86   2   1   0       0.82975708  p_z
   86   2   1   1       0.82988646  p_x
   86   3   2  -2       0.03879031  d_xy
   86   3   2  -1       0.03891863  d_yz
   86   3   2   0       0.01873787  d_z2
   86   3   2   1       0.03890165  d_xz
   86   3   2   2       0.01874066  d_x2-y2
   87   1   0   0       1.35588701  s
   87   2   1  -1       0.82987101  p_y
   87   2   1   0       0.83007049  p_z
   87   2   1   1       0.82969352  p_x
   87   3   2  -2       0.03913480  d_xy
   87   3   2  -1       0.03870953  d_yz
   87   3   2   0       0.01868724  d_z2
   87   3   2   1       0.03871524  d_xz
   87   3   2   2       0.01877854  d_x2-y2
   88   1   0   0       1.35567757  s
   88   2   1  -1       0.83013916  p_y
   88   2   1   0       0.82994940  p_z
   88   2   1   1       0.82956902  p_x
   88   3   2  -2       0.03863123  d_xy
   88   3   2  -1       0.03857860  d_yz
   88   3   2   0       0.01875120  d_z2
   88   3   2   1       0.03923940  d_xz
   88   3   2   2       0.01870365  d_x2-y2
   89   1   0   0       1.35581098  s
   89   2   1  -1       0.83000500  p_y
   89   2   1   0       0.83003277  p_z
   89   2   1   1       0.82997511  p_x
   89   3   2  -2       0.03889620  d_xy
   89   3   2  -1       0.03887794  d_yz
   89   3   2   0       0.01872367  d_z2
   89   3   2   1       0.03885595  d_xz
   89   3   2   2       0.01873207  d_x2-y2
   90   1   0   0       1.35584718  s
   90   2   1  -1       0.82995676  p_y
   90   2   1   0       0.83000528  p_z
   90   2   1   1       0.82993989  p_x
   90   3   2  -2       0.03889520  d_xy
   90   3   2  -1       0.03889733  d_yz
   90   3   2   0       0.01872584  d_z2
   90   3   2   1       0.03883206  d_xz
   90   3   2   2       0.01872269  d_x2-y2
   91   1   0   0       1.35649180  s
   91   2   1  -1       0.82977007  p_y
   91   2   1   0       0.82977579  p_z
   91   2   1   1       0.83000116  p_x
   91   3   2  -2       0.03878383  d_xy
   91   3   2  -1       0.03911036  d_yz
   91   3   2   0       0.01873137  d_z2
   91   3   2   1       0.03883021  d_xz
   91   3   2   2       0.01875459  d_x2-y2
   92   1   0   0       1.35570307  s
   92   2   1  -1       0.82993105  p_y
   92   2   1   0       0.82999718  p_z
   92   2   1   1       0.82993105  p_x
   92   3   2  -2       0.03881357  d_xy
   92   3   2  -1       0.03889303  d_yz
   92   3   2   0       0.01871549  d_z2
   92   3   2   1       0.03889303  d_xz
   92   3   2   2       0.01873129  d_x2-y2
   93   1   0   0       1.35588701  s
   93   2   1  -1       0.82969352  p_y
   93   2   1   0       0.83007049  p_z
   93   2   1   1       0.82987101  p_x
   93   3   2  -2       0.03913480  d_xy
   93   3   2  -1       0.03871524  d_yz
   93   3   2   0       0.01868724  d_z2
   93   3   2   1       0.03870953  d_xz
   93   3   2   2       0.01877854  d_x2-y2
   94   1   0   0       1.36724974  s
   94   2   1  -1       0.81644741  p_y
   94   2   1   0       0.82682883  p_z
   94   2   1   1       0.82718751  p_x
   94   3   2  -2       0.03671665  d_xy
   94   3   2  -1       0.03690571  d_yz
   94   3   2   0       0.02148216  d_z2
   94   3   2   1       0.04349560  d_xz
   94   3   2   2       0.02291717  d_x2-y2
   95   1   0   0       1.36508454  s
   95   2   1  -1       0.82811624  p_y
   95   2   1   0       0.82222326  p_z
   95   2   1   1       0.82811624  p_x
   95   3   2  -2       0.04155812  d_xy
   95   3   2  -1       0.03762988  d_yz
   95   3   2   0       0.02210567  d_z2
   95   3   2   1       0.03762988  d_xz
   95   3   2   2       0.01861746  d_x2-y2
   96   1   0   0       1.35602927  s
   96   2   1  -1       0.83007569  p_y
   96   2   1   0       0.82972835  p_z
   96   2   1   1       0.82987943  p_x
   96   3   2  -2       0.03866511  d_xy
   96   3   2  -1       0.03875400  d_yz
   96   3   2   0       0.01875171  d_z2
   96   3   2   1       0.03914468  d_xz
   96   3   2   2       0.01871301  d_x2-y2
   97   1   0   0       1.35471910  s
   97   2   1  -1       0.83068543  p_y
   97   2   1   0       0.83044104  p_z
   97   2   1   1       0.83068543  p_x
   97   3   2  -2       0.03848059  d_xy
   97   3   2  -1       0.03918376  d_yz
   97   3   2   0       0.01887566  d_z2
   97   3   2   1       0.03918376  d_xz
   97   3   2   2       0.01869515  d_x2-y2
   98   1   0   0       1.35544517  s
   98   2   1  -1       0.83028951  p_y
   98   2   1   0       0.83012418  p_z
   98   2   1   1       0.83021486  p_x
   98   3   2  -2       0.03880462  d_xy
   98   3   2  -1       0.03905603  d_yz
   98   3   2   0       0.01880154  d_z2
   98   3   2   1       0.03893274  d_xz
   98   3   2   2       0.01871489  d_x2-y2
   99   1   0   0       1.35563811  s
   99   2   1  -1       0.83010926  p_y
   99   2   1   0       0.83009877  p_z
   99   2   1   1       0.83015052  p_x
   99   3   2  -2       0.03884939  d_xy
   99   3   2  -1       0.03902831  d_yz
   99   3   2   0       0.01874777  d_z2
   99   3   2   1       0.03882469  d_xz
   99   3   2   2       0.01874345  d_x2-y2
  100   1   0   0       1.35573986  s
  100   2   1  -1       0.82993256  p_y
  100   2   1   0       0.82989743  p_z
  100   2   1   1       0.83001633  p_x
  100   3   2  -2       0.03877900  d_xy
  100   3   2  -1       0.03904412  d_yz
  100   3   2   0       0.01873960  d_z2
  100   3   2   1       0.03882704  d_xz
  100   3   2   2       0.01872554  d_x2-y2
  101   1   0   0       1.35627439  s
  101   2   1  -1       0.82993471  p_y
  101   2   1   0       0.82973199  p_z
  101   2   1   1       0.82983576  p_x
  101   3   2  -2       0.03878371  d_xy
  101   3   2  -1       0.03881957  d_yz
  101   3   2   0       0.01873647  d_z2
  101   3   2   1       0.03907896  d_xz
  101   3   2   2       0.01873673  d_x2-y2
  102   1   0   0       1.35599819  s
  102   2   1  -1       0.82965083  p_y
  102   2   1   0       0.82989775  p_z
  102   2   1   1       0.82992361  p_x
  102   3   2  -2       0.03885166  d_xy
  102   3   2  -1       0.03911360  d_yz
  102   3   2   0       0.01869749  d_z2
  102   3   2   1       0.03902041  d_xz
  102   3   2   2       0.01882749  d_x2-y2
  103   1   0   0       1.35584653  s
  103   2   1  -1       0.83009795  p_y
  103   2   1   0       0.82986554  p_z
  103   2   1   1       0.82999526  p_x
  103   3   2  -2       0.03905391  d_xy
  103   3   2  -1       0.03896172  d_yz
  103   3   2   0       0.01879287  d_z2
  103   3   2   1       0.03890124  d_xz
  103   3   2   2       0.01872935  d_x2-y2
  104   1   0   0       1.36714435  s
  104   2   1  -1       0.80078702  p_y
  104   2   1   0       0.83035558  p_z
  104   2   1   1       0.80078702  p_x
  104   3   2  -2       0.05305487  d_xy
  104   3   2  -1       0.05311533  d_yz
  104   3   2   0       0.02185097  d_z2
  104   3   2   1       0.05311533  d_xz
  104   3   2   2       0.01643039  d_x2-y2
  105   1   0   0       1.35563811  s
  105   2   1  -1       0.83015052  p_y
  105   2   1   0       0.83009877  p_z
  105   2   1   1       0.83010926  p_x
  105   3   2  -2       0.03884939  d_xy
  105   3   2  -1       0.03882469  d_yz
  105   3   2   0       0.01874777  d_z2
  105   3   2   1       0.03902831  d_xz
  105   3   2   2       0.01874345  d_x2-y2
  106   1   0   0       1.35584161  s
  106   2   1  -1       0.83003469  p_y
  106   2   1   0       0.83006606  p_z
  106   2   1   1       0.82998461  p_x
  106   3   2  -2       0.03890340  d_xy
  106   3   2  -1       0.03888477  d_yz
  106   3   2   0       0.01873684  d_z2
  106   3   2   1       0.03891922  d_xz
  106   3   2   2       0.01874513  d_x2-y2
  107   1   0   0       1.35251075  s
  107   2   1  -1       0.83105496  p_y
  107   2   1   0       0.82994861  p_z
  107   2   1   1       0.83105496  p_x
  107   3   2  -2       0.03824637  d_xy
  107   3   2  -1       0.03972760  d_yz
  107   3   2   0       0.02032320  d_z2
  107   3   2   1       0.03972760  d_xz
  107   3   2   2       0.01854723  d_x2-y2
  108   1   0   0       1.35648947  s
  108   2   1  -1       0.83177362  p_y
  108   2   1   0       0.83107162  p_z
  108   2   1   1       0.82755715  p_x
  108   3   2  -2       0.03899372  d_xy
  108   3   2  -1       0.03967182  d_yz
  108   3   2   0       0.01881060  d_z2
  108   3   2   1       0.03997436  d_xz
  108   3   2   2       0.01910190  d_x2-y2
  109   1   0   0       1.35581847  s
  109   2   1  -1       0.83001484  p_y
  109   2   1   0       0.83003604  p_z
  109   2   1   1       0.83002043  p_x
  109   3   2  -2       0.03892256  d_xy
  109   3   2  -1       0.03887336  d_yz
  109   3   2   0       0.01873302  d_z2
  109   3   2   1       0.03886558  d_xz
  109   3   2   2       0.01873043  d_x2-y2
  110   1   0   0       1.35459368  s
  110   2   1  -1       0.83086255  p_y
  110   2   1   0       0.83075785  p_z
  110   2   1   1       0.83086255  p_x
  110   3   2  -2       0.03839754  d_xy
  110   3   2  -1       0.03929216  d_yz
  110   3   2   0       0.01898278  d_z2
  110   3   2   1       0.03929216  d_xz
  110   3   2   2       0.01868937  d_x2-y2
  111   1   0   0       1.35555760  s
  111   2   1  -1       0.83030792  p_y
  111   2   1   0       0.83005640  p_z
  111   2   1   1       0.82995706  p_x
  111   3   2  -2       0.03910372  d_xy
  111   3   2  -1       0.03916347  d_yz
  111   3   2   0       0.01887570  d_z2
  111   3   2   1       0.03880674  d_xz
  111   3   2   2       0.01870672  d_x2-y2
  112   1   0   0       1.35599819  s
  112   2   1  -1       0.82992361  p_y
  112   2   1   0       0.82989775  p_z
  112   2   1   1       0.82965083  p_x
  112   3   2  -2       0.03885166  d_xy
  112   3   2  -1       0.03902041  d_yz
  112   3   2   0       0.01869749  d_z2
  112   3   2   1       0.03911360  d_xz
  112   3   2   2       0.01882749  d_x2-y2
  113   1   0   0       1.35626983  s
  113   2   1  -1       0.82985624  p_y
  113   2   1   0       0.82949214  p_z
  113   2   1   1       0.82960110  p_x
  113   3   2  -2       0.03864537  d_xy
  113   3   2  -1       0.03867695  d_yz
  113   3   2   0       0.01869381  d_z2
  113   3   2   1       0.03929466  d_xz
  113   3   2   2       0.01874399  d_x2-y2
  114   1   0   0       1.35648947  s
  114   2   1  -1       0.82755715  p_y
  114   2   1   0       0.83107162  p_z
  114   2   1   1       0.83177362  p_x
  114   3   2  -2       0.03899372  d_xy
  114   3   2  -1       0.03997436  d_yz
  114   3   2   0       0.01881060  d_z2
  114   3   2   1       0.03967182  d_xz
  114   3   2   2       0.01910190  d_x2-y2
  115   1   0   0       1.35626984  s
  115   2   1  -1       0.83048274  p_y
  115   2   1   0       0.82769401  p_z
  115   2   1   1       0.83048274  p_x
  115   3   2  -2       0.03986364  d_xy
  115   3   2  -1       0.03886189  d_yz
  115   3   2   0       0.01911648  d_z2
  115   3   2   1       0.03886189  d_xz
  115   3   2   2       0.01848829  d_x2-y2
  116   1   0   0       1.35573986  s
  116   2   1  -1       0.83001633  p_y
  116   2   1   0       0.82989743  p_z
  116   2   1   1       0.82993256  p_x
  116   3   2  -2       0.03877900  d_xy
  116   3   2  -1       0.03882704  d_yz
  116   3   2   0       0.01873960  d_z2
  116   3   2   1       0.03904412  d_xz
  116   3   2   2       0.01872554  d_x2-y2
  117   1   0   0       1.35555760  s
  117   2   1  -1       0.82995706  p_y
  117   2   1   0       0.83005640  p_z
  117   2   1   1       0.83030792  p_x
  117   3   2  -2       0.03910372  d_xy
  117   3   2  -1       0.03880674  d_yz
  117   3   2   0       0.01887570  d_z2
  117   3   2   1       0.03916347  d_xz
  117   3   2   2       0.01870672  d_x2-y2
  118   1   0   0       1.35615258  s
  118   2   1  -1       0.82979827  p_y
  118   2   1   0       0.82968778  p_z
  118   2   1   1       0.82979827  p_x
  118   3   2  -2       0.03885901  d_xy
  118   3   2  -1       0.03897311  d_yz
  118   3   2   0       0.01871682  d_z2
  118   3   2   1       0.03897311  d_xz
  118   3   2   2       0.01875547  d_x2-y2
  119   1   0   0       1.35584653  s
  119   2   1  -1       0.82999526  p_y
  119   2   1   0       0.82986554  p_z
  119   2   1   1       0.83009795  p_x
  119   3   2  -2       0.03905391  d_xy
  119   3   2  -1       0.03890124  d_yz
  119   3   2   0       0.01879287  d_z2
  119   3   2   1       0.03896172  d_xz
  119   3   2   2       0.01872935  d_x2-y2
  120   1   0   0       1.35603876  s
  120   2   1  -1       0.82998283  p_y
  120   2   1   0       0.82978360  p_z
  120   2   1   1       0.82986652  p_x
  120   3   2  -2       0.03877298  d_xy
  120   3   2  -1       0.03880087  d_yz
  120   3   2   0       0.01874086  d_z2
  120   3   2   1       0.03912251  d_xz
  120   3   2   2       0.01874366  d_x2-y2
  121   1   0   0       1.35577991  s
  121   2   1  -1       0.83011076  p_y
  121   2   1   0       0.82997017  p_z
  121   2   1   1       0.83011076  p_x
  121   3   2  -2       0.03888319  d_xy
  121   3   2  -1       0.03891073  d_yz
  121   3   2   0       0.01875378  d_z2
  121   3   2   1       0.03891073  d_xz
  121   3   2   2       0.01872372  d_x2-y2
  122   1   0   0       1.35584161  s
  122   2   1  -1       0.82998461  p_y
  122   2   1   0       0.83006606  p_z
  122   2   1   1       0.83003469  p_x
  122   3   2  -2       0.03890340  d_xy
  122   3   2  -1       0.03891922  d_yz
  122   3   2   0       0.01873684  d_z2
  122   3   2   1       0.03888477  d_xz
  122   3   2   2       0.01874513  d_x2-y2
  123   1   0   0       1.35626983  s
  123   2   1  -1       0.82960110  p_y
  123   2   1   0       0.82949214  p_z
  123   2   1   1       0.82985624  p_x
  123   3   2  -2       0.03864537  d_xy
  123   3   2  -1       0.03929466  d_yz
  123   3   2   0       0.01869381  d_z2
  123   3   2   1       0.03867695  d_xz
  123   3   2   2       0.01874399  d_x2-y2
  124   1   0   0       1.35544517  s
  124   2   1  -1       0.83021486  p_y
  124   2   1   0       0.83012418  p_z
  124   2   1   1       0.83028951  p_x
  124   3   2  -2       0.03880462  d_xy
  124   3   2  -1       0.03893274  d_yz
  124   3   2   0       0.01880154  d_z2
  124   3   2   1       0.03905603  d_xz
  124   3   2   2       0.01871489  d_x2-y2
  125   1   0   0       1.35581847  s
  125   2   1  -1       0.83002043  p_y
  125   2   1   0       0.83003604  p_z
  125   2   1   1       0.83001484  p_x
  125   3   2  -2       0.03892256  d_xy
  125   3   2  -1       0.03886558  d_yz
  125   3   2   0       0.01873302  d_z2
  125   3   2   1       0.03887336  d_xz
  125   3   2   2       0.01873043  d_x2-y2
  126   1   0   0       1.35603876  s
  126   2   1  -1       0.82986652  p_y
  126   2   1   0       0.82978360  p_z
  126   2   1   1       0.82998283  p_x
  126   3   2  -2       0.03877298  d_xy
  126   3   2  -1       0.03912251  d_yz
  126   3   2   0       0.01874086  d_z2
  126   3   2   1       0.03880087  d_xz
  126   3   2   2       0.01874366  d_x2-y2
  127   1   0   0       1.35627439  s
  127   2   1  -1       0.82983576  p_y
  127   2   1   0       0.82973199  p_z
  127   2   1   1       0.82993471  p_x
  127   3   2  -2       0.03878371  d_xy
  127   3   2  -1       0.03907896  d_yz
  127   3   2   0       0.01873647  d_z2
  127   3   2   1       0.03881957  d_xz
  127   3   2   2       0.01873673  d_x2-y2
  128   1   0   0       1.35574651  s
  128   2   1  -1       0.83007023  p_y
  128   2   1   0       0.83001561  p_z
  128   2   1   1       0.83007023  p_x
  128   3   2  -2       0.03886929  d_xy
  128   3   2  -1       0.03889399  d_yz
  128   3   2   0       0.01873545  d_z2
  128   3   2   1       0.03889399  d_xz
  128   3   2   2       0.01872518  d_x2-y2
  129   1   0   0       1.35646080  s
  129   2   1  -1       0.82974117  p_y
  129   2   1   0       0.82985393  p_z
  129   2   1   1       0.82974117  p_x
  129   3   2  -2       0.03899905  d_xy
  129   3   2  -1       0.03886948  d_yz
  129   3   2   0       0.01874026  d_z2
  129   3   2   1       0.03886948  d_xz
  129   3   2   2       0.01872465  d_x2-y2
  130   1   0   0       1.35630474  s
  130   2   1  -1       0.82956256  p_y
  130   2   1   0       0.82994255  p_z
  130   2   1   1       0.82978282  p_x
  130   3   2  -2       0.03924126  d_xy
  130   3   2  -1       0.03878714  d_yz
  130   3   2   0       0.01868759  d_z2
  130   3   2   1       0.03864496  d_xz
  130   3   2   2       0.01882579  d_x2-y2
  131   1   0   0       1.35628205  s
  131   2   1  -1       0.82987620  p_y
  131   2   1   0       0.82967958  p_z
  131   2   1   1       0.82981683  p_x
  131   3   2  -2       0.03876679  d_xy
  131   3   2  -1       0.03867907  d_yz
  131   3   2   0       0.01879797  d_z2
  131   3   2   1       0.03916671  d_xz
  131   3   2   2       0.01872279  d_x2-y2
  132   1   0   0       1.35634804  s
  132   2   1  -1       0.82995777  p_y
  132   2   1   0       0.82966364  p_z
  132   2   1   1       0.82975325  p_x
  132   3   2  -2       0.03882192  d_xy
  132   3   2  -1       0.03881215  d_yz
  132   3   2   0       0.01873584  d_z2
  132   3   2   1       0.03909832  d_xz
  132   3   2   2       0.01872603  d_x2-y2
  133   1   0   0       1.35630474  s
  133   2   1  -1       0.82978282  p_y
  133   2   1   0       0.82994255  p_z
  133   2   1   1       0.82956256  p_x
  133   3   2  -2       0.03924126  d_xy
  133   3   2  -1       0.03864496  d_yz
  133   3   2   0       0.01868759  d_z2
  133   3   2   1       0.03878714  d_xz
  133   3   2   2       0.01882579  d_x2-y2
  134   1   0   0       1.35680682  s
  134   2   1  -1       0.82970964  p_y
  134   2   1   0       0.82979392  p_z
  134   2   1   1       0.82970964  p_x
  134   3   2  -2       0.03895110  d_xy
  134   3   2  -1       0.03886331  d_yz
  134   3   2   0       0.01883862  d_z2
  134   3   2   1       0.03886331  d_xz
  134   3   2   2       0.01878588  d_x2-y2
  135   1   0   0       1.35654785  s
  135   2   1  -1       0.83001422  p_y
  135   2   1   0       0.82965550  p_z
  135   2   1   1       0.82972498  p_x
  135   3   2  -2       0.03881116  d_xy
  135   3   2  -1       0.03875848  d_yz
  135   3   2   0       0.01874764  d_z2
  135   3   2   1       0.03917342  d_xz
  135   3   2   2       0.01875921  d_x2-y2
  136   1   0   0       1.35557945  s
  136   2   1  -1       0.83014481  p_y
  136   2   1   0       0.83009145  p_z
  136   2   1   1       0.83008805  p_x
  136   3   2  -2       0.03897028  d_xy
  136   3   2  -1       0.03879580  d_yz
  136   3   2   0       0.01874083  d_z2
  136   3   2   1       0.03892570  d_xz
  136   3   2   2       0.01873391  d_x2-y2
  137   1   0   0       1.35628205  s
  137   2   1  -1       0.82981683  p_y
  137   2   1   0       0.82967958  p_z
  137   2   1   1       0.82987620  p_x
  137   3   2  -2       0.03876679  d_xy
  137   3   2  -1       0.03916671  d_yz
  137   3   2   0       0.01879797  d_z2
  137   3   2   1       0.03867907  d_xz
  137   3   2   2       0.01872279  d_x2-y2
  138   1   0   0       1.35654785  s
  138   2   1  -1       0.82972498  p_y
  138   2   1   0       0.82965550  p_z
  138   2   1   1       0.83001422  p_x
  138   3   2  -2       0.03881116  d_xy
  138   3   2  -1       0.03917342  d_yz
  138   3   2   0       0.01874764  d_z2
  138   3   2   1       0.03875848  d_xz
  138   3   2   2       0.01875921  d_x2-y2
  139   1   0   0       1.35561185  s
  139   2   1  -1       0.83006976  p_y
  139   2   1   0       0.83012475  p_z
  139   2   1   1       0.83006976  p_x
  139   3   2  -2       0.03896789  d_xy
  139   3   2  -1       0.03887481  d_yz
  139   3   2   0       0.01874062  d_z2
  139   3   2   1       0.03887481  d_xz
  139   3   2   2       0.01874859  d_x2-y2
  140   1   0   0       1.35561847  s
  140   2   1  -1       0.83011452  p_y
  140   2   1   0       0.83015007  p_z
  140   2   1   1       0.83011805  p_x
  140   3   2  -2       0.03886797  d_xy
  140   3   2  -1       0.03887374  d_yz
  140   3   2   0       0.01873120  d_z2
  140   3   2   1       0.03896542  d_xz
  140   3   2   2       0.01874948  d_x2-y2
  141   1   0   0       1.35634804  s
  141   2   1  -1       0.82975325  p_y
  141   2   1   0       0.82966364  p_z
  141   2   1   1       0.82995777  p_x
  141   3   2  -2       0.03882192  d_xy
  141   3   2  -1       0.03909832  d_yz
  141   3   2   0       0.01873584  d_z2
  141   3   2   1       0.03881215  d_xz
  141   3   2   2       0.01872603  d_x2-y2
  142   1   0   0       1.35557945  s
  142   2   1  -1       0.83008805  p_y
  142   2   1   0       0.83009145  p_z
  142   2   1   1       0.83014481  p_x
  142   3   2  -2       0.03897028  d_xy
  142   3   2  -1       0.03892570  d_yz
  142   3   2   0       0.01874083  d_z2
  142   3   2   1       0.03879580  d_xz
  142   3   2   2       0.01873391  d_x2-y2
  143   1   0   0       1.35561847  s
  143   2   1  -1       0.83011805  p_y
  143   2   1   0       0.83015007  p_z
  143   2   1   1       0.83011452  p_x
  143   3   2  -2       0.03886797  d_xy
  143   3   2  -1       0.03896542  d_yz
  143   3   2   0       0.01873120  d_z2
  143   3   2   1       0.03887374  d_xz
  143   3   2   2       0.01874948  d_x2-y2
  144   1   0   0       1.35561134  s
  144   2   1  -1       0.83016740  p_y
  144   2   1   0       0.83009791  p_z
  144   2   1   1       0.83016740  p_x
  144   3   2  -2       0.03881377  d_xy
  144   3   2  -1       0.03894633  d_yz
  144   3   2   0       0.01873243  d_z2
  144   3   2   1       0.03894633  d_xz
  144   3   2   2       0.01874130  d_x2-y2
  145   1   0   0       1.35606360  s
  145   2   1  -1       0.82988156  p_y
  145   2   1   0       0.83001942  p_z
  145   2   1   1       0.82988156  p_x
  145   3   2  -2       0.03901302  d_xy
  145   3   2  -1       0.03880922  d_yz
  145   3   2   0       0.01872365  d_z2
  145   3   2   1       0.03880922  d_xz
  145   3   2   2       0.01871793  d_x2-y2
  146   1   0   0       1.35615751  s
  146   2   1  -1       0.82985228  p_y
  146   2   1   0       0.82988248  p_z
  146   2   1   1       0.82989852  p_x
  146   3   2  -2       0.03888794  d_xy
  146   3   2  -1       0.03883987  d_yz
  146   3   2   0       0.01872468  d_z2
  146   3   2   1       0.03887588  d_xz
  146   3   2   2       0.01871013  d_x2-y2
  147   1   0   0       1.35600634  s
  147   2   1  -1       0.83003021  p_y
  147   2   1   0       0.82987252  p_z
  147   2   1   1       0.82991902  p_x
  147   3   2  -2       0.03878240  d_xy
  147   3   2  -1       0.03881070  d_yz
  147   3   2   0       0.01873219  d_z2
  147   3   2   1       0.03906871  d_xz
  147   3   2   2       0.01873256  d_x2-y2
  148   1   0   0       1.35648547  s
  148   2   1  -1       0.82873947  p_y
  148   2   1   0       0.82873163  p_z
  148   2   1   1       0.82946467  p_x
  148   3   2  -2       0.03928767  d_xy
  148   3   2  -1       0.03972201  d_yz
  148   3   2   0       0.01914234  d_z2
  148   3   2   1       0.03887292  d_xz
  148   3   2   2       0.01892200  d_x2-y2
  149   1   0   0       1.35615751  s
  149   2   1  -1       0.82989852  p_y
  149   2   1   0       0.82988248  p_z
  149   2   1   1       0.82985228  p_x
  149   3   2  -2       0.03888794  d_xy
  149   3   2  -1       0.03887588  d_yz
  149   3   2   0       0.01872468  d_z2
  149   3   2   1       0.03883987  d_xz
  149   3   2   2       0.01871013  d_x2-y2
  150   1   0   0       1.35616268  s
  150   2   1  -1       0.82995943  p_y
  150   2   1   0       0.82995794  p_z
  150   2   1   1       0.82995943  p_x
  150   3   2  -2       0.03885986  d_xy
  150   3   2  -1       0.03891560  d_yz
  150   3   2   0       0.01873224  d_z2
  150   3   2   1       0.03891560  d_xz
  150   3   2   2       0.01874159  d_x2-y2
  151   1   0   0       1.35595386  s
  151   2   1  -1       0.83001831  p_y
  151   2   1   0       0.82987518  p_z
  151   2   1   1       0.82991104  p_x
  151   3   2  -2       0.03875679  d_xy
  151   3   2  -1       0.03884978  d_yz
  151   3   2   0       0.01870968  d_z2
  151   3   2   1       0.03905628  d_xz
  151   3   2   2       0.01875125  d_x2-y2
  152   1   0   0       1.35587480  s
  152   2   1  -1       0.82996030  p_y
  152   2   1   0       0.82999978  p_z
  152   2   1   1       0.82989259  p_x
  152   3   2  -2       0.03902321  d_xy
  152   3   2  -1       0.03881400  d_yz
  152   3   2   0       0.01873092  d_z2
  152   3   2   1       0.03876252  d_xz
  152   3   2   2       0.01872105  d_x2-y2
  153   1   0   0       1.35600634  s
  153   2   1  -1       0.82991902  p_y
  153   2   1   0       0.82987252  p_z
  153   2   1   1       0.83003021  p_x
  153   3   2  -2       0.03878240  d_xy
  153   3   2  -1       0.03906871  d_yz
  153   3   2   0       0.01873219  d_z2
  153   3   2   1       0.03881070  d_xz
  153   3   2   2       0.01873256  d_x2-y2
  154   1   0   0       1.35595386  s
  154   2   1  -1       0.82991104  p_y
  154   2   1   0       0.82987518  p_z
  154   2   1   1       0.83001831  p_x
  154   3   2  -2       0.03875679  d_xy
  154   3   2  -1       0.03905628  d_yz
  154   3   2   0       0.01870968  d_z2
  154   3   2   1       0.03884978  d_xz
  154   3   2   2       0.01875125  d_x2-y2
  155   1   0   0       1.35580925  s
  155   2   1  -1       0.83005355  p_y
  155   2   1   0       0.83007394  p_z
  155   2   1   1       0.83005355  p_x
  155   3   2  -2       0.03889759  d_xy
  155   3   2  -1       0.03889894  d_yz
  155   3   2   0       0.01873049  d_z2
  155   3   2   1       0.03889894  d_xz
  155   3   2   2       0.01873916  d_x2-y2
  156   1   0   0       1.35584381  s
  156   2   1  -1       0.82992930  p_y
  156   2   1   0       0.82977836  p_z
  156   2   1   1       0.82995616  p_x
  156   3   2  -2       0.03881627  d_xy
  156   3   2  -1       0.03900255  d_yz
  156   3   2   0       0.01873554  d_z2
  156   3   2   1       0.03872990  d_xz
  156   3   2   2       0.01869429  d_x2-y2
  157   1   0   0       1.35648547  s
  157   2   1  -1       0.82946467  p_y
  157   2   1   0       0.82873163  p_z
  157   2   1   1       0.82873947  p_x
  157   3   2  -2       0.03928767  d_xy
  157   3   2  -1       0.03887292  d_yz
  157   3   2   0       0.01914234  d_z2
  157   3   2   1       0.03972201  d_xz
  157   3   2   2       0.01892200  d_x2-y2
  158   1   0   0       1.35587480  s
  158   2   1  -1       0.82989259  p_y
  158   2   1   0       0.82999978  p_z
  158   2   1   1       0.82996030  p_x
  158   3   2  -2       0.03902321  d_xy
  158   3   2  -1       0.03876252  d_yz
  158   3   2   0       0.01873092  d_z2
  158   3   2   1       0.03881400  d_xz
  158   3   2   2       0.01872105  d_x2-y2
  159   1   0   0       1.35584381  s
  159   2   1  -1       0.82995616  p_y
  159   2   1   0       0.82977836  p_z
  159   2   1   1       0.82992930  p_x
  159   3   2  -2       0.03881627  d_xy
  159   3   2  -1       0.03872990  d_yz
  159   3   2   0       0.01873554  d_z2
  159   3   2   1       0.03900255  d_xz
  159   3   2   2       0.01869429  d_x2-y2
  160   1   0   0       1.35638257  s
  160   2   1  -1       0.82775370  p_y
  160   2   1   0       0.83078832  p_z
  160   2   1   1       0.82775370  p_x
  160   3   2  -2       0.03988814  d_xy
  160   3   2  -1       0.03862778  d_yz
  160   3   2   0       0.01875896  d_z2
  160   3   2   1       0.03862778  d_xz
  160   3   2   2       0.01964291  d_x2-y2
  161   1   0   0       1.35504252  s
  161   2   1  -1       0.83041550  p_y
  161   2   1   0       0.83045897  p_z
  161   2   1   1       0.83052142  p_x
  161   3   2  -2       0.03911834  d_xy
  161   3   2  -1       0.03907761  d_yz
  161   3   2   0       0.01874805  d_z2
  161   3   2   1       0.03862519  d_xz
  161   3   2   2       0.01880557  d_x2-y2
  162   1   0   0       1.35546185  s
  162   2   1  -1       0.83007556  p_y
  162   2   1   0       0.83024087  p_z
  162   2   1   1       0.83024966  p_x
  162   3   2  -2       0.03899990  d_xy
  162   3   2  -1       0.03899427  d_yz
  162   3   2   0       0.01872539  d_z2
  162   3   2   1       0.03867999  d_xz
  162   3   2   2       0.01875379  d_x2-y2
  163   1   0   0       1.35563801  s
  163   2   1  -1       0.83000276  p_y
  163   2   1   0       0.82995064  p_z
  163   2   1   1       0.83023489  p_x
  163   3   2  -2       0.03876025  d_xy
  163   3   2  -1       0.03908061  d_yz
  163   3   2   0       0.01873646  d_z2
  163   3   2   1       0.03877666  d_xz
  163   3   2   2       0.01872486  d_x2-y2
  164   1   0   0       1.35563302  s
  164   2   1  -1       0.82984415  p_y
  164   2   1   0       0.82988167  p_z
  164   2   1   1       0.83013553  p_x
  164   3   2  -2       0.03863831  d_xy
  164   3   2  -1       0.03907118  d_yz
  164   3   2   0       0.01869960  d_z2
  164   3   2   1       0.03876749  d_xz
  164   3   2   2       0.01871314  d_x2-y2
  165   1   0   0       1.35640518  s
  165   2   1  -1       0.82978570  p_y
  165   2   1   0       0.82986371  p_z
  165   2   1   1       0.82979406  p_x
  165   3   2  -2       0.03904509  d_xy
  165   3   2  -1       0.03883110  d_yz
  165   3   2   0       0.01877457  d_z2
  165   3   2   1       0.03887369  d_xz
  165   3   2   2       0.01874201  d_x2-y2
  166   1   0   0       1.35645654  s
  166   2   1  -1       0.83018280  p_y
  166   2   1   0       0.82982580  p_z
  166   2   1   1       0.83018280  p_x
  166   3   2  -2       0.03914143  d_xy
  166   3   2  -1       0.03902918  d_yz
  166   3   2   0       0.01895621  d_z2
  166   3   2   1       0.03902918  d_xz
  166   3   2   2       0.01868240  d_x2-y2
  167   1   0   0       1.35655946  s
  167   2   1  -1       0.82948523  p_y
  167   2   1   0       0.82942807  p_z
  167   2   1   1       0.82953509  p_x
  167   3   2  -2       0.03897039  d_xy
  167   3   2  -1       0.03856729  d_yz
  167   3   2   0       0.01867350  d_z2
  167   3   2   1       0.03922767  d_xz
  167   3   2   2       0.01871421  d_x2-y2
  168   1   0   0       1.35559009  s
  168   2   1  -1       0.82997487  p_y
  168   2   1   0       0.83025659  p_z
  168   2   1   1       0.83006926  p_x
  168   3   2  -2       0.03907413  d_xy
  168   3   2  -1       0.03875701  d_yz
  168   3   2   0       0.01870656  d_z2
  168   3   2   1       0.03880822  d_xz
  168   3   2   2       0.01875850  d_x2-y2
  169   1   0   0       1.35606130  s
  169   2   1  -1       0.83053031  p_y
  169   2   1   0       0.83018414  p_z
  169   2   1   1       0.83014929  p_x
  169   3   2  -2       0.03913845  d_xy
  169   3   2  -1       0.03914383  d_yz
  169   3   2   0       0.01885335  d_z2
  169   3   2   1       0.03895786  d_xz
  169   3   2   2       0.01883449  d_x2-y2
  170   1   0   0       1.35655946  s
  170   2   1  -1       0.82953509  p_y
  170   2   1   0       0.82942807  p_z
  170   2   1   1       0.82948523  p_x
  170   3   2  -2       0.03897039  d_xy
  170   3   2  -1       0.03922767  d_yz
  170   3   2   0       0.01867350  d_z2
  170   3   2   1       0.03856729  d_xz
  170   3   2   2       0.01871421  d_x2-y2
  171   1   0   0       1.35568595  s
  171   2   1  -1       0.83000973  p_y
  171   2   1   0       0.83015147  p_z
  171   2   1   1       0.83000973  p_x
  171   3   2  -2       0.03900854  d_xy
  171   3   2  -1       0.03881546  d_yz
  171   3   2   0       0.01872814  d_z2
  171   3   2   1       0.03881546  d_xz
  171   3   2   2       0.01874281  d_x2-y2
  172   1   0   0       1.35576597  s
  172   2   1  -1       0.83007564  p_y
  172   2   1   0       0.83000698  p_z
  172   2   1   1       0.82998413  p_x
  172   3   2  -2       0.03889110  d_xy
  172   3   2  -1       0.03882661  d_yz
  172   3   2   0       0.01873057  d_z2
  172   3   2   1       0.03891851  d_xz
  172   3   2   2       0.01872463  d_x2-y2
  173   1   0   0       1.35632860  s
  173   2   1  -1       0.82980419  p_y
  173   2   1   0       0.82996807  p_z
  173   2   1   1       0.82998822  p_x
  173   3   2  -2       0.03889466  d_xy
  173   3   2  -1       0.03915904  d_yz
  173   3   2   0       0.01871725  d_z2
  173   3   2   1       0.03888789  d_xz
  173   3   2   2       0.01883168  d_x2-y2
  174   1   0   0       1.35559009  s
  174   2   1  -1       0.83006926  p_y
  174   2   1   0       0.83025659  p_z
  174   2   1   1       0.82997487  p_x
  174   3   2  -2       0.03907413  d_xy
  174   3   2  -1       0.03880822  d_yz
  174   3   2   0       0.01870656  d_z2
  174   3   2   1       0.03875701  d_xz
  174   3   2   2       0.01875850  d_x2-y2
  175   1   0   0       1.35576597  s
  175   2   1  -1       0.82998413  p_y
  175   2   1   0       0.83000698  p_z
  175   2   1   1       0.83007564  p_x
  175   3   2  -2       0.03889110  d_xy
  175   3   2  -1       0.03891851  d_yz
  175   3   2   0       0.01873057  d_z2
  175   3   2   1       0.03882661  d_xz
  175   3   2   2       0.01872463  d_x2-y2
  176   1   0   0       1.35572856  s
  176   2   1  -1       0.83006743  p_y
  176   2   1   0       0.82996251  p_z
  176   2   1   1       0.83006743  p_x
  176   3   2  -2       0.03880754  d_xy
  176   3   2  -1       0.03892250  d_yz
  176   3   2   0       0.01873645  d_z2
  176   3   2   1       0.03892250  d_xz
  176   3   2   2       0.01873140  d_x2-y2
  177   1   0   0       1.35631699  s
  177   2   1  -1       0.82979868  p_y
  177   2   1   0       0.82993641  p_z
  177   2   1   1       0.82979868  p_x
  177   3   2  -2       0.03900948  d_xy
  177   3   2  -1       0.03884686  d_yz
  177   3   2   0       0.01875713  d_z2
  177   3   2   1       0.03884686  d_xz
  177   3   2   2       0.01874503  d_x2-y2
  178   1   0   0       1.35593353  s
  178   2   1  -1       0.82999051  p_y
  178   2   1   0       0.82990852  p_z
  178   2   1   1       0.82989276  p_x
  178   3   2  -2       0.03901591  d_xy
  178   3   2  -1       0.03887629  d_yz
  178   3   2   0       0.01876871  d_z2
  178   3   2   1       0.03891980  d_xz
  178   3   2   2       0.01874447  d_x2-y2
  179   1   0   0       1.35589475  s
  179   2   1  -1       0.83001221  p_y
  179   2   1   0       0.83002858  p_z
  179   2   1   1       0.82986702  p_x
  179   3   2  -2       0.03890553  d_xy
  179   3   2  -1       0.03882811  d_yz
  179   3   2   0       0.01874115  d_z2
  179   3   2   1       0.03905657  d_xz
  179   3   2   2       0.01877032  d_x2-y2
  180   1   0   0       1.35157639  s
  180   2   1  -1       0.82432241  p_y
  180   2   1   0       0.82372110  p_z
  180   2   1   1       0.82853399  p_x
  180   3   2  -2       0.04073527  d_xy
  180   3   2  -1       0.03995545  d_yz
  180   3   2   0       0.01855355  d_z2
  180   3   2   1       0.04342060  d_xz
  180   3   2   2       0.02297241  d_x2-y2
  181   1   0   0       1.35593353  s
  181   2   1  -1       0.82989276  p_y
  181   2   1   0       0.82990852  p_z
  181   2   1   1       0.82999051  p_x
  181   3   2  -2       0.03901591  d_xy
  181   3   2  -1       0.03891980  d_yz
  181   3   2   0       0.01876871  d_z2
  181   3   2   1       0.03887629  d_xz
  181   3   2   2       0.01874447  d_x2-y2
  182   1   0   0       1.35622679  s
  182   2   1  -1       0.82978371  p_y
  182   2   1   0       0.82984369  p_z
  182   2   1   1       0.82978371  p_x
  182   3   2  -2       0.03891337  d_xy
  182   3   2  -1       0.03890957  d_yz
  182   3   2   0       0.01874575  d_z2
  182   3   2   1       0.03890957  d_xz
  182   3   2   2       0.01872806  d_x2-y2
  183   1   0   0       1.35612477  s
  183   2   1  -1       0.82993126  p_y
  183   2   1   0       0.82982755  p_z
  183   2   1   1       0.82989717  p_x
  183   3   2  -2       0.03880154  d_xy
  183   3   2  -1       0.03886818  d_yz
  183   3   2   0       0.01872393  d_z2
  183   3   2   1       0.03901545  d_xz
  183   3   2   2       0.01874586  d_x2-y2
  184   1   0   0       1.35609197  s
  184   2   1  -1       0.82979758  p_y
  184   2   1   0       0.82996115  p_z
  184   2   1   1       0.82986136  p_x
  184   3   2  -2       0.03906127  d_xy
  184   3   2  -1       0.03883029  d_yz
  184   3   2   0       0.01875524  d_z2
  184   3   2   1       0.03881776  d_xz
  184   3   2   2       0.01872851  d_x2-y2
  185   1   0   0       1.35589475  s
  185   2   1  -1       0.82986702  p_y
  185   2   1   0       0.83002858  p_z
  185   2   1   1       0.83001221  p_x
  185   3   2  -2       0.03890553  d_xy
  185   3   2  -1       0.03905657  d_yz
  185   3   2   0       0.01874115  d_z2
  185   3   2   1       0.03882811  d_xz
  185   3   2   2       0.01877032  d_x2-y2
  186   1   0   0       1.35612477  s
  186   2   1  -1       0.82989717  p_y
  186   2   1   0       0.82982755  p_z
  186   2   1   1       0.82993126  p_x
  186   3   2  -2       0.03880154  d_xy
  186   3   2  -1       0.03901545  d_yz
  186   3   2   0       0.01872393  d_z2
  186   3   2   1       0.03886818  d_xz
  186   3   2   2       0.01874586  d_x2-y2
  187   1   0   0       1.35587797  s
  187   2   1  -1       0.83000358  p_y
  187   2   1   0       0.82993058  p_z
  187   2   1   1       0.83000358  p_x
  187   3   2  -2       0.03885867  d_xy
  187   3   2  -1       0.03886903  d_yz
  187   3   2   0       0.01872566  d_z2
  187   3   2   1       0.03886903  d_xz
  187   3   2   2       0.01870935  d_x2-y2
  188   1   0   0       1.35546390  s
  188   2   1  -1       0.83006724  p_y
  188   2   1   0       0.83020313  p_z
  188   2   1   1       0.83022924  p_x
  188   3   2  -2       0.03908002  d_xy
  188   3   2  -1       0.03898880  d_yz
  188   3   2   0       0.01874955  d_z2
  188   3   2   1       0.03872590  d_xz
  188   3   2   2       0.01877332  d_x2-y2
  189   1   0   0       1.35619407  s
  189   2   1  -1       0.82980674  p_y
  189   2   1   0       0.82992652  p_z
  189   2   1   1       0.83002247  p_x
  189   3   2  -2       0.03880153  d_xy
  189   3   2  -1       0.03911309  d_yz
  189   3   2   0       0.01872190  d_z2
  189   3   2   1       0.03877405  d_xz
  189   3   2   2       0.01876601  d_x2-y2
  190   1   0   0       1.35579685  s
  190   2   1  -1       0.82995416  p_y
  190   2   1   0       0.83002695  p_z
  190   2   1   1       0.82997136  p_x
  190   3   2  -2       0.03893121  d_xy
  190   3   2  -1       0.03887228  d_yz
  190   3   2   0       0.01872340  d_z2
  190   3   2   1       0.03881618  d_xz
  190   3   2   2       0.01872585  d_x2-y2
  191   1   0   0       1.35586739  s
  191   2   1  -1       0.82995681  p_y
  191   2   1   0       0.82996504  p_z
  191   2   1   1       0.82996541  p_x
  191   3   2  -2       0.03885607  d_xy
  191   3   2  -1       0.03888106  d_yz
  191   3   2   0       0.01871532  d_z2
  191   3   2   1       0.03885196  d_xz
  191   3   2   2       0.01872007  d_x2-y2
  192   1   0   0       1.35585092  s
  192   2   1  -1       0.82981590  p_y
  192   2   1   0       0.83009803  p_z
  192   2   1   1       0.82999265  p_x
  192   3   2  -2       0.03885037  d_xy
  192   3   2  -1       0.03909496  d_yz
  192   3   2   0       0.01870176  d_z2
  192   3   2   1       0.03882432  d_xz
  192   3   2   2       0.01878327  d_x2-y2
  193   1   0   0       1.37499812  s
  193   2   1  -1       0.76220530  p_y
  193   2   1   0       0.85289672  p_z
  193   2   1   1       0.76220530  p_x
  193   3   2  -2       0.03092505  d_xy
  193   3   2  -1       0.03522270  d_yz
  193   3   2   0       0.02881584  d_z2
  193   3   2   1       0.03522270  d_xz
  193   3   2   2       0.06018862  d_x2-y2
  194   1   0   0       1.36125663  s
  194   2   1  -1       0.83310561  p_y
  194   2   1   0       0.83170918  p_z
  194   2   1   1       0.83623089  p_x
  194   3   2  -2       0.03904214  d_xy
  194   3   2  -1       0.03759664  d_yz
  194   3   2   0       0.01926052  d_z2
  194   3   2   1       0.04017163  d_xz
  194   3   2   2       0.01854820  d_x2-y2
  195   1   0   0       1.35497266  s
  195   2   1  -1       0.82974447  p_y
  195   2   1   0       0.82962426  p_z
  195   2   1   1       0.83031597  p_x
  195   3   2  -2       0.03926025  d_xy
  195   3   2  -1       0.03895088  d_yz
  195   3   2   0       0.01880688  d_z2
  195   3   2   1       0.03945135  d_xz
  195   3   2   2       0.01903233  d_x2-y2
  196   1   0   0       1.35530257  s
  196   2   1  -1       0.83028347  p_y
  196   2   1   0       0.83018222  p_z
  196   2   1   1       0.83022294  p_x
  196   3   2  -2       0.03897687  d_xy
  196   3   2  -1       0.03868744  d_yz
  196   3   2   0       0.01874229  d_z2
  196   3   2   1       0.03907802  d_xz
  196   3   2   2       0.01877540  d_x2-y2
  197   1   0   0       1.36125663  s
  197   2   1  -1       0.83623089  p_y
  197   2   1   0       0.83170918  p_z
  197   2   1   1       0.83310561  p_x
  197   3   2  -2       0.03904214  d_xy
  197   3   2  -1       0.04017163  d_yz
  197   3   2   0       0.01926052  d_z2
  197   3   2   1       0.03759664  d_xz
  197   3   2   2       0.01854820  d_x2-y2
  198   1   0   0       1.35566005  s
  198   2   1  -1       0.82961307  p_y
  198   2   1   0       0.82854066  p_z
  198   2   1   1       0.82961307  p_x
  198   3   2  -2       0.03936926  d_xy
  198   3   2  -1       0.03921072  d_yz
  198   3   2   0       0.01890114  d_z2
  198   3   2   1       0.03921072  d_xz
  198   3   2   2       0.01882148  d_x2-y2
  199   1   0   0       1.35556776  s
  199   2   1  -1       0.83028556  p_y
  199   2   1   0       0.83009935  p_z
  199   2   1   1       0.83015072  p_x
  199   3   2  -2       0.03902713  d_xy
  199   3   2  -1       0.03887866  d_yz
  199   3   2   0       0.01877098  d_z2
  199   3   2   1       0.03887914  d_xz
  199   3   2   2       0.01874305  d_x2-y2
  200   1   0   0       1.35626745  s
  200   2   1  -1       0.82991735  p_y
  200   2   1   0       0.82980333  p_z
  200   2   1   1       0.82972095  p_x
  200   3   2  -2       0.03882579  d_xy
  200   3   2  -1       0.03875086  d_yz
  200   3   2   0       0.01874278  d_z2
  200   3   2   1       0.03910706  d_xz
  200   3   2   2       0.01873808  d_x2-y2
  201   1   0   0       1.35497266  s
  201   2   1  -1       0.83031597  p_y
  201   2   1   0       0.82962426  p_z
  201   2   1   1       0.82974447  p_x
  201   3   2  -2       0.03926025  d_xy
  201   3   2  -1       0.03945135  d_yz
  201   3   2   0       0.01880688  d_z2
  201   3   2   1       0.03895088  d_xz
  201   3   2   2       0.01903233  d_x2-y2
  202   1   0   0       1.35556776  s
  202   2   1  -1       0.83015072  p_y
  202   2   1   0       0.83009935  p_z
  202   2   1   1       0.83028556  p_x
  202   3   2  -2       0.03902713  d_xy
  202   3   2  -1       0.03887914  d_yz
  202   3   2   0       0.01877098  d_z2
  202   3   2   1       0.03887866  d_xz
  202   3   2   2       0.01874305  d_x2-y2
  203   1   0   0       1.35591865  s
  203   2   1  -1       0.82982334  p_y
  203   2   1   0       0.82998848  p_z
  203   2   1   1       0.82982334  p_x
  203   3   2  -2       0.03878948  d_xy
  203   3   2  -1       0.03896057  d_yz
  203   3   2   0       0.01878646  d_z2
  203   3   2   1       0.03896057  d_xz
  203   3   2   2       0.01875581  d_x2-y2
  204   1   0   0       1.35557503  s
  204   2   1  -1       0.83014958  p_y
  204   2   1   0       0.83005913  p_z
  204   2   1   1       0.83009020  p_x
  204   3   2  -2       0.03881333  d_xy
  204   3   2  -1       0.03888026  d_yz
  204   3   2   0       0.01877214  d_z2
  204   3   2   1       0.03902872  d_xz
  204   3   2   2       0.01872679  d_x2-y2
  205   1   0   0       1.35530257  s
  205   2   1  -1       0.83022294  p_y
  205   2   1   0       0.83018222  p_z
  205   2   1   1       0.83028347  p_x
  205   3   2  -2       0.03897687  d_xy
  205   3   2  -1       0.03907802  d_yz
  205   3   2   0       0.01874229  d_z2
  205   3   2   1       0.03868744  d_xz
  205   3   2   2       0.01877540  d_x2-y2
  206   1   0   0       1.35626745  s
  206   2   1  -1       0.82972095  p_y
  206   2   1   0       0.82980333  p_z
  206   2   1   1       0.82991735  p_x
  206   3   2  -2       0.03882579  d_xy
  206   3   2  -1       0.03910706  d_yz
  206   3   2   0       0.01874278  d_z2
  206   3   2   1       0.03875086  d_xz
  206   3   2   2       0.01873808  d_x2-y2
  207   1   0   0       1.35557503  s
  207   2   1  -1       0.83009020  p_y
  207   2   1   0       0.83005913  p_z
  207   2   1   1       0.83014958  p_x
  207   3   2  -2       0.03881333  d_xy
  207   3   2  -1       0.03902872  d_yz
  207   3   2   0       0.01877214  d_z2
  207   3   2   1       0.03888026  d_xz
  207   3   2   2       0.01872679  d_x2-y2
  208   1   0   0       1.35583324  s
  208   2   1  -1       0.83001081  p_y
  208   2   1   0       0.83000859  p_z
  208   2   1   1       0.83001081  p_x
  208   3   2  -2       0.03890656  d_xy
  208   3   2  -1       0.03885702  d_yz
  208   3   2   0       0.01872084  d_z2
  208   3   2   1       0.03885702  d_xz
  208   3   2   2       0.01872057  d_x2-y2
  209   1   0   0       1.35861889  s
  209   2   1  -1       0.82732104  p_y
  209   2   1   0       0.82918921  p_z
  209   2   1   1       0.82732104  p_x
  209   3   2  -2       0.03723541  d_xy
  209   3   2  -1       0.03965237  d_yz
  209   3   2   0       0.01893781  d_z2
  209   3   2   1       0.03965237  d_xz
  209   3   2   2       0.01950788  d_x2-y2
  210   1   0   0       1.35587641  s
  210   2   1  -1       0.82913366  p_y
  210   2   1   0       0.83010218  p_z
  210   2   1   1       0.82917460  p_x
  210   3   2  -2       0.03896303  d_xy
  210   3   2  -1       0.03908898  d_yz
  210   3   2   0       0.01884407  d_z2
  210   3   2   1       0.03920646  d_xz
  210   3   2   2       0.01875901  d_x2-y2
  211   1   0   0       1.35583451  s
  211   2   1  -1       0.83007390  p_y
  211   2   1   0       0.83015613  p_z
  211   2   1   1       0.82999657  p_x
  211   3   2  -2       0.03880658  d_xy
  211   3   2  -1       0.03884771  d_yz
  211   3   2   0       0.01871463  d_z2
  211   3   2   1       0.03904153  d_xz
  211   3   2   2       0.01875699  d_x2-y2
  212   1   0   0       1.35620525  s
  212   2   1  -1       0.82984455  p_y
  212   2   1   0       0.82982101  p_z
  212   2   1   1       0.82984811  p_x
  212   3   2  -2       0.03910021  d_xy
  212   3   2  -1       0.03878863  d_yz
  212   3   2   0       0.01877039  d_z2
  212   3   2   1       0.03880936  d_xz
  212   3   2   2       0.01871737  d_x2-y2
  213   1   0   0       1.35587641  s
  213   2   1  -1       0.82917460  p_y
  213   2   1   0       0.83010218  p_z
  213   2   1   1       0.82913366  p_x
  213   3   2  -2       0.03896303  d_xy
  213   3   2  -1       0.03920646  d_yz
  213   3   2   0       0.01884407  d_z2
  213   3   2   1       0.03908898  d_xz
  213   3   2   2       0.01875901  d_x2-y2
  214   1   0   0       1.35583586  s
  214   2   1  -1       0.83007568  p_y
  214   2   1   0       0.83007652  p_z
  214   2   1   1       0.83007568  p_x
  214   3   2  -2       0.03887752  d_xy
  214   3   2  -1       0.03892103  d_yz
  214   3   2   0       0.01873668  d_z2
  214   3   2   1       0.03892103  d_xz
  214   3   2   2       0.01874745  d_x2-y2
  215   1   0   0       1.35577748  s
  215   2   1  -1       0.83001977  p_y
  215   2   1   0       0.83007169  p_z
  215   2   1   1       0.83000898  p_x
  215   3   2  -2       0.03892656  d_xy
  215   3   2  -1       0.03886366  d_yz
  215   3   2   0       0.01872800  d_z2
  215   3   2   1       0.03888187  d_xz
  215   3   2   2       0.01873452  d_x2-y2
  216   1   0   0       1.35666959  s
  216   2   1  -1       0.82906429  p_y
  216   2   1   0       0.82949003  p_z
  216   2   1   1       0.82982956  p_x
  216   3   2  -2       0.03903920  d_xy
  216   3   2  -1       0.03932774  d_yz
  216   3   2   0       0.01895209  d_z2
  216   3   2   1       0.03857896  d_xz
  216   3   2   2       0.01902756  d_x2-y2
  217   1   0   0       1.35583451  s
  217   2   1  -1       0.82999657  p_y
  217   2   1   0       0.83015613  p_z
  217   2   1   1       0.83007390  p_x
  217   3   2  -2       0.03880658  d_xy
  217   3   2  -1       0.03904153  d_yz
  217   3   2   0       0.01871463  d_z2
  217   3   2   1       0.03884771  d_xz
  217   3   2   2       0.01875699  d_x2-y2
  218   1   0   0       1.35577748  s
  218   2   1  -1       0.83000898  p_y
  218   2   1   0       0.83007169  p_z
  218   2   1   1       0.83001977  p_x
  218   3   2  -2       0.03892656  d_xy
  218   3   2  -1       0.03888187  d_yz
  218   3   2   0       0.01872800  d_z2
  218   3   2   1       0.03886366  d_xz
  218   3   2   2       0.01873452  d_x2-y2
  219   1   0   0       1.35555594  s
  219   2   1  -1       0.82997530  p_y
  219   2   1   0       0.83003771  p_z
  219   2   1   1       0.82997530  p_x
  219   3   2  -2       0.03860221  d_xy
  219   3   2  -1       0.03892911  d_yz
  219   3   2   0       0.01871339  d_z2
  219   3   2   1       0.03892911  d_xz
  219   3   2   2       0.01871050  d_x2-y2
  220   1   0   0       1.35627401  s
  220   2   1  -1       0.82976278  p_y
  220   2   1   0       0.82990480  p_z
  220   2   1   1       0.82989999  p_x
  220   3   2  -2       0.03885070  d_xy
  220   3   2  -1       0.03911629  d_yz
  220   3   2   0       0.01871746  d_z2
  220   3   2   1       0.03879826  d_xz
  220   3   2   2       0.01877806  d_x2-y2
  221   1   0   0       1.35620525  s
  221   2   1  -1       0.82984811  p_y
  221   2   1   0       0.82982101  p_z
  221   2   1   1       0.82984455  p_x
  221   3   2  -2       0.03910021  d_xy
  221   3   2  -1       0.03880936  d_yz
  221   3   2   0       0.01877039  d_z2
  221   3   2   1       0.03878863  d_xz
  221   3   2   2       0.01871737  d_x2-y2
  222   1   0   0       1.35666959  s
  222   2   1  -1       0.82982956  p_y
  222   2   1   0       0.82949003  p_z
  222   2   1   1       0.82906429  p_x
  222   3   2  -2       0.03903920  d_xy
  222   3   2  -1       0.03857896  d_yz
  222   3   2   0       0.01895209  d_z2
  222   3   2   1       0.03932774  d_xz
  222   3   2   2       0.01902756  d_x2-y2
  223   1   0   0       1.35627401  s
  223   2   1  -1       0.82989999  p_y
  223   2   1   0       0.82990480  p_z
  223   2   1   1       0.82976278  p_x
  223   3   2  -2       0.03885070  d_xy
  223   3   2  -1       0.03879826  d_yz
  223   3   2   0       0.01871746  d_z2
  223   3   2   1       0.03911629  d_xz
  223   3   2   2       0.01877806  d_x2-y2
  224   1   0   0       1.35648316  s
  224   2   1  -1       0.82879482  p_y
  224   2   1   0       0.82919425  p_z
  224   2   1   1       0.82879482  p_x
  224   3   2  -2       0.03943632  d_xy
  224   3   2  -1       0.03872426  d_yz
  224   3   2   0       0.01890739  d_z2
  224   3   2   1       0.03872426  d_xz
  224   3   2   2       0.01924049  d_x2-y2
  225   1   0   0       1.35635743  s
  225   2   1  -1       0.82978217  p_y
  225   2   1   0       0.82982024  p_z
  225   2   1   1       0.82987769  p_x
  225   3   2  -2       0.03885964  d_xy
  225   3   2  -1       0.03905659  d_yz
  225   3   2   0       0.01871924  d_z2
  225   3   2   1       0.03885482  d_xz
  225   3   2   2       0.01876467  d_x2-y2
  226   1   0   0       1.35627439  s
  226   2   1  -1       0.82983576  p_y
  226   2   1   0       0.82973199  p_z
  226   2   1   1       0.82993471  p_x
  226   3   2  -2       0.03878371  d_xy
  226   3   2  -1       0.03907896  d_yz
  226   3   2   0       0.01873647  d_z2
  226   3   2   1       0.03881957  d_xz
  226   3   2   2       0.01873673  d_x2-y2
  227   1   0   0       1.35563811  s
  227   2   1  -1       0.83010926  p_y
  227   2   1   0       0.83009877  p_z
  227   2   1   1       0.83015052  p_x
  227   3   2  -2       0.03884939  d_xy
  227   3   2  -1       0.03902831  d_yz
  227   3   2   0       0.01874777  d_z2
  227   3   2   1       0.03882469  d_xz
  227   3   2   2       0.01874345  d_x2-y2
  228   1   0   0       1.35581847  s
  228   2   1  -1       0.83002043  p_y
  228   2   1   0       0.83003604  p_z
  228   2   1   1       0.83001484  p_x
  228   3   2  -2       0.03892256  d_xy
  228   3   2  -1       0.03886558  d_yz
  228   3   2   0       0.01873302  d_z2
  228   3   2   1       0.03887336  d_xz
  228   3   2   2       0.01873043  d_x2-y2
  229   1   0   0       1.36899237  s
  229   2   1  -1       0.82105850  p_y
  229   2   1   0       0.79503407  p_z
  229   2   1   1       0.79876014  p_x
  229   3   2  -2       0.06140181  d_xy
  229   3   2  -1       0.05998955  d_yz
  229   3   2   0       0.02029504  d_z2
  229   3   2   1       0.06180169  d_xz
  229   3   2   2       0.02032897  d_x2-y2
  230   1   0   0       1.35639933  s
  230   2   1  -1       0.82792490  p_y
  230   2   1   0       0.83017637  p_z
  230   2   1   1       0.82792490  p_x
  230   3   2  -2       0.03983155  d_xy
  230   3   2  -1       0.03860360  d_yz
  230   3   2   0       0.01861184  d_z2
  230   3   2   1       0.03860360  d_xz
  230   3   2   2       0.01985371  d_x2-y2
  231   1   0   0       1.35594913  s
  231   2   1  -1       0.82952549  p_y
  231   2   1   0       0.83024206  p_z
  231   2   1   1       0.82992722  p_x
  231   3   2  -2       0.03923477  d_xy
  231   3   2  -1       0.03873364  d_yz
  231   3   2   0       0.01863614  d_z2
  231   3   2   1       0.03855400  d_xz
  231   3   2   2       0.01877372  d_x2-y2
  232   1   0   0       1.35647931  s
  232   2   1  -1       0.82978640  p_y
  232   2   1   0       0.82981538  p_z
  232   2   1   1       0.82964217  p_x
  232   3   2  -2       0.03897488  d_xy
  232   3   2  -1       0.03882649  d_yz
  232   3   2   0       0.01872368  d_z2
  232   3   2   1       0.03909348  d_xz
  232   3   2   2       0.01875988  d_x2-y2
  233   1   0   0       1.35420253  s
  233   2   1  -1       0.83039792  p_y
  233   2   1   0       0.82915323  p_z
  233   2   1   1       0.82941681  p_x
  233   3   2  -2       0.03919804  d_xy
  233   3   2  -1       0.03933647  d_yz
  233   3   2   0       0.01891044  d_z2
  233   3   2   1       0.03915221  d_xz
  233   3   2   2       0.01966033  d_x2-y2
  234   1   0   0       1.35594913  s
  234   2   1  -1       0.82992722  p_y
  234   2   1   0       0.83024206  p_z
  234   2   1   1       0.82952549  p_x
  234   3   2  -2       0.03923477  d_xy
  234   3   2  -1       0.03855400  d_yz
  234   3   2   0       0.01863614  d_z2
  234   3   2   1       0.03873364  d_xz
  234   3   2   2       0.01877372  d_x2-y2
  235   1   0   0       1.35648055  s
  235   2   1  -1       0.82937960  p_y
  235   2   1   0       0.82993009  p_z
  235   2   1   1       0.82937960  p_x
  235   3   2  -2       0.03892753  d_xy
  235   3   2  -1       0.03912097  d_yz
  235   3   2   0       0.01867558  d_z2
  235   3   2   1       0.03912097  d_xz
  235   3   2   2       0.01881584  d_x2-y2
  236   1   0   0       1.35599231  s
  236   2   1  -1       0.83021202  p_y
  236   2   1   0       0.83015652  p_z
  236   2   1   1       0.83005930  p_x
  236   3   2  -2       0.03885818  d_xy
  236   3   2  -1       0.03885082  d_yz
  236   3   2   0       0.01883013  d_z2
  236   3   2   1       0.03909715  d_xz
  236   3   2   2       0.01872825  d_x2-y2
  237   1   0   0       1.35537099  s
  237   2   1  -1       0.83050276  p_y
  237   2   1   0       0.83029676  p_z
  237   2   1   1       0.83037981  p_x
  237   3   2  -2       0.03906553  d_xy
  237   3   2  -1       0.03916590  d_yz
  237   3   2   0       0.01875408  d_z2
  237   3   2   1       0.03868656  d_xz
  237   3   2   2       0.01885635  d_x2-y2
  238   1   0   0       1.35647931  s
  238   2   1  -1       0.82964217  p_y
  238   2   1   0       0.82981538  p_z
  238   2   1   1       0.82978640  p_x
  238   3   2  -2       0.03897488  d_xy
  238   3   2  -1       0.03909348  d_yz
  238   3   2   0       0.01872368  d_z2
  238   3   2   1       0.03882649  d_xz
  238   3   2   2       0.01875988  d_x2-y2
  239   1   0   0       1.35599231  s
  239   2   1  -1       0.83005930  p_y
  239   2   1   0       0.83015652  p_z
  239   2   1   1       0.83021202  p_x
  239   3   2  -2       0.03885818  d_xy
  239   3   2  -1       0.03909715  d_yz
  239   3   2   0       0.01883013  d_z2
  239   3   2   1       0.03885082  d_xz
  239   3   2   2       0.01872825  d_x2-y2
  240   1   0   0       1.35567532  s
  240   2   1  -1       0.83003156  p_y
  240   2   1   0       0.83008005  p_z
  240   2   1   1       0.83003156  p_x
  240   3   2  -2       0.03884943  d_xy
  240   3   2  -1       0.03890020  d_yz
  240   3   2   0       0.01873407  d_z2
  240   3   2   1       0.03890020  d_xz
  240   3   2   2       0.01873944  d_x2-y2
  241   1   0   0       1.35659732  s
  241   2   1  -1       0.83097581  p_y
  241   2   1   0       0.82604306  p_z
  241   2   1   1       0.83097581  p_x
  241   3   2  -2       0.03900892  d_xy
  241   3   2  -1       0.04254826  d_yz
  241   3   2   0       0.02046886  d_z2
  241   3   2   1       0.04254826  d_xz
  241   3   2   2       0.01942086  d_x2-y2
  242   1   0   0       1.35655442  s
  242   2   1  -1       0.82996105  p_y
  242   2   1   0       0.82878288  p_z
  242   2   1   1       0.82936273  p_x
  242   3   2  -2       0.03876709  d_xy
  242   3   2  -1       0.03884051  d_yz
  242   3   2   0       0.01954961  d_z2
  242   3   2   1       0.03976214  d_xz
  242   3   2   2       0.01856334  d_x2-y2
  243   1   0   0       1.35612999  s
  243   2   1  -1       0.83004469  p_y
  243   2   1   0       0.82922458  p_z
  243   2   1   1       0.82960595  p_x
  243   3   2  -2       0.03843070  d_xy
  243   3   2  -1       0.03863536  d_yz
  243   3   2   0       0.01873307  d_z2
  243   3   2   1       0.03926291  d_xz
  243   3   2   2       0.01861095  d_x2-y2
  244   1   0   0       1.35641363  s
  244   2   1  -1       0.82950378  p_y
  244   2   1   0       0.82975771  p_z
  244   2   1   1       0.82947421  p_x
  244   3   2  -2       0.03917084  d_xy
  244   3   2  -1       0.03882638  d_yz
  244   3   2   0       0.01879550  d_z2
  244   3   2   1       0.03879550  d_xz
  244   3   2   2       0.01863436  d_x2-y2
  245   1   0   0       1.35655442  s
  245   2   1  -1       0.82936273  p_y
  245   2   1   0       0.82878288  p_z
  245   2   1   1       0.82996105  p_x
  245   3   2  -2       0.03876709  d_xy
  245   3   2  -1       0.03976214  d_yz
  245   3   2   0       0.01954961  d_z2
  245   3   2   1       0.03884051  d_xz
  245   3   2   2       0.01856334  d_x2-y2
  246   1   0   0       1.35633569  s
  246   2   1  -1       0.82976801  p_y
  246   2   1   0       0.82950143  p_z
  246   2   1   1       0.82976801  p_x
  246   3   2  -2       0.03858633  d_xy
  246   3   2  -1       0.03889451  d_yz
  246   3   2   0       0.01870525  d_z2
  246   3   2   1       0.03889451  d_xz
  246   3   2   2       0.01863549  d_x2-y2
  247   1   0   0       1.35580686  s
  247   2   1  -1       0.82999651  p_y
  247   2   1   0       0.82995754  p_z
  247   2   1   1       0.83002985  p_x
  247   3   2  -2       0.03885393  d_xy
  247   3   2  -1       0.03886446  d_yz
  247   3   2   0       0.01873999  d_z2
  247   3   2   1       0.03890952  d_xz
  247   3   2   2       0.01872252  d_x2-y2
  248   1   0   0       1.35658187  s
  248   2   1  -1       0.83014460  p_y
  248   2   1   0       0.83139478  p_z
  248   2   1   1       0.82842671  p_x
  248   3   2  -2       0.03959282  d_xy
  248   3   2  -1       0.04024527  d_yz
  248   3   2   0       0.01871634  d_z2
  248   3   2   1       0.03898375  d_xz
  248   3   2   2       0.01911064  d_x2-y2
  249   1   0   0       1.35612999  s
  249   2   1  -1       0.82960595  p_y
  249   2   1   0       0.82922458  p_z
  249   2   1   1       0.83004469  p_x
  249   3   2  -2       0.03843070  d_xy
  249   3   2  -1       0.03926291  d_yz
  249   3   2   0       0.01873307  d_z2
  249   3   2   1       0.03863536  d_xz
  249   3   2   2       0.01861095  d_x2-y2
  250   1   0   0       1.35580686  s
  250   2   1  -1       0.83002985  p_y
  250   2   1   0       0.82995754  p_z
  250   2   1   1       0.82999651  p_x
  250   3   2  -2       0.03885393  d_xy
  250   3   2  -1       0.03890952  d_yz
  250   3   2   0       0.01873999  d_z2
  250   3   2   1       0.03886446  d_xz
  250   3   2   2       0.01872252  d_x2-y2
  251   1   0   0       1.35576121  s
  251   2   1  -1       0.82999928  p_y
  251   2   1   0       0.82983922  p_z
  251   2   1   1       0.82999928  p_x
  251   3   2  -2       0.03875600  d_xy
  251   3   2  -1       0.03899817  d_yz
  251   3   2   0       0.01875387  d_z2
  251   3   2   1       0.03899817  d_xz
  251   3   2   2       0.01873814  d_x2-y2
  252   1   0   0       1.35631494  s
  252   2   1  -1       0.82953031  p_y
  252   2   1   0       0.82956161  p_z
  252   2   1   1       0.82961677  p_x
  252   3   2  -2       0.03879551  d_xy
  252   3   2  -1       0.03913928  d_yz
  252   3   2   0       0.01866157  d_z2
  252   3   2   1       0.03877267  d_xz
  252   3   2   2       0.01875219  d_x2-y2
  253   1   0   0       1.35573986  s
  253   2   1  -1       0.82993256  p_y
  253   2   1   0       0.82989743  p_z
  253   2   1   1       0.83001633  p_x
  253   3   2  -2       0.03877900  d_xy
  253   3   2  -1       0.03904412  d_yz
  253   3   2   0       0.01873960  d_z2
  253   3   2   1       0.03882704  d_xz
  253   3   2   2       0.01872554  d_x2-y2
  254   1   0   0       1.35603876  s
  254   2   1  -1       0.82986652  p_y
  254   2   1   0       0.82978360  p_z
  254   2   1   1       0.82998283  p_x
  254   3   2  -2       0.03877298  d_xy
  254   3   2  -1       0.03912251  d_yz
  254   3   2   0       0.01874086  d_z2
  254   3   2   1       0.03880087  d_xz
  254   3   2   2       0.01874366  d_x2-y2
  255   1   0   0       1.35544517  s
  255   2   1  -1       0.83028951  p_y
  255   2   1   0       0.83012418  p_z
  255   2   1   1       0.83021486  p_x
  255   3   2  -2       0.03880462  d_xy
  255   3   2  -1       0.03905603  d_yz
  255   3   2   0       0.01880154  d_z2
  255   3   2   1       0.03893274  d_xz
  255   3   2   2       0.01871489  d_x2-y2
  256   1   0   0       1.35616401  s
  256   2   1  -1       0.82979267  p_y
  256   2   1   0       0.82980254  p_z
  256   2   1   1       0.82991638  p_x
  256   3   2  -2       0.03882190  d_xy
  256   3   2  -1       0.03907586  d_yz
  256   3   2   0       0.01874725  d_z2
  256   3   2   1       0.03878907  d_xz
  256   3   2   2       0.01876499  d_x2-y2
  257   1   0   0       1.35580925  s
  257   2   1  -1       0.83005355  p_y
  257   2   1   0       0.83007394  p_z
  257   2   1   1       0.83005355  p_x
  257   3   2  -2       0.03889759  d_xy
  257   3   2  -1       0.03889894  d_yz
  257   3   2   0       0.01873049  d_z2
  257   3   2   1       0.03889894  d_xz
  257   3   2   2       0.01873916  d_x2-y2
  258   1   0   0       1.35561847  s
  258   2   1  -1       0.83011805  p_y
  258   2   1   0       0.83015007  p_z
  258   2   1   1       0.83011452  p_x
  258   3   2  -2       0.03886797  d_xy
  258   3   2  -1       0.03896542  d_yz
  258   3   2   0       0.01873120  d_z2
  258   3   2   1       0.03887374  d_xz
  258   3   2   2       0.01874948  d_x2-y2
  259   1   0   0       1.35600634  s
  259   2   1  -1       0.82991902  p_y
  259   2   1   0       0.82987252  p_z
  259   2   1   1       0.83003021  p_x
  259   3   2  -2       0.03878240  d_xy
  259   3   2  -1       0.03906871  d_yz
  259   3   2   0       0.01873219  d_z2
  259   3   2   1       0.03881070  d_xz
  259   3   2   2       0.01873256  d_x2-y2
  260   1   0   0       1.35634804  s
  260   2   1  -1       0.82975325  p_y
  260   2   1   0       0.82966364  p_z
  260   2   1   1       0.82995777  p_x
  260   3   2  -2       0.03882192  d_xy
  260   3   2  -1       0.03909832  d_yz
  260   3   2   0       0.01873584  d_z2
  260   3   2   1       0.03881215  d_xz
  260   3   2   2       0.01872603  d_x2-y2
  261   1   0   0       1.35561847  s
  261   2   1  -1       0.83011452  p_y
  261   2   1   0       0.83015007  p_z
  261   2   1   1       0.83011805  p_x
  261   3   2  -2       0.03886797  d_xy
  261   3   2  -1       0.03887374  d_yz
  261   3   2   0       0.01873120  d_z2
  261   3   2   1       0.03896542  d_xz
  261   3   2   2       0.01874948  d_x2-y2
  262   1   0   0       1.35616268  s
  262   2   1  -1       0.82995943  p_y
  262   2   1   0       0.82995794  p_z
  262   2   1   1       0.82995943  p_x
  262   3   2  -2       0.03885986  d_xy
  262   3   2  -1       0.03891560  d_yz
  262   3   2   0       0.01873224  d_z2
  262   3   2   1       0.03891560  d_xz
  262   3   2   2       0.01874159  d_x2-y2
  263   1   0   0       1.35654785  s
  263   2   1  -1       0.82972498  p_y
  263   2   1   0       0.82965550  p_z
  263   2   1   1       0.83001422  p_x
  263   3   2  -2       0.03881116  d_xy
  263   3   2  -1       0.03917342  d_yz
  263   3   2   0       0.01874764  d_z2
  263   3   2   1       0.03875848  d_xz
  263   3   2   2       0.01875921  d_x2-y2
  264   1   0   0       1.35587480  s
  264   2   1  -1       0.82996030  p_y
  264   2   1   0       0.82999978  p_z
  264   2   1   1       0.82989259  p_x
  264   3   2  -2       0.03902321  d_xy
  264   3   2  -1       0.03881400  d_yz
  264   3   2   0       0.01873092  d_z2
  264   3   2   1       0.03876252  d_xz
  264   3   2   2       0.01872105  d_x2-y2
  265   1   0   0       1.35600634  s
  265   2   1  -1       0.83003021  p_y
  265   2   1   0       0.82987252  p_z
  265   2   1   1       0.82991902  p_x
  265   3   2  -2       0.03878240  d_xy
  265   3   2  -1       0.03881070  d_yz
  265   3   2   0       0.01873219  d_z2
  265   3   2   1       0.03906871  d_xz
  265   3   2   2       0.01873256  d_x2-y2
  266   1   0   0       1.35654785  s
  266   2   1  -1       0.83001422  p_y
  266   2   1   0       0.82965550  p_z
  266   2   1   1       0.82972498  p_x
  266   3   2  -2       0.03881116  d_xy
  266   3   2  -1       0.03875848  d_yz
  266   3   2   0       0.01874764  d_z2
  266   3   2   1       0.03917342  d_xz
  266   3   2   2       0.01875921  d_x2-y2
  267   1   0   0       1.35606360  s
  267   2   1  -1       0.82988156  p_y
  267   2   1   0       0.83001942  p_z
  267   2   1   1       0.82988156  p_x
  267   3   2  -2       0.03901302  d_xy
  267   3   2  -1       0.03880922  d_yz
  267   3   2   0       0.01872365  d_z2
  267   3   2   1       0.03880922  d_xz
  267   3   2   2       0.01871793  d_x2-y2
  268   1   0   0       1.35630474  s
  268   2   1  -1       0.82978282  p_y
  268   2   1   0       0.82994255  p_z
  268   2   1   1       0.82956256  p_x
  268   3   2  -2       0.03924126  d_xy
  268   3   2  -1       0.03864496  d_yz
  268   3   2   0       0.01868759  d_z2
  268   3   2   1       0.03878714  d_xz
  268   3   2   2       0.01882579  d_x2-y2
  269   1   0   0       1.35634804  s
  269   2   1  -1       0.82995777  p_y
  269   2   1   0       0.82966364  p_z
  269   2   1   1       0.82975325  p_x
  269   3   2  -2       0.03882192  d_xy
  269   3   2  -1       0.03881215  d_yz
  269   3   2   0       0.01873584  d_z2
  269   3   2   1       0.03909832  d_xz
  269   3   2   2       0.01872603  d_x2-y2
  270   1   0   0       1.35587480  s
  270   2   1  -1       0.82989259  p_y
  270   2   1   0       0.82999978  p_z
  270   2   1   1       0.82996030  p_x
  270   3   2  -2       0.03902321  d_xy
  270   3   2  -1       0.03876252  d_yz
  270   3   2   0       0.01873092  d_z2
  270   3   2   1       0.03881400  d_xz
  270   3   2   2       0.01872105  d_x2-y2
  271   1   0   0       1.35630474  s
  271   2   1  -1       0.82956256  p_y
  271   2   1   0       0.82994255  p_z
  271   2   1   1       0.82978282  p_x
  271   3   2  -2       0.03924126  d_xy
  271   3   2  -1       0.03878714  d_yz
  271   3   2   0       0.01868759  d_z2
  271   3   2   1       0.03864496  d_xz
  271   3   2   2       0.01882579  d_x2-y2
  272   1   0   0       1.35638257  s
  272   2   1  -1       0.82775370  p_y
  272   2   1   0       0.83078832  p_z
  272   2   1   1       0.82775370  p_x
  272   3   2  -2       0.03988814  d_xy
  272   3   2  -1       0.03862778  d_yz
  272   3   2   0       0.01875896  d_z2
  272   3   2   1       0.03862778  d_xz
  272   3   2   2       0.01964291  d_x2-y2
  273   1   0   0       1.35561185  s
  273   2   1  -1       0.83006976  p_y
  273   2   1   0       0.83012475  p_z
  273   2   1   1       0.83006976  p_x
  273   3   2  -2       0.03896789  d_xy
  273   3   2  -1       0.03887481  d_yz
  273   3   2   0       0.01874062  d_z2
  273   3   2   1       0.03887481  d_xz
  273   3   2   2       0.01874859  d_x2-y2
  274   1   0   0       1.35615751  s
  274   2   1  -1       0.82989852  p_y
  274   2   1   0       0.82988248  p_z
  274   2   1   1       0.82985228  p_x
  274   3   2  -2       0.03888794  d_xy
  274   3   2  -1       0.03887588  d_yz
  274   3   2   0       0.01872468  d_z2
  274   3   2   1       0.03883987  d_xz
  274   3   2   2       0.01871013  d_x2-y2
  275   1   0   0       1.35628205  s
  275   2   1  -1       0.82981683  p_y
  275   2   1   0       0.82967958  p_z
  275   2   1   1       0.82987620  p_x
  275   3   2  -2       0.03876679  d_xy
  275   3   2  -1       0.03916671  d_yz
  275   3   2   0       0.01879797  d_z2
  275   3   2   1       0.03867907  d_xz
  275   3   2   2       0.01872279  d_x2-y2
  276   1   0   0       1.35595386  s
  276   2   1  -1       0.83001831  p_y
  276   2   1   0       0.82987518  p_z
  276   2   1   1       0.82991104  p_x
  276   3   2  -2       0.03875679  d_xy
  276   3   2  -1       0.03884978  d_yz
  276   3   2   0       0.01870968  d_z2
  276   3   2   1       0.03905628  d_xz
  276   3   2   2       0.01875125  d_x2-y2
  277   1   0   0       1.35615751  s
  277   2   1  -1       0.82985228  p_y
  277   2   1   0       0.82988248  p_z
  277   2   1   1       0.82989852  p_x
  277   3   2  -2       0.03888794  d_xy
  277   3   2  -1       0.03883987  d_yz
  277   3   2   0       0.01872468  d_z2
  277   3   2   1       0.03887588  d_xz
  277   3   2   2       0.01871013  d_x2-y2
  278   1   0   0       1.35680682  s
  278   2   1  -1       0.82970964  p_y
  278   2   1   0       0.82979392  p_z
  278   2   1   1       0.82970964  p_x
  278   3   2  -2       0.03895110  d_xy
  278   3   2  -1       0.03886331  d_yz
  278   3   2   0       0.01883862  d_z2
  278   3   2   1       0.03886331  d_xz
  278   3   2   2       0.01878588  d_x2-y2
  279   1   0   0       1.35648547  s
  279   2   1  -1       0.82873947  p_y
  279   2   1   0       0.82873163  p_z
  279   2   1   1       0.82946467  p_x
  279   3   2  -2       0.03928767  d_xy
  279   3   2  -1       0.03972201  d_yz
  279   3   2   0       0.01914234  d_z2
  279   3   2   1       0.03887292  d_xz
  279   3   2   2       0.01892200  d_x2-y2
  280   1   0   0       1.35557945  s
  280   2   1  -1       0.83014481  p_y
  280   2   1   0       0.83009145  p_z
  280   2   1   1       0.83008805  p_x
  280   3   2  -2       0.03897028  d_xy
  280   3   2  -1       0.03879580  d_yz
  280   3   2   0       0.01874083  d_z2
  280   3   2   1       0.03892570  d_xz
  280   3   2   2       0.01873391  d_x2-y2
  281   1   0   0       1.35628205  s
  281   2   1  -1       0.82987620  p_y
  281   2   1   0       0.82967958  p_z
  281   2   1   1       0.82981683  p_x
  281   3   2  -2       0.03876679  d_xy
  281   3   2  -1       0.03867907  d_yz
  281   3   2   0       0.01879797  d_z2
  281   3   2   1       0.03916671  d_xz
  281   3   2   2       0.01872279  d_x2-y2
  282   1   0   0       1.35648547  s
  282   2   1  -1       0.82946467  p_y
  282   2   1   0       0.82873163  p_z
  282   2   1   1       0.82873947  p_x
  282   3   2  -2       0.03928767  d_xy
  282   3   2  -1       0.03887292  d_yz
  282   3   2   0       0.01914234  d_z2
  282   3   2   1       0.03972201  d_xz
  282   3   2   2       0.01892200  d_x2-y2
  283   1   0   0       1.35646080  s
  283   2   1  -1       0.82974117  p_y
  283   2   1   0       0.82985393  p_z
  283   2   1   1       0.82974117  p_x
  283   3   2  -2       0.03899905  d_xy
  283   3   2  -1       0.03886948  d_yz
  283   3   2   0       0.01874026  d_z2
  283   3   2   1       0.03886948  d_xz
  283   3   2   2       0.01872465  d_x2-y2
  284   1   0   0       1.35584381  s
  284   2   1  -1       0.82995616  p_y
  284   2   1   0       0.82977836  p_z
  284   2   1   1       0.82992930  p_x
  284   3   2  -2       0.03881627  d_xy
  284   3   2  -1       0.03872990  d_yz
  284   3   2   0       0.01873554  d_z2
  284   3   2   1       0.03900255  d_xz
  284   3   2   2       0.01869429  d_x2-y2
  285   1   0   0       1.35595386  s
  285   2   1  -1       0.82991104  p_y
  285   2   1   0       0.82987518  p_z
  285   2   1   1       0.83001831  p_x
  285   3   2  -2       0.03875679  d_xy
  285   3   2  -1       0.03905628  d_yz
  285   3   2   0       0.01870968  d_z2
  285   3   2   1       0.03884978  d_xz
  285   3   2   2       0.01875125  d_x2-y2
  286   1   0   0       1.35557945  s
  286   2   1  -1       0.83008805  p_y
  286   2   1   0       0.83009145  p_z
  286   2   1   1       0.83014481  p_x
  286   3   2  -2       0.03897028  d_xy
  286   3   2  -1       0.03892570  d_yz
  286   3   2   0       0.01874083  d_z2
  286   3   2   1       0.03879580  d_xz
  286   3   2   2       0.01873391  d_x2-y2
  287   1   0   0       1.35584381  s
  287   2   1  -1       0.82992930  p_y
  287   2   1   0       0.82977836  p_z
  287   2   1   1       0.82995616  p_x
  287   3   2  -2       0.03881627  d_xy
  287   3   2  -1       0.03900255  d_yz
  287   3   2   0       0.01873554  d_z2
  287   3   2   1       0.03872990  d_xz
  287   3   2   2       0.01869429  d_x2-y2
  288   1   0   0       1.35561134  s
  288   2   1  -1       0.83016740  p_y
  288   2   1   0       0.83009791  p_z
  288   2   1   1       0.83016740  p_x
  288   3   2  -2       0.03881377  d_xy
  288   3   2  -1       0.03894633  d_yz
  288   3   2   0       0.01873243  d_z2
  288   3   2   1       0.03894633  d_xz
  288   3   2   2       0.01874130  d_x2-y2
  289   1   0   0       1.35504252  s
  289   2   1  -1       0.83052142  p_y
  289   2   1   0       0.83045897  p_z
  289   2   1   1       0.83041550  p_x
  289   3   2  -2       0.03911834  d_xy
  289   3   2  -1       0.03862519  d_yz
  289   3   2   0       0.01874805  d_z2
  289   3   2   1       0.03907761  d_xz
  289   3   2   2       0.01880557  d_x2-y2
  290   1   0   0       1.35546390  s
  290   2   1  -1       0.83022924  p_y
  290   2   1   0       0.83020313  p_z
  290   2   1   1       0.83006724  p_x
  290   3   2  -2       0.03908002  d_xy
  290   3   2  -1       0.03872590  d_yz
  290   3   2   0       0.01874955  d_z2
  290   3   2   1       0.03898880  d_xz
  290   3   2   2       0.01877332  d_x2-y2
  291   1   0   0       1.35606130  s
  291   2   1  -1       0.83014929  p_y
  291   2   1   0       0.83018414  p_z
  291   2   1   1       0.83053031  p_x
  291   3   2  -2       0.03913845  d_xy
  291   3   2  -1       0.03895786  d_yz
  291   3   2   0       0.01885335  d_z2
  291   3   2   1       0.03914383  d_xz
  291   3   2   2       0.01883449  d_x2-y2
  292   1   0   0       1.35157639  s
  292   2   1  -1       0.82853399  p_y
  292   2   1   0       0.82372110  p_z
  292   2   1   1       0.82432241  p_x
  292   3   2  -2       0.04073527  d_xy
  292   3   2  -1       0.04342060  d_yz
  292   3   2   0       0.01855355  d_z2
  292   3   2   1       0.03995545  d_xz
  292   3   2   2       0.02297241  d_x2-y2
  293   1   0   0       1.35586739  s
  293   2   1  -1       0.82996541  p_y
  293   2   1   0       0.82996504  p_z
  293   2   1   1       0.82995681  p_x
  293   3   2  -2       0.03885607  d_xy
  293   3   2  -1       0.03885196  d_yz
  293   3   2   0       0.01871532  d_z2
  293   3   2   1       0.03888106  d_xz
  293   3   2   2       0.01872007  d_x2-y2
  294   1   0   0       1.35572856  s
  294   2   1  -1       0.83006743  p_y
  294   2   1   0       0.82996251  p_z
  294   2   1   1       0.83006743  p_x
  294   3   2  -2       0.03880754  d_xy
  294   3   2  -1       0.03892250  d_yz
  294   3   2   0       0.01873645  d_z2
  294   3   2   1       0.03892250  d_xz
  294   3   2   2       0.01873140  d_x2-y2
  295   1   0   0       1.35612477  s
  295   2   1  -1       0.82989717  p_y
  295   2   1   0       0.82982755  p_z
  295   2   1   1       0.82993126  p_x
  295   3   2  -2       0.03880154  d_xy
  295   3   2  -1       0.03901545  d_yz
  295   3   2   0       0.01872393  d_z2
  295   3   2   1       0.03886818  d_xz
  295   3   2   2       0.01874586  d_x2-y2
  296   1   0   0       1.35559009  s
  296   2   1  -1       0.83006926  p_y
  296   2   1   0       0.83025659  p_z
  296   2   1   1       0.82997487  p_x
  296   3   2  -2       0.03907413  d_xy
  296   3   2  -1       0.03880822  d_yz
  296   3   2   0       0.01870656  d_z2
  296   3   2   1       0.03875701  d_xz
  296   3   2   2       0.01875850  d_x2-y2
  297   1   0   0       1.35563801  s
  297   2   1  -1       0.83023489  p_y
  297   2   1   0       0.82995064  p_z
  297   2   1   1       0.83000276  p_x
  297   3   2  -2       0.03876025  d_xy
  297   3   2  -1       0.03877666  d_yz
  297   3   2   0       0.01873646  d_z2
  297   3   2   1       0.03908061  d_xz
  297   3   2   2       0.01872486  d_x2-y2
  298   1   0   0       1.35612477  s
  298   2   1  -1       0.82993126  p_y
  298   2   1   0       0.82982755  p_z
  298   2   1   1       0.82989717  p_x
  298   3   2  -2       0.03880154  d_xy
  298   3   2  -1       0.03886818  d_yz
  298   3   2   0       0.01872393  d_z2
  298   3   2   1       0.03901545  d_xz
  298   3   2   2       0.01874586  d_x2-y2
  299   1   0   0       1.35568595  s
  299   2   1  -1       0.83000973  p_y
  299   2   1   0       0.83015147  p_z
  299   2   1   1       0.83000973  p_x
  299   3   2  -2       0.03900854  d_xy
  299   3   2  -1       0.03881546  d_yz
  299   3   2   0       0.01872814  d_z2
  299   3   2   1       0.03881546  d_xz
  299   3   2   2       0.01874281  d_x2-y2
  300   1   0   0       1.35593353  s
  300   2   1  -1       0.82989276  p_y
  300   2   1   0       0.82990852  p_z
  300   2   1   1       0.82999051  p_x
  300   3   2  -2       0.03901591  d_xy
  300   3   2  -1       0.03891980  d_yz
  300   3   2   0       0.01876871  d_z2
  300   3   2   1       0.03887629  d_xz
  300   3   2   2       0.01874447  d_x2-y2
  301   1   0   0       1.35619407  s
  301   2   1  -1       0.83002247  p_y
  301   2   1   0       0.82992652  p_z
  301   2   1   1       0.82980674  p_x
  301   3   2  -2       0.03880153  d_xy
  301   3   2  -1       0.03877405  d_yz
  301   3   2   0       0.01872190  d_z2
  301   3   2   1       0.03911309  d_xz
  301   3   2   2       0.01876601  d_x2-y2
  302   1   0   0       1.35559009  s
  302   2   1  -1       0.82997487  p_y
  302   2   1   0       0.83025659  p_z
  302   2   1   1       0.83006926  p_x
  302   3   2  -2       0.03907413  d_xy
  302   3   2  -1       0.03875701  d_yz
  302   3   2   0       0.01870656  d_z2
  302   3   2   1       0.03880822  d_xz
  302   3   2   2       0.01875850  d_x2-y2
  303   1   0   0       1.35593353  s
  303   2   1  -1       0.82999051  p_y
  303   2   1   0       0.82990852  p_z
  303   2   1   1       0.82989276  p_x
  303   3   2  -2       0.03901591  d_xy
  303   3   2  -1       0.03887629  d_yz
  303   3   2   0       0.01876871  d_z2
  303   3   2   1       0.03891980  d_xz
  303   3   2   2       0.01874447  d_x2-y2
  304   1   0   0       1.35645654  s
  304   2   1  -1       0.83018280  p_y
  304   2   1   0       0.82982580  p_z
  304   2   1   1       0.83018280  p_x
  304   3   2  -2       0.03914143  d_xy
  304   3   2  -1       0.03902918  d_yz
  304   3   2   0       0.01895621  d_z2
  304   3   2   1       0.03902918  d_xz
  304   3   2   2       0.01868240  d_x2-y2
  305   1   0   0       1.35587797  s
  305   2   1  -1       0.83000358  p_y
  305   2   1   0       0.82993058  p_z
  305   2   1   1       0.83000358  p_x
  305   3   2  -2       0.03885867  d_xy
  305   3   2  -1       0.03886903  d_yz
  305   3   2   0       0.01872566  d_z2
  305   3   2   1       0.03886903  d_xz
  305   3   2   2       0.01870935  d_x2-y2
  306   1   0   0       1.35576597  s
  306   2   1  -1       0.82998413  p_y
  306   2   1   0       0.83000698  p_z
  306   2   1   1       0.83007564  p_x
  306   3   2  -2       0.03889110  d_xy
  306   3   2  -1       0.03891851  d_yz
  306   3   2   0       0.01873057  d_z2
  306   3   2   1       0.03882661  d_xz
  306   3   2   2       0.01872463  d_x2-y2
  307   1   0   0       1.35589475  s
  307   2   1  -1       0.82986702  p_y
  307   2   1   0       0.83002858  p_z
  307   2   1   1       0.83001221  p_x
  307   3   2  -2       0.03890553  d_xy
  307   3   2  -1       0.03905657  d_yz
  307   3   2   0       0.01874115  d_z2
  307   3   2   1       0.03882811  d_xz
  307   3   2   2       0.01877032  d_x2-y2
  308   1   0   0       1.35563302  s
  308   2   1  -1       0.83013553  p_y
  308   2   1   0       0.82988167  p_z
  308   2   1   1       0.82984415  p_x
  308   3   2  -2       0.03863831  d_xy
  308   3   2  -1       0.03876749  d_yz
  308   3   2   0       0.01869960  d_z2
  308   3   2   1       0.03907118  d_xz
  308   3   2   2       0.01871314  d_x2-y2
  309   1   0   0       1.35576597  s
  309   2   1  -1       0.83007564  p_y
  309   2   1   0       0.83000698  p_z
  309   2   1   1       0.82998413  p_x
  309   3   2  -2       0.03889110  d_xy
  309   3   2  -1       0.03882661  d_yz
  309   3   2   0       0.01873057  d_z2
  309   3   2   1       0.03891851  d_xz
  309   3   2   2       0.01872463  d_x2-y2
  310   1   0   0       1.35622679  s
  310   2   1  -1       0.82978371  p_y
  310   2   1   0       0.82984369  p_z
  310   2   1   1       0.82978371  p_x
  310   3   2  -2       0.03891337  d_xy
  310   3   2  -1       0.03890957  d_yz
  310   3   2   0       0.01874575  d_z2
  310   3   2   1       0.03890957  d_xz
  310   3   2   2       0.01872806  d_x2-y2
  311   1   0   0       1.35655946  s
  311   2   1  -1       0.82953509  p_y
  311   2   1   0       0.82942807  p_z
  311   2   1   1       0.82948523  p_x
  311   3   2  -2       0.03897039  d_xy
  311   3   2  -1       0.03922767  d_yz
  311   3   2   0       0.01867350  d_z2
  311   3   2   1       0.03856729  d_xz
  311   3   2   2       0.01871421  d_x2-y2
  312   1   0   0       1.35579685  s
  312   2   1  -1       0.82997136  p_y
  312   2   1   0       0.83002695  p_z
  312   2   1   1       0.82995416  p_x
  312   3   2  -2       0.03893121  d_xy
  312   3   2  -1       0.03881618  d_yz
  312   3   2   0       0.01872340  d_z2
  312   3   2   1       0.03887228  d_xz
  312   3   2   2       0.01872585  d_x2-y2
  313   1   0   0       1.35589475  s
  313   2   1  -1       0.83001221  p_y
  313   2   1   0       0.83002858  p_z
  313   2   1   1       0.82986702  p_x
  313   3   2  -2       0.03890553  d_xy
  313   3   2  -1       0.03882811  d_yz
  313   3   2   0       0.01874115  d_z2
  313   3   2   1       0.03905657  d_xz
  313   3   2   2       0.01877032  d_x2-y2
  314   1   0   0       1.35655946  s
  314   2   1  -1       0.82948523  p_y
  314   2   1   0       0.82942807  p_z
  314   2   1   1       0.82953509  p_x
  314   3   2  -2       0.03897039  d_xy
  314   3   2  -1       0.03856729  d_yz
  314   3   2   0       0.01867350  d_z2
  314   3   2   1       0.03922767  d_xz
  314   3   2   2       0.01871421  d_x2-y2
  315   1   0   0       1.35631699  s
  315   2   1  -1       0.82979868  p_y
  315   2   1   0       0.82993641  p_z
  315   2   1   1       0.82979868  p_x
  315   3   2  -2       0.03900948  d_xy
  315   3   2  -1       0.03884686  d_yz
  315   3   2   0       0.01875713  d_z2
  315   3   2   1       0.03884686  d_xz
  315   3   2   2       0.01874503  d_x2-y2
  316   1   0   0       1.35546185  s
  316   2   1  -1       0.83024966  p_y
  316   2   1   0       0.83024087  p_z
  316   2   1   1       0.83007556  p_x
  316   3   2  -2       0.03899990  d_xy
  316   3   2  -1       0.03867999  d_yz
  316   3   2   0       0.01872539  d_z2
  316   3   2   1       0.03899427  d_xz
  316   3   2   2       0.01875379  d_x2-y2
  317   1   0   0       1.35632860  s
  317   2   1  -1       0.82998822  p_y
  317   2   1   0       0.82996807  p_z
  317   2   1   1       0.82980419  p_x
  317   3   2  -2       0.03889466  d_xy
  317   3   2  -1       0.03888789  d_yz
  317   3   2   0       0.01871725  d_z2
  317   3   2   1       0.03915904  d_xz
  317   3   2   2       0.01883168  d_x2-y2
  318   1   0   0       1.35609197  s
  318   2   1  -1       0.82986136  p_y
  318   2   1   0       0.82996115  p_z
  318   2   1   1       0.82979758  p_x
  318   3   2  -2       0.03906127  d_xy
  318   3   2  -1       0.03881776  d_yz
  318   3   2   0       0.01875524  d_z2
  318   3   2   1       0.03883029  d_xz
  318   3   2   2       0.01872851  d_x2-y2
  319   1   0   0       1.35640518  s
  319   2   1  -1       0.82979406  p_y
  319   2   1   0       0.82986371  p_z
  319   2   1   1       0.82978570  p_x
  319   3   2  -2       0.03904509  d_xy
  319   3   2  -1       0.03887369  d_yz
  319   3   2   0       0.01877457  d_z2
  319   3   2   1       0.03883110  d_xz
  319   3   2   2       0.01874201  d_x2-y2
  320   1   0   0       1.35585092  s
  320   2   1  -1       0.82999265  p_y
  320   2   1   0       0.83009803  p_z
  320   2   1   1       0.82981590  p_x
  320   3   2  -2       0.03885037  d_xy
  320   3   2  -1       0.03882432  d_yz
  320   3   2   0       0.01870176  d_z2
  320   3   2   1       0.03909496  d_xz
  320   3   2   2       0.01878327  d_x2-y2
  321   1   0   0       1.35555594  s
  321   2   1  -1       0.82997530  p_y
  321   2   1   0       0.83003771  p_z
  321   2   1   1       0.82997530  p_x
  321   3   2  -2       0.03860221  d_xy
  321   3   2  -1       0.03892911  d_yz
  321   3   2   0       0.01871339  d_z2
  321   3   2   1       0.03892911  d_xz
  321   3   2   2       0.01871050  d_x2-y2
  322   1   0   0       1.35557503  s
  322   2   1  -1       0.83009020  p_y
  322   2   1   0       0.83005913  p_z
  322   2   1   1       0.83014958  p_x
  322   3   2  -2       0.03881333  d_xy
  322   3   2  -1       0.03902872  d_yz
  322   3   2   0       0.01877214  d_z2
  322   3   2   1       0.03888026  d_xz
  322   3   2   2       0.01872679  d_x2-y2
  323   1   0   0       1.35583451  s
  323   2   1  -1       0.82999657  p_y
  323   2   1   0       0.83015613  p_z
  323   2   1   1       0.83007390  p_x
  323   3   2  -2       0.03880658  d_xy
  323   3   2  -1       0.03904153  d_yz
  323   3   2   0       0.01871463  d_z2
  323   3   2   1       0.03884771  d_xz
  323   3   2   2       0.01875699  d_x2-y2
  324   1   0   0       1.35530257  s
  324   2   1  -1       0.83022294  p_y
  324   2   1   0       0.83018222  p_z
  324   2   1   1       0.83028347  p_x
  324   3   2  -2       0.03897687  d_xy
  324   3   2  -1       0.03907802  d_yz
  324   3   2   0       0.01874229  d_z2
  324   3   2   1       0.03868744  d_xz
  324   3   2   2       0.01877540  d_x2-y2
  325   1   0   0       1.35557503  s
  325   2   1  -1       0.83014958  p_y
  325   2   1   0       0.83005913  p_z
  325   2   1   1       0.83009020  p_x
  325   3   2  -2       0.03881333  d_xy
  325   3   2  -1       0.03888026  d_yz
  325   3   2   0       0.01877214  d_z2
  325   3   2   1       0.03902872  d_xz
  325   3   2   2       0.01872679  d_x2-y2
  326   1   0   0       1.35583586  s
  326   2   1  -1       0.83007568  p_y
  326   2   1   0       0.83007652  p_z
  326   2   1   1       0.83007568  p_x
  326   3   2  -2       0.03887752  d_xy
  326   3   2  -1       0.03892103  d_yz
  326   3   2   0       0.01873668  d_z2
  326   3   2   1       0.03892103  d_xz
  326   3   2   2       0.01874745  d_x2-y2
  327   1   0   0       1.35556776  s
  327   2   1  -1       0.83015072  p_y
  327   2   1   0       0.83009935  p_z
  327   2   1   1       0.83028556  p_x
  327   3   2  -2       0.03902713  d_xy
  327   3   2  -1       0.03887914  d_yz
  327   3   2   0       0.01877098  d_z2
  327   3   2   1       0.03887866  d_xz
  327   3   2   2       0.01874305  d_x2-y2
  328   1   0   0       1.35666959  s
  328   2   1  -1       0.82906429  p_y
  328   2   1   0       0.82949003  p_z
  328   2   1   1       0.82982956  p_x
  328   3   2  -2       0.03903920  d_xy
  328   3   2  -1       0.03932774  d_yz
  328   3   2   0       0.01895209  d_z2
  328   3   2   1       0.03857896  d_xz
  328   3   2   2       0.01902756  d_x2-y2
  329   1   0   0       1.35583451  s
  329   2   1  -1       0.83007390  p_y
  329   2   1   0       0.83015613  p_z
  329   2   1   1       0.82999657  p_x
  329   3   2  -2       0.03880658  d_xy
  329   3   2  -1       0.03884771  d_yz
  329   3   2   0       0.01871463  d_z2
  329   3   2   1       0.03904153  d_xz
  329   3   2   2       0.01875699  d_x2-y2
  330   1   0   0       1.35556776  s
  330   2   1  -1       0.83028556  p_y
  330   2   1   0       0.83009935  p_z
  330   2   1   1       0.83015072  p_x
  330   3   2  -2       0.03902713  d_xy
  330   3   2  -1       0.03887866  d_yz
  330   3   2   0       0.01877098  d_z2
  330   3   2   1       0.03887914  d_xz
  330   3   2   2       0.01874305  d_x2-y2
  331   1   0   0       1.35861889  s
  331   2   1  -1       0.82732104  p_y
  331   2   1   0       0.82918921  p_z
  331   2   1   1       0.82732104  p_x
  331   3   2  -2       0.03723541  d_xy
  331   3   2  -1       0.03965237  d_yz
  331   3   2   0       0.01893781  d_z2
  331   3   2   1       0.03965237  d_xz
  331   3   2   2       0.01950788  d_x2-y2
  332   1   0   0       1.36125663  s
  332   2   1  -1       0.83623089  p_y
  332   2   1   0       0.83170918  p_z
  332   2   1   1       0.83310561  p_x
  332   3   2  -2       0.03904214  d_xy
  332   3   2  -1       0.04017163  d_yz
  332   3   2   0       0.01926052  d_z2
  332   3   2   1       0.03759664  d_xz
  332   3   2   2       0.01854820  d_x2-y2
  333   1   0   0       1.35530257  s
  333   2   1  -1       0.83028347  p_y
  333   2   1   0       0.83018222  p_z
  333   2   1   1       0.83022294  p_x
  333   3   2  -2       0.03897687  d_xy
  333   3   2  -1       0.03868744  d_yz
  333   3   2   0       0.01874229  d_z2
  333   3   2   1       0.03907802  d_xz
  333   3   2   2       0.01877540  d_x2-y2
  334   1   0   0       1.35666959  s
  334   2   1  -1       0.82982956  p_y
  334   2   1   0       0.82949003  p_z
  334   2   1   1       0.82906429  p_x
  334   3   2  -2       0.03903920  d_xy
  334   3   2  -1       0.03857896  d_yz
  334   3   2   0       0.01895209  d_z2
  334   3   2   1       0.03932774  d_xz
  334   3   2   2       0.01902756  d_x2-y2
  335   1   0   0       1.36125663  s
  335   2   1  -1       0.83310561  p_y
  335   2   1   0       0.83170918  p_z
  335   2   1   1       0.83623089  p_x
  335   3   2  -2       0.03904214  d_xy
  335   3   2  -1       0.03759664  d_yz
  335   3   2   0       0.01926052  d_z2
  335   3   2   1       0.04017163  d_xz
  335   3   2   2       0.01854820  d_x2-y2
  336   1   0   0       1.35648316  s
  336   2   1  -1       0.82879482  p_y
  336   2   1   0       0.82919425  p_z
  336   2   1   1       0.82879482  p_x
  336   3   2  -2       0.03943632  d_xy
  336   3   2  -1       0.03872426  d_yz
  336   3   2   0       0.01890739  d_z2
  336   3   2   1       0.03872426  d_xz
  336   3   2   2       0.01924049  d_x2-y2
  337   1   0   0       1.35591865  s
  337   2   1  -1       0.82982334  p_y
  337   2   1   0       0.82998848  p_z
  337   2   1   1       0.82982334  p_x
  337   3   2  -2       0.03878948  d_xy
  337   3   2  -1       0.03896057  d_yz
  337   3   2   0       0.01878646  d_z2
  337   3   2   1       0.03896057  d_xz
  337   3   2   2       0.01875581  d_x2-y2
  338   1   0   0       1.35587641  s
  338   2   1  -1       0.82917460  p_y
  338   2   1   0       0.83010218  p_z
  338   2   1   1       0.82913366  p_x
  338   3   2  -2       0.03896303  d_xy
  338   3   2  -1       0.03920646  d_yz
  338   3   2   0       0.01884407  d_z2
  338   3   2   1       0.03908898  d_xz
  338   3   2   2       0.01875901  d_x2-y2
  339   1   0   0       1.35497266  s
  339   2   1  -1       0.83031597  p_y
  339   2   1   0       0.82962426  p_z
  339   2   1   1       0.82974447  p_x
  339   3   2  -2       0.03926025  d_xy
  339   3   2  -1       0.03945135  d_yz
  339   3   2   0       0.01880688  d_z2
  339   3   2   1       0.03895088  d_xz
  339   3   2   2       0.01903233  d_x2-y2
  340   1   0   0       1.35577748  s
  340   2   1  -1       0.83001977  p_y
  340   2   1   0       0.83007169  p_z
  340   2   1   1       0.83000898  p_x
  340   3   2  -2       0.03892656  d_xy
  340   3   2  -1       0.03886366  d_yz
  340   3   2   0       0.01872800  d_z2
  340   3   2   1       0.03888187  d_xz
  340   3   2   2       0.01873452  d_x2-y2
  341   1   0   0       1.35587641  s
  341   2   1  -1       0.82913366  p_y
  341   2   1   0       0.83010218  p_z
  341   2   1   1       0.82917460  p_x
  341   3   2  -2       0.03896303  d_xy
  341   3   2  -1       0.03908898  d_yz
  341   3   2   0       0.01884407  d_z2
  341   3   2   1       0.03920646  d_xz
  341   3   2   2       0.01875901  d_x2-y2
  342   1   0   0       1.35566005  s
  342   2   1  -1       0.82961307  p_y
  342   2   1   0       0.82854066  p_z
  342   2   1   1       0.82961307  p_x
  342   3   2  -2       0.03936926  d_xy
  342   3   2  -1       0.03921072  d_yz
  342   3   2   0       0.01890114  d_z2
  342   3   2   1       0.03921072  d_xz
  342   3   2   2       0.01882148  d_x2-y2
  343   1   0   0       1.35620525  s
  343   2   1  -1       0.82984455  p_y
  343   2   1   0       0.82982101  p_z
  343   2   1   1       0.82984811  p_x
  343   3   2  -2       0.03910021  d_xy
  343   3   2  -1       0.03878863  d_yz
  343   3   2   0       0.01877039  d_z2
  343   3   2   1       0.03880936  d_xz
  343   3   2   2       0.01871737  d_x2-y2
  344   1   0   0       1.35626745  s
  344   2   1  -1       0.82991735  p_y
  344   2   1   0       0.82980333  p_z
  344   2   1   1       0.82972095  p_x
  344   3   2  -2       0.03882579  d_xy
  344   3   2  -1       0.03875086  d_yz
  344   3   2   0       0.01874278  d_z2
  344   3   2   1       0.03910706  d_xz
  344   3   2   2       0.01873808  d_x2-y2
  345   1   0   0       1.35497266  s
  345   2   1  -1       0.82974447  p_y
  345   2   1   0       0.82962426  p_z
  345   2   1   1       0.83031597  p_x
  345   3   2  -2       0.03926025  d_xy
  345   3   2  -1       0.03895088  d_yz
  345   3   2   0       0.01880688  d_z2
  345   3   2   1       0.03945135  d_xz
  345   3   2   2       0.01903233  d_x2-y2
  346   1   0   0       1.35620525  s
  346   2   1  -1       0.82984811  p_y
  346   2   1   0       0.82982101  p_z
  346   2   1   1       0.82984455  p_x
  346   3   2  -2       0.03910021  d_xy
  346   3   2  -1       0.03880936  d_yz
  346   3   2   0       0.01877039  d_z2
  346   3   2   1       0.03878863  d_xz
  346   3   2   2       0.01871737  d_x2-y2
  347   1   0   0       1.37499812  s
  347   2   1  -1       0.76220530  p_y
  347   2   1   0       0.85289672  p_z
  347   2   1   1       0.76220530  p_x
  347   3   2  -2       0.03092505  d_xy
  347   3   2  -1       0.03522270  d_yz
  347   3   2   0       0.02881584  d_z2
  347   3   2   1       0.03522270  d_xz
  347   3   2   2       0.06018862  d_x2-y2
  348   1   0   0       1.35627401  s
  348   2   1  -1       0.82989999  p_y
  348   2   1   0       0.82990480  p_z
  348   2   1   1       0.82976278  p_x
  348   3   2  -2       0.03885070  d_xy
  348   3   2  -1       0.03879826  d_yz
  348   3   2   0       0.01871746  d_z2
  348   3   2   1       0.03911629  d_xz
  348   3   2   2       0.01877806  d_x2-y2
  349   1   0   0       1.35577748  s
  349   2   1  -1       0.83000898  p_y
  349   2   1   0       0.83007169  p_z
  349   2   1   1       0.83001977  p_x
  349   3   2  -2       0.03892656  d_xy
  349   3   2  -1       0.03888187  d_yz
  349   3   2   0       0.01872800  d_z2
  349   3   2   1       0.03886366  d_xz
  349   3   2   2       0.01873452  d_x2-y2
  350   1   0   0       1.35626745  s
  350   2   1  -1       0.82972095  p_y
  350   2   1   0       0.82980333  p_z
  350   2   1   1       0.82991735  p_x
  350   3   2  -2       0.03882579  d_xy
  350   3   2  -1       0.03910706  d_yz
  350   3   2   0       0.01874278  d_z2
  350   3   2   1       0.03875086  d_xz
  350   3   2   2       0.01873808  d_x2-y2
  351   1   0   0       1.35627401  s
  351   2   1  -1       0.82976278  p_y
  351   2   1   0       0.82990480  p_z
  351   2   1   1       0.82989999  p_x
  351   3   2  -2       0.03885070  d_xy
  351   3   2  -1       0.03911629  d_yz
  351   3   2   0       0.01871746  d_z2
  351   3   2   1       0.03879826  d_xz
  351   3   2   2       0.01877806  d_x2-y2
  352   1   0   0       1.35583324  s
  352   2   1  -1       0.83001081  p_y
  352   2   1   0       0.83000859  p_z
  352   2   1   1       0.83001081  p_x
  352   3   2  -2       0.03890656  d_xy
  352   3   2  -1       0.03885702  d_yz
  352   3   2   0       0.01872084  d_z2
  352   3   2   1       0.03885702  d_xz
  352   3   2   2       0.01872057  d_x2-y2
  353   1   0   0       1.35635743  s
  353   2   1  -1       0.82987769  p_y
  353   2   1   0       0.82982024  p_z
  353   2   1   1       0.82978217  p_x
  353   3   2  -2       0.03885964  d_xy
  353   3   2  -1       0.03885482  d_yz
  353   3   2   0       0.01871924  d_z2
  353   3   2   1       0.03905659  d_xz
  353   3   2   2       0.01876467  d_x2-y2
  354   1   0   0       1.35631494  s
  354   2   1  -1       0.82961677  p_y
  354   2   1   0       0.82956161  p_z
  354   2   1   1       0.82953031  p_x
  354   3   2  -2       0.03879551  d_xy
  354   3   2  -1       0.03877267  d_yz
  354   3   2   0       0.01866157  d_z2
  354   3   2   1       0.03913928  d_xz
  354   3   2   2       0.01875219  d_x2-y2
  355   1   0   0       1.35420253  s
  355   2   1  -1       0.82941681  p_y
  355   2   1   0       0.82915323  p_z
  355   2   1   1       0.83039792  p_x
  355   3   2  -2       0.03919804  d_xy
  355   3   2  -1       0.03915221  d_yz
  355   3   2   0       0.01891044  d_z2
  355   3   2   1       0.03933647  d_xz
  355   3   2   2       0.01966033  d_x2-y2
  356   1   0   0       1.35641363  s
  356   2   1  -1       0.82947421  p_y
  356   2   1   0       0.82975771  p_z
  356   2   1   1       0.82950378  p_x
  356   3   2  -2       0.03917084  d_xy
  356   3   2  -1       0.03879550  d_yz
  356   3   2   0       0.01879550  d_z2
  356   3   2   1       0.03882638  d_xz
  356   3   2   2       0.01863436  d_x2-y2
  357   1   0   0       1.35544517  s
  357   2   1  -1       0.83021486  p_y
  357   2   1   0       0.83012418  p_z
  357   2   1   1       0.83028951  p_x
  357   3   2  -2       0.03880462  d_xy
  357   3   2  -1       0.03893274  d_yz
  357   3   2   0       0.01880154  d_z2
  357   3   2   1       0.03905603  d_xz
  357   3   2   2       0.01871489  d_x2-y2
  358   1   0   0       1.35567532  s
  358   2   1  -1       0.83003156  p_y
  358   2   1   0       0.83008005  p_z
  358   2   1   1       0.83003156  p_x
  358   3   2  -2       0.03884943  d_xy
  358   3   2  -1       0.03890020  d_yz
  358   3   2   0       0.01873407  d_z2
  358   3   2   1       0.03890020  d_xz
  358   3   2   2       0.01873944  d_x2-y2
  359   1   0   0       1.35580686  s
  359   2   1  -1       0.83002985  p_y
  359   2   1   0       0.82995754  p_z
  359   2   1   1       0.82999651  p_x
  359   3   2  -2       0.03885393  d_xy
  359   3   2  -1       0.03890952  d_yz
  359   3   2   0       0.01873999  d_z2
  359   3   2   1       0.03886446  d_xz
  359   3   2   2       0.01872252  d_x2-y2
  360   1   0   0       1.35647931  s
  360   2   1  -1       0.82964217  p_y
  360   2   1   0       0.82981538  p_z
  360   2   1   1       0.82978640  p_x
  360   3   2  -2       0.03897488  d_xy
  360   3   2  -1       0.03909348  d_yz
  360   3   2   0       0.01872368  d_z2
  360   3   2   1       0.03882649  d_xz
  360   3   2   2       0.01875988  d_x2-y2
  361   1   0   0       1.35563811  s
  361   2   1  -1       0.83015052  p_y
  361   2   1   0       0.83009877  p_z
  361   2   1   1       0.83010926  p_x
  361   3   2  -2       0.03884939  d_xy
  361   3   2  -1       0.03882469  d_yz
  361   3   2   0       0.01874777  d_z2
  361   3   2   1       0.03902831  d_xz
  361   3   2   2       0.01874345  d_x2-y2
  362   1   0   0       1.35580686  s
  362   2   1  -1       0.82999651  p_y
  362   2   1   0       0.82995754  p_z
  362   2   1   1       0.83002985  p_x
  362   3   2  -2       0.03885393  d_xy
  362   3   2  -1       0.03886446  d_yz
  362   3   2   0       0.01873999  d_z2
  362   3   2   1       0.03890952  d_xz
  362   3   2   2       0.01872252  d_x2-y2
  363   1   0   0       1.35648055  s
  363   2   1  -1       0.82937960  p_y
  363   2   1   0       0.82993009  p_z
  363   2   1   1       0.82937960  p_x
  363   3   2  -2       0.03892753  d_xy
  363   3   2  -1       0.03912097  d_yz
  363   3   2   0       0.01867558  d_z2
  363   3   2   1       0.03912097  d_xz
  363   3   2   2       0.01881584  d_x2-y2
  364   1   0   0       1.35655442  s
  364   2   1  -1       0.82936273  p_y
  364   2   1   0       0.82878288  p_z
  364   2   1   1       0.82996105  p_x
  364   3   2  -2       0.03876709  d_xy
  364   3   2  -1       0.03976214  d_yz
  364   3   2   0       0.01954961  d_z2
  364   3   2   1       0.03884051  d_xz
  364   3   2   2       0.01856334  d_x2-y2
  365   1   0   0       1.35573986  s
  365   2   1  -1       0.83001633  p_y
  365   2   1   0       0.82989743  p_z
  365   2   1   1       0.82993256  p_x
  365   3   2  -2       0.03877900  d_xy
  365   3   2  -1       0.03882704  d_yz
  365   3   2   0       0.01873960  d_z2
  365   3   2   1       0.03904412  d_xz
  365   3   2   2       0.01872554  d_x2-y2
  366   1   0   0       1.35647931  s
  366   2   1  -1       0.82978640  p_y
  366   2   1   0       0.82981538  p_z
  366   2   1   1       0.82964217  p_x
  366   3   2  -2       0.03897488  d_xy
  366   3   2  -1       0.03882649  d_yz
  366   3   2   0       0.01872368  d_z2
  366   3   2   1       0.03909348  d_xz
  366   3   2   2       0.01875988  d_x2-y2
  367   1   0   0       1.35655442  s
  367   2   1  -1       0.82996105  p_y
  367   2   1   0       0.82878288  p_z
  367   2   1   1       0.82936273  p_x
  367   3   2  -2       0.03876709  d_xy
  367   3   2  -1       0.03884051  d_yz
  367   3   2   0       0.01954961  d_z2
  367   3   2   1       0.03976214  d_xz
  367   3   2   2       0.01856334  d_x2-y2
  368   1   0   0       1.35639933  s
  368   2   1  -1       0.82792490  p_y
  368   2   1   0       0.83017637  p_z
  368   2   1   1       0.82792490  p_x
  368   3   2  -2       0.03983155  d_xy
  368   3   2  -1       0.03860360  d_yz
  368   3   2   0       0.01861184  d_z2
  368   3   2   1       0.03860360  d_xz
  368   3   2   2       0.01985371  d_x2-y2
  369   1   0   0       1.35576121  s
  369   2   1  -1       0.82999928  p_y
  369   2   1   0       0.82983922  p_z
  369   2   1   1       0.82999928  p_x
  369   3   2  -2       0.03875600  d_xy
  369   3   2  -1       0.03899817  d_yz
  369   3   2   0       0.01875387  d_z2
  369   3   2   1       0.03899817  d_xz
  369   3   2   2       0.01873814  d_x2-y2
  370   1   0   0       1.35599231  s
  370   2   1  -1       0.83005930  p_y
  370   2   1   0       0.83015652  p_z
  370   2   1   1       0.83021202  p_x
  370   3   2  -2       0.03885818  d_xy
  370   3   2  -1       0.03909715  d_yz
  370   3   2   0       0.01883013  d_z2
  370   3   2   1       0.03885082  d_xz
  370   3   2   2       0.01872825  d_x2-y2
  371   1   0   0       1.35612999  s
  371   2   1  -1       0.82960595  p_y
  371   2   1   0       0.82922458  p_z
  371   2   1   1       0.83004469  p_x
  371   3   2  -2       0.03843070  d_xy
  371   3   2  -1       0.03926291  d_yz
  371   3   2   0       0.01873307  d_z2
  371   3   2   1       0.03863536  d_xz
  371   3   2   2       0.01861095  d_x2-y2
  372   1   0   0       1.35581847  s
  372   2   1  -1       0.83001484  p_y
  372   2   1   0       0.83003604  p_z
  372   2   1   1       0.83002043  p_x
  372   3   2  -2       0.03892256  d_xy
  372   3   2  -1       0.03887336  d_yz
  372   3   2   0       0.01873302  d_z2
  372   3   2   1       0.03886558  d_xz
  372   3   2   2       0.01873043  d_x2-y2
  373   1   0   0       1.35599231  s
  373   2   1  -1       0.83021202  p_y
  373   2   1   0       0.83015652  p_z
  373   2   1   1       0.83005930  p_x
  373   3   2  -2       0.03885818  d_xy
  373   3   2  -1       0.03885082  d_yz
  373   3   2   0       0.01883013  d_z2
  373   3   2   1       0.03909715  d_xz
  373   3   2   2       0.01872825  d_x2-y2
  374   1   0   0       1.35633569  s
  374   2   1  -1       0.82976801  p_y
  374   2   1   0       0.82950143  p_z
  374   2   1   1       0.82976801  p_x
  374   3   2  -2       0.03858633  d_xy
  374   3   2  -1       0.03889451  d_yz
  374   3   2   0       0.01870525  d_z2
  374   3   2   1       0.03889451  d_xz
  374   3   2   2       0.01863549  d_x2-y2
  375   1   0   0       1.35594913  s
  375   2   1  -1       0.82992722  p_y
  375   2   1   0       0.83024206  p_z
  375   2   1   1       0.82952549  p_x
  375   3   2  -2       0.03923477  d_xy
  375   3   2  -1       0.03855400  d_yz
  375   3   2   0       0.01863614  d_z2
  375   3   2   1       0.03873364  d_xz
  375   3   2   2       0.01877372  d_x2-y2
  376   1   0   0       1.35603876  s
  376   2   1  -1       0.82998283  p_y
  376   2   1   0       0.82978360  p_z
  376   2   1   1       0.82986652  p_x
  376   3   2  -2       0.03877298  d_xy
  376   3   2  -1       0.03880087  d_yz
  376   3   2   0       0.01874086  d_z2
  376   3   2   1       0.03912251  d_xz
  376   3   2   2       0.01874366  d_x2-y2
  377   1   0   0       1.35612999  s
  377   2   1  -1       0.83004469  p_y
  377   2   1   0       0.82922458  p_z
  377   2   1   1       0.82960595  p_x
  377   3   2  -2       0.03843070  d_xy
  377   3   2  -1       0.03863536  d_yz
  377   3   2   0       0.01873307  d_z2
  377   3   2   1       0.03926291  d_xz
  377   3   2   2       0.01861095  d_x2-y2
  378   1   0   0       1.35594913  s
  378   2   1  -1       0.82952549  p_y
  378   2   1   0       0.83024206  p_z
  378   2   1   1       0.82992722  p_x
  378   3   2  -2       0.03923477  d_xy
  378   3   2  -1       0.03873364  d_yz
  378   3   2   0       0.01863614  d_z2
  378   3   2   1       0.03855400  d_xz
  378   3   2   2       0.01877372  d_x2-y2
  379   1   0   0       1.35659732  s
  379   2   1  -1       0.83097581  p_y
  379   2   1   0       0.82604306  p_z
  379   2   1   1       0.83097581  p_x
  379   3   2  -2       0.03900892  d_xy
  379   3   2  -1       0.04254826  d_yz
  379   3   2   0       0.02046886  d_z2
  379   3   2   1       0.04254826  d_xz
  379   3   2   2       0.01942086  d_x2-y2
  380   1   0   0       1.35627439  s
  380   2   1  -1       0.82993471  p_y
  380   2   1   0       0.82973199  p_z
  380   2   1   1       0.82983576  p_x
  380   3   2  -2       0.03878371  d_xy
  380   3   2  -1       0.03881957  d_yz
  380   3   2   0       0.01873647  d_z2
  380   3   2   1       0.03907896  d_xz
  380   3   2   2       0.01873673  d_x2-y2
  381   1   0   0       1.35537099  s
  381   2   1  -1       0.83037981  p_y
  381   2   1   0       0.83029676  p_z
  381   2   1   1       0.83050276  p_x
  381   3   2  -2       0.03906553  d_xy
  381   3   2  -1       0.03868656  d_yz
  381   3   2   0       0.01875408  d_z2
  381   3   2   1       0.03916590  d_xz
  381   3   2   2       0.01885635  d_x2-y2
  382   1   0   0       1.35658187  s
  382   2   1  -1       0.82842671  p_y
  382   2   1   0       0.83139478  p_z
  382   2   1   1       0.83014460  p_x
  382   3   2  -2       0.03959282  d_xy
  382   3   2  -1       0.03898375  d_yz
  382   3   2   0       0.01871634  d_z2
  382   3   2   1       0.04024527  d_xz
  382   3   2   2       0.01911064  d_x2-y2
  383   1   0   0       1.36899237  s
  383   2   1  -1       0.79876014  p_y
  383   2   1   0       0.79503407  p_z
  383   2   1   1       0.82105850  p_x
  383   3   2  -2       0.06140181  d_xy
  383   3   2  -1       0.06180169  d_yz
  383   3   2   0       0.02029504  d_z2
  383   3   2   1       0.05998955  d_xz
  383   3   2   2       0.02032897  d_x2-y2
  384   1   0   0       1.35616401  s
  384   2   1  -1       0.82991638  p_y
  384   2   1   0       0.82980254  p_z
  384   2   1   1       0.82979267  p_x
  384   3   2  -2       0.03882190  d_xy
  384   3   2  -1       0.03878907  d_yz
  384   3   2   0       0.01874725  d_z2
  384   3   2   1       0.03907586  d_xz
  384   3   2   2       0.01876499  d_x2-y2
  385   1   0   0       1.35541212  s
  385   2   1  -1       0.83013653  p_y
  385   2   1   0       0.83024443  p_z
  385   2   1   1       0.82999739  p_x
  385   3   2  -2       0.03909824  d_xy
  385   3   2  -1       0.03887490  d_yz
  385   3   2   0       0.01871225  d_z2
  385   3   2   1       0.03866366  d_xz
  385   3   2   2       0.01875960  d_x2-y2
  386   1   0   0       1.35528737  s
  386   2   1  -1       0.83022235  p_y
  386   2   1   0       0.83026910  p_z
  386   2   1   1       0.83023988  p_x
  386   3   2  -2       0.03897663  d_xy
  386   3   2  -1       0.03904520  d_yz
  386   3   2   0       0.01874222  d_z2
  386   3   2   1       0.03873969  d_xz
  386   3   2   2       0.01877312  d_x2-y2
  387   1   0   0       1.35555847  s
  387   2   1  -1       0.83031864  p_y
  387   2   1   0       0.83016195  p_z
  387   2   1   1       0.83009830  p_x
  387   3   2  -2       0.03883958  d_xy
  387   3   2  -1       0.03910788  d_yz
  387   3   2   0       0.01873358  d_z2
  387   3   2   1       0.03880347  d_xz
  387   3   2   2       0.01875673  d_x2-y2
  388   1   0   0       1.35468947  s
  388   2   1  -1       0.83063112  p_y
  388   2   1   0       0.83050311  p_z
  388   2   1   1       0.83063112  p_x
  388   3   2  -2       0.03855555  d_xy
  388   3   2  -1       0.03919347  d_yz
  388   3   2   0       0.01886467  d_z2
  388   3   2   1       0.03919347  d_xz
  388   3   2   2       0.01872055  d_x2-y2
  389   1   0   0       1.35549867  s
  389   2   1  -1       0.83016732  p_y
  389   2   1   0       0.83011881  p_z
  389   2   1   1       0.82988102  p_x
  389   3   2  -2       0.03916280  d_xy
  389   3   2  -1       0.03885433  d_yz
  389   3   2   0       0.01875736  d_z2
  389   3   2   1       0.03881245  d_xz
  389   3   2   2       0.01881748  d_x2-y2
  390   1   0   0       1.35517884  s
  390   2   1  -1       0.83084329  p_y
  390   2   1   0       0.82972301  p_z
  390   2   1   1       0.82970750  p_x
  390   3   2  -2       0.03934292  d_xy
  390   3   2  -1       0.03941659  d_yz
  390   3   2   0       0.01882735  d_z2
  390   3   2   1       0.03871038  d_xz
  390   3   2   2       0.01888085  d_x2-y2
  391   1   0   0       1.35394255  s
  391   2   1  -1       0.83035265  p_y
  391   2   1   0       0.83078703  p_z
  391   2   1   1       0.83035265  p_x
  391   3   2  -2       0.03853761  d_xy
  391   3   2  -1       0.03963455  d_yz
  391   3   2   0       0.01917195  d_z2
  391   3   2   1       0.03963455  d_xz
  391   3   2   2       0.01872957  d_x2-y2
  392   1   0   0       1.35575343  s
  392   2   1  -1       0.83009332  p_y
  392   2   1   0       0.83001265  p_z
  392   2   1   1       0.83006637  p_x
  392   3   2  -2       0.03892356  d_xy
  392   3   2  -1       0.03887146  d_yz
  392   3   2   0       0.01874549  d_z2
  392   3   2   1       0.03888942  d_xz
  392   3   2   2       0.01872317  d_x2-y2
  393   1   0   0       1.35627494  s
  393   2   1  -1       0.82952404  p_y
  393   2   1   0       0.82754252  p_z
  393   2   1   1       0.82645502  p_x
  393   3   2  -2       0.03998959  d_xy
  393   3   2  -1       0.03910487  d_yz
  393   3   2   0       0.01870800  d_z2
  393   3   2   1       0.03846972  d_xz
  393   3   2   2       0.01932120  d_x2-y2
  394   1   0   0       1.35265397  s
  394   2   1  -1       0.83333744  p_y
  394   2   1   0       0.83765012  p_z
  394   2   1   1       0.83333744  p_x
  394   3   2  -2       0.04076471  d_xy
  394   3   2  -1       0.03963153  d_yz
  394   3   2   0       0.01990275  d_z2
  394   3   2   1       0.03963153  d_xz
  394   3   2   2       0.01899157  d_x2-y2
  395   1   0   0       1.35575001  s
  395   2   1  -1       0.82999506  p_y
  395   2   1   0       0.83011843  p_z
  395   2   1   1       0.82996460  p_x
  395   3   2  -2       0.03907057  d_xy
  395   3   2  -1       0.03879807  d_yz
  395   3   2   0       0.01874400  d_z2
  395   3   2   1       0.03880475  d_xz
  395   3   2   2       0.01872587  d_x2-y2
  396   1   0   0       1.35528737  s
  396   2   1  -1       0.83023988  p_y
  396   2   1   0       0.83026910  p_z
  396   2   1   1       0.83022235  p_x
  396   3   2  -2       0.03897663  d_xy
  396   3   2  -1       0.03873969  d_yz
  396   3   2   0       0.01874222  d_z2
  396   3   2   1       0.03904520  d_xz
  396   3   2   2       0.01877312  d_x2-y2
  397   1   0   0       1.36795694  s
  397   2   1  -1       0.86641106  p_y
  397   2   1   0       0.79142742  p_z
  397   2   1   1       0.86641106  p_x
  397   3   2  -2       0.03382254  d_xy
  397   3   2  -1       0.03522467  d_yz
  397   3   2   0       0.04344933  d_z2
  397   3   2   1       0.03522467  d_xz
  397   3   2   2       0.01851915  d_x2-y2
  398   1   0   0       1.35628042  s
  398   2   1  -1       0.82983641  p_y
  398   2   1   0       0.82993290  p_z
  398   2   1   1       0.82981063  p_x
  398   3   2  -2       0.03903920  d_xy
  398   3   2  -1       0.03884001  d_yz
  398   3   2   0       0.01875051  d_z2
  398   3   2   1       0.03882435  d_xz
  398   3   2   2       0.01871113  d_x2-y2
  399   1   0   0       1.35549867  s
  399   2   1  -1       0.82988102  p_y
  399   2   1   0       0.83011881  p_z
  399   2   1   1       0.83016732  p_x
  399   3   2  -2       0.03916280  d_xy
  399   3   2  -1       0.03881245  d_yz
  399   3   2   0       0.01875736  d_z2
  399   3   2   1       0.03885433  d_xz
  399   3   2   2       0.01881748  d_x2-y2
  400   1   0   0       1.35600252  s
  400   2   1  -1       0.83002128  p_y
  400   2   1   0       0.82966834  p_z
  400   2   1   1       0.82994924  p_x
  400   3   2  -2       0.03865114  d_xy
  400   3   2  -1       0.03877209  d_yz
  400   3   2   0       0.01874937  d_z2
  400   3   2   1       0.03917911  d_xz
  400   3   2   2       0.01870819  d_x2-y2
  401   1   0   0       1.35575001  s
  401   2   1  -1       0.82996460  p_y
  401   2   1   0       0.83011843  p_z
  401   2   1   1       0.82999506  p_x
  401   3   2  -2       0.03907057  d_xy
  401   3   2  -1       0.03880475  d_yz
  401   3   2   0       0.01874400  d_z2
  401   3   2   1       0.03879807  d_xz
  401   3   2   2       0.01872587  d_x2-y2
  402   1   0   0       1.35571731  s
  402   2   1  -1       0.83016115  p_y
  402   2   1   0       0.83001965  p_z
  402   2   1   1       0.83016115  p_x
  402   3   2  -2       0.03902024  d_xy
  402   3   2  -1       0.03885909  d_yz
  402   3   2   0       0.01877652  d_z2
  402   3   2   1       0.03885909  d_xz
  402   3   2   2       0.01870895  d_x2-y2
  403   1   0   0       1.35555847  s
  403   2   1  -1       0.83009830  p_y
  403   2   1   0       0.83016195  p_z
  403   2   1   1       0.83031864  p_x
  403   3   2  -2       0.03883958  d_xy
  403   3   2  -1       0.03880347  d_yz
  403   3   2   0       0.01873358  d_z2
  403   3   2   1       0.03910788  d_xz
  403   3   2   2       0.01875673  d_x2-y2
  404   1   0   0       1.35640357  s
  404   2   1  -1       0.82972500  p_y
  404   2   1   0       0.82865899  p_z
  404   2   1   1       0.82957960  p_x
  404   3   2  -2       0.03844562  d_xy
  404   3   2  -1       0.03945373  d_yz
  404   3   2   0       0.01915006  d_z2
  404   3   2   1       0.03865684  d_xz
  404   3   2   2       0.01862104  d_x2-y2
  405   1   0   0       1.35616342  s
  405   2   1  -1       0.83005644  p_y
  405   2   1   0       0.82994556  p_z
  405   2   1   1       0.83005644  p_x
  405   3   2  -2       0.03915340  d_xy
  405   3   2  -1       0.03881334  d_yz
  405   3   2   0       0.01881672  d_z2
  405   3   2   1       0.03881334  d_xz
  405   3   2   2       0.01869068  d_x2-y2
  406   1   0   0       1.35517884  s
  406   2   1  -1       0.82970750  p_y
  406   2   1   0       0.82972301  p_z
  406   2   1   1       0.83084329  p_x
  406   3   2  -2       0.03934292  d_xy
  406   3   2  -1       0.03871038  d_yz
  406   3   2   0       0.01882735  d_z2
  406   3   2   1       0.03941659  d_xz
  406   3   2   2       0.01888085  d_x2-y2
  407   1   0   0       1.35609405  s
  407   2   1  -1       0.82996709  p_y
  407   2   1   0       0.82981620  p_z
  407   2   1   1       0.82992578  p_x
  407   3   2  -2       0.03875792  d_xy
  407   3   2  -1       0.03878593  d_yz
  407   3   2   0       0.01872030  d_z2
  407   3   2   1       0.03920528  d_xz
  407   3   2   2       0.01876196  d_x2-y2
  408   1   0   0       1.35628042  s
  408   2   1  -1       0.82981063  p_y
  408   2   1   0       0.82993290  p_z
  408   2   1   1       0.82983641  p_x
  408   3   2  -2       0.03903920  d_xy
  408   3   2  -1       0.03882435  d_yz
  408   3   2   0       0.01875051  d_z2
  408   3   2   1       0.03884001  d_xz
  408   3   2   2       0.01871113  d_x2-y2
  409   1   0   0       1.35627494  s
  409   2   1  -1       0.82645502  p_y
  409   2   1   0       0.82754252  p_z
  409   2   1   1       0.82952404  p_x
  409   3   2  -2       0.03998959  d_xy
  409   3   2  -1       0.03846972  d_yz
  409   3   2   0       0.01870800  d_z2
  409   3   2   1       0.03910487  d_xz
  409   3   2   2       0.01932120  d_x2-y2
  410   1   0   0       1.35640357  s
  410   2   1  -1       0.82957960  p_y
  410   2   1   0       0.82865899  p_z
  410   2   1   1       0.82972500  p_x
  410   3   2  -2       0.03844562  d_xy
  410   3   2  -1       0.03865684  d_yz
  410   3   2   0       0.01915006  d_z2
  410   3   2   1       0.03945373  d_xz
  410   3   2   2       0.01862104  d_x2-y2
  411   1   0   0       1.35541212  s
  411   2   1  -1       0.82999739  p_y
  411   2   1   0       0.83024443  p_z
  411   2   1   1       0.83013653  p_x
  411   3   2  -2       0.03909824  d_xy
  411   3   2  -1       0.03866366  d_yz
  411   3   2   0       0.01871225  d_z2
  411   3   2   1       0.03887490  d_xz
  411   3   2   2       0.01875960  d_x2-y2
  412   1   0   0       1.35672014  s
  412   2   1  -1       0.82985192  p_y
  412   2   1   0       0.82994764  p_z
  412   2   1   1       0.82985192  p_x
  412   3   2  -2       0.03914375  d_xy
  412   3   2  -1       0.03880074  d_yz
  412   3   2   0       0.01878845  d_z2
  412   3   2   1       0.03880074  d_xz
  412   3   2   2       0.01869714  d_x2-y2
  413   1   0   0       1.35609405  s
  413   2   1  -1       0.82992578  p_y
  413   2   1   0       0.82981620  p_z
  413   2   1   1       0.82996709  p_x
  413   3   2  -2       0.03875792  d_xy
  413   3   2  -1       0.03920528  d_yz
  413   3   2   0       0.01872030  d_z2
  413   3   2   1       0.03878593  d_xz
  413   3   2   2       0.01876196  d_x2-y2
  414   1   0   0       1.35575343  s
  414   2   1  -1       0.83006637  p_y
  414   2   1   0       0.83001265  p_z
  414   2   1   1       0.83009332  p_x
  414   3   2  -2       0.03892356  d_xy
  414   3   2  -1       0.03888942  d_yz
  414   3   2   0       0.01874549  d_z2
  414   3   2   1       0.03887146  d_xz
  414   3   2   2       0.01872317  d_x2-y2
  415   1   0   0       1.35576570  s
  415   2   1  -1       0.83009603  p_y
  415   2   1   0       0.83006203  p_z
  415   2   1   1       0.83009603  p_x
  415   3   2  -2       0.03887375  d_xy
  415   3   2  -1       0.03891784  d_yz
  415   3   2   0       0.01873818  d_z2
  415   3   2   1       0.03891784  d_xz
  415   3   2   2       0.01873458  d_x2-y2
  416   1   0   0       1.35600252  s
  416   2   1  -1       0.82994924  p_y
  416   2   1   0       0.82966834  p_z
  416   2   1   1       0.83002128  p_x
  416   3   2  -2       0.03865114  d_xy
  416   3   2  -1       0.03917911  d_yz
  416   3   2   0       0.01874937  d_z2
  416   3   2   1       0.03877209  d_xz
  416   3   2   2       0.01870819  d_x2-y2
  417   1   0   0       1.35643884  s
  417   2   1  -1       0.82977847  p_y
  417   2   1   0       0.82982443  p_z
  417   2   1   1       0.82977847  p_x
  417   3   2  -2       0.03897849  d_xy
  417   3   2  -1       0.03890021  d_yz
  417   3   2   0       0.01876858  d_z2
  417   3   2   1       0.03890021  d_xz
  417   3   2   2       0.01871638  d_x2-y2
  418   1   0   0       1.35640518  s
  418   2   1  -1       0.82979406  p_y
  418   2   1   0       0.82986371  p_z
  418   2   1   1       0.82978570  p_x
  418   3   2  -2       0.03904509  d_xy
  418   3   2  -1       0.03887369  d_yz
  418   3   2   0       0.01877457  d_z2
  418   3   2   1       0.03883110  d_xz
  418   3   2   2       0.01874201  d_x2-y2
  419   1   0   0       1.35606130  s
  419   2   1  -1       0.83014929  p_y
  419   2   1   0       0.83018414  p_z
  419   2   1   1       0.83053031  p_x
  419   3   2  -2       0.03913845  d_xy
  419   3   2  -1       0.03895786  d_yz
  419   3   2   0       0.01885335  d_z2
  419   3   2   1       0.03914383  d_xz
  419   3   2   2       0.01883449  d_x2-y2
  420   1   0   0       1.35632860  s
  420   2   1  -1       0.82998822  p_y
  420   2   1   0       0.82996807  p_z
  420   2   1   1       0.82980419  p_x
  420   3   2  -2       0.03889466  d_xy
  420   3   2  -1       0.03888789  d_yz
  420   3   2   0       0.01871725  d_z2
  420   3   2   1       0.03915904  d_xz
  420   3   2   2       0.01883168  d_x2-y2
  421   1   0   0       1.35546390  s
  421   2   1  -1       0.83006724  p_y
  421   2   1   0       0.83020313  p_z
  421   2   1   1       0.83022924  p_x
  421   3   2  -2       0.03908002  d_xy
  421   3   2  -1       0.03898880  d_yz
  421   3   2   0       0.01874955  d_z2
  421   3   2   1       0.03872590  d_xz
  421   3   2   2       0.01877332  d_x2-y2
  422   1   0   0       1.35536210  s
  422   2   1  -1       0.83028392  p_y
  422   2   1   0       0.83038476  p_z
  422   2   1   1       0.83057138  p_x
  422   3   2  -2       0.03895150  d_xy
  422   3   2  -1       0.03918821  d_yz
  422   3   2   0       0.01875324  d_z2
  422   3   2   1       0.03864908  d_xz
  422   3   2   2       0.01881846  d_x2-y2
  423   1   0   0       1.35585030  s
  423   2   1  -1       0.82907559  p_y
  423   2   1   0       0.82952735  p_z
  423   2   1   1       0.83038449  p_x
  423   3   2  -2       0.03841624  d_xy
  423   3   2  -1       0.03946337  d_yz
  423   3   2   0       0.01863959  d_z2
  423   3   2   1       0.03827303  d_xz
  423   3   2   2       0.01864133  d_x2-y2
  424   1   0   0       1.35586183  s
  424   2   1  -1       0.82997362  p_y
  424   2   1   0       0.83010722  p_z
  424   2   1   1       0.82997362  p_x
  424   3   2  -2       0.03894690  d_xy
  424   3   2  -1       0.03884504  d_yz
  424   3   2   0       0.01871619  d_z2
  424   3   2   1       0.03884504  d_xz
  424   3   2   2       0.01873515  d_x2-y2
  425   1   0   0       1.35606130  s
  425   2   1  -1       0.83053031  p_y
  425   2   1   0       0.83018414  p_z
  425   2   1   1       0.83014929  p_x
  425   3   2  -2       0.03913845  d_xy
  425   3   2  -1       0.03914383  d_yz
  425   3   2   0       0.01885335  d_z2
  425   3   2   1       0.03895786  d_xz
  425   3   2   2       0.01883449  d_x2-y2
  426   1   0   0       1.35516272  s
  426   2   1  -1       0.82762005  p_y
  426   2   1   0       0.82929967  p_z
  426   2   1   1       0.83028595  p_x
  426   3   2  -2       0.03879750  d_xy
  426   3   2  -1       0.04011608  d_yz
  426   3   2   0       0.01874844  d_z2
  426   3   2   1       0.03679960  d_xz
  426   3   2   2       0.01895652  d_x2-y2
  427   1   0   0       1.35569674  s
  427   2   1  -1       0.83007155  p_y
  427   2   1   0       0.83010542  p_z
  427   2   1   1       0.83007155  p_x
  427   3   2  -2       0.03903507  d_xy
  427   3   2  -1       0.03883801  d_yz
  427   3   2   0       0.01875546  d_z2
  427   3   2   1       0.03883801  d_xz
  427   3   2   2       0.01873286  d_x2-y2
  428   1   0   0       1.35574129  s
  428   2   1  -1       0.82991286  p_y
  428   2   1   0       0.83013277  p_z
  428   2   1   1       0.82996461  p_x
  428   3   2  -2       0.03902404  d_xy
  428   3   2  -1       0.03876683  d_yz
  428   3   2   0       0.01870627  d_z2
  428   3   2   1       0.03878695  d_xz
  428   3   2   2       0.01873573  d_x2-y2
  429   1   0   0       1.35157639  s
  429   2   1  -1       0.82432241  p_y
  429   2   1   0       0.82372110  p_z
  429   2   1   1       0.82853399  p_x
  429   3   2  -2       0.04073527  d_xy
  429   3   2  -1       0.03995545  d_yz
  429   3   2   0       0.01855355  d_z2
  429   3   2   1       0.04342060  d_xz
  429   3   2   2       0.02297241  d_x2-y2
  430   1   0   0       1.35625411  s
  430   2   1  -1       0.82981090  p_y
  430   2   1   0       0.82993458  p_z
  430   2   1   1       0.82981090  p_x
  430   3   2  -2       0.03905269  d_xy
  430   3   2  -1       0.03882423  d_yz
  430   3   2   0       0.01875724  d_z2
  430   3   2   1       0.03882423  d_xz
  430   3   2   2       0.01871392  d_x2-y2
  431   1   0   0       1.35602823  s
  431   2   1  -1       0.82977538  p_y
  431   2   1   0       0.83008901  p_z
  431   2   1   1       0.82984956  p_x
  431   3   2  -2       0.03911929  d_xy
  431   3   2  -1       0.03876703  d_yz
  431   3   2   0       0.01872475  d_z2
  431   3   2   1       0.03872028  d_xz
  431   3   2   2       0.01874296  d_x2-y2
  432   1   0   0       1.35536210  s
  432   2   1  -1       0.83057138  p_y
  432   2   1   0       0.83038476  p_z
  432   2   1   1       0.83028392  p_x
  432   3   2  -2       0.03895150  d_xy
  432   3   2  -1       0.03864908  d_yz
  432   3   2   0       0.01875324  d_z2
  432   3   2   1       0.03918821  d_xz
  432   3   2   2       0.01881846  d_x2-y2
  433   1   0   0       1.35568941  s
  433   2   1  -1       0.82993284  p_y
  433   2   1   0       0.82999033  p_z
  433   2   1   1       0.83011546  p_x
  433   3   2  -2       0.03900320  d_xy
  433   3   2  -1       0.03890046  d_yz
  433   3   2   0       0.01874884  d_z2
  433   3   2   1       0.03876743  d_xz
  433   3   2   2       0.01871643  d_x2-y2
  434   1   0   0       1.35574129  s
  434   2   1  -1       0.82996461  p_y
  434   2   1   0       0.83013277  p_z
  434   2   1   1       0.82991286  p_x
  434   3   2  -2       0.03902404  d_xy
  434   3   2  -1       0.03878695  d_yz
  434   3   2   0       0.01870627  d_z2
  434   3   2   1       0.03876683  d_xz
  434   3   2   2       0.01873573  d_x2-y2
  435   1   0   0       1.35590442  s
  435   2   1  -1       0.82991258  p_y
  435   2   1   0       0.82995138  p_z
  435   2   1   1       0.82991258  p_x
  435   3   2  -2       0.03884127  d_xy
  435   3   2  -1       0.03884630  d_yz
  435   3   2   0       0.01869672  d_z2
  435   3   2   1       0.03884630  d_xz
  435   3   2   2       0.01872095  d_x2-y2
  436   1   0   0       1.35632860  s
  436   2   1  -1       0.82980419  p_y
  436   2   1   0       0.82996807  p_z
  436   2   1   1       0.82998822  p_x
  436   3   2  -2       0.03889466  d_xy
  436   3   2  -1       0.03915904  d_yz
  436   3   2   0       0.01871725  d_z2
  436   3   2   1       0.03888789  d_xz
  436   3   2   2       0.01883168  d_x2-y2
  437   1   0   0       1.35602823  s
  437   2   1  -1       0.82984956  p_y
  437   2   1   0       0.83008901  p_z
  437   2   1   1       0.82977538  p_x
  437   3   2  -2       0.03911929  d_xy
  437   3   2  -1       0.03872028  d_yz
  437   3   2   0       0.01872475  d_z2
  437   3   2   1       0.03876703  d_xz
  437   3   2   2       0.01874296  d_x2-y2
  438   1   0   0       1.35615551  s
  438   2   1  -1       0.82950919  p_y
  438   2   1   0       0.83024017  p_z
  438   2   1   1       0.82950919  p_x
  438   3   2  -2       0.03923491  d_xy
  438   3   2  -1       0.03853472  d_yz
  438   3   2   0       0.01859106  d_z2
  438   3   2   1       0.03853472  d_xz
  438   3   2   2       0.01874414  d_x2-y2
  439   1   0   0       1.35585030  s
  439   2   1  -1       0.83038449  p_y
  439   2   1   0       0.82952735  p_z
  439   2   1   1       0.82907559  p_x
  439   3   2  -2       0.03841624  d_xy
  439   3   2  -1       0.03827303  d_yz
  439   3   2   0       0.01863959  d_z2
  439   3   2   1       0.03946337  d_xz
  439   3   2   2       0.01864133  d_x2-y2
  440   1   0   0       1.35609196  s
  440   2   1  -1       0.82979758  p_y
  440   2   1   0       0.82996115  p_z
  440   2   1   1       0.82986136  p_x
  440   3   2  -2       0.03906127  d_xy
  440   3   2  -1       0.03883029  d_yz
  440   3   2   0       0.01875524  d_z2
  440   3   2   1       0.03881776  d_xz
  440   3   2   2       0.01872851  d_x2-y2
  441   1   0   0       1.35639536  s
  441   2   1  -1       0.82934761  p_y
  441   2   1   0       0.83008175  p_z
  441   2   1   1       0.82934761  p_x
  441   3   2  -2       0.03946627  d_xy
  441   3   2  -1       0.03854867  d_yz
  441   3   2   0       0.01864942  d_z2
  441   3   2   1       0.03854867  d_xz
  441   3   2   2       0.01866065  d_x2-y2
  442   1   0   0       1.35516272  s
  442   2   1  -1       0.83028595  p_y
  442   2   1   0       0.82929967  p_z
  442   2   1   1       0.82762005  p_x
  442   3   2  -2       0.03879750  d_xy
  442   3   2  -1       0.03679960  d_yz
  442   3   2   0       0.01874844  d_z2
  442   3   2   1       0.04011608  d_xz
  442   3   2   2       0.01895652  d_x2-y2
  443   1   0   0       1.35568941  s
  443   2   1  -1       0.83011546  p_y
  443   2   1   0       0.82999033  p_z
  443   2   1   1       0.82993284  p_x
  443   3   2  -2       0.03900320  d_xy
  443   3   2  -1       0.03876743  d_yz
  443   3   2   0       0.01874884  d_z2
  443   3   2   1       0.03890046  d_xz
  443   3   2   2       0.01871643  d_x2-y2
  444   1   0   0       1.35640518  s
  444   2   1  -1       0.82978570  p_y
  444   2   1   0       0.82986371  p_z
  444   2   1   1       0.82979406  p_x
  444   3   2  -2       0.03904509  d_xy
  444   3   2  -1       0.03883110  d_yz
  444   3   2   0       0.01877457  d_z2
  444   3   2   1       0.03887369  d_xz
  444   3   2   2       0.01874201  d_x2-y2
  445   1   0   0       1.35157639  s
  445   2   1  -1       0.82853399  p_y
  445   2   1   0       0.82372110  p_z
  445   2   1   1       0.82432241  p_x
  445   3   2  -2       0.04073527  d_xy
  445   3   2  -1       0.04342060  d_yz
  445   3   2   0       0.01855355  d_z2
  445   3   2   1       0.03995545  d_xz
  445   3   2   2       0.02297241  d_x2-y2
  446   1   0   0       1.35609196  s
  446   2   1  -1       0.82986136  p_y
  446   2   1   0       0.82996115  p_z
  446   2   1   1       0.82979758  p_x
  446   3   2  -2       0.03906127  d_xy
  446   3   2  -1       0.03881776  d_yz
  446   3   2   0       0.01875524  d_z2
  446   3   2   1       0.03883029  d_xz
  446   3   2   2       0.01872851  d_x2-y2
  447   1   0   0       1.35546390  s
  447   2   1  -1       0.83022924  p_y
  447   2   1   0       0.83020313  p_z
  447   2   1   1       0.83006724  p_x
  447   3   2  -2       0.03908002  d_xy
  447   3   2  -1       0.03872590  d_yz
  447   3   2   0       0.01874955  d_z2
  447   3   2   1       0.03898880  d_xz
  447   3   2   2       0.01877332  d_x2-y2
  448   1   0   0       1.35628557  s
  448   2   1  -1       0.82890925  p_y
  448   2   1   0       0.82926611  p_z
  448   2   1   1       0.82890925  p_x
  448   3   2  -2       0.03932392  d_xy
  448   3   2  -1       0.03866984  d_yz
  448   3   2   0       0.01879882  d_z2
  448   3   2   1       0.03866984  d_xz
  448   3   2   2       0.01842103  d_x2-y2
  449   1   0   0       1.35649180  s
  449   2   1  -1       0.82977007  p_y
  449   2   1   0       0.82977579  p_z
  449   2   1   1       0.83000116  p_x
  449   3   2  -2       0.03878383  d_xy
  449   3   2  -1       0.03911036  d_yz
  449   3   2   0       0.01873137  d_z2
  449   3   2   1       0.03883021  d_xz
  449   3   2   2       0.01875459  d_x2-y2
  450   1   0   0       1.35586150  s
  450   2   1  -1       0.82985684  p_y
  450   2   1   0       0.82999999  p_z
  450   2   1   1       0.83029741  p_x
  450   3   2  -2       0.03880174  d_xy
  450   3   2  -1       0.03914161  d_yz
  450   3   2   0       0.01873559  d_z2
  450   3   2   1       0.03873099  d_xz
  450   3   2   2       0.01874654  d_x2-y2
  451   1   0   0       1.35581098  s
  451   2   1  -1       0.83000500  p_y
  451   2   1   0       0.83003277  p_z
  451   2   1   1       0.82997511  p_x
  451   3   2  -2       0.03889620  d_xy
  451   3   2  -1       0.03887794  d_yz
  451   3   2   0       0.01872367  d_z2
  451   3   2   1       0.03885595  d_xz
  451   3   2   2       0.01873207  d_x2-y2
  452   1   0   0       1.35588890  s
  452   2   1  -1       0.83004686  p_y
  452   2   1   0       0.83003534  p_z
  452   2   1   1       0.83004686  p_x
  452   3   2  -2       0.03891235  d_xy
  452   3   2  -1       0.03886848  d_yz
  452   3   2   0       0.01872874  d_z2
  452   3   2   1       0.03886848  d_xz
  452   3   2   2       0.01872077  d_x2-y2
  453   1   0   0       1.35642401  s
  453   2   1  -1       0.82939768  p_y
  453   2   1   0       0.82854919  p_z
  453   2   1   1       0.82999291  p_x
  453   3   2  -2       0.03805840  d_xy
  453   3   2  -1       0.03946690  d_yz
  453   3   2   0       0.01924091  d_z2
  453   3   2   1       0.03896927  d_xz
  453   3   2   2       0.01872333  d_x2-y2
  454   1   0   0       1.35616624  s
  454   2   1  -1       0.82987688  p_y
  454   2   1   0       0.82975708  p_z
  454   2   1   1       0.82988646  p_x
  454   3   2  -2       0.03879031  d_xy
  454   3   2  -1       0.03891863  d_yz
  454   3   2   0       0.01873787  d_z2
  454   3   2   1       0.03890165  d_xz
  454   3   2   2       0.01874066  d_x2-y2
  455   1   0   0       1.35586916  s
  455   2   1  -1       0.83001909  p_y
  455   2   1   0       0.82997447  p_z
  455   2   1   1       0.83001909  p_x
  455   3   2  -2       0.03889356  d_xy
  455   3   2  -1       0.03887088  d_yz
  455   3   2   0       0.01873922  d_z2
  455   3   2   1       0.03887088  d_xz
  455   3   2   2       0.01871494  d_x2-y2
  456   1   0   0       1.35567757  s
  456   2   1  -1       0.83013916  p_y
  456   2   1   0       0.82994940  p_z
  456   2   1   1       0.82956902  p_x
  456   3   2  -2       0.03863123  d_xy
  456   3   2  -1       0.03857860  d_yz
  456   3   2   0       0.01875120  d_z2
  456   3   2   1       0.03923940  d_xz
  456   3   2   2       0.01870365  d_x2-y2
  457   1   0   0       1.35609364  s
  457   2   1  -1       0.82953595  p_y
  457   2   1   0       0.83002724  p_z
  457   2   1   1       0.82879715  p_x
  457   3   2  -2       0.03946852  d_xy
  457   3   2  -1       0.03833802  d_yz
  457   3   2   0       0.01864817  d_z2
  457   3   2   1       0.03872605  d_xz
  457   3   2   2       0.01926924  d_x2-y2
  458   1   0   0       1.35596571  s
  458   2   1  -1       0.82991175  p_y
  458   2   1   0       0.83025906  p_z
  458   2   1   1       0.82991175  p_x
  458   3   2  -2       0.03912593  d_xy
  458   3   2  -1       0.03877396  d_yz
  458   3   2   0       0.01872762  d_z2
  458   3   2   1       0.03877396  d_xz
  458   3   2   2       0.01875704  d_x2-y2
  459   1   0   0       1.35573483  s
  459   2   1  -1       0.83012959  p_y
  459   2   1   0       0.83006865  p_z
  459   2   1   1       0.82807075  p_x
  459   3   2  -2       0.03882187  d_xy
  459   3   2  -1       0.03791576  d_yz
  459   3   2   0       0.01899661  d_z2
  459   3   2   1       0.03965905  d_xz
  459   3   2   2       0.01885974  d_x2-y2
  460   1   0   0       1.35586150  s
  460   2   1  -1       0.83029741  p_y
  460   2   1   0       0.82999999  p_z
  460   2   1   1       0.82985684  p_x
  460   3   2  -2       0.03880174  d_xy
  460   3   2  -1       0.03873099  d_yz
  460   3   2   0       0.01873559  d_z2
  460   3   2   1       0.03914161  d_xz
  460   3   2   2       0.01874654  d_x2-y2
  461   1   0   0       1.35655694  s
  461   2   1  -1       0.82976521  p_y
  461   2   1   0       0.82993584  p_z
  461   2   1   1       0.82976521  p_x
  461   3   2  -2       0.03906119  d_xy
  461   3   2  -1       0.03883874  d_yz
  461   3   2   0       0.01877592  d_z2
  461   3   2   1       0.03883874  d_xz
  461   3   2   2       0.01870568  d_x2-y2
  462   1   0   0       1.36724974  s
  462   2   1  -1       0.81644741  p_y
  462   2   1   0       0.82682883  p_z
  462   2   1   1       0.82718751  p_x
  462   3   2  -2       0.03671665  d_xy
  462   3   2  -1       0.03690571  d_yz
  462   3   2   0       0.02148216  d_z2
  462   3   2   1       0.04349560  d_xz
  462   3   2   2       0.02291717  d_x2-y2
  463   1   0   0       1.35642401  s
  463   2   1  -1       0.82999291  p_y
  463   2   1   0       0.82854919  p_z
  463   2   1   1       0.82939768  p_x
  463   3   2  -2       0.03805840  d_xy
  463   3   2  -1       0.03896927  d_yz
  463   3   2   0       0.01924091  d_z2
  463   3   2   1       0.03946690  d_xz
  463   3   2   2       0.01872333  d_x2-y2
  464   1   0   0       1.35602927  s
  464   2   1  -1       0.83007569  p_y
  464   2   1   0       0.82972835  p_z
  464   2   1   1       0.82987943  p_x
  464   3   2  -2       0.03866511  d_xy
  464   3   2  -1       0.03875400  d_yz
  464   3   2   0       0.01875171  d_z2
  464   3   2   1       0.03914468  d_xz
  464   3   2   2       0.01871301  d_x2-y2
  465   1   0   0       1.35573483  s
  465   2   1  -1       0.82807075  p_y
  465   2   1   0       0.83006865  p_z
  465   2   1   1       0.83012959  p_x
  465   3   2  -2       0.03882187  d_xy
  465   3   2  -1       0.03965905  d_yz
  465   3   2   0       0.01899661  d_z2
  465   3   2   1       0.03791576  d_xz
  465   3   2   2       0.01885974  d_x2-y2
  466   1   0   0       1.35609332  s
  466   2   1  -1       0.82968285  p_y
  466   2   1   0       0.82986606  p_z
  466   2   1   1       0.82968285  p_x
  466   3   2  -2       0.03884025  d_xy
  466   3   2  -1       0.03880825  d_yz
  466   3   2   0       0.01869382  d_z2
  466   3   2   1       0.03880825  d_xz
  466   3   2   2       0.01874011  d_x2-y2
  467   1   0   0       1.35581098  s
  467   2   1  -1       0.82997511  p_y
  467   2   1   0       0.83003277  p_z
  467   2   1   1       0.83000500  p_x
  467   3   2  -2       0.03889620  d_xy
  467   3   2  -1       0.03885595  d_yz
  467   3   2   0       0.01872367  d_z2
  467   3   2   1       0.03887794  d_xz
  467   3   2   2       0.01873207  d_x2-y2
  468   1   0   0       1.35588701  s
  468   2   1  -1       0.82987101  p_y
  468   2   1   0       0.83007049  p_z
  468   2   1   1       0.82969352  p_x
  468   3   2  -2       0.03913480  d_xy
  468   3   2  -1       0.03870953  d_yz
  468   3   2   0       0.01868724  d_z2
  468   3   2   1       0.03871524  d_xz
  468   3   2   2       0.01877854  d_x2-y2
  469   1   0   0       1.35728296  s
  469   2   1  -1       0.82943857  p_y
  469   2   1   0       0.82909150  p_z
  469   2   1   1       0.82943857  p_x
  469   3   2  -2       0.03844625  d_xy
  469   3   2  -1       0.03896832  d_yz
  469   3   2   0       0.01862856  d_z2
  469   3   2   1       0.03896832  d_xz
  469   3   2   2       0.01874855  d_x2-y2
  470   1   0   0       1.35616624  s
  470   2   1  -1       0.82988646  p_y
  470   2   1   0       0.82975708  p_z
  470   2   1   1       0.82987688  p_x
  470   3   2  -2       0.03879031  d_xy
  470   3   2  -1       0.03890165  d_yz
  470   3   2   0       0.01873787  d_z2
  470   3   2   1       0.03891863  d_xz
  470   3   2   2       0.01874066  d_x2-y2
  471   1   0   0       1.35584718  s
  471   2   1  -1       0.82993989  p_y
  471   2   1   0       0.83000528  p_z
  471   2   1   1       0.82995676  p_x
  471   3   2  -2       0.03889520  d_xy
  471   3   2  -1       0.03883206  d_yz
  471   3   2   0       0.01872584  d_z2
  471   3   2   1       0.03889733  d_xz
  471   3   2   2       0.01872269  d_x2-y2
  472   1   0   0       1.36724974  s
  472   2   1  -1       0.82718751  p_y
  472   2   1   0       0.82682883  p_z
  472   2   1   1       0.81644741  p_x
  472   3   2  -2       0.03671665  d_xy
  472   3   2  -1       0.04349560  d_yz
  472   3   2   0       0.02148216  d_z2
  472   3   2   1       0.03690571  d_xz
  472   3   2   2       0.02291717  d_x2-y2
  473   1   0   0       1.35609364  s
  473   2   1  -1       0.82879715  p_y
  473   2   1   0       0.83002724  p_z
  473   2   1   1       0.82953595  p_x
  473   3   2  -2       0.03946852  d_xy
  473   3   2  -1       0.03872605  d_yz
  473   3   2   0       0.01864817  d_z2
  473   3   2   1       0.03833802  d_xz
  473   3   2   2       0.01926924  d_x2-y2
  474   1   0   0       1.35588701  s
  474   2   1  -1       0.82969352  p_y
  474   2   1   0       0.83007049  p_z
  474   2   1   1       0.82987101  p_x
  474   3   2  -2       0.03913480  d_xy
  474   3   2  -1       0.03871524  d_yz
  474   3   2   0       0.01868724  d_z2
  474   3   2   1       0.03870953  d_xz
  474   3   2   2       0.01877854  d_x2-y2
  475   1   0   0       1.35649180  s
  475   2   1  -1       0.83000116  p_y
  475   2   1   0       0.82977579  p_z
  475   2   1   1       0.82977007  p_x
  475   3   2  -2       0.03878383  d_xy
  475   3   2  -1       0.03883021  d_yz
  475   3   2   0       0.01873137  d_z2
  475   3   2   1       0.03911036  d_xz
  475   3   2   2       0.01875459  d_x2-y2
  476   1   0   0       1.36508454  s
  476   2   1  -1       0.82811624  p_y
  476   2   1   0       0.82222326  p_z
  476   2   1   1       0.82811624  p_x
  476   3   2  -2       0.04155812  d_xy
  476   3   2  -1       0.03762988  d_yz
  476   3   2   0       0.02210567  d_z2
  476   3   2   1       0.03762988  d_xz
  476   3   2   2       0.01861746  d_x2-y2
  477   1   0   0       1.35584718  s
  477   2   1  -1       0.82995676  p_y
  477   2   1   0       0.83000528  p_z
  477   2   1   1       0.82993989  p_x
  477   3   2  -2       0.03889520  d_xy
  477   3   2  -1       0.03889733  d_yz
  477   3   2   0       0.01872584  d_z2
  477   3   2   1       0.03883206  d_xz
  477   3   2   2       0.01872269  d_x2-y2
  478   1   0   0       1.35567757  s
  478   2   1  -1       0.82956902  p_y
  478   2   1   0       0.82994940  p_z
  478   2   1   1       0.83013916  p_x
  478   3   2  -2       0.03863123  d_xy
  478   3   2  -1       0.03923940  d_yz
  478   3   2   0       0.01875120  d_z2
  478   3   2   1       0.03857860  d_xz
  478   3   2   2       0.01870365  d_x2-y2
  479   1   0   0       1.35570307  s
  479   2   1  -1       0.82993105  p_y
  479   2   1   0       0.82999718  p_z
  479   2   1   1       0.82993105  p_x
  479   3   2  -2       0.03881357  d_xy
  479   3   2  -1       0.03889303  d_yz
  479   3   2   0       0.01871549  d_z2
  479   3   2   1       0.03889303  d_xz
  479   3   2   2       0.01873129  d_x2-y2
  480   1   0   0       1.35602927  s
  480   2   1  -1       0.82987943  p_y
  480   2   1   0       0.82972835  p_z
  480   2   1   1       0.83007569  p_x
  480   3   2  -2       0.03866511  d_xy
  480   3   2  -1       0.03914468  d_yz
  480   3   2   0       0.01875171  d_z2
  480   3   2   1       0.03875400  d_xz
  480   3   2   2       0.01871301  d_x2-y2
  481   1   0   0       1.52289123  s
  481   2   1  -1       0.69743474  p_y
  481   2   1   0       0.87909378  p_z
  481   2   1   1       0.69743474  p_x
  481   3   2  -2       0.03522301  d_xy
  481   3   2  -1       0.02775158  d_yz
  481   3   2   0       0.04584082  d_z2
  481   3   2   1       0.02775158  d_xz
  481   3   2   2       0.03328307  d_x2-y2
  482   1   0   0       1.52289123  s
  482   2   1  -1       0.69743474  p_y
  482   2   1   0       0.87909378  p_z
  482   2   1   1       0.69743474  p_x
  482   3   2  -2       0.03522301  d_xy
  482   3   2  -1       0.02775158  d_yz
  482   3   2   0       0.04584082  d_z2
  482   3   2   1       0.02775158  d_xz
  482   3   2   2       0.03328307  d_x2-y2
  483   1   0   0       1.36899237  s
  483   2   1  -1       0.79876014  p_y
  483   2   1   0       0.79503407  p_z
  483   2   1   1       0.82105850  p_x
  483   3   2  -2       0.06140181  d_xy
  483   3   2  -1       0.06180169  d_yz
  483   3   2   0       0.02029504  d_z2
  483   3   2   1       0.05998955  d_xz
  483   3   2   2       0.02032897  d_x2-y2
  484   1   0   0       1.35420253  s
  484   2   1  -1       0.82941681  p_y
  484   2   1   0       0.82915323  p_z
  484   2   1   1       0.83039792  p_x
  484   3   2  -2       0.03919804  d_xy
  484   3   2  -1       0.03915221  d_yz
  484   3   2   0       0.01891044  d_z2
  484   3   2   1       0.03933647  d_xz
  484   3   2   2       0.01966033  d_x2-y2
  485   1   0   0       1.35537100  s
  485   2   1  -1       0.83037981  p_y
  485   2   1   0       0.83029676  p_z
  485   2   1   1       0.83050276  p_x
  485   3   2  -2       0.03906553  d_xy
  485   3   2  -1       0.03868656  d_yz
  485   3   2   0       0.01875408  d_z2
  485   3   2   1       0.03916590  d_xz
  485   3   2   2       0.01885635  d_x2-y2
  486   1   0   0       1.35631494  s
  486   2   1  -1       0.82953031  p_y
  486   2   1   0       0.82956161  p_z
  486   2   1   1       0.82961677  p_x
  486   3   2  -2       0.03879551  d_xy
  486   3   2  -1       0.03913928  d_yz
  486   3   2   0       0.01866157  d_z2
  486   3   2   1       0.03877267  d_xz
  486   3   2   2       0.01875219  d_x2-y2
  487   1   0   0       1.35599819  s
  487   2   1  -1       0.82992361  p_y
  487   2   1   0       0.82989775  p_z
  487   2   1   1       0.82965083  p_x
  487   3   2  -2       0.03885166  d_xy
  487   3   2  -1       0.03902041  d_yz
  487   3   2   0       0.01869749  d_z2
  487   3   2   1       0.03911360  d_xz
  487   3   2   2       0.01882749  d_x2-y2
  488   1   0   0       1.35584161  s
  488   2   1  -1       0.82998461  p_y
  488   2   1   0       0.83006606  p_z
  488   2   1   1       0.83003469  p_x
  488   3   2  -2       0.03890340  d_xy
  488   3   2  -1       0.03891922  d_yz
  488   3   2   0       0.01873684  d_z2
  488   3   2   1       0.03888477  d_xz
  488   3   2   2       0.01874513  d_x2-y2
  489   1   0   0       1.35459368  s
  489   2   1  -1       0.83086255  p_y
  489   2   1   0       0.83075785  p_z
  489   2   1   1       0.83086255  p_x
  489   3   2  -2       0.03839754  d_xy
  489   3   2  -1       0.03929216  d_yz
  489   3   2   0       0.01898278  d_z2
  489   3   2   1       0.03929216  d_xz
  489   3   2   2       0.01868937  d_x2-y2
  490   1   0   0       1.35420253  s
  490   2   1  -1       0.83039792  p_y
  490   2   1   0       0.82915323  p_z
  490   2   1   1       0.82941681  p_x
  490   3   2  -2       0.03919804  d_xy
  490   3   2  -1       0.03933647  d_yz
  490   3   2   0       0.01891044  d_z2
  490   3   2   1       0.03915221  d_xz
  490   3   2   2       0.01966033  d_x2-y2
  491   1   0   0       1.35584654  s
  491   2   1  -1       0.82999526  p_y
  491   2   1   0       0.82986554  p_z
  491   2   1   1       0.83009795  p_x
  491   3   2  -2       0.03905391  d_xy
  491   3   2  -1       0.03890124  d_yz
  491   3   2   0       0.01879287  d_z2
  491   3   2   1       0.03896172  d_xz
  491   3   2   2       0.01872935  d_x2-y2
  492   1   0   0       1.35251075  s
  492   2   1  -1       0.83105496  p_y
  492   2   1   0       0.82994861  p_z
  492   2   1   1       0.83105496  p_x
  492   3   2  -2       0.03824637  d_xy
  492   3   2  -1       0.03972760  d_yz
  492   3   2   0       0.02032320  d_z2
  492   3   2   1       0.03972760  d_xz
  492   3   2   2       0.01854723  d_x2-y2
  493   1   0   0       1.35555760  s
  493   2   1  -1       0.82995706  p_y
  493   2   1   0       0.83005640  p_z
  493   2   1   1       0.83030792  p_x
  493   3   2  -2       0.03910372  d_xy
  493   3   2  -1       0.03880674  d_yz
  493   3   2   0       0.01887570  d_z2
  493   3   2   1       0.03916347  d_xz
  493   3   2   2       0.01870672  d_x2-y2
  494   1   0   0       1.35641363  s
  494   2   1  -1       0.82950378  p_y
  494   2   1   0       0.82975771  p_z
  494   2   1   1       0.82947421  p_x
  494   3   2  -2       0.03917084  d_xy
  494   3   2  -1       0.03882638  d_yz
  494   3   2   0       0.01879550  d_z2
  494   3   2   1       0.03879550  d_xz
  494   3   2   2       0.01863436  d_x2-y2
  495   1   0   0       1.36714435  s
  495   2   1  -1       0.80078702  p_y
  495   2   1   0       0.83035558  p_z
  495   2   1   1       0.80078702  p_x
  495   3   2  -2       0.05305487  d_xy
  495   3   2  -1       0.05311533  d_yz
  495   3   2   0       0.02185097  d_z2
  495   3   2   1       0.05311533  d_xz
  495   3   2   2       0.01643039  d_x2-y2
  496   1   0   0       1.35648947  s
  496   2   1  -1       0.82755715  p_y
  496   2   1   0       0.83107162  p_z
  496   2   1   1       0.83177362  p_x
  496   3   2  -2       0.03899372  d_xy
  496   3   2  -1       0.03997436  d_yz
  496   3   2   0       0.01881060  d_z2
  496   3   2   1       0.03967182  d_xz
  496   3   2   2       0.01910190  d_x2-y2
  497   1   0   0       1.35599819  s
  497   2   1  -1       0.82965083  p_y
  497   2   1   0       0.82989775  p_z
  497   2   1   1       0.82992361  p_x
  497   3   2  -2       0.03885166  d_xy
  497   3   2  -1       0.03911360  d_yz
  497   3   2   0       0.01869749  d_z2
  497   3   2   1       0.03902041  d_xz
  497   3   2   2       0.01882749  d_x2-y2
  498   1   0   0       1.35626983  s
  498   2   1  -1       0.82960110  p_y
  498   2   1   0       0.82949214  p_z
  498   2   1   1       0.82985624  p_x
  498   3   2  -2       0.03864537  d_xy
  498   3   2  -1       0.03929466  d_yz
  498   3   2   0       0.01869381  d_z2
  498   3   2   1       0.03867695  d_xz
  498   3   2   2       0.01874399  d_x2-y2
  499   1   0   0       1.35555760  s
  499   2   1  -1       0.83030792  p_y
  499   2   1   0       0.83005640  p_z
  499   2   1   1       0.82995706  p_x
  499   3   2  -2       0.03910372  d_xy
  499   3   2  -1       0.03916347  d_yz
  499   3   2   0       0.01887570  d_z2
  499   3   2   1       0.03880674  d_xz
  499   3   2   2       0.01870672  d_x2-y2
  500   1   0   0       1.35577991  s
  500   2   1  -1       0.83011076  p_y
  500   2   1   0       0.82997017  p_z
  500   2   1   1       0.83011076  p_x
  500   3   2  -2       0.03888319  d_xy
  500   3   2  -1       0.03891073  d_yz
  500   3   2   0       0.01875378  d_z2
  500   3   2   1       0.03891073  d_xz
  500   3   2   2       0.01872372  d_x2-y2
  501   1   0   0       1.35537100  s
  501   2   1  -1       0.83050276  p_y
  501   2   1   0       0.83029676  p_z
  501   2   1   1       0.83037981  p_x
  501   3   2  -2       0.03906553  d_xy
  501   3   2  -1       0.03916590  d_yz
  501   3   2   0       0.01875408  d_z2
  501   3   2   1       0.03868656  d_xz
  501   3   2   2       0.01885635  d_x2-y2
  502   1   0   0       1.35648947  s
  502   2   1  -1       0.83177362  p_y
  502   2   1   0       0.83107162  p_z
  502   2   1   1       0.82755715  p_x
  502   3   2  -2       0.03899372  d_xy
  502   3   2  -1       0.03967182  d_yz
  502   3   2   0       0.01881060  d_z2
  502   3   2   1       0.03997436  d_xz
  502   3   2   2       0.01910190  d_x2-y2
  503   1   0   0       1.35615258  s
  503   2   1  -1       0.82979827  p_y
  503   2   1   0       0.82968778  p_z
  503   2   1   1       0.82979827  p_x
  503   3   2  -2       0.03885901  d_xy
  503   3   2  -1       0.03897311  d_yz
  503   3   2   0       0.01871682  d_z2
  503   3   2   1       0.03897311  d_xz
  503   3   2   2       0.01875547  d_x2-y2
  504   1   0   0       1.35584161  s
  504   2   1  -1       0.83003469  p_y
  504   2   1   0       0.83006606  p_z
  504   2   1   1       0.82998461  p_x
  504   3   2  -2       0.03890340  d_xy
  504   3   2  -1       0.03888477  d_yz
  504   3   2   0       0.01873684  d_z2
  504   3   2   1       0.03891922  d_xz
  504   3   2   2       0.01874513  d_x2-y2
  505   1   0   0       1.35658187  s
  505   2   1  -1       0.83014460  p_y
  505   2   1   0       0.83139478  p_z
  505   2   1   1       0.82842671  p_x
  505   3   2  -2       0.03959282  d_xy
  505   3   2  -1       0.04024527  d_yz
  505   3   2   0       0.01871634  d_z2
  505   3   2   1       0.03898375  d_xz
  505   3   2   2       0.01911064  d_x2-y2
  506   1   0   0       1.35626984  s
  506   2   1  -1       0.83048274  p_y
  506   2   1   0       0.82769401  p_z
  506   2   1   1       0.83048274  p_x
  506   3   2  -2       0.03986364  d_xy
  506   3   2  -1       0.03886189  d_yz
  506   3   2   0       0.01911648  d_z2
  506   3   2   1       0.03886189  d_xz
  506   3   2   2       0.01848829  d_x2-y2
  507   1   0   0       1.35584654  s
  507   2   1  -1       0.83009795  p_y
  507   2   1   0       0.82986554  p_z
  507   2   1   1       0.82999526  p_x
  507   3   2  -2       0.03905391  d_xy
  507   3   2  -1       0.03896172  d_yz
  507   3   2   0       0.01879287  d_z2
  507   3   2   1       0.03890124  d_xz
  507   3   2   2       0.01872935  d_x2-y2
  508   1   0   0       1.35626983  s
  508   2   1  -1       0.82985624  p_y
  508   2   1   0       0.82949214  p_z
  508   2   1   1       0.82960110  p_x
  508   3   2  -2       0.03864537  d_xy
  508   3   2  -1       0.03867695  d_yz
  508   3   2   0       0.01869381  d_z2
  508   3   2   1       0.03929466  d_xz
  508   3   2   2       0.01874399  d_x2-y2
  509   1   0   0       1.36899237  s
  509   2   1  -1       0.82105850  p_y
  509   2   1   0       0.79503407  p_z
  509   2   1   1       0.79876014  p_x
  509   3   2  -2       0.06140181  d_xy
  509   3   2  -1       0.05998955  d_yz
  509   3   2   0       0.02029504  d_z2
  509   3   2   1       0.06180169  d_xz
  509   3   2   2       0.02032897  d_x2-y2
  510   1   0   0       1.35641363  s
  510   2   1  -1       0.82947421  p_y
  510   2   1   0       0.82975771  p_z
  510   2   1   1       0.82950378  p_x
  510   3   2  -2       0.03917084  d_xy
  510   3   2  -1       0.03879550  d_yz
  510   3   2   0       0.01879550  d_z2
  510   3   2   1       0.03882638  d_xz
  510   3   2   2       0.01863436  d_x2-y2
  511   1   0   0       1.35658187  s
  511   2   1  -1       0.82842671  p_y
  511   2   1   0       0.83139478  p_z
  511   2   1   1       0.83014460  p_x
  511   3   2  -2       0.03959282  d_xy
  511   3   2  -1       0.03898375  d_yz
  511   3   2   0       0.01871634  d_z2
  511   3   2   1       0.04024527  d_xz
  511   3   2   2       0.01911064  d_x2-y2
  512   1   0   0       1.35631494  s
  512   2   1  -1       0.82961677  p_y
  512   2   1   0       0.82956161  p_z
  512   2   1   1       0.82953031  p_x
  512   3   2  -2       0.03879551  d_xy
  512   3   2  -1       0.03877267  d_yz
  512   3   2   0       0.01866157  d_z2
  512   3   2   1       0.03913928  d_xz
  512   3   2   2       0.01875219  d_x2-y2
  513   1   0   0       1.35711500  s
  513   2   1  -1       0.83171370  p_y
  513   2   1   0       0.82827571  p_z
  513   2   1   1       0.83171370  p_x
  513   3   2  -2       0.04152487  d_xy
  513   3   2  -1       0.03947578  d_yz
  513   3   2   0       0.01990555  d_z2
  513   3   2   1       0.03947578  d_xz
  513   3   2   2       0.01859421  d_x2-y2

Fermi level:                        -0.1362167413 H           -3.7066 eV
Band energy:                      -707.2161964620 H       -19244.3318 eV
TS:                                  0.0000000002 H            0.0000 eV
Band free energy (E-TS):          -707.2161964622 H       -19244.3318 eV
Extrapolated E(0K):               -707.2161964621 H       -19244.3318 eV
Input / Output electrons (q):   2052.0000000002   2052.0000000002

Energy H0:                        -707.2007131497 H       -19243.9105 eV
Energy SCC:                          0.0007724858 H            0.0210 eV
Total Electronic energy:          -707.1999406639 H       -19243.8895 eV
Repulsive energy:                    0.0000000000 H            0.0000 eV
Total energy:                     -707.1999406639 H       -19243.8895 eV
Extrapolated to 0:                -707.1999406640 H       -19243.8895 eV
Total Mermin free energy:         -707.1999406641 H       -19243.8895 eV
Force related energy:             -707.1999406641 H       -19243.8895 eV

Non-constrained calculation

SCC converged

Warning: dipole moment is not defined absolutely!
Dipole moment:   -0.01062374    0.03966485    0.04905708 au
Dipole moment:   -0.02700285    0.10081800    0.12469068 Debye


