 Fermi distribution function

Calculation with static geometry


********************************************************************************
 iSCC Total electronic   Diff electronic      SCC error    
    1   -0.70610844E+03    0.00000000E+00    0.11413093E-12
********************************************************************************

 Total charge:    -0.00000000

 Atomic gross charges (e)
 Atom           Charge
    1      -0.00000000
    2      -0.00000000
    3      -0.00000000
    4      -0.00000000
    5      -0.00000000
    6      -0.00000000
    7      -0.00000000
    8      -0.00000000
    9      -0.00000000
   10      -0.00000000
   11      -0.00000000
   12      -0.00000000
   13      -0.00000000
   14      -0.00000000
   15      -0.00000000
   16      -0.00000000
   17      -0.00000000
   18      -0.00000000
   19      -0.00000000
   20      -0.00000000
   21      -0.00000000
   22      -0.00000000
   23      -0.00000000
   24      -0.00000000
   25      -0.00000000
   26      -0.00000000
   27      -0.00000000
   28      -0.00000000
   29      -0.00000000
   30      -0.00000000
   31      -0.00000000
   32      -0.00000000
   33      -0.00000000
   34      -0.00000000
   35      -0.00000000
   36      -0.00000000
   37      -0.00000000
   38      -0.00000000
   39      -0.00000000
   40      -0.00000000
   41      -0.00000000
   42      -0.00000000
   43      -0.00000000
   44      -0.00000000
   45      -0.00000000
   46      -0.00000000
   47      -0.00000000
   48      -0.00000000
   49      -0.00000000
   50      -0.00000000
   51      -0.00000000
   52      -0.00000000
   53      -0.00000000
   54      -0.00000000
   55      -0.00000000
   56      -0.00000000
   57      -0.00000000
   58      -0.00000000
   59      -0.00000000
   60      -0.00000000
   61      -0.00000000
   62      -0.00000000
   63      -0.00000000
   64      -0.00000000
   65      -0.00000000
   66      -0.00000000
   67      -0.00000000
   68      -0.00000000
   69      -0.00000000
   70      -0.00000000
   71      -0.00000000
   72      -0.00000000
   73      -0.00000000
   74      -0.00000000
   75      -0.00000000
   76      -0.00000000
   77      -0.00000000
   78      -0.00000000
   79      -0.00000000
   80      -0.00000000
   81      -0.00000000
   82      -0.00000000
   83      -0.00000000
   84      -0.00000000
   85      -0.00000000
   86      -0.00000000
   87      -0.00000000
   88      -0.00000000
   89      -0.00000000
   90      -0.00000000
   91      -0.00000000
   92      -0.00000000
   93      -0.00000000
   94      -0.00000000
   95      -0.00000000
   96      -0.00000000
   97      -0.00000000
   98      -0.00000000
   99      -0.00000000
  100      -0.00000000
  101      -0.00000000
  102      -0.00000000
  103      -0.00000000
  104      -0.00000000
  105      -0.00000000
  106      -0.00000000
  107      -0.00000000
  108      -0.00000000
  109      -0.00000000
  110      -0.00000000
  111      -0.00000000
  112      -0.00000000
  113      -0.00000000
  114      -0.00000000
  115      -0.00000000
  116      -0.00000000
  117      -0.00000000
  118      -0.00000000
  119      -0.00000000
  120      -0.00000000
  121      -0.00000000
  122      -0.00000000
  123      -0.00000000
  124      -0.00000000
  125      -0.00000000
  126      -0.00000000
  127      -0.00000000
  128      -0.00000000
  129      -0.00000000
  130      -0.00000000
  131      -0.00000000
  132      -0.00000000
  133      -0.00000000
  134      -0.00000000
  135      -0.00000000
  136      -0.00000000
  137      -0.00000000
  138      -0.00000000
  139      -0.00000000
  140      -0.00000000
  141      -0.00000000
  142      -0.00000000
  143      -0.00000000
  144      -0.00000000
  145      -0.00000000
  146      -0.00000000
  147      -0.00000000
  148      -0.00000000
  149      -0.00000000
  150      -0.00000000
  151      -0.00000000
  152      -0.00000000
  153      -0.00000000
  154      -0.00000000
  155      -0.00000000
  156      -0.00000000
  157      -0.00000000
  158      -0.00000000
  159      -0.00000000
  160      -0.00000000
  161      -0.00000000
  162      -0.00000000
  163      -0.00000000
  164      -0.00000000
  165      -0.00000000
  166      -0.00000000
  167      -0.00000000
  168      -0.00000000
  169      -0.00000000
  170      -0.00000000
  171      -0.00000000
  172      -0.00000000
  173      -0.00000000
  174      -0.00000000
  175      -0.00000000
  176      -0.00000000
  177      -0.00000000
  178      -0.00000000
  179      -0.00000000
  180      -0.00000000
  181      -0.00000000
  182      -0.00000000
  183      -0.00000000
  184      -0.00000000
  185      -0.00000000
  186      -0.00000000
  187      -0.00000000
  188      -0.00000000
  189      -0.00000000
  190      -0.00000000
  191      -0.00000000
  192      -0.00000000
  193      -0.00000000
  194      -0.00000000
  195      -0.00000000
  196      -0.00000000
  197      -0.00000000
  198      -0.00000000
  199      -0.00000000
  200      -0.00000000
  201      -0.00000000
  202      -0.00000000
  203      -0.00000000
  204      -0.00000000
  205      -0.00000000
  206      -0.00000000
  207      -0.00000000
  208      -0.00000000
  209      -0.00000000
  210      -0.00000000
  211      -0.00000000
  212      -0.00000000
  213      -0.00000000
  214      -0.00000000
  215      -0.00000000
  216      -0.00000000
  217      -0.00000000
  218      -0.00000000
  219      -0.00000000
  220      -0.00000000
  221      -0.00000000
  222      -0.00000000
  223      -0.00000000
  224      -0.00000000
  225      -0.00000000
  226      -0.00000000
  227      -0.00000000
  228      -0.00000000
  229      -0.00000000
  230      -0.00000000
  231      -0.00000000
  232      -0.00000000
  233      -0.00000000
  234      -0.00000000
  235      -0.00000000
  236      -0.00000000
  237      -0.00000000
  238      -0.00000000
  239      -0.00000000
  240      -0.00000000
  241      -0.00000000
  242      -0.00000000
  243      -0.00000000
  244      -0.00000000
  245      -0.00000000
  246      -0.00000000
  247      -0.00000000
  248      -0.00000000
  249      -0.00000000
  250      -0.00000000
  251      -0.00000000
  252      -0.00000000
  253      -0.00000000
  254      -0.00000000
  255      -0.00000000
  256      -0.00000000
  257      -0.00000000
  258      -0.00000000
  259      -0.00000000
  260      -0.00000000
  261      -0.00000000
  262      -0.00000000
  263      -0.00000000
  264      -0.00000000
  265      -0.00000000
  266      -0.00000000
  267      -0.00000000
  268      -0.00000000
  269      -0.00000000
  270      -0.00000000
  271      -0.00000000
  272      -0.00000000
  273      -0.00000000
  274      -0.00000000
  275      -0.00000000
  276      -0.00000000
  277      -0.00000000
  278      -0.00000000
  279      -0.00000000
  280      -0.00000000
  281      -0.00000000
  282      -0.00000000
  283      -0.00000000
  284      -0.00000000
  285      -0.00000000
  286      -0.00000000
  287      -0.00000000
  288      -0.00000000
  289      -0.00000000
  290      -0.00000000
  291      -0.00000000
  292      -0.00000000
  293      -0.00000000
  294      -0.00000000
  295      -0.00000000
  296      -0.00000000
  297      -0.00000000
  298      -0.00000000
  299      -0.00000000
  300      -0.00000000
  301      -0.00000000
  302      -0.00000000
  303      -0.00000000
  304      -0.00000000
  305      -0.00000000
  306      -0.00000000
  307      -0.00000000
  308      -0.00000000
  309      -0.00000000
  310      -0.00000000
  311      -0.00000000
  312      -0.00000000
  313      -0.00000000
  314      -0.00000000
  315      -0.00000000
  316      -0.00000000
  317      -0.00000000
  318      -0.00000000
  319      -0.00000000
  320      -0.00000000
  321      -0.00000000
  322      -0.00000000
  323      -0.00000000
  324      -0.00000000
  325      -0.00000000
  326      -0.00000000
  327      -0.00000000
  328      -0.00000000
  329      -0.00000000
  330      -0.00000000
  331      -0.00000000
  332      -0.00000000
  333      -0.00000000
  334      -0.00000000
  335      -0.00000000
  336      -0.00000000
  337      -0.00000000
  338      -0.00000000
  339      -0.00000000
  340      -0.00000000
  341      -0.00000000
  342      -0.00000000
  343      -0.00000000
  344      -0.00000000
  345      -0.00000000
  346      -0.00000000
  347      -0.00000000
  348      -0.00000000
  349      -0.00000000
  350      -0.00000000
  351      -0.00000000
  352      -0.00000000
  353      -0.00000000
  354      -0.00000000
  355      -0.00000000
  356      -0.00000000
  357      -0.00000000
  358      -0.00000000
  359      -0.00000000
  360      -0.00000000
  361      -0.00000000
  362      -0.00000000
  363      -0.00000000
  364      -0.00000000
  365      -0.00000000
  366      -0.00000000
  367      -0.00000000
  368      -0.00000000
  369      -0.00000000
  370      -0.00000000
  371      -0.00000000
  372      -0.00000000
  373      -0.00000000
  374      -0.00000000
  375      -0.00000000
  376      -0.00000000
  377      -0.00000000
  378      -0.00000000
  379      -0.00000000
  380      -0.00000000
  381      -0.00000000
  382      -0.00000000
  383      -0.00000000
  384      -0.00000000
  385      -0.00000000
  386      -0.00000000
  387      -0.00000000
  388      -0.00000000
  389      -0.00000000
  390      -0.00000000
  391      -0.00000000
  392      -0.00000000
  393      -0.00000000
  394      -0.00000000
  395      -0.00000000
  396      -0.00000000
  397      -0.00000000
  398      -0.00000000
  399      -0.00000000
  400      -0.00000000
  401      -0.00000000
  402      -0.00000000
  403      -0.00000000
  404      -0.00000000
  405      -0.00000000
  406      -0.00000000
  407      -0.00000000
  408      -0.00000000
  409      -0.00000000
  410      -0.00000000
  411      -0.00000000
  412      -0.00000000
  413      -0.00000000
  414      -0.00000000
  415      -0.00000000
  416      -0.00000000
  417      -0.00000000
  418      -0.00000000
  419      -0.00000000
  420      -0.00000000
  421      -0.00000000
  422      -0.00000000
  423      -0.00000000
  424      -0.00000000
  425      -0.00000000
  426      -0.00000000
  427      -0.00000000
  428      -0.00000000
  429      -0.00000000
  430      -0.00000000
  431      -0.00000000
  432      -0.00000000
  433      -0.00000000
  434      -0.00000000
  435      -0.00000000
  436      -0.00000000
  437      -0.00000000
  438      -0.00000000
  439      -0.00000000
  440      -0.00000000
  441      -0.00000000
  442      -0.00000000
  443      -0.00000000
  444      -0.00000000
  445      -0.00000000
  446      -0.00000000
  447      -0.00000000
  448      -0.00000000
  449      -0.00000000
  450      -0.00000000
  451      -0.00000000
  452      -0.00000000
  453      -0.00000000
  454      -0.00000000
  455      -0.00000000
  456      -0.00000000
  457      -0.00000000
  458      -0.00000000
  459      -0.00000000
  460      -0.00000000
  461      -0.00000000
  462      -0.00000000
  463      -0.00000000
  464      -0.00000000
  465      -0.00000000
  466      -0.00000000
  467      -0.00000000
  468      -0.00000000
  469      -0.00000000
  470      -0.00000000
  471      -0.00000000
  472      -0.00000000
  473      -0.00000000
  474      -0.00000000
  475      -0.00000000
  476      -0.00000000
  477      -0.00000000
  478      -0.00000000
  479      -0.00000000
  480      -0.00000000
  481      -0.00000000
  482      -0.00000000
  483      -0.00000000
  484      -0.00000000
  485      -0.00000000
  486      -0.00000000
  487      -0.00000000
  488      -0.00000000
  489      -0.00000000
  490      -0.00000000
  491      -0.00000000
  492      -0.00000000
  493      -0.00000000
  494      -0.00000000
  495      -0.00000000
  496      -0.00000000
  497      -0.00000000
  498      -0.00000000
  499      -0.00000000
  500      -0.00000000
  501      -0.00000000
  502      -0.00000000
  503      -0.00000000
  504      -0.00000000
  505      -0.00000000
  506      -0.00000000
  507      -0.00000000
  508      -0.00000000
  509      -0.00000000
  510      -0.00000000
  511      -0.00000000
  512      -0.00000000

Nr. of electrons (up):   2048.00000000
Atom populations (up)
 Atom       Population
    1       4.00000000
    2       4.00000000
    3       4.00000000
    4       4.00000000
    5       4.00000000
    6       4.00000000
    7       4.00000000
    8       4.00000000
    9       4.00000000
   10       4.00000000
   11       4.00000000
   12       4.00000000
   13       4.00000000
   14       4.00000000
   15       4.00000000
   16       4.00000000
   17       4.00000000
   18       4.00000000
   19       4.00000000
   20       4.00000000
   21       4.00000000
   22       4.00000000
   23       4.00000000
   24       4.00000000
   25       4.00000000
   26       4.00000000
   27       4.00000000
   28       4.00000000
   29       4.00000000
   30       4.00000000
   31       4.00000000
   32       4.00000000
   33       4.00000000
   34       4.00000000
   35       4.00000000
   36       4.00000000
   37       4.00000000
   38       4.00000000
   39       4.00000000
   40       4.00000000
   41       4.00000000
   42       4.00000000
   43       4.00000000
   44       4.00000000
   45       4.00000000
   46       4.00000000
   47       4.00000000
   48       4.00000000
   49       4.00000000
   50       4.00000000
   51       4.00000000
   52       4.00000000
   53       4.00000000
   54       4.00000000
   55       4.00000000
   56       4.00000000
   57       4.00000000
   58       4.00000000
   59       4.00000000
   60       4.00000000
   61       4.00000000
   62       4.00000000
   63       4.00000000
   64       4.00000000
   65       4.00000000
   66       4.00000000
   67       4.00000000
   68       4.00000000
   69       4.00000000
   70       4.00000000
   71       4.00000000
   72       4.00000000
   73       4.00000000
   74       4.00000000
   75       4.00000000
   76       4.00000000
   77       4.00000000
   78       4.00000000
   79       4.00000000
   80       4.00000000
   81       4.00000000
   82       4.00000000
   83       4.00000000
   84       4.00000000
   85       4.00000000
   86       4.00000000
   87       4.00000000
   88       4.00000000
   89       4.00000000
   90       4.00000000
   91       4.00000000
   92       4.00000000
   93       4.00000000
   94       4.00000000
   95       4.00000000
   96       4.00000000
   97       4.00000000
   98       4.00000000
   99       4.00000000
  100       4.00000000
  101       4.00000000
  102       4.00000000
  103       4.00000000
  104       4.00000000
  105       4.00000000
  106       4.00000000
  107       4.00000000
  108       4.00000000
  109       4.00000000
  110       4.00000000
  111       4.00000000
  112       4.00000000
  113       4.00000000
  114       4.00000000
  115       4.00000000
  116       4.00000000
  117       4.00000000
  118       4.00000000
  119       4.00000000
  120       4.00000000
  121       4.00000000
  122       4.00000000
  123       4.00000000
  124       4.00000000
  125       4.00000000
  126       4.00000000
  127       4.00000000
  128       4.00000000
  129       4.00000000
  130       4.00000000
  131       4.00000000
  132       4.00000000
  133       4.00000000
  134       4.00000000
  135       4.00000000
  136       4.00000000
  137       4.00000000
  138       4.00000000
  139       4.00000000
  140       4.00000000
  141       4.00000000
  142       4.00000000
  143       4.00000000
  144       4.00000000
  145       4.00000000
  146       4.00000000
  147       4.00000000
  148       4.00000000
  149       4.00000000
  150       4.00000000
  151       4.00000000
  152       4.00000000
  153       4.00000000
  154       4.00000000
  155       4.00000000
  156       4.00000000
  157       4.00000000
  158       4.00000000
  159       4.00000000
  160       4.00000000
  161       4.00000000
  162       4.00000000
  163       4.00000000
  164       4.00000000
  165       4.00000000
  166       4.00000000
  167       4.00000000
  168       4.00000000
  169       4.00000000
  170       4.00000000
  171       4.00000000
  172       4.00000000
  173       4.00000000
  174       4.00000000
  175       4.00000000
  176       4.00000000
  177       4.00000000
  178       4.00000000
  179       4.00000000
  180       4.00000000
  181       4.00000000
  182       4.00000000
  183       4.00000000
  184       4.00000000
  185       4.00000000
  186       4.00000000
  187       4.00000000
  188       4.00000000
  189       4.00000000
  190       4.00000000
  191       4.00000000
  192       4.00000000
  193       4.00000000
  194       4.00000000
  195       4.00000000
  196       4.00000000
  197       4.00000000
  198       4.00000000
  199       4.00000000
  200       4.00000000
  201       4.00000000
  202       4.00000000
  203       4.00000000
  204       4.00000000
  205       4.00000000
  206       4.00000000
  207       4.00000000
  208       4.00000000
  209       4.00000000
  210       4.00000000
  211       4.00000000
  212       4.00000000
  213       4.00000000
  214       4.00000000
  215       4.00000000
  216       4.00000000
  217       4.00000000
  218       4.00000000
  219       4.00000000
  220       4.00000000
  221       4.00000000
  222       4.00000000
  223       4.00000000
  224       4.00000000
  225       4.00000000
  226       4.00000000
  227       4.00000000
  228       4.00000000
  229       4.00000000
  230       4.00000000
  231       4.00000000
  232       4.00000000
  233       4.00000000
  234       4.00000000
  235       4.00000000
  236       4.00000000
  237       4.00000000
  238       4.00000000
  239       4.00000000
  240       4.00000000
  241       4.00000000
  242       4.00000000
  243       4.00000000
  244       4.00000000
  245       4.00000000
  246       4.00000000
  247       4.00000000
  248       4.00000000
  249       4.00000000
  250       4.00000000
  251       4.00000000
  252       4.00000000
  253       4.00000000
  254       4.00000000
  255       4.00000000
  256       4.00000000
  257       4.00000000
  258       4.00000000
  259       4.00000000
  260       4.00000000
  261       4.00000000
  262       4.00000000
  263       4.00000000
  264       4.00000000
  265       4.00000000
  266       4.00000000
  267       4.00000000
  268       4.00000000
  269       4.00000000
  270       4.00000000
  271       4.00000000
  272       4.00000000
  273       4.00000000
  274       4.00000000
  275       4.00000000
  276       4.00000000
  277       4.00000000
  278       4.00000000
  279       4.00000000
  280       4.00000000
  281       4.00000000
  282       4.00000000
  283       4.00000000
  284       4.00000000
  285       4.00000000
  286       4.00000000
  287       4.00000000
  288       4.00000000
  289       4.00000000
  290       4.00000000
  291       4.00000000
  292       4.00000000
  293       4.00000000
  294       4.00000000
  295       4.00000000
  296       4.00000000
  297       4.00000000
  298       4.00000000
  299       4.00000000
  300       4.00000000
  301       4.00000000
  302       4.00000000
  303       4.00000000
  304       4.00000000
  305       4.00000000
  306       4.00000000
  307       4.00000000
  308       4.00000000
  309       4.00000000
  310       4.00000000
  311       4.00000000
  312       4.00000000
  313       4.00000000
  314       4.00000000
  315       4.00000000
  316       4.00000000
  317       4.00000000
  318       4.00000000
  319       4.00000000
  320       4.00000000
  321       4.00000000
  322       4.00000000
  323       4.00000000
  324       4.00000000
  325       4.00000000
  326       4.00000000
  327       4.00000000
  328       4.00000000
  329       4.00000000
  330       4.00000000
  331       4.00000000
  332       4.00000000
  333       4.00000000
  334       4.00000000
  335       4.00000000
  336       4.00000000
  337       4.00000000
  338       4.00000000
  339       4.00000000
  340       4.00000000
  341       4.00000000
  342       4.00000000
  343       4.00000000
  344       4.00000000
  345       4.00000000
  346       4.00000000
  347       4.00000000
  348       4.00000000
  349       4.00000000
  350       4.00000000
  351       4.00000000
  352       4.00000000
  353       4.00000000
  354       4.00000000
  355       4.00000000
  356       4.00000000
  357       4.00000000
  358       4.00000000
  359       4.00000000
  360       4.00000000
  361       4.00000000
  362       4.00000000
  363       4.00000000
  364       4.00000000
  365       4.00000000
  366       4.00000000
  367       4.00000000
  368       4.00000000
  369       4.00000000
  370       4.00000000
  371       4.00000000
  372       4.00000000
  373       4.00000000
  374       4.00000000
  375       4.00000000
  376       4.00000000
  377       4.00000000
  378       4.00000000
  379       4.00000000
  380       4.00000000
  381       4.00000000
  382       4.00000000
  383       4.00000000
  384       4.00000000
  385       4.00000000
  386       4.00000000
  387       4.00000000
  388       4.00000000
  389       4.00000000
  390       4.00000000
  391       4.00000000
  392       4.00000000
  393       4.00000000
  394       4.00000000
  395       4.00000000
  396       4.00000000
  397       4.00000000
  398       4.00000000
  399       4.00000000
  400       4.00000000
  401       4.00000000
  402       4.00000000
  403       4.00000000
  404       4.00000000
  405       4.00000000
  406       4.00000000
  407       4.00000000
  408       4.00000000
  409       4.00000000
  410       4.00000000
  411       4.00000000
  412       4.00000000
  413       4.00000000
  414       4.00000000
  415       4.00000000
  416       4.00000000
  417       4.00000000
  418       4.00000000
  419       4.00000000
  420       4.00000000
  421       4.00000000
  422       4.00000000
  423       4.00000000
  424       4.00000000
  425       4.00000000
  426       4.00000000
  427       4.00000000
  428       4.00000000
  429       4.00000000
  430       4.00000000
  431       4.00000000
  432       4.00000000
  433       4.00000000
  434       4.00000000
  435       4.00000000
  436       4.00000000
  437       4.00000000
  438       4.00000000
  439       4.00000000
  440       4.00000000
  441       4.00000000
  442       4.00000000
  443       4.00000000
  444       4.00000000
  445       4.00000000
  446       4.00000000
  447       4.00000000
  448       4.00000000
  449       4.00000000
  450       4.00000000
  451       4.00000000
  452       4.00000000
  453       4.00000000
  454       4.00000000
  455       4.00000000
  456       4.00000000
  457       4.00000000
  458       4.00000000
  459       4.00000000
  460       4.00000000
  461       4.00000000
  462       4.00000000
  463       4.00000000
  464       4.00000000
  465       4.00000000
  466       4.00000000
  467       4.00000000
  468       4.00000000
  469       4.00000000
  470       4.00000000
  471       4.00000000
  472       4.00000000
  473       4.00000000
  474       4.00000000
  475       4.00000000
  476       4.00000000
  477       4.00000000
  478       4.00000000
  479       4.00000000
  480       4.00000000
  481       4.00000000
  482       4.00000000
  483       4.00000000
  484       4.00000000
  485       4.00000000
  486       4.00000000
  487       4.00000000
  488       4.00000000
  489       4.00000000
  490       4.00000000
  491       4.00000000
  492       4.00000000
  493       4.00000000
  494       4.00000000
  495       4.00000000
  496       4.00000000
  497       4.00000000
  498       4.00000000
  499       4.00000000
  500       4.00000000
  501       4.00000000
  502       4.00000000
  503       4.00000000
  504       4.00000000
  505       4.00000000
  506       4.00000000
  507       4.00000000
  508       4.00000000
  509       4.00000000
  510       4.00000000
  511       4.00000000
  512       4.00000000

l-shell populations (up)
 Atom Sh.   l       Population
    1   1   0       1.35632599
    1   2   1       2.48947302
    1   3   2       0.15420098
    2   1   0       1.35632599
    2   2   1       2.48947302
    2   3   2       0.15420098
    3   1   0       1.35632599
    3   2   1       2.48947302
    3   3   2       0.15420098
    4   1   0       1.35632599
    4   2   1       2.48947302
    4   3   2       0.15420098
    5   1   0       1.35632599
    5   2   1       2.48947302
    5   3   2       0.15420098
    6   1   0       1.35632599
    6   2   1       2.48947302
    6   3   2       0.15420098
    7   1   0       1.35632599
    7   2   1       2.48947302
    7   3   2       0.15420098
    8   1   0       1.35632599
    8   2   1       2.48947302
    8   3   2       0.15420098
    9   1   0       1.35632599
    9   2   1       2.48947302
    9   3   2       0.15420098
   10   1   0       1.35632599
   10   2   1       2.48947302
   10   3   2       0.15420098
   11   1   0       1.35632599
   11   2   1       2.48947302
   11   3   2       0.15420098
   12   1   0       1.35632599
   12   2   1       2.48947302
   12   3   2       0.15420098
   13   1   0       1.35632599
   13   2   1       2.48947302
   13   3   2       0.15420098
   14   1   0       1.35632599
   14   2   1       2.48947302
   14   3   2       0.15420098
   15   1   0       1.35632599
   15   2   1       2.48947302
   15   3   2       0.15420098
   16   1   0       1.35632599
   16   2   1       2.48947302
   16   3   2       0.15420098
   17   1   0       1.35632599
   17   2   1       2.48947302
   17   3   2       0.15420098
   18   1   0       1.35632599
   18   2   1       2.48947302
   18   3   2       0.15420098
   19   1   0       1.35632599
   19   2   1       2.48947302
   19   3   2       0.15420098
   20   1   0       1.35632599
   20   2   1       2.48947302
   20   3   2       0.15420098
   21   1   0       1.35632599
   21   2   1       2.48947302
   21   3   2       0.15420098
   22   1   0       1.35632599
   22   2   1       2.48947302
   22   3   2       0.15420098
   23   1   0       1.35632599
   23   2   1       2.48947302
   23   3   2       0.15420098
   24   1   0       1.35632599
   24   2   1       2.48947302
   24   3   2       0.15420098
   25   1   0       1.35632599
   25   2   1       2.48947302
   25   3   2       0.15420098
   26   1   0       1.35632599
   26   2   1       2.48947302
   26   3   2       0.15420098
   27   1   0       1.35632599
   27   2   1       2.48947302
   27   3   2       0.15420098
   28   1   0       1.35632599
   28   2   1       2.48947302
   28   3   2       0.15420098
   29   1   0       1.35632599
   29   2   1       2.48947302
   29   3   2       0.15420098
   30   1   0       1.35632599
   30   2   1       2.48947302
   30   3   2       0.15420098
   31   1   0       1.35632599
   31   2   1       2.48947302
   31   3   2       0.15420098
   32   1   0       1.35632599
   32   2   1       2.48947302
   32   3   2       0.15420098
   33   1   0       1.35632599
   33   2   1       2.48947302
   33   3   2       0.15420098
   34   1   0       1.35632599
   34   2   1       2.48947302
   34   3   2       0.15420098
   35   1   0       1.35632599
   35   2   1       2.48947302
   35   3   2       0.15420098
   36   1   0       1.35632599
   36   2   1       2.48947302
   36   3   2       0.15420098
   37   1   0       1.35632599
   37   2   1       2.48947302
   37   3   2       0.15420098
   38   1   0       1.35632599
   38   2   1       2.48947302
   38   3   2       0.15420098
   39   1   0       1.35632599
   39   2   1       2.48947302
   39   3   2       0.15420098
   40   1   0       1.35632599
   40   2   1       2.48947302
   40   3   2       0.15420098
   41   1   0       1.35632599
   41   2   1       2.48947302
   41   3   2       0.15420098
   42   1   0       1.35632599
   42   2   1       2.48947302
   42   3   2       0.15420098
   43   1   0       1.35632599
   43   2   1       2.48947302
   43   3   2       0.15420098
   44   1   0       1.35632599
   44   2   1       2.48947302
   44   3   2       0.15420098
   45   1   0       1.35632599
   45   2   1       2.48947302
   45   3   2       0.15420098
   46   1   0       1.35632599
   46   2   1       2.48947302
   46   3   2       0.15420098
   47   1   0       1.35632599
   47   2   1       2.48947302
   47   3   2       0.15420098
   48   1   0       1.35632599
   48   2   1       2.48947302
   48   3   2       0.15420098
   49   1   0       1.35632599
   49   2   1       2.48947302
   49   3   2       0.15420098
   50   1   0       1.35632599
   50   2   1       2.48947302
   50   3   2       0.15420098
   51   1   0       1.35632599
   51   2   1       2.48947302
   51   3   2       0.15420098
   52   1   0       1.35632599
   52   2   1       2.48947302
   52   3   2       0.15420098
   53   1   0       1.35632599
   53   2   1       2.48947302
   53   3   2       0.15420098
   54   1   0       1.35632599
   54   2   1       2.48947302
   54   3   2       0.15420098
   55   1   0       1.35632599
   55   2   1       2.48947302
   55   3   2       0.15420098
   56   1   0       1.35632599
   56   2   1       2.48947302
   56   3   2       0.15420098
   57   1   0       1.35632599
   57   2   1       2.48947302
   57   3   2       0.15420098
   58   1   0       1.35632599
   58   2   1       2.48947302
   58   3   2       0.15420098
   59   1   0       1.35632599
   59   2   1       2.48947302
   59   3   2       0.15420098
   60   1   0       1.35632599
   60   2   1       2.48947302
   60   3   2       0.15420098
   61   1   0       1.35632599
   61   2   1       2.48947302
   61   3   2       0.15420098
   62   1   0       1.35632599
   62   2   1       2.48947302
   62   3   2       0.15420098
   63   1   0       1.35632599
   63   2   1       2.48947302
   63   3   2       0.15420098
   64   1   0       1.35632599
   64   2   1       2.48947302
   64   3   2       0.15420098
   65   1   0       1.35632599
   65   2   1       2.48947302
   65   3   2       0.15420098
   66   1   0       1.35632599
   66   2   1       2.48947302
   66   3   2       0.15420098
   67   1   0       1.35632599
   67   2   1       2.48947302
   67   3   2       0.15420098
   68   1   0       1.35632599
   68   2   1       2.48947302
   68   3   2       0.15420098
   69   1   0       1.35632599
   69   2   1       2.48947302
   69   3   2       0.15420098
   70   1   0       1.35632599
   70   2   1       2.48947302
   70   3   2       0.15420098
   71   1   0       1.35632599
   71   2   1       2.48947302
   71   3   2       0.15420098
   72   1   0       1.35632599
   72   2   1       2.48947302
   72   3   2       0.15420098
   73   1   0       1.35632599
   73   2   1       2.48947302
   73   3   2       0.15420098
   74   1   0       1.35632599
   74   2   1       2.48947302
   74   3   2       0.15420098
   75   1   0       1.35632599
   75   2   1       2.48947302
   75   3   2       0.15420098
   76   1   0       1.35632599
   76   2   1       2.48947302
   76   3   2       0.15420098
   77   1   0       1.35632599
   77   2   1       2.48947302
   77   3   2       0.15420098
   78   1   0       1.35632599
   78   2   1       2.48947302
   78   3   2       0.15420098
   79   1   0       1.35632599
   79   2   1       2.48947302
   79   3   2       0.15420098
   80   1   0       1.35632599
   80   2   1       2.48947302
   80   3   2       0.15420098
   81   1   0       1.35632599
   81   2   1       2.48947302
   81   3   2       0.15420098
   82   1   0       1.35632599
   82   2   1       2.48947302
   82   3   2       0.15420098
   83   1   0       1.35632599
   83   2   1       2.48947302
   83   3   2       0.15420098
   84   1   0       1.35632599
   84   2   1       2.48947302
   84   3   2       0.15420098
   85   1   0       1.35632599
   85   2   1       2.48947302
   85   3   2       0.15420098
   86   1   0       1.35632599
   86   2   1       2.48947302
   86   3   2       0.15420098
   87   1   0       1.35632599
   87   2   1       2.48947302
   87   3   2       0.15420098
   88   1   0       1.35632599
   88   2   1       2.48947302
   88   3   2       0.15420098
   89   1   0       1.35632599
   89   2   1       2.48947302
   89   3   2       0.15420098
   90   1   0       1.35632599
   90   2   1       2.48947302
   90   3   2       0.15420098
   91   1   0       1.35632599
   91   2   1       2.48947302
   91   3   2       0.15420098
   92   1   0       1.35632599
   92   2   1       2.48947302
   92   3   2       0.15420098
   93   1   0       1.35632599
   93   2   1       2.48947302
   93   3   2       0.15420098
   94   1   0       1.35632599
   94   2   1       2.48947302
   94   3   2       0.15420098
   95   1   0       1.35632599
   95   2   1       2.48947302
   95   3   2       0.15420098
   96   1   0       1.35632599
   96   2   1       2.48947302
   96   3   2       0.15420098
   97   1   0       1.35632599
   97   2   1       2.48947302
   97   3   2       0.15420098
   98   1   0       1.35632599
   98   2   1       2.48947302
   98   3   2       0.15420098
   99   1   0       1.35632599
   99   2   1       2.48947302
   99   3   2       0.15420098
  100   1   0       1.35632599
  100   2   1       2.48947302
  100   3   2       0.15420098
  101   1   0       1.35632599
  101   2   1       2.48947302
  101   3   2       0.15420098
  102   1   0       1.35632599
  102   2   1       2.48947302
  102   3   2       0.15420098
  103   1   0       1.35632599
  103   2   1       2.48947302
  103   3   2       0.15420098
  104   1   0       1.35632599
  104   2   1       2.48947302
  104   3   2       0.15420098
  105   1   0       1.35632599
  105   2   1       2.48947302
  105   3   2       0.15420098
  106   1   0       1.35632599
  106   2   1       2.48947302
  106   3   2       0.15420098
  107   1   0       1.35632599
  107   2   1       2.48947302
  107   3   2       0.15420098
  108   1   0       1.35632599
  108   2   1       2.48947302
  108   3   2       0.15420098
  109   1   0       1.35632599
  109   2   1       2.48947302
  109   3   2       0.15420098
  110   1   0       1.35632599
  110   2   1       2.48947302
  110   3   2       0.15420098
  111   1   0       1.35632599
  111   2   1       2.48947302
  111   3   2       0.15420098
  112   1   0       1.35632599
  112   2   1       2.48947302
  112   3   2       0.15420098
  113   1   0       1.35632599
  113   2   1       2.48947302
  113   3   2       0.15420098
  114   1   0       1.35632599
  114   2   1       2.48947302
  114   3   2       0.15420098
  115   1   0       1.35632599
  115   2   1       2.48947302
  115   3   2       0.15420098
  116   1   0       1.35632599
  116   2   1       2.48947302
  116   3   2       0.15420098
  117   1   0       1.35632599
  117   2   1       2.48947302
  117   3   2       0.15420098
  118   1   0       1.35632599
  118   2   1       2.48947302
  118   3   2       0.15420098
  119   1   0       1.35632599
  119   2   1       2.48947302
  119   3   2       0.15420098
  120   1   0       1.35632599
  120   2   1       2.48947302
  120   3   2       0.15420098
  121   1   0       1.35632599
  121   2   1       2.48947302
  121   3   2       0.15420098
  122   1   0       1.35632599
  122   2   1       2.48947302
  122   3   2       0.15420098
  123   1   0       1.35632599
  123   2   1       2.48947302
  123   3   2       0.15420098
  124   1   0       1.35632599
  124   2   1       2.48947302
  124   3   2       0.15420098
  125   1   0       1.35632599
  125   2   1       2.48947302
  125   3   2       0.15420098
  126   1   0       1.35632599
  126   2   1       2.48947302
  126   3   2       0.15420098
  127   1   0       1.35632599
  127   2   1       2.48947302
  127   3   2       0.15420098
  128   1   0       1.35632599
  128   2   1       2.48947302
  128   3   2       0.15420098
  129   1   0       1.35632599
  129   2   1       2.48947302
  129   3   2       0.15420098
  130   1   0       1.35632599
  130   2   1       2.48947302
  130   3   2       0.15420098
  131   1   0       1.35632599
  131   2   1       2.48947302
  131   3   2       0.15420098
  132   1   0       1.35632599
  132   2   1       2.48947302
  132   3   2       0.15420098
  133   1   0       1.35632599
  133   2   1       2.48947302
  133   3   2       0.15420098
  134   1   0       1.35632599
  134   2   1       2.48947302
  134   3   2       0.15420098
  135   1   0       1.35632599
  135   2   1       2.48947302
  135   3   2       0.15420098
  136   1   0       1.35632599
  136   2   1       2.48947302
  136   3   2       0.15420098
  137   1   0       1.35632599
  137   2   1       2.48947302
  137   3   2       0.15420098
  138   1   0       1.35632599
  138   2   1       2.48947302
  138   3   2       0.15420098
  139   1   0       1.35632599
  139   2   1       2.48947302
  139   3   2       0.15420098
  140   1   0       1.35632599
  140   2   1       2.48947302
  140   3   2       0.15420098
  141   1   0       1.35632599
  141   2   1       2.48947302
  141   3   2       0.15420098
  142   1   0       1.35632599
  142   2   1       2.48947302
  142   3   2       0.15420098
  143   1   0       1.35632599
  143   2   1       2.48947302
  143   3   2       0.15420098
  144   1   0       1.35632599
  144   2   1       2.48947302
  144   3   2       0.15420098
  145   1   0       1.35632599
  145   2   1       2.48947302
  145   3   2       0.15420098
  146   1   0       1.35632599
  146   2   1       2.48947302
  146   3   2       0.15420098
  147   1   0       1.35632599
  147   2   1       2.48947302
  147   3   2       0.15420098
  148   1   0       1.35632599
  148   2   1       2.48947302
  148   3   2       0.15420098
  149   1   0       1.35632599
  149   2   1       2.48947302
  149   3   2       0.15420098
  150   1   0       1.35632599
  150   2   1       2.48947302
  150   3   2       0.15420098
  151   1   0       1.35632599
  151   2   1       2.48947302
  151   3   2       0.15420098
  152   1   0       1.35632599
  152   2   1       2.48947302
  152   3   2       0.15420098
  153   1   0       1.35632599
  153   2   1       2.48947302
  153   3   2       0.15420098
  154   1   0       1.35632599
  154   2   1       2.48947302
  154   3   2       0.15420098
  155   1   0       1.35632599
  155   2   1       2.48947302
  155   3   2       0.15420098
  156   1   0       1.35632599
  156   2   1       2.48947302
  156   3   2       0.15420098
  157   1   0       1.35632599
  157   2   1       2.48947302
  157   3   2       0.15420098
  158   1   0       1.35632599
  158   2   1       2.48947302
  158   3   2       0.15420098
  159   1   0       1.35632599
  159   2   1       2.48947302
  159   3   2       0.15420098
  160   1   0       1.35632599
  160   2   1       2.48947302
  160   3   2       0.15420098
  161   1   0       1.35632599
  161   2   1       2.48947302
  161   3   2       0.15420098
  162   1   0       1.35632599
  162   2   1       2.48947302
  162   3   2       0.15420098
  163   1   0       1.35632599
  163   2   1       2.48947302
  163   3   2       0.15420098
  164   1   0       1.35632599
  164   2   1       2.48947302
  164   3   2       0.15420098
  165   1   0       1.35632599
  165   2   1       2.48947302
  165   3   2       0.15420098
  166   1   0       1.35632599
  166   2   1       2.48947302
  166   3   2       0.15420098
  167   1   0       1.35632599
  167   2   1       2.48947302
  167   3   2       0.15420098
  168   1   0       1.35632599
  168   2   1       2.48947302
  168   3   2       0.15420098
  169   1   0       1.35632599
  169   2   1       2.48947302
  169   3   2       0.15420098
  170   1   0       1.35632599
  170   2   1       2.48947302
  170   3   2       0.15420098
  171   1   0       1.35632599
  171   2   1       2.48947302
  171   3   2       0.15420098
  172   1   0       1.35632599
  172   2   1       2.48947302
  172   3   2       0.15420098
  173   1   0       1.35632599
  173   2   1       2.48947302
  173   3   2       0.15420098
  174   1   0       1.35632599
  174   2   1       2.48947302
  174   3   2       0.15420098
  175   1   0       1.35632599
  175   2   1       2.48947302
  175   3   2       0.15420098
  176   1   0       1.35632599
  176   2   1       2.48947302
  176   3   2       0.15420098
  177   1   0       1.35632599
  177   2   1       2.48947302
  177   3   2       0.15420098
  178   1   0       1.35632599
  178   2   1       2.48947302
  178   3   2       0.15420098
  179   1   0       1.35632599
  179   2   1       2.48947302
  179   3   2       0.15420098
  180   1   0       1.35632599
  180   2   1       2.48947302
  180   3   2       0.15420098
  181   1   0       1.35632599
  181   2   1       2.48947302
  181   3   2       0.15420098
  182   1   0       1.35632599
  182   2   1       2.48947302
  182   3   2       0.15420098
  183   1   0       1.35632599
  183   2   1       2.48947302
  183   3   2       0.15420098
  184   1   0       1.35632599
  184   2   1       2.48947302
  184   3   2       0.15420098
  185   1   0       1.35632599
  185   2   1       2.48947302
  185   3   2       0.15420098
  186   1   0       1.35632599
  186   2   1       2.48947302
  186   3   2       0.15420098
  187   1   0       1.35632599
  187   2   1       2.48947302
  187   3   2       0.15420098
  188   1   0       1.35632599
  188   2   1       2.48947302
  188   3   2       0.15420098
  189   1   0       1.35632599
  189   2   1       2.48947302
  189   3   2       0.15420098
  190   1   0       1.35632599
  190   2   1       2.48947302
  190   3   2       0.15420098
  191   1   0       1.35632599
  191   2   1       2.48947302
  191   3   2       0.15420098
  192   1   0       1.35632599
  192   2   1       2.48947302
  192   3   2       0.15420098
  193   1   0       1.35632599
  193   2   1       2.48947302
  193   3   2       0.15420098
  194   1   0       1.35632599
  194   2   1       2.48947302
  194   3   2       0.15420098
  195   1   0       1.35632599
  195   2   1       2.48947302
  195   3   2       0.15420098
  196   1   0       1.35632599
  196   2   1       2.48947302
  196   3   2       0.15420098
  197   1   0       1.35632599
  197   2   1       2.48947302
  197   3   2       0.15420098
  198   1   0       1.35632599
  198   2   1       2.48947302
  198   3   2       0.15420098
  199   1   0       1.35632599
  199   2   1       2.48947302
  199   3   2       0.15420098
  200   1   0       1.35632599
  200   2   1       2.48947302
  200   3   2       0.15420098
  201   1   0       1.35632599
  201   2   1       2.48947302
  201   3   2       0.15420098
  202   1   0       1.35632599
  202   2   1       2.48947302
  202   3   2       0.15420098
  203   1   0       1.35632599
  203   2   1       2.48947302
  203   3   2       0.15420098
  204   1   0       1.35632599
  204   2   1       2.48947302
  204   3   2       0.15420098
  205   1   0       1.35632599
  205   2   1       2.48947302
  205   3   2       0.15420098
  206   1   0       1.35632599
  206   2   1       2.48947302
  206   3   2       0.15420098
  207   1   0       1.35632599
  207   2   1       2.48947302
  207   3   2       0.15420098
  208   1   0       1.35632599
  208   2   1       2.48947302
  208   3   2       0.15420098
  209   1   0       1.35632599
  209   2   1       2.48947302
  209   3   2       0.15420098
  210   1   0       1.35632599
  210   2   1       2.48947302
  210   3   2       0.15420098
  211   1   0       1.35632599
  211   2   1       2.48947302
  211   3   2       0.15420098
  212   1   0       1.35632599
  212   2   1       2.48947302
  212   3   2       0.15420098
  213   1   0       1.35632599
  213   2   1       2.48947302
  213   3   2       0.15420098
  214   1   0       1.35632599
  214   2   1       2.48947302
  214   3   2       0.15420098
  215   1   0       1.35632599
  215   2   1       2.48947302
  215   3   2       0.15420098
  216   1   0       1.35632599
  216   2   1       2.48947302
  216   3   2       0.15420098
  217   1   0       1.35632599
  217   2   1       2.48947302
  217   3   2       0.15420098
  218   1   0       1.35632599
  218   2   1       2.48947302
  218   3   2       0.15420098
  219   1   0       1.35632599
  219   2   1       2.48947302
  219   3   2       0.15420098
  220   1   0       1.35632599
  220   2   1       2.48947302
  220   3   2       0.15420098
  221   1   0       1.35632599
  221   2   1       2.48947302
  221   3   2       0.15420098
  222   1   0       1.35632599
  222   2   1       2.48947302
  222   3   2       0.15420098
  223   1   0       1.35632599
  223   2   1       2.48947302
  223   3   2       0.15420098
  224   1   0       1.35632599
  224   2   1       2.48947302
  224   3   2       0.15420098
  225   1   0       1.35632599
  225   2   1       2.48947302
  225   3   2       0.15420098
  226   1   0       1.35632599
  226   2   1       2.48947302
  226   3   2       0.15420098
  227   1   0       1.35632599
  227   2   1       2.48947302
  227   3   2       0.15420098
  228   1   0       1.35632599
  228   2   1       2.48947302
  228   3   2       0.15420098
  229   1   0       1.35632599
  229   2   1       2.48947302
  229   3   2       0.15420098
  230   1   0       1.35632599
  230   2   1       2.48947302
  230   3   2       0.15420098
  231   1   0       1.35632599
  231   2   1       2.48947302
  231   3   2       0.15420098
  232   1   0       1.35632599
  232   2   1       2.48947302
  232   3   2       0.15420098
  233   1   0       1.35632599
  233   2   1       2.48947302
  233   3   2       0.15420098
  234   1   0       1.35632599
  234   2   1       2.48947302
  234   3   2       0.15420098
  235   1   0       1.35632599
  235   2   1       2.48947302
  235   3   2       0.15420098
  236   1   0       1.35632599
  236   2   1       2.48947302
  236   3   2       0.15420098
  237   1   0       1.35632599
  237   2   1       2.48947302
  237   3   2       0.15420098
  238   1   0       1.35632599
  238   2   1       2.48947302
  238   3   2       0.15420098
  239   1   0       1.35632599
  239   2   1       2.48947302
  239   3   2       0.15420098
  240   1   0       1.35632599
  240   2   1       2.48947302
  240   3   2       0.15420098
  241   1   0       1.35632599
  241   2   1       2.48947302
  241   3   2       0.15420098
  242   1   0       1.35632599
  242   2   1       2.48947302
  242   3   2       0.15420098
  243   1   0       1.35632599
  243   2   1       2.48947302
  243   3   2       0.15420098
  244   1   0       1.35632599
  244   2   1       2.48947302
  244   3   2       0.15420098
  245   1   0       1.35632599
  245   2   1       2.48947302
  245   3   2       0.15420098
  246   1   0       1.35632599
  246   2   1       2.48947302
  246   3   2       0.15420098
  247   1   0       1.35632599
  247   2   1       2.48947302
  247   3   2       0.15420098
  248   1   0       1.35632599
  248   2   1       2.48947302
  248   3   2       0.15420098
  249   1   0       1.35632599
  249   2   1       2.48947302
  249   3   2       0.15420098
  250   1   0       1.35632599
  250   2   1       2.48947302
  250   3   2       0.15420098
  251   1   0       1.35632599
  251   2   1       2.48947302
  251   3   2       0.15420098
  252   1   0       1.35632599
  252   2   1       2.48947302
  252   3   2       0.15420098
  253   1   0       1.35632599
  253   2   1       2.48947302
  253   3   2       0.15420098
  254   1   0       1.35632599
  254   2   1       2.48947302
  254   3   2       0.15420098
  255   1   0       1.35632599
  255   2   1       2.48947302
  255   3   2       0.15420098
  256   1   0       1.35632599
  256   2   1       2.48947302
  256   3   2       0.15420098
  257   1   0       1.35632599
  257   2   1       2.48947302
  257   3   2       0.15420098
  258   1   0       1.35632599
  258   2   1       2.48947302
  258   3   2       0.15420098
  259   1   0       1.35632599
  259   2   1       2.48947302
  259   3   2       0.15420098
  260   1   0       1.35632599
  260   2   1       2.48947302
  260   3   2       0.15420098
  261   1   0       1.35632599
  261   2   1       2.48947302
  261   3   2       0.15420098
  262   1   0       1.35632599
  262   2   1       2.48947302
  262   3   2       0.15420098
  263   1   0       1.35632599
  263   2   1       2.48947302
  263   3   2       0.15420098
  264   1   0       1.35632599
  264   2   1       2.48947302
  264   3   2       0.15420098
  265   1   0       1.35632599
  265   2   1       2.48947302
  265   3   2       0.15420098
  266   1   0       1.35632599
  266   2   1       2.48947302
  266   3   2       0.15420098
  267   1   0       1.35632599
  267   2   1       2.48947302
  267   3   2       0.15420098
  268   1   0       1.35632599
  268   2   1       2.48947302
  268   3   2       0.15420098
  269   1   0       1.35632599
  269   2   1       2.48947302
  269   3   2       0.15420098
  270   1   0       1.35632599
  270   2   1       2.48947302
  270   3   2       0.15420098
  271   1   0       1.35632599
  271   2   1       2.48947302
  271   3   2       0.15420098
  272   1   0       1.35632599
  272   2   1       2.48947302
  272   3   2       0.15420098
  273   1   0       1.35632599
  273   2   1       2.48947302
  273   3   2       0.15420098
  274   1   0       1.35632599
  274   2   1       2.48947302
  274   3   2       0.15420098
  275   1   0       1.35632599
  275   2   1       2.48947302
  275   3   2       0.15420098
  276   1   0       1.35632599
  276   2   1       2.48947302
  276   3   2       0.15420098
  277   1   0       1.35632599
  277   2   1       2.48947302
  277   3   2       0.15420098
  278   1   0       1.35632599
  278   2   1       2.48947302
  278   3   2       0.15420098
  279   1   0       1.35632599
  279   2   1       2.48947302
  279   3   2       0.15420098
  280   1   0       1.35632599
  280   2   1       2.48947302
  280   3   2       0.15420098
  281   1   0       1.35632599
  281   2   1       2.48947302
  281   3   2       0.15420098
  282   1   0       1.35632599
  282   2   1       2.48947302
  282   3   2       0.15420098
  283   1   0       1.35632599
  283   2   1       2.48947302
  283   3   2       0.15420098
  284   1   0       1.35632599
  284   2   1       2.48947302
  284   3   2       0.15420098
  285   1   0       1.35632599
  285   2   1       2.48947302
  285   3   2       0.15420098
  286   1   0       1.35632599
  286   2   1       2.48947302
  286   3   2       0.15420098
  287   1   0       1.35632599
  287   2   1       2.48947302
  287   3   2       0.15420098
  288   1   0       1.35632599
  288   2   1       2.48947302
  288   3   2       0.15420098
  289   1   0       1.35632599
  289   2   1       2.48947302
  289   3   2       0.15420098
  290   1   0       1.35632599
  290   2   1       2.48947302
  290   3   2       0.15420098
  291   1   0       1.35632599
  291   2   1       2.48947302
  291   3   2       0.15420098
  292   1   0       1.35632599
  292   2   1       2.48947302
  292   3   2       0.15420098
  293   1   0       1.35632599
  293   2   1       2.48947302
  293   3   2       0.15420098
  294   1   0       1.35632599
  294   2   1       2.48947302
  294   3   2       0.15420098
  295   1   0       1.35632599
  295   2   1       2.48947302
  295   3   2       0.15420098
  296   1   0       1.35632599
  296   2   1       2.48947302
  296   3   2       0.15420098
  297   1   0       1.35632599
  297   2   1       2.48947302
  297   3   2       0.15420098
  298   1   0       1.35632599
  298   2   1       2.48947302
  298   3   2       0.15420098
  299   1   0       1.35632599
  299   2   1       2.48947302
  299   3   2       0.15420098
  300   1   0       1.35632599
  300   2   1       2.48947302
  300   3   2       0.15420098
  301   1   0       1.35632599
  301   2   1       2.48947302
  301   3   2       0.15420098
  302   1   0       1.35632599
  302   2   1       2.48947302
  302   3   2       0.15420098
  303   1   0       1.35632599
  303   2   1       2.48947302
  303   3   2       0.15420098
  304   1   0       1.35632599
  304   2   1       2.48947302
  304   3   2       0.15420098
  305   1   0       1.35632599
  305   2   1       2.48947302
  305   3   2       0.15420098
  306   1   0       1.35632599
  306   2   1       2.48947302
  306   3   2       0.15420098
  307   1   0       1.35632599
  307   2   1       2.48947302
  307   3   2       0.15420098
  308   1   0       1.35632599
  308   2   1       2.48947302
  308   3   2       0.15420098
  309   1   0       1.35632599
  309   2   1       2.48947302
  309   3   2       0.15420098
  310   1   0       1.35632599
  310   2   1       2.48947302
  310   3   2       0.15420098
  311   1   0       1.35632599
  311   2   1       2.48947302
  311   3   2       0.15420098
  312   1   0       1.35632599
  312   2   1       2.48947302
  312   3   2       0.15420098
  313   1   0       1.35632599
  313   2   1       2.48947302
  313   3   2       0.15420098
  314   1   0       1.35632599
  314   2   1       2.48947302
  314   3   2       0.15420098
  315   1   0       1.35632599
  315   2   1       2.48947302
  315   3   2       0.15420098
  316   1   0       1.35632599
  316   2   1       2.48947302
  316   3   2       0.15420098
  317   1   0       1.35632599
  317   2   1       2.48947302
  317   3   2       0.15420098
  318   1   0       1.35632599
  318   2   1       2.48947302
  318   3   2       0.15420098
  319   1   0       1.35632599
  319   2   1       2.48947302
  319   3   2       0.15420098
  320   1   0       1.35632599
  320   2   1       2.48947302
  320   3   2       0.15420098
  321   1   0       1.35632599
  321   2   1       2.48947302
  321   3   2       0.15420098
  322   1   0       1.35632599
  322   2   1       2.48947302
  322   3   2       0.15420098
  323   1   0       1.35632599
  323   2   1       2.48947302
  323   3   2       0.15420098
  324   1   0       1.35632599
  324   2   1       2.48947302
  324   3   2       0.15420098
  325   1   0       1.35632599
  325   2   1       2.48947302
  325   3   2       0.15420098
  326   1   0       1.35632599
  326   2   1       2.48947302
  326   3   2       0.15420098
  327   1   0       1.35632599
  327   2   1       2.48947302
  327   3   2       0.15420098
  328   1   0       1.35632599
  328   2   1       2.48947302
  328   3   2       0.15420098
  329   1   0       1.35632599
  329   2   1       2.48947302
  329   3   2       0.15420098
  330   1   0       1.35632599
  330   2   1       2.48947302
  330   3   2       0.15420098
  331   1   0       1.35632599
  331   2   1       2.48947302
  331   3   2       0.15420098
  332   1   0       1.35632599
  332   2   1       2.48947302
  332   3   2       0.15420098
  333   1   0       1.35632599
  333   2   1       2.48947302
  333   3   2       0.15420098
  334   1   0       1.35632599
  334   2   1       2.48947302
  334   3   2       0.15420098
  335   1   0       1.35632599
  335   2   1       2.48947302
  335   3   2       0.15420098
  336   1   0       1.35632599
  336   2   1       2.48947302
  336   3   2       0.15420098
  337   1   0       1.35632599
  337   2   1       2.48947302
  337   3   2       0.15420098
  338   1   0       1.35632599
  338   2   1       2.48947302
  338   3   2       0.15420098
  339   1   0       1.35632599
  339   2   1       2.48947302
  339   3   2       0.15420098
  340   1   0       1.35632599
  340   2   1       2.48947302
  340   3   2       0.15420098
  341   1   0       1.35632599
  341   2   1       2.48947302
  341   3   2       0.15420098
  342   1   0       1.35632599
  342   2   1       2.48947302
  342   3   2       0.15420098
  343   1   0       1.35632599
  343   2   1       2.48947302
  343   3   2       0.15420098
  344   1   0       1.35632599
  344   2   1       2.48947302
  344   3   2       0.15420098
  345   1   0       1.35632599
  345   2   1       2.48947302
  345   3   2       0.15420098
  346   1   0       1.35632599
  346   2   1       2.48947302
  346   3   2       0.15420098
  347   1   0       1.35632599
  347   2   1       2.48947302
  347   3   2       0.15420098
  348   1   0       1.35632599
  348   2   1       2.48947302
  348   3   2       0.15420098
  349   1   0       1.35632599
  349   2   1       2.48947302
  349   3   2       0.15420098
  350   1   0       1.35632599
  350   2   1       2.48947302
  350   3   2       0.15420098
  351   1   0       1.35632599
  351   2   1       2.48947302
  351   3   2       0.15420098
  352   1   0       1.35632599
  352   2   1       2.48947302
  352   3   2       0.15420098
  353   1   0       1.35632599
  353   2   1       2.48947302
  353   3   2       0.15420098
  354   1   0       1.35632599
  354   2   1       2.48947302
  354   3   2       0.15420098
  355   1   0       1.35632599
  355   2   1       2.48947302
  355   3   2       0.15420098
  356   1   0       1.35632599
  356   2   1       2.48947302
  356   3   2       0.15420098
  357   1   0       1.35632599
  357   2   1       2.48947302
  357   3   2       0.15420098
  358   1   0       1.35632599
  358   2   1       2.48947302
  358   3   2       0.15420098
  359   1   0       1.35632599
  359   2   1       2.48947302
  359   3   2       0.15420098
  360   1   0       1.35632599
  360   2   1       2.48947302
  360   3   2       0.15420098
  361   1   0       1.35632599
  361   2   1       2.48947302
  361   3   2       0.15420098
  362   1   0       1.35632599
  362   2   1       2.48947302
  362   3   2       0.15420098
  363   1   0       1.35632599
  363   2   1       2.48947302
  363   3   2       0.15420098
  364   1   0       1.35632599
  364   2   1       2.48947302
  364   3   2       0.15420098
  365   1   0       1.35632599
  365   2   1       2.48947302
  365   3   2       0.15420098
  366   1   0       1.35632599
  366   2   1       2.48947302
  366   3   2       0.15420098
  367   1   0       1.35632599
  367   2   1       2.48947302
  367   3   2       0.15420098
  368   1   0       1.35632599
  368   2   1       2.48947302
  368   3   2       0.15420098
  369   1   0       1.35632599
  369   2   1       2.48947302
  369   3   2       0.15420098
  370   1   0       1.35632599
  370   2   1       2.48947302
  370   3   2       0.15420098
  371   1   0       1.35632599
  371   2   1       2.48947302
  371   3   2       0.15420098
  372   1   0       1.35632599
  372   2   1       2.48947302
  372   3   2       0.15420098
  373   1   0       1.35632599
  373   2   1       2.48947302
  373   3   2       0.15420098
  374   1   0       1.35632599
  374   2   1       2.48947302
  374   3   2       0.15420098
  375   1   0       1.35632599
  375   2   1       2.48947302
  375   3   2       0.15420098
  376   1   0       1.35632599
  376   2   1       2.48947302
  376   3   2       0.15420098
  377   1   0       1.35632599
  377   2   1       2.48947302
  377   3   2       0.15420098
  378   1   0       1.35632599
  378   2   1       2.48947302
  378   3   2       0.15420098
  379   1   0       1.35632599
  379   2   1       2.48947302
  379   3   2       0.15420098
  380   1   0       1.35632599
  380   2   1       2.48947302
  380   3   2       0.15420098
  381   1   0       1.35632599
  381   2   1       2.48947302
  381   3   2       0.15420098
  382   1   0       1.35632599
  382   2   1       2.48947302
  382   3   2       0.15420098
  383   1   0       1.35632599
  383   2   1       2.48947302
  383   3   2       0.15420098
  384   1   0       1.35632599
  384   2   1       2.48947302
  384   3   2       0.15420098
  385   1   0       1.35632599
  385   2   1       2.48947302
  385   3   2       0.15420098
  386   1   0       1.35632599
  386   2   1       2.48947302
  386   3   2       0.15420098
  387   1   0       1.35632599
  387   2   1       2.48947302
  387   3   2       0.15420098
  388   1   0       1.35632599
  388   2   1       2.48947302
  388   3   2       0.15420098
  389   1   0       1.35632599
  389   2   1       2.48947302
  389   3   2       0.15420098
  390   1   0       1.35632599
  390   2   1       2.48947302
  390   3   2       0.15420098
  391   1   0       1.35632599
  391   2   1       2.48947302
  391   3   2       0.15420098
  392   1   0       1.35632599
  392   2   1       2.48947302
  392   3   2       0.15420098
  393   1   0       1.35632599
  393   2   1       2.48947302
  393   3   2       0.15420098
  394   1   0       1.35632599
  394   2   1       2.48947302
  394   3   2       0.15420098
  395   1   0       1.35632599
  395   2   1       2.48947302
  395   3   2       0.15420098
  396   1   0       1.35632599
  396   2   1       2.48947302
  396   3   2       0.15420098
  397   1   0       1.35632599
  397   2   1       2.48947302
  397   3   2       0.15420098
  398   1   0       1.35632599
  398   2   1       2.48947302
  398   3   2       0.15420098
  399   1   0       1.35632599
  399   2   1       2.48947302
  399   3   2       0.15420098
  400   1   0       1.35632599
  400   2   1       2.48947302
  400   3   2       0.15420098
  401   1   0       1.35632599
  401   2   1       2.48947302
  401   3   2       0.15420098
  402   1   0       1.35632599
  402   2   1       2.48947302
  402   3   2       0.15420098
  403   1   0       1.35632599
  403   2   1       2.48947302
  403   3   2       0.15420098
  404   1   0       1.35632599
  404   2   1       2.48947302
  404   3   2       0.15420098
  405   1   0       1.35632599
  405   2   1       2.48947302
  405   3   2       0.15420098
  406   1   0       1.35632599
  406   2   1       2.48947302
  406   3   2       0.15420098
  407   1   0       1.35632599
  407   2   1       2.48947302
  407   3   2       0.15420098
  408   1   0       1.35632599
  408   2   1       2.48947302
  408   3   2       0.15420098
  409   1   0       1.35632599
  409   2   1       2.48947302
  409   3   2       0.15420098
  410   1   0       1.35632599
  410   2   1       2.48947302
  410   3   2       0.15420098
  411   1   0       1.35632599
  411   2   1       2.48947302
  411   3   2       0.15420098
  412   1   0       1.35632599
  412   2   1       2.48947302
  412   3   2       0.15420098
  413   1   0       1.35632599
  413   2   1       2.48947302
  413   3   2       0.15420098
  414   1   0       1.35632599
  414   2   1       2.48947302
  414   3   2       0.15420098
  415   1   0       1.35632599
  415   2   1       2.48947302
  415   3   2       0.15420098
  416   1   0       1.35632599
  416   2   1       2.48947302
  416   3   2       0.15420098
  417   1   0       1.35632599
  417   2   1       2.48947302
  417   3   2       0.15420098
  418   1   0       1.35632599
  418   2   1       2.48947302
  418   3   2       0.15420098
  419   1   0       1.35632599
  419   2   1       2.48947302
  419   3   2       0.15420098
  420   1   0       1.35632599
  420   2   1       2.48947302
  420   3   2       0.15420098
  421   1   0       1.35632599
  421   2   1       2.48947302
  421   3   2       0.15420098
  422   1   0       1.35632599
  422   2   1       2.48947302
  422   3   2       0.15420098
  423   1   0       1.35632599
  423   2   1       2.48947302
  423   3   2       0.15420098
  424   1   0       1.35632599
  424   2   1       2.48947302
  424   3   2       0.15420098
  425   1   0       1.35632599
  425   2   1       2.48947302
  425   3   2       0.15420098
  426   1   0       1.35632599
  426   2   1       2.48947302
  426   3   2       0.15420098
  427   1   0       1.35632599
  427   2   1       2.48947302
  427   3   2       0.15420098
  428   1   0       1.35632599
  428   2   1       2.48947302
  428   3   2       0.15420098
  429   1   0       1.35632599
  429   2   1       2.48947302
  429   3   2       0.15420098
  430   1   0       1.35632599
  430   2   1       2.48947302
  430   3   2       0.15420098
  431   1   0       1.35632599
  431   2   1       2.48947302
  431   3   2       0.15420098
  432   1   0       1.35632599
  432   2   1       2.48947302
  432   3   2       0.15420098
  433   1   0       1.35632599
  433   2   1       2.48947302
  433   3   2       0.15420098
  434   1   0       1.35632599
  434   2   1       2.48947302
  434   3   2       0.15420098
  435   1   0       1.35632599
  435   2   1       2.48947302
  435   3   2       0.15420098
  436   1   0       1.35632599
  436   2   1       2.48947302
  436   3   2       0.15420098
  437   1   0       1.35632599
  437   2   1       2.48947302
  437   3   2       0.15420098
  438   1   0       1.35632599
  438   2   1       2.48947302
  438   3   2       0.15420098
  439   1   0       1.35632599
  439   2   1       2.48947302
  439   3   2       0.15420098
  440   1   0       1.35632599
  440   2   1       2.48947302
  440   3   2       0.15420098
  441   1   0       1.35632599
  441   2   1       2.48947302
  441   3   2       0.15420098
  442   1   0       1.35632599
  442   2   1       2.48947302
  442   3   2       0.15420098
  443   1   0       1.35632599
  443   2   1       2.48947302
  443   3   2       0.15420098
  444   1   0       1.35632599
  444   2   1       2.48947302
  444   3   2       0.15420098
  445   1   0       1.35632599
  445   2   1       2.48947302
  445   3   2       0.15420098
  446   1   0       1.35632599
  446   2   1       2.48947302
  446   3   2       0.15420098
  447   1   0       1.35632599
  447   2   1       2.48947302
  447   3   2       0.15420098
  448   1   0       1.35632599
  448   2   1       2.48947302
  448   3   2       0.15420098
  449   1   0       1.35632599
  449   2   1       2.48947302
  449   3   2       0.15420098
  450   1   0       1.35632599
  450   2   1       2.48947302
  450   3   2       0.15420098
  451   1   0       1.35632599
  451   2   1       2.48947302
  451   3   2       0.15420098
  452   1   0       1.35632599
  452   2   1       2.48947302
  452   3   2       0.15420098
  453   1   0       1.35632599
  453   2   1       2.48947302
  453   3   2       0.15420098
  454   1   0       1.35632599
  454   2   1       2.48947302
  454   3   2       0.15420098
  455   1   0       1.35632599
  455   2   1       2.48947302
  455   3   2       0.15420098
  456   1   0       1.35632599
  456   2   1       2.48947302
  456   3   2       0.15420098
  457   1   0       1.35632599
  457   2   1       2.48947302
  457   3   2       0.15420098
  458   1   0       1.35632599
  458   2   1       2.48947302
  458   3   2       0.15420098
  459   1   0       1.35632599
  459   2   1       2.48947302
  459   3   2       0.15420098
  460   1   0       1.35632599
  460   2   1       2.48947302
  460   3   2       0.15420098
  461   1   0       1.35632599
  461   2   1       2.48947302
  461   3   2       0.15420098
  462   1   0       1.35632599
  462   2   1       2.48947302
  462   3   2       0.15420098
  463   1   0       1.35632599
  463   2   1       2.48947302
  463   3   2       0.15420098
  464   1   0       1.35632599
  464   2   1       2.48947302
  464   3   2       0.15420098
  465   1   0       1.35632599
  465   2   1       2.48947302
  465   3   2       0.15420098
  466   1   0       1.35632599
  466   2   1       2.48947302
  466   3   2       0.15420098
  467   1   0       1.35632599
  467   2   1       2.48947302
  467   3   2       0.15420098
  468   1   0       1.35632599
  468   2   1       2.48947302
  468   3   2       0.15420098
  469   1   0       1.35632599
  469   2   1       2.48947302
  469   3   2       0.15420098
  470   1   0       1.35632599
  470   2   1       2.48947302
  470   3   2       0.15420098
  471   1   0       1.35632599
  471   2   1       2.48947302
  471   3   2       0.15420098
  472   1   0       1.35632599
  472   2   1       2.48947302
  472   3   2       0.15420098
  473   1   0       1.35632599
  473   2   1       2.48947302
  473   3   2       0.15420098
  474   1   0       1.35632599
  474   2   1       2.48947302
  474   3   2       0.15420098
  475   1   0       1.35632599
  475   2   1       2.48947302
  475   3   2       0.15420098
  476   1   0       1.35632599
  476   2   1       2.48947302
  476   3   2       0.15420098
  477   1   0       1.35632599
  477   2   1       2.48947302
  477   3   2       0.15420098
  478   1   0       1.35632599
  478   2   1       2.48947302
  478   3   2       0.15420098
  479   1   0       1.35632599
  479   2   1       2.48947302
  479   3   2       0.15420098
  480   1   0       1.35632599
  480   2   1       2.48947302
  480   3   2       0.15420098
  481   1   0       1.35632599
  481   2   1       2.48947302
  481   3   2       0.15420098
  482   1   0       1.35632599
  482   2   1       2.48947302
  482   3   2       0.15420098
  483   1   0       1.35632599
  483   2   1       2.48947302
  483   3   2       0.15420098
  484   1   0       1.35632599
  484   2   1       2.48947302
  484   3   2       0.15420098
  485   1   0       1.35632599
  485   2   1       2.48947302
  485   3   2       0.15420098
  486   1   0       1.35632599
  486   2   1       2.48947302
  486   3   2       0.15420098
  487   1   0       1.35632599
  487   2   1       2.48947302
  487   3   2       0.15420098
  488   1   0       1.35632599
  488   2   1       2.48947302
  488   3   2       0.15420098
  489   1   0       1.35632599
  489   2   1       2.48947302
  489   3   2       0.15420098
  490   1   0       1.35632599
  490   2   1       2.48947302
  490   3   2       0.15420098
  491   1   0       1.35632599
  491   2   1       2.48947302
  491   3   2       0.15420098
  492   1   0       1.35632599
  492   2   1       2.48947302
  492   3   2       0.15420098
  493   1   0       1.35632599
  493   2   1       2.48947302
  493   3   2       0.15420098
  494   1   0       1.35632599
  494   2   1       2.48947302
  494   3   2       0.15420098
  495   1   0       1.35632599
  495   2   1       2.48947302
  495   3   2       0.15420098
  496   1   0       1.35632599
  496   2   1       2.48947302
  496   3   2       0.15420098
  497   1   0       1.35632599
  497   2   1       2.48947302
  497   3   2       0.15420098
  498   1   0       1.35632599
  498   2   1       2.48947302
  498   3   2       0.15420098
  499   1   0       1.35632599
  499   2   1       2.48947302
  499   3   2       0.15420098
  500   1   0       1.35632599
  500   2   1       2.48947302
  500   3   2       0.15420098
  501   1   0       1.35632599
  501   2   1       2.48947302
  501   3   2       0.15420098
  502   1   0       1.35632599
  502   2   1       2.48947302
  502   3   2       0.15420098
  503   1   0       1.35632599
  503   2   1       2.48947302
  503   3   2       0.15420098
  504   1   0       1.35632599
  504   2   1       2.48947302
  504   3   2       0.15420098
  505   1   0       1.35632599
  505   2   1       2.48947302
  505   3   2       0.15420098
  506   1   0       1.35632599
  506   2   1       2.48947302
  506   3   2       0.15420098
  507   1   0       1.35632599
  507   2   1       2.48947302
  507   3   2       0.15420098
  508   1   0       1.35632599
  508   2   1       2.48947302
  508   3   2       0.15420098
  509   1   0       1.35632599
  509   2   1       2.48947302
  509   3   2       0.15420098
  510   1   0       1.35632599
  510   2   1       2.48947302
  510   3   2       0.15420098
  511   1   0       1.35632599
  511   2   1       2.48947302
  511   3   2       0.15420098
  512   1   0       1.35632599
  512   2   1       2.48947302
  512   3   2       0.15420098

Orbital populations (up)
 Atom Sh.   l   m       Population  Label
    1   1   0   0       1.35632599  s
    1   2   1  -1       0.82982434  p_y
    1   2   1   0       0.82982434  p_z
    1   2   1   1       0.82982434  p_x
    1   3   2  -2       0.03890860  d_xy
    1   3   2  -1       0.03890860  d_yz
    1   3   2   0       0.01873759  d_z2
    1   3   2   1       0.03890860  d_xz
    1   3   2   2       0.01873759  d_x2-y2
    2   1   0   0       1.35632599  s
    2   2   1  -1       0.82982434  p_y
    2   2   1   0       0.82982434  p_z
    2   2   1   1       0.82982434  p_x
    2   3   2  -2       0.03890860  d_xy
    2   3   2  -1       0.03890860  d_yz
    2   3   2   0       0.01873759  d_z2
    2   3   2   1       0.03890860  d_xz
    2   3   2   2       0.01873759  d_x2-y2
    3   1   0   0       1.35632599  s
    3   2   1  -1       0.82982434  p_y
    3   2   1   0       0.82982434  p_z
    3   2   1   1       0.82982434  p_x
    3   3   2  -2       0.03890860  d_xy
    3   3   2  -1       0.03890860  d_yz
    3   3   2   0       0.01873759  d_z2
    3   3   2   1       0.03890860  d_xz
    3   3   2   2       0.01873759  d_x2-y2
    4   1   0   0       1.35632599  s
    4   2   1  -1       0.82982434  p_y
    4   2   1   0       0.82982434  p_z
    4   2   1   1       0.82982434  p_x
    4   3   2  -2       0.03890860  d_xy
    4   3   2  -1       0.03890860  d_yz
    4   3   2   0       0.01873759  d_z2
    4   3   2   1       0.03890860  d_xz
    4   3   2   2       0.01873759  d_x2-y2
    5   1   0   0       1.35632599  s
    5   2   1  -1       0.82982434  p_y
    5   2   1   0       0.82982434  p_z
    5   2   1   1       0.82982434  p_x
    5   3   2  -2       0.03890860  d_xy
    5   3   2  -1       0.03890860  d_yz
    5   3   2   0       0.01873759  d_z2
    5   3   2   1       0.03890860  d_xz
    5   3   2   2       0.01873759  d_x2-y2
    6   1   0   0       1.35632599  s
    6   2   1  -1       0.82982434  p_y
    6   2   1   0       0.82982434  p_z
    6   2   1   1       0.82982434  p_x
    6   3   2  -2       0.03890860  d_xy
    6   3   2  -1       0.03890860  d_yz
    6   3   2   0       0.01873759  d_z2
    6   3   2   1       0.03890860  d_xz
    6   3   2   2       0.01873759  d_x2-y2
    7   1   0   0       1.35632599  s
    7   2   1  -1       0.82982434  p_y
    7   2   1   0       0.82982434  p_z
    7   2   1   1       0.82982434  p_x
    7   3   2  -2       0.03890860  d_xy
    7   3   2  -1       0.03890860  d_yz
    7   3   2   0       0.01873759  d_z2
    7   3   2   1       0.03890860  d_xz
    7   3   2   2       0.01873759  d_x2-y2
    8   1   0   0       1.35632599  s
    8   2   1  -1       0.82982434  p_y
    8   2   1   0       0.82982434  p_z
    8   2   1   1       0.82982434  p_x
    8   3   2  -2       0.03890860  d_xy
    8   3   2  -1       0.03890860  d_yz
    8   3   2   0       0.01873759  d_z2
    8   3   2   1       0.03890860  d_xz
    8   3   2   2       0.01873759  d_x2-y2
    9   1   0   0       1.35632599  s
    9   2   1  -1       0.82982434  p_y
    9   2   1   0       0.82982434  p_z
    9   2   1   1       0.82982434  p_x
    9   3   2  -2       0.03890860  d_xy
    9   3   2  -1       0.03890860  d_yz
    9   3   2   0       0.01873759  d_z2
    9   3   2   1       0.03890860  d_xz
    9   3   2   2       0.01873759  d_x2-y2
   10   1   0   0       1.35632599  s
   10   2   1  -1       0.82982434  p_y
   10   2   1   0       0.82982434  p_z
   10   2   1   1       0.82982434  p_x
   10   3   2  -2       0.03890860  d_xy
   10   3   2  -1       0.03890860  d_yz
   10   3   2   0       0.01873759  d_z2
   10   3   2   1       0.03890860  d_xz
   10   3   2   2       0.01873759  d_x2-y2
   11   1   0   0       1.35632599  s
   11   2   1  -1       0.82982434  p_y
   11   2   1   0       0.82982434  p_z
   11   2   1   1       0.82982434  p_x
   11   3   2  -2       0.03890860  d_xy
   11   3   2  -1       0.03890860  d_yz
   11   3   2   0       0.01873759  d_z2
   11   3   2   1       0.03890860  d_xz
   11   3   2   2       0.01873759  d_x2-y2
   12   1   0   0       1.35632599  s
   12   2   1  -1       0.82982434  p_y
   12   2   1   0       0.82982434  p_z
   12   2   1   1       0.82982434  p_x
   12   3   2  -2       0.03890860  d_xy
   12   3   2  -1       0.03890860  d_yz
   12   3   2   0       0.01873759  d_z2
   12   3   2   1       0.03890860  d_xz
   12   3   2   2       0.01873759  d_x2-y2
   13   1   0   0       1.35632599  s
   13   2   1  -1       0.82982434  p_y
   13   2   1   0       0.82982434  p_z
   13   2   1   1       0.82982434  p_x
   13   3   2  -2       0.03890860  d_xy
   13   3   2  -1       0.03890860  d_yz
   13   3   2   0       0.01873759  d_z2
   13   3   2   1       0.03890860  d_xz
   13   3   2   2       0.01873759  d_x2-y2
   14   1   0   0       1.35632599  s
   14   2   1  -1       0.82982434  p_y
   14   2   1   0       0.82982434  p_z
   14   2   1   1       0.82982434  p_x
   14   3   2  -2       0.03890860  d_xy
   14   3   2  -1       0.03890860  d_yz
   14   3   2   0       0.01873759  d_z2
   14   3   2   1       0.03890860  d_xz
   14   3   2   2       0.01873759  d_x2-y2
   15   1   0   0       1.35632599  s
   15   2   1  -1       0.82982434  p_y
   15   2   1   0       0.82982434  p_z
   15   2   1   1       0.82982434  p_x
   15   3   2  -2       0.03890860  d_xy
   15   3   2  -1       0.03890860  d_yz
   15   3   2   0       0.01873759  d_z2
   15   3   2   1       0.03890860  d_xz
   15   3   2   2       0.01873759  d_x2-y2
   16   1   0   0       1.35632599  s
   16   2   1  -1       0.82982434  p_y
   16   2   1   0       0.82982434  p_z
   16   2   1   1       0.82982434  p_x
   16   3   2  -2       0.03890860  d_xy
   16   3   2  -1       0.03890860  d_yz
   16   3   2   0       0.01873759  d_z2
   16   3   2   1       0.03890860  d_xz
   16   3   2   2       0.01873759  d_x2-y2
   17   1   0   0       1.35632599  s
   17   2   1  -1       0.82982434  p_y
   17   2   1   0       0.82982434  p_z
   17   2   1   1       0.82982434  p_x
   17   3   2  -2       0.03890860  d_xy
   17   3   2  -1       0.03890860  d_yz
   17   3   2   0       0.01873759  d_z2
   17   3   2   1       0.03890860  d_xz
   17   3   2   2       0.01873759  d_x2-y2
   18   1   0   0       1.35632599  s
   18   2   1  -1       0.82982434  p_y
   18   2   1   0       0.82982434  p_z
   18   2   1   1       0.82982434  p_x
   18   3   2  -2       0.03890860  d_xy
   18   3   2  -1       0.03890860  d_yz
   18   3   2   0       0.01873759  d_z2
   18   3   2   1       0.03890860  d_xz
   18   3   2   2       0.01873759  d_x2-y2
   19   1   0   0       1.35632599  s
   19   2   1  -1       0.82982434  p_y
   19   2   1   0       0.82982434  p_z
   19   2   1   1       0.82982434  p_x
   19   3   2  -2       0.03890860  d_xy
   19   3   2  -1       0.03890860  d_yz
   19   3   2   0       0.01873759  d_z2
   19   3   2   1       0.03890860  d_xz
   19   3   2   2       0.01873759  d_x2-y2
   20   1   0   0       1.35632599  s
   20   2   1  -1       0.82982434  p_y
   20   2   1   0       0.82982434  p_z
   20   2   1   1       0.82982434  p_x
   20   3   2  -2       0.03890860  d_xy
   20   3   2  -1       0.03890860  d_yz
   20   3   2   0       0.01873759  d_z2
   20   3   2   1       0.03890860  d_xz
   20   3   2   2       0.01873759  d_x2-y2
   21   1   0   0       1.35632599  s
   21   2   1  -1       0.82982434  p_y
   21   2   1   0       0.82982434  p_z
   21   2   1   1       0.82982434  p_x
   21   3   2  -2       0.03890860  d_xy
   21   3   2  -1       0.03890860  d_yz
   21   3   2   0       0.01873759  d_z2
   21   3   2   1       0.03890860  d_xz
   21   3   2   2       0.01873759  d_x2-y2
   22   1   0   0       1.35632599  s
   22   2   1  -1       0.82982434  p_y
   22   2   1   0       0.82982434  p_z
   22   2   1   1       0.82982434  p_x
   22   3   2  -2       0.03890860  d_xy
   22   3   2  -1       0.03890860  d_yz
   22   3   2   0       0.01873759  d_z2
   22   3   2   1       0.03890860  d_xz
   22   3   2   2       0.01873759  d_x2-y2
   23   1   0   0       1.35632599  s
   23   2   1  -1       0.82982434  p_y
   23   2   1   0       0.82982434  p_z
   23   2   1   1       0.82982434  p_x
   23   3   2  -2       0.03890860  d_xy
   23   3   2  -1       0.03890860  d_yz
   23   3   2   0       0.01873759  d_z2
   23   3   2   1       0.03890860  d_xz
   23   3   2   2       0.01873759  d_x2-y2
   24   1   0   0       1.35632599  s
   24   2   1  -1       0.82982434  p_y
   24   2   1   0       0.82982434  p_z
   24   2   1   1       0.82982434  p_x
   24   3   2  -2       0.03890860  d_xy
   24   3   2  -1       0.03890860  d_yz
   24   3   2   0       0.01873759  d_z2
   24   3   2   1       0.03890860  d_xz
   24   3   2   2       0.01873759  d_x2-y2
   25   1   0   0       1.35632599  s
   25   2   1  -1       0.82982434  p_y
   25   2   1   0       0.82982434  p_z
   25   2   1   1       0.82982434  p_x
   25   3   2  -2       0.03890860  d_xy
   25   3   2  -1       0.03890860  d_yz
   25   3   2   0       0.01873759  d_z2
   25   3   2   1       0.03890860  d_xz
   25   3   2   2       0.01873759  d_x2-y2
   26   1   0   0       1.35632599  s
   26   2   1  -1       0.82982434  p_y
   26   2   1   0       0.82982434  p_z
   26   2   1   1       0.82982434  p_x
   26   3   2  -2       0.03890860  d_xy
   26   3   2  -1       0.03890860  d_yz
   26   3   2   0       0.01873759  d_z2
   26   3   2   1       0.03890860  d_xz
   26   3   2   2       0.01873759  d_x2-y2
   27   1   0   0       1.35632599  s
   27   2   1  -1       0.82982434  p_y
   27   2   1   0       0.82982434  p_z
   27   2   1   1       0.82982434  p_x
   27   3   2  -2       0.03890860  d_xy
   27   3   2  -1       0.03890860  d_yz
   27   3   2   0       0.01873759  d_z2
   27   3   2   1       0.03890860  d_xz
   27   3   2   2       0.01873759  d_x2-y2
   28   1   0   0       1.35632599  s
   28   2   1  -1       0.82982434  p_y
   28   2   1   0       0.82982434  p_z
   28   2   1   1       0.82982434  p_x
   28   3   2  -2       0.03890860  d_xy
   28   3   2  -1       0.03890860  d_yz
   28   3   2   0       0.01873759  d_z2
   28   3   2   1       0.03890860  d_xz
   28   3   2   2       0.01873759  d_x2-y2
   29   1   0   0       1.35632599  s
   29   2   1  -1       0.82982434  p_y
   29   2   1   0       0.82982434  p_z
   29   2   1   1       0.82982434  p_x
   29   3   2  -2       0.03890860  d_xy
   29   3   2  -1       0.03890860  d_yz
   29   3   2   0       0.01873759  d_z2
   29   3   2   1       0.03890860  d_xz
   29   3   2   2       0.01873759  d_x2-y2
   30   1   0   0       1.35632599  s
   30   2   1  -1       0.82982434  p_y
   30   2   1   0       0.82982434  p_z
   30   2   1   1       0.82982434  p_x
   30   3   2  -2       0.03890860  d_xy
   30   3   2  -1       0.03890860  d_yz
   30   3   2   0       0.01873759  d_z2
   30   3   2   1       0.03890860  d_xz
   30   3   2   2       0.01873759  d_x2-y2
   31   1   0   0       1.35632599  s
   31   2   1  -1       0.82982434  p_y
   31   2   1   0       0.82982434  p_z
   31   2   1   1       0.82982434  p_x
   31   3   2  -2       0.03890860  d_xy
   31   3   2  -1       0.03890860  d_yz
   31   3   2   0       0.01873759  d_z2
   31   3   2   1       0.03890860  d_xz
   31   3   2   2       0.01873759  d_x2-y2
   32   1   0   0       1.35632599  s
   32   2   1  -1       0.82982434  p_y
   32   2   1   0       0.82982434  p_z
   32   2   1   1       0.82982434  p_x
   32   3   2  -2       0.03890860  d_xy
   32   3   2  -1       0.03890860  d_yz
   32   3   2   0       0.01873759  d_z2
   32   3   2   1       0.03890860  d_xz
   32   3   2   2       0.01873759  d_x2-y2
   33   1   0   0       1.35632599  s
   33   2   1  -1       0.82982434  p_y
   33   2   1   0       0.82982434  p_z
   33   2   1   1       0.82982434  p_x
   33   3   2  -2       0.03890860  d_xy
   33   3   2  -1       0.03890860  d_yz
   33   3   2   0       0.01873759  d_z2
   33   3   2   1       0.03890860  d_xz
   33   3   2   2       0.01873759  d_x2-y2
   34   1   0   0       1.35632599  s
   34   2   1  -1       0.82982434  p_y
   34   2   1   0       0.82982434  p_z
   34   2   1   1       0.82982434  p_x
   34   3   2  -2       0.03890860  d_xy
   34   3   2  -1       0.03890860  d_yz
   34   3   2   0       0.01873759  d_z2
   34   3   2   1       0.03890860  d_xz
   34   3   2   2       0.01873759  d_x2-y2
   35   1   0   0       1.35632599  s
   35   2   1  -1       0.82982434  p_y
   35   2   1   0       0.82982434  p_z
   35   2   1   1       0.82982434  p_x
   35   3   2  -2       0.03890860  d_xy
   35   3   2  -1       0.03890860  d_yz
   35   3   2   0       0.01873759  d_z2
   35   3   2   1       0.03890860  d_xz
   35   3   2   2       0.01873759  d_x2-y2
   36   1   0   0       1.35632599  s
   36   2   1  -1       0.82982434  p_y
   36   2   1   0       0.82982434  p_z
   36   2   1   1       0.82982434  p_x
   36   3   2  -2       0.03890860  d_xy
   36   3   2  -1       0.03890860  d_yz
   36   3   2   0       0.01873759  d_z2
   36   3   2   1       0.03890860  d_xz
   36   3   2   2       0.01873759  d_x2-y2
   37   1   0   0       1.35632599  s
   37   2   1  -1       0.82982434  p_y
   37   2   1   0       0.82982434  p_z
   37   2   1   1       0.82982434  p_x
   37   3   2  -2       0.03890860  d_xy
   37   3   2  -1       0.03890860  d_yz
   37   3   2   0       0.01873759  d_z2
   37   3   2   1       0.03890860  d_xz
   37   3   2   2       0.01873759  d_x2-y2
   38   1   0   0       1.35632599  s
   38   2   1  -1       0.82982434  p_y
   38   2   1   0       0.82982434  p_z
   38   2   1   1       0.82982434  p_x
   38   3   2  -2       0.03890860  d_xy
   38   3   2  -1       0.03890860  d_yz
   38   3   2   0       0.01873759  d_z2
   38   3   2   1       0.03890860  d_xz
   38   3   2   2       0.01873759  d_x2-y2
   39   1   0   0       1.35632599  s
   39   2   1  -1       0.82982434  p_y
   39   2   1   0       0.82982434  p_z
   39   2   1   1       0.82982434  p_x
   39   3   2  -2       0.03890860  d_xy
   39   3   2  -1       0.03890860  d_yz
   39   3   2   0       0.01873759  d_z2
   39   3   2   1       0.03890860  d_xz
   39   3   2   2       0.01873759  d_x2-y2
   40   1   0   0       1.35632599  s
   40   2   1  -1       0.82982434  p_y
   40   2   1   0       0.82982434  p_z
   40   2   1   1       0.82982434  p_x
   40   3   2  -2       0.03890860  d_xy
   40   3   2  -1       0.03890860  d_yz
   40   3   2   0       0.01873759  d_z2
   40   3   2   1       0.03890860  d_xz
   40   3   2   2       0.01873759  d_x2-y2
   41   1   0   0       1.35632599  s
   41   2   1  -1       0.82982434  p_y
   41   2   1   0       0.82982434  p_z
   41   2   1   1       0.82982434  p_x
   41   3   2  -2       0.03890860  d_xy
   41   3   2  -1       0.03890860  d_yz
   41   3   2   0       0.01873759  d_z2
   41   3   2   1       0.03890860  d_xz
   41   3   2   2       0.01873759  d_x2-y2
   42   1   0   0       1.35632599  s
   42   2   1  -1       0.82982434  p_y
   42   2   1   0       0.82982434  p_z
   42   2   1   1       0.82982434  p_x
   42   3   2  -2       0.03890860  d_xy
   42   3   2  -1       0.03890860  d_yz
   42   3   2   0       0.01873759  d_z2
   42   3   2   1       0.03890860  d_xz
   42   3   2   2       0.01873759  d_x2-y2
   43   1   0   0       1.35632599  s
   43   2   1  -1       0.82982434  p_y
   43   2   1   0       0.82982434  p_z
   43   2   1   1       0.82982434  p_x
   43   3   2  -2       0.03890860  d_xy
   43   3   2  -1       0.03890860  d_yz
   43   3   2   0       0.01873759  d_z2
   43   3   2   1       0.03890860  d_xz
   43   3   2   2       0.01873759  d_x2-y2
   44   1   0   0       1.35632599  s
   44   2   1  -1       0.82982434  p_y
   44   2   1   0       0.82982434  p_z
   44   2   1   1       0.82982434  p_x
   44   3   2  -2       0.03890860  d_xy
   44   3   2  -1       0.03890860  d_yz
   44   3   2   0       0.01873759  d_z2
   44   3   2   1       0.03890860  d_xz
   44   3   2   2       0.01873759  d_x2-y2
   45   1   0   0       1.35632599  s
   45   2   1  -1       0.82982434  p_y
   45   2   1   0       0.82982434  p_z
   45   2   1   1       0.82982434  p_x
   45   3   2  -2       0.03890860  d_xy
   45   3   2  -1       0.03890860  d_yz
   45   3   2   0       0.01873759  d_z2
   45   3   2   1       0.03890860  d_xz
   45   3   2   2       0.01873759  d_x2-y2
   46   1   0   0       1.35632599  s
   46   2   1  -1       0.82982434  p_y
   46   2   1   0       0.82982434  p_z
   46   2   1   1       0.82982434  p_x
   46   3   2  -2       0.03890860  d_xy
   46   3   2  -1       0.03890860  d_yz
   46   3   2   0       0.01873759  d_z2
   46   3   2   1       0.03890860  d_xz
   46   3   2   2       0.01873759  d_x2-y2
   47   1   0   0       1.35632599  s
   47   2   1  -1       0.82982434  p_y
   47   2   1   0       0.82982434  p_z
   47   2   1   1       0.82982434  p_x
   47   3   2  -2       0.03890860  d_xy
   47   3   2  -1       0.03890860  d_yz
   47   3   2   0       0.01873759  d_z2
   47   3   2   1       0.03890860  d_xz
   47   3   2   2       0.01873759  d_x2-y2
   48   1   0   0       1.35632599  s
   48   2   1  -1       0.82982434  p_y
   48   2   1   0       0.82982434  p_z
   48   2   1   1       0.82982434  p_x
   48   3   2  -2       0.03890860  d_xy
   48   3   2  -1       0.03890860  d_yz
   48   3   2   0       0.01873759  d_z2
   48   3   2   1       0.03890860  d_xz
   48   3   2   2       0.01873759  d_x2-y2
   49   1   0   0       1.35632599  s
   49   2   1  -1       0.82982434  p_y
   49   2   1   0       0.82982434  p_z
   49   2   1   1       0.82982434  p_x
   49   3   2  -2       0.03890860  d_xy
   49   3   2  -1       0.03890860  d_yz
   49   3   2   0       0.01873759  d_z2
   49   3   2   1       0.03890860  d_xz
   49   3   2   2       0.01873759  d_x2-y2
   50   1   0   0       1.35632599  s
   50   2   1  -1       0.82982434  p_y
   50   2   1   0       0.82982434  p_z
   50   2   1   1       0.82982434  p_x
   50   3   2  -2       0.03890860  d_xy
   50   3   2  -1       0.03890860  d_yz
   50   3   2   0       0.01873759  d_z2
   50   3   2   1       0.03890860  d_xz
   50   3   2   2       0.01873759  d_x2-y2
   51   1   0   0       1.35632599  s
   51   2   1  -1       0.82982434  p_y
   51   2   1   0       0.82982434  p_z
   51   2   1   1       0.82982434  p_x
   51   3   2  -2       0.03890860  d_xy
   51   3   2  -1       0.03890860  d_yz
   51   3   2   0       0.01873759  d_z2
   51   3   2   1       0.03890860  d_xz
   51   3   2   2       0.01873759  d_x2-y2
   52   1   0   0       1.35632599  s
   52   2   1  -1       0.82982434  p_y
   52   2   1   0       0.82982434  p_z
   52   2   1   1       0.82982434  p_x
   52   3   2  -2       0.03890860  d_xy
   52   3   2  -1       0.03890860  d_yz
   52   3   2   0       0.01873759  d_z2
   52   3   2   1       0.03890860  d_xz
   52   3   2   2       0.01873759  d_x2-y2
   53   1   0   0       1.35632599  s
   53   2   1  -1       0.82982434  p_y
   53   2   1   0       0.82982434  p_z
   53   2   1   1       0.82982434  p_x
   53   3   2  -2       0.03890860  d_xy
   53   3   2  -1       0.03890860  d_yz
   53   3   2   0       0.01873759  d_z2
   53   3   2   1       0.03890860  d_xz
   53   3   2   2       0.01873759  d_x2-y2
   54   1   0   0       1.35632599  s
   54   2   1  -1       0.82982434  p_y
   54   2   1   0       0.82982434  p_z
   54   2   1   1       0.82982434  p_x
   54   3   2  -2       0.03890860  d_xy
   54   3   2  -1       0.03890860  d_yz
   54   3   2   0       0.01873759  d_z2
   54   3   2   1       0.03890860  d_xz
   54   3   2   2       0.01873759  d_x2-y2
   55   1   0   0       1.35632599  s
   55   2   1  -1       0.82982434  p_y
   55   2   1   0       0.82982434  p_z
   55   2   1   1       0.82982434  p_x
   55   3   2  -2       0.03890860  d_xy
   55   3   2  -1       0.03890860  d_yz
   55   3   2   0       0.01873759  d_z2
   55   3   2   1       0.03890860  d_xz
   55   3   2   2       0.01873759  d_x2-y2
   56   1   0   0       1.35632599  s
   56   2   1  -1       0.82982434  p_y
   56   2   1   0       0.82982434  p_z
   56   2   1   1       0.82982434  p_x
   56   3   2  -2       0.03890860  d_xy
   56   3   2  -1       0.03890860  d_yz
   56   3   2   0       0.01873759  d_z2
   56   3   2   1       0.03890860  d_xz
   56   3   2   2       0.01873759  d_x2-y2
   57   1   0   0       1.35632599  s
   57   2   1  -1       0.82982434  p_y
   57   2   1   0       0.82982434  p_z
   57   2   1   1       0.82982434  p_x
   57   3   2  -2       0.03890860  d_xy
   57   3   2  -1       0.03890860  d_yz
   57   3   2   0       0.01873759  d_z2
   57   3   2   1       0.03890860  d_xz
   57   3   2   2       0.01873759  d_x2-y2
   58   1   0   0       1.35632599  s
   58   2   1  -1       0.82982434  p_y
   58   2   1   0       0.82982434  p_z
   58   2   1   1       0.82982434  p_x
   58   3   2  -2       0.03890860  d_xy
   58   3   2  -1       0.03890860  d_yz
   58   3   2   0       0.01873759  d_z2
   58   3   2   1       0.03890860  d_xz
   58   3   2   2       0.01873759  d_x2-y2
   59   1   0   0       1.35632599  s
   59   2   1  -1       0.82982434  p_y
   59   2   1   0       0.82982434  p_z
   59   2   1   1       0.82982434  p_x
   59   3   2  -2       0.03890860  d_xy
   59   3   2  -1       0.03890860  d_yz
   59   3   2   0       0.01873759  d_z2
   59   3   2   1       0.03890860  d_xz
   59   3   2   2       0.01873759  d_x2-y2
   60   1   0   0       1.35632599  s
   60   2   1  -1       0.82982434  p_y
   60   2   1   0       0.82982434  p_z
   60   2   1   1       0.82982434  p_x
   60   3   2  -2       0.03890860  d_xy
   60   3   2  -1       0.03890860  d_yz
   60   3   2   0       0.01873759  d_z2
   60   3   2   1       0.03890860  d_xz
   60   3   2   2       0.01873759  d_x2-y2
   61   1   0   0       1.35632599  s
   61   2   1  -1       0.82982434  p_y
   61   2   1   0       0.82982434  p_z
   61   2   1   1       0.82982434  p_x
   61   3   2  -2       0.03890860  d_xy
   61   3   2  -1       0.03890860  d_yz
   61   3   2   0       0.01873759  d_z2
   61   3   2   1       0.03890860  d_xz
   61   3   2   2       0.01873759  d_x2-y2
   62   1   0   0       1.35632599  s
   62   2   1  -1       0.82982434  p_y
   62   2   1   0       0.82982434  p_z
   62   2   1   1       0.82982434  p_x
   62   3   2  -2       0.03890860  d_xy
   62   3   2  -1       0.03890860  d_yz
   62   3   2   0       0.01873759  d_z2
   62   3   2   1       0.03890860  d_xz
   62   3   2   2       0.01873759  d_x2-y2
   63   1   0   0       1.35632599  s
   63   2   1  -1       0.82982434  p_y
   63   2   1   0       0.82982434  p_z
   63   2   1   1       0.82982434  p_x
   63   3   2  -2       0.03890860  d_xy
   63   3   2  -1       0.03890860  d_yz
   63   3   2   0       0.01873759  d_z2
   63   3   2   1       0.03890860  d_xz
   63   3   2   2       0.01873759  d_x2-y2
   64   1   0   0       1.35632599  s
   64   2   1  -1       0.82982434  p_y
   64   2   1   0       0.82982434  p_z
   64   2   1   1       0.82982434  p_x
   64   3   2  -2       0.03890860  d_xy
   64   3   2  -1       0.03890860  d_yz
   64   3   2   0       0.01873759  d_z2
   64   3   2   1       0.03890860  d_xz
   64   3   2   2       0.01873759  d_x2-y2
   65   1   0   0       1.35632599  s
   65   2   1  -1       0.82982434  p_y
   65   2   1   0       0.82982434  p_z
   65   2   1   1       0.82982434  p_x
   65   3   2  -2       0.03890860  d_xy
   65   3   2  -1       0.03890860  d_yz
   65   3   2   0       0.01873759  d_z2
   65   3   2   1       0.03890860  d_xz
   65   3   2   2       0.01873759  d_x2-y2
   66   1   0   0       1.35632599  s
   66   2   1  -1       0.82982434  p_y
   66   2   1   0       0.82982434  p_z
   66   2   1   1       0.82982434  p_x
   66   3   2  -2       0.03890860  d_xy
   66   3   2  -1       0.03890860  d_yz
   66   3   2   0       0.01873759  d_z2
   66   3   2   1       0.03890860  d_xz
   66   3   2   2       0.01873759  d_x2-y2
   67   1   0   0       1.35632599  s
   67   2   1  -1       0.82982434  p_y
   67   2   1   0       0.82982434  p_z
   67   2   1   1       0.82982434  p_x
   67   3   2  -2       0.03890860  d_xy
   67   3   2  -1       0.03890860  d_yz
   67   3   2   0       0.01873759  d_z2
   67   3   2   1       0.03890860  d_xz
   67   3   2   2       0.01873759  d_x2-y2
   68   1   0   0       1.35632599  s
   68   2   1  -1       0.82982434  p_y
   68   2   1   0       0.82982434  p_z
   68   2   1   1       0.82982434  p_x
   68   3   2  -2       0.03890860  d_xy
   68   3   2  -1       0.03890860  d_yz
   68   3   2   0       0.01873759  d_z2
   68   3   2   1       0.03890860  d_xz
   68   3   2   2       0.01873759  d_x2-y2
   69   1   0   0       1.35632599  s
   69   2   1  -1       0.82982434  p_y
   69   2   1   0       0.82982434  p_z
   69   2   1   1       0.82982434  p_x
   69   3   2  -2       0.03890860  d_xy
   69   3   2  -1       0.03890860  d_yz
   69   3   2   0       0.01873759  d_z2
   69   3   2   1       0.03890860  d_xz
   69   3   2   2       0.01873759  d_x2-y2
   70   1   0   0       1.35632599  s
   70   2   1  -1       0.82982434  p_y
   70   2   1   0       0.82982434  p_z
   70   2   1   1       0.82982434  p_x
   70   3   2  -2       0.03890860  d_xy
   70   3   2  -1       0.03890860  d_yz
   70   3   2   0       0.01873759  d_z2
   70   3   2   1       0.03890860  d_xz
   70   3   2   2       0.01873759  d_x2-y2
   71   1   0   0       1.35632599  s
   71   2   1  -1       0.82982434  p_y
   71   2   1   0       0.82982434  p_z
   71   2   1   1       0.82982434  p_x
   71   3   2  -2       0.03890860  d_xy
   71   3   2  -1       0.03890860  d_yz
   71   3   2   0       0.01873759  d_z2
   71   3   2   1       0.03890860  d_xz
   71   3   2   2       0.01873759  d_x2-y2
   72   1   0   0       1.35632599  s
   72   2   1  -1       0.82982434  p_y
   72   2   1   0       0.82982434  p_z
   72   2   1   1       0.82982434  p_x
   72   3   2  -2       0.03890860  d_xy
   72   3   2  -1       0.03890860  d_yz
   72   3   2   0       0.01873759  d_z2
   72   3   2   1       0.03890860  d_xz
   72   3   2   2       0.01873759  d_x2-y2
   73   1   0   0       1.35632599  s
   73   2   1  -1       0.82982434  p_y
   73   2   1   0       0.82982434  p_z
   73   2   1   1       0.82982434  p_x
   73   3   2  -2       0.03890860  d_xy
   73   3   2  -1       0.03890860  d_yz
   73   3   2   0       0.01873759  d_z2
   73   3   2   1       0.03890860  d_xz
   73   3   2   2       0.01873759  d_x2-y2
   74   1   0   0       1.35632599  s
   74   2   1  -1       0.82982434  p_y
   74   2   1   0       0.82982434  p_z
   74   2   1   1       0.82982434  p_x
   74   3   2  -2       0.03890860  d_xy
   74   3   2  -1       0.03890860  d_yz
   74   3   2   0       0.01873759  d_z2
   74   3   2   1       0.03890860  d_xz
   74   3   2   2       0.01873759  d_x2-y2
   75   1   0   0       1.35632599  s
   75   2   1  -1       0.82982434  p_y
   75   2   1   0       0.82982434  p_z
   75   2   1   1       0.82982434  p_x
   75   3   2  -2       0.03890860  d_xy
   75   3   2  -1       0.03890860  d_yz
   75   3   2   0       0.01873759  d_z2
   75   3   2   1       0.03890860  d_xz
   75   3   2   2       0.01873759  d_x2-y2
   76   1   0   0       1.35632599  s
   76   2   1  -1       0.82982434  p_y
   76   2   1   0       0.82982434  p_z
   76   2   1   1       0.82982434  p_x
   76   3   2  -2       0.03890860  d_xy
   76   3   2  -1       0.03890860  d_yz
   76   3   2   0       0.01873759  d_z2
   76   3   2   1       0.03890860  d_xz
   76   3   2   2       0.01873759  d_x2-y2
   77   1   0   0       1.35632599  s
   77   2   1  -1       0.82982434  p_y
   77   2   1   0       0.82982434  p_z
   77   2   1   1       0.82982434  p_x
   77   3   2  -2       0.03890860  d_xy
   77   3   2  -1       0.03890860  d_yz
   77   3   2   0       0.01873759  d_z2
   77   3   2   1       0.03890860  d_xz
   77   3   2   2       0.01873759  d_x2-y2
   78   1   0   0       1.35632599  s
   78   2   1  -1       0.82982434  p_y
   78   2   1   0       0.82982434  p_z
   78   2   1   1       0.82982434  p_x
   78   3   2  -2       0.03890860  d_xy
   78   3   2  -1       0.03890860  d_yz
   78   3   2   0       0.01873759  d_z2
   78   3   2   1       0.03890860  d_xz
   78   3   2   2       0.01873759  d_x2-y2
   79   1   0   0       1.35632599  s
   79   2   1  -1       0.82982434  p_y
   79   2   1   0       0.82982434  p_z
   79   2   1   1       0.82982434  p_x
   79   3   2  -2       0.03890860  d_xy
   79   3   2  -1       0.03890860  d_yz
   79   3   2   0       0.01873759  d_z2
   79   3   2   1       0.03890860  d_xz
   79   3   2   2       0.01873759  d_x2-y2
   80   1   0   0       1.35632599  s
   80   2   1  -1       0.82982434  p_y
   80   2   1   0       0.82982434  p_z
   80   2   1   1       0.82982434  p_x
   80   3   2  -2       0.03890860  d_xy
   80   3   2  -1       0.03890860  d_yz
   80   3   2   0       0.01873759  d_z2
   80   3   2   1       0.03890860  d_xz
   80   3   2   2       0.01873759  d_x2-y2
   81   1   0   0       1.35632599  s
   81   2   1  -1       0.82982434  p_y
   81   2   1   0       0.82982434  p_z
   81   2   1   1       0.82982434  p_x
   81   3   2  -2       0.03890860  d_xy
   81   3   2  -1       0.03890860  d_yz
   81   3   2   0       0.01873759  d_z2
   81   3   2   1       0.03890860  d_xz
   81   3   2   2       0.01873759  d_x2-y2
   82   1   0   0       1.35632599  s
   82   2   1  -1       0.82982434  p_y
   82   2   1   0       0.82982434  p_z
   82   2   1   1       0.82982434  p_x
   82   3   2  -2       0.03890860  d_xy
   82   3   2  -1       0.03890860  d_yz
   82   3   2   0       0.01873759  d_z2
   82   3   2   1       0.03890860  d_xz
   82   3   2   2       0.01873759  d_x2-y2
   83   1   0   0       1.35632599  s
   83   2   1  -1       0.82982434  p_y
   83   2   1   0       0.82982434  p_z
   83   2   1   1       0.82982434  p_x
   83   3   2  -2       0.03890860  d_xy
   83   3   2  -1       0.03890860  d_yz
   83   3   2   0       0.01873759  d_z2
   83   3   2   1       0.03890860  d_xz
   83   3   2   2       0.01873759  d_x2-y2
   84   1   0   0       1.35632599  s
   84   2   1  -1       0.82982434  p_y
   84   2   1   0       0.82982434  p_z
   84   2   1   1       0.82982434  p_x
   84   3   2  -2       0.03890860  d_xy
   84   3   2  -1       0.03890860  d_yz
   84   3   2   0       0.01873759  d_z2
   84   3   2   1       0.03890860  d_xz
   84   3   2   2       0.01873759  d_x2-y2
   85   1   0   0       1.35632599  s
   85   2   1  -1       0.82982434  p_y
   85   2   1   0       0.82982434  p_z
   85   2   1   1       0.82982434  p_x
   85   3   2  -2       0.03890860  d_xy
   85   3   2  -1       0.03890860  d_yz
   85   3   2   0       0.01873759  d_z2
   85   3   2   1       0.03890860  d_xz
   85   3   2   2       0.01873759  d_x2-y2
   86   1   0   0       1.35632599  s
   86   2   1  -1       0.82982434  p_y
   86   2   1   0       0.82982434  p_z
   86   2   1   1       0.82982434  p_x
   86   3   2  -2       0.03890860  d_xy
   86   3   2  -1       0.03890860  d_yz
   86   3   2   0       0.01873759  d_z2
   86   3   2   1       0.03890860  d_xz
   86   3   2   2       0.01873759  d_x2-y2
   87   1   0   0       1.35632599  s
   87   2   1  -1       0.82982434  p_y
   87   2   1   0       0.82982434  p_z
   87   2   1   1       0.82982434  p_x
   87   3   2  -2       0.03890860  d_xy
   87   3   2  -1       0.03890860  d_yz
   87   3   2   0       0.01873759  d_z2
   87   3   2   1       0.03890860  d_xz
   87   3   2   2       0.01873759  d_x2-y2
   88   1   0   0       1.35632599  s
   88   2   1  -1       0.82982434  p_y
   88   2   1   0       0.82982434  p_z
   88   2   1   1       0.82982434  p_x
   88   3   2  -2       0.03890860  d_xy
   88   3   2  -1       0.03890860  d_yz
   88   3   2   0       0.01873759  d_z2
   88   3   2   1       0.03890860  d_xz
   88   3   2   2       0.01873759  d_x2-y2
   89   1   0   0       1.35632599  s
   89   2   1  -1       0.82982434  p_y
   89   2   1   0       0.82982434  p_z
   89   2   1   1       0.82982434  p_x
   89   3   2  -2       0.03890860  d_xy
   89   3   2  -1       0.03890860  d_yz
   89   3   2   0       0.01873759  d_z2
   89   3   2   1       0.03890860  d_xz
   89   3   2   2       0.01873759  d_x2-y2
   90   1   0   0       1.35632599  s
   90   2   1  -1       0.82982434  p_y
   90   2   1   0       0.82982434  p_z
   90   2   1   1       0.82982434  p_x
   90   3   2  -2       0.03890860  d_xy
   90   3   2  -1       0.03890860  d_yz
   90   3   2   0       0.01873759  d_z2
   90   3   2   1       0.03890860  d_xz
   90   3   2   2       0.01873759  d_x2-y2
   91   1   0   0       1.35632599  s
   91   2   1  -1       0.82982434  p_y
   91   2   1   0       0.82982434  p_z
   91   2   1   1       0.82982434  p_x
   91   3   2  -2       0.03890860  d_xy
   91   3   2  -1       0.03890860  d_yz
   91   3   2   0       0.01873759  d_z2
   91   3   2   1       0.03890860  d_xz
   91   3   2   2       0.01873759  d_x2-y2
   92   1   0   0       1.35632599  s
   92   2   1  -1       0.82982434  p_y
   92   2   1   0       0.82982434  p_z
   92   2   1   1       0.82982434  p_x
   92   3   2  -2       0.03890860  d_xy
   92   3   2  -1       0.03890860  d_yz
   92   3   2   0       0.01873759  d_z2
   92   3   2   1       0.03890860  d_xz
   92   3   2   2       0.01873759  d_x2-y2
   93   1   0   0       1.35632599  s
   93   2   1  -1       0.82982434  p_y
   93   2   1   0       0.82982434  p_z
   93   2   1   1       0.82982434  p_x
   93   3   2  -2       0.03890860  d_xy
   93   3   2  -1       0.03890860  d_yz
   93   3   2   0       0.01873759  d_z2
   93   3   2   1       0.03890860  d_xz
   93   3   2   2       0.01873759  d_x2-y2
   94   1   0   0       1.35632599  s
   94   2   1  -1       0.82982434  p_y
   94   2   1   0       0.82982434  p_z
   94   2   1   1       0.82982434  p_x
   94   3   2  -2       0.03890860  d_xy
   94   3   2  -1       0.03890860  d_yz
   94   3   2   0       0.01873759  d_z2
   94   3   2   1       0.03890860  d_xz
   94   3   2   2       0.01873759  d_x2-y2
   95   1   0   0       1.35632599  s
   95   2   1  -1       0.82982434  p_y
   95   2   1   0       0.82982434  p_z
   95   2   1   1       0.82982434  p_x
   95   3   2  -2       0.03890860  d_xy
   95   3   2  -1       0.03890860  d_yz
   95   3   2   0       0.01873759  d_z2
   95   3   2   1       0.03890860  d_xz
   95   3   2   2       0.01873759  d_x2-y2
   96   1   0   0       1.35632599  s
   96   2   1  -1       0.82982434  p_y
   96   2   1   0       0.82982434  p_z
   96   2   1   1       0.82982434  p_x
   96   3   2  -2       0.03890860  d_xy
   96   3   2  -1       0.03890860  d_yz
   96   3   2   0       0.01873759  d_z2
   96   3   2   1       0.03890860  d_xz
   96   3   2   2       0.01873759  d_x2-y2
   97   1   0   0       1.35632599  s
   97   2   1  -1       0.82982434  p_y
   97   2   1   0       0.82982434  p_z
   97   2   1   1       0.82982434  p_x
   97   3   2  -2       0.03890860  d_xy
   97   3   2  -1       0.03890860  d_yz
   97   3   2   0       0.01873759  d_z2
   97   3   2   1       0.03890860  d_xz
   97   3   2   2       0.01873759  d_x2-y2
   98   1   0   0       1.35632599  s
   98   2   1  -1       0.82982434  p_y
   98   2   1   0       0.82982434  p_z
   98   2   1   1       0.82982434  p_x
   98   3   2  -2       0.03890860  d_xy
   98   3   2  -1       0.03890860  d_yz
   98   3   2   0       0.01873759  d_z2
   98   3   2   1       0.03890860  d_xz
   98   3   2   2       0.01873759  d_x2-y2
   99   1   0   0       1.35632599  s
   99   2   1  -1       0.82982434  p_y
   99   2   1   0       0.82982434  p_z
   99   2   1   1       0.82982434  p_x
   99   3   2  -2       0.03890860  d_xy
   99   3   2  -1       0.03890860  d_yz
   99   3   2   0       0.01873759  d_z2
   99   3   2   1       0.03890860  d_xz
   99   3   2   2       0.01873759  d_x2-y2
  100   1   0   0       1.35632599  s
  100   2   1  -1       0.82982434  p_y
  100   2   1   0       0.82982434  p_z
  100   2   1   1       0.82982434  p_x
  100   3   2  -2       0.03890860  d_xy
  100   3   2  -1       0.03890860  d_yz
  100   3   2   0       0.01873759  d_z2
  100   3   2   1       0.03890860  d_xz
  100   3   2   2       0.01873759  d_x2-y2
  101   1   0   0       1.35632599  s
  101   2   1  -1       0.82982434  p_y
  101   2   1   0       0.82982434  p_z
  101   2   1   1       0.82982434  p_x
  101   3   2  -2       0.03890860  d_xy
  101   3   2  -1       0.03890860  d_yz
  101   3   2   0       0.01873759  d_z2
  101   3   2   1       0.03890860  d_xz
  101   3   2   2       0.01873759  d_x2-y2
  102   1   0   0       1.35632599  s
  102   2   1  -1       0.82982434  p_y
  102   2   1   0       0.82982434  p_z
  102   2   1   1       0.82982434  p_x
  102   3   2  -2       0.03890860  d_xy
  102   3   2  -1       0.03890860  d_yz
  102   3   2   0       0.01873759  d_z2
  102   3   2   1       0.03890860  d_xz
  102   3   2   2       0.01873759  d_x2-y2
  103   1   0   0       1.35632599  s
  103   2   1  -1       0.82982434  p_y
  103   2   1   0       0.82982434  p_z
  103   2   1   1       0.82982434  p_x
  103   3   2  -2       0.03890860  d_xy
  103   3   2  -1       0.03890860  d_yz
  103   3   2   0       0.01873759  d_z2
  103   3   2   1       0.03890860  d_xz
  103   3   2   2       0.01873759  d_x2-y2
  104   1   0   0       1.35632599  s
  104   2   1  -1       0.82982434  p_y
  104   2   1   0       0.82982434  p_z
  104   2   1   1       0.82982434  p_x
  104   3   2  -2       0.03890860  d_xy
  104   3   2  -1       0.03890860  d_yz
  104   3   2   0       0.01873759  d_z2
  104   3   2   1       0.03890860  d_xz
  104   3   2   2       0.01873759  d_x2-y2
  105   1   0   0       1.35632599  s
  105   2   1  -1       0.82982434  p_y
  105   2   1   0       0.82982434  p_z
  105   2   1   1       0.82982434  p_x
  105   3   2  -2       0.03890860  d_xy
  105   3   2  -1       0.03890860  d_yz
  105   3   2   0       0.01873759  d_z2
  105   3   2   1       0.03890860  d_xz
  105   3   2   2       0.01873759  d_x2-y2
  106   1   0   0       1.35632599  s
  106   2   1  -1       0.82982434  p_y
  106   2   1   0       0.82982434  p_z
  106   2   1   1       0.82982434  p_x
  106   3   2  -2       0.03890860  d_xy
  106   3   2  -1       0.03890860  d_yz
  106   3   2   0       0.01873759  d_z2
  106   3   2   1       0.03890860  d_xz
  106   3   2   2       0.01873759  d_x2-y2
  107   1   0   0       1.35632599  s
  107   2   1  -1       0.82982434  p_y
  107   2   1   0       0.82982434  p_z
  107   2   1   1       0.82982434  p_x
  107   3   2  -2       0.03890860  d_xy
  107   3   2  -1       0.03890860  d_yz
  107   3   2   0       0.01873759  d_z2
  107   3   2   1       0.03890860  d_xz
  107   3   2   2       0.01873759  d_x2-y2
  108   1   0   0       1.35632599  s
  108   2   1  -1       0.82982434  p_y
  108   2   1   0       0.82982434  p_z
  108   2   1   1       0.82982434  p_x
  108   3   2  -2       0.03890860  d_xy
  108   3   2  -1       0.03890860  d_yz
  108   3   2   0       0.01873759  d_z2
  108   3   2   1       0.03890860  d_xz
  108   3   2   2       0.01873759  d_x2-y2
  109   1   0   0       1.35632599  s
  109   2   1  -1       0.82982434  p_y
  109   2   1   0       0.82982434  p_z
  109   2   1   1       0.82982434  p_x
  109   3   2  -2       0.03890860  d_xy
  109   3   2  -1       0.03890860  d_yz
  109   3   2   0       0.01873759  d_z2
  109   3   2   1       0.03890860  d_xz
  109   3   2   2       0.01873759  d_x2-y2
  110   1   0   0       1.35632599  s
  110   2   1  -1       0.82982434  p_y
  110   2   1   0       0.82982434  p_z
  110   2   1   1       0.82982434  p_x
  110   3   2  -2       0.03890860  d_xy
  110   3   2  -1       0.03890860  d_yz
  110   3   2   0       0.01873759  d_z2
  110   3   2   1       0.03890860  d_xz
  110   3   2   2       0.01873759  d_x2-y2
  111   1   0   0       1.35632599  s
  111   2   1  -1       0.82982434  p_y
  111   2   1   0       0.82982434  p_z
  111   2   1   1       0.82982434  p_x
  111   3   2  -2       0.03890860  d_xy
  111   3   2  -1       0.03890860  d_yz
  111   3   2   0       0.01873759  d_z2
  111   3   2   1       0.03890860  d_xz
  111   3   2   2       0.01873759  d_x2-y2
  112   1   0   0       1.35632599  s
  112   2   1  -1       0.82982434  p_y
  112   2   1   0       0.82982434  p_z
  112   2   1   1       0.82982434  p_x
  112   3   2  -2       0.03890860  d_xy
  112   3   2  -1       0.03890860  d_yz
  112   3   2   0       0.01873759  d_z2
  112   3   2   1       0.03890860  d_xz
  112   3   2   2       0.01873759  d_x2-y2
  113   1   0   0       1.35632599  s
  113   2   1  -1       0.82982434  p_y
  113   2   1   0       0.82982434  p_z
  113   2   1   1       0.82982434  p_x
  113   3   2  -2       0.03890860  d_xy
  113   3   2  -1       0.03890860  d_yz
  113   3   2   0       0.01873759  d_z2
  113   3   2   1       0.03890860  d_xz
  113   3   2   2       0.01873759  d_x2-y2
  114   1   0   0       1.35632599  s
  114   2   1  -1       0.82982434  p_y
  114   2   1   0       0.82982434  p_z
  114   2   1   1       0.82982434  p_x
  114   3   2  -2       0.03890860  d_xy
  114   3   2  -1       0.03890860  d_yz
  114   3   2   0       0.01873759  d_z2
  114   3   2   1       0.03890860  d_xz
  114   3   2   2       0.01873759  d_x2-y2
  115   1   0   0       1.35632599  s
  115   2   1  -1       0.82982434  p_y
  115   2   1   0       0.82982434  p_z
  115   2   1   1       0.82982434  p_x
  115   3   2  -2       0.03890860  d_xy
  115   3   2  -1       0.03890860  d_yz
  115   3   2   0       0.01873759  d_z2
  115   3   2   1       0.03890860  d_xz
  115   3   2   2       0.01873759  d_x2-y2
  116   1   0   0       1.35632599  s
  116   2   1  -1       0.82982434  p_y
  116   2   1   0       0.82982434  p_z
  116   2   1   1       0.82982434  p_x
  116   3   2  -2       0.03890860  d_xy
  116   3   2  -1       0.03890860  d_yz
  116   3   2   0       0.01873759  d_z2
  116   3   2   1       0.03890860  d_xz
  116   3   2   2       0.01873759  d_x2-y2
  117   1   0   0       1.35632599  s
  117   2   1  -1       0.82982434  p_y
  117   2   1   0       0.82982434  p_z
  117   2   1   1       0.82982434  p_x
  117   3   2  -2       0.03890860  d_xy
  117   3   2  -1       0.03890860  d_yz
  117   3   2   0       0.01873759  d_z2
  117   3   2   1       0.03890860  d_xz
  117   3   2   2       0.01873759  d_x2-y2
  118   1   0   0       1.35632599  s
  118   2   1  -1       0.82982434  p_y
  118   2   1   0       0.82982434  p_z
  118   2   1   1       0.82982434  p_x
  118   3   2  -2       0.03890860  d_xy
  118   3   2  -1       0.03890860  d_yz
  118   3   2   0       0.01873759  d_z2
  118   3   2   1       0.03890860  d_xz
  118   3   2   2       0.01873759  d_x2-y2
  119   1   0   0       1.35632599  s
  119   2   1  -1       0.82982434  p_y
  119   2   1   0       0.82982434  p_z
  119   2   1   1       0.82982434  p_x
  119   3   2  -2       0.03890860  d_xy
  119   3   2  -1       0.03890860  d_yz
  119   3   2   0       0.01873759  d_z2
  119   3   2   1       0.03890860  d_xz
  119   3   2   2       0.01873759  d_x2-y2
  120   1   0   0       1.35632599  s
  120   2   1  -1       0.82982434  p_y
  120   2   1   0       0.82982434  p_z
  120   2   1   1       0.82982434  p_x
  120   3   2  -2       0.03890860  d_xy
  120   3   2  -1       0.03890860  d_yz
  120   3   2   0       0.01873759  d_z2
  120   3   2   1       0.03890860  d_xz
  120   3   2   2       0.01873759  d_x2-y2
  121   1   0   0       1.35632599  s
  121   2   1  -1       0.82982434  p_y
  121   2   1   0       0.82982434  p_z
  121   2   1   1       0.82982434  p_x
  121   3   2  -2       0.03890860  d_xy
  121   3   2  -1       0.03890860  d_yz
  121   3   2   0       0.01873759  d_z2
  121   3   2   1       0.03890860  d_xz
  121   3   2   2       0.01873759  d_x2-y2
  122   1   0   0       1.35632599  s
  122   2   1  -1       0.82982434  p_y
  122   2   1   0       0.82982434  p_z
  122   2   1   1       0.82982434  p_x
  122   3   2  -2       0.03890860  d_xy
  122   3   2  -1       0.03890860  d_yz
  122   3   2   0       0.01873759  d_z2
  122   3   2   1       0.03890860  d_xz
  122   3   2   2       0.01873759  d_x2-y2
  123   1   0   0       1.35632599  s
  123   2   1  -1       0.82982434  p_y
  123   2   1   0       0.82982434  p_z
  123   2   1   1       0.82982434  p_x
  123   3   2  -2       0.03890860  d_xy
  123   3   2  -1       0.03890860  d_yz
  123   3   2   0       0.01873759  d_z2
  123   3   2   1       0.03890860  d_xz
  123   3   2   2       0.01873759  d_x2-y2
  124   1   0   0       1.35632599  s
  124   2   1  -1       0.82982434  p_y
  124   2   1   0       0.82982434  p_z
  124   2   1   1       0.82982434  p_x
  124   3   2  -2       0.03890860  d_xy
  124   3   2  -1       0.03890860  d_yz
  124   3   2   0       0.01873759  d_z2
  124   3   2   1       0.03890860  d_xz
  124   3   2   2       0.01873759  d_x2-y2
  125   1   0   0       1.35632599  s
  125   2   1  -1       0.82982434  p_y
  125   2   1   0       0.82982434  p_z
  125   2   1   1       0.82982434  p_x
  125   3   2  -2       0.03890860  d_xy
  125   3   2  -1       0.03890860  d_yz
  125   3   2   0       0.01873759  d_z2
  125   3   2   1       0.03890860  d_xz
  125   3   2   2       0.01873759  d_x2-y2
  126   1   0   0       1.35632599  s
  126   2   1  -1       0.82982434  p_y
  126   2   1   0       0.82982434  p_z
  126   2   1   1       0.82982434  p_x
  126   3   2  -2       0.03890860  d_xy
  126   3   2  -1       0.03890860  d_yz
  126   3   2   0       0.01873759  d_z2
  126   3   2   1       0.03890860  d_xz
  126   3   2   2       0.01873759  d_x2-y2
  127   1   0   0       1.35632599  s
  127   2   1  -1       0.82982434  p_y
  127   2   1   0       0.82982434  p_z
  127   2   1   1       0.82982434  p_x
  127   3   2  -2       0.03890860  d_xy
  127   3   2  -1       0.03890860  d_yz
  127   3   2   0       0.01873759  d_z2
  127   3   2   1       0.03890860  d_xz
  127   3   2   2       0.01873759  d_x2-y2
  128   1   0   0       1.35632599  s
  128   2   1  -1       0.82982434  p_y
  128   2   1   0       0.82982434  p_z
  128   2   1   1       0.82982434  p_x
  128   3   2  -2       0.03890860  d_xy
  128   3   2  -1       0.03890860  d_yz
  128   3   2   0       0.01873759  d_z2
  128   3   2   1       0.03890860  d_xz
  128   3   2   2       0.01873759  d_x2-y2
  129   1   0   0       1.35632599  s
  129   2   1  -1       0.82982434  p_y
  129   2   1   0       0.82982434  p_z
  129   2   1   1       0.82982434  p_x
  129   3   2  -2       0.03890860  d_xy
  129   3   2  -1       0.03890860  d_yz
  129   3   2   0       0.01873759  d_z2
  129   3   2   1       0.03890860  d_xz
  129   3   2   2       0.01873759  d_x2-y2
  130   1   0   0       1.35632599  s
  130   2   1  -1       0.82982434  p_y
  130   2   1   0       0.82982434  p_z
  130   2   1   1       0.82982434  p_x
  130   3   2  -2       0.03890860  d_xy
  130   3   2  -1       0.03890860  d_yz
  130   3   2   0       0.01873759  d_z2
  130   3   2   1       0.03890860  d_xz
  130   3   2   2       0.01873759  d_x2-y2
  131   1   0   0       1.35632599  s
  131   2   1  -1       0.82982434  p_y
  131   2   1   0       0.82982434  p_z
  131   2   1   1       0.82982434  p_x
  131   3   2  -2       0.03890860  d_xy
  131   3   2  -1       0.03890860  d_yz
  131   3   2   0       0.01873759  d_z2
  131   3   2   1       0.03890860  d_xz
  131   3   2   2       0.01873759  d_x2-y2
  132   1   0   0       1.35632599  s
  132   2   1  -1       0.82982434  p_y
  132   2   1   0       0.82982434  p_z
  132   2   1   1       0.82982434  p_x
  132   3   2  -2       0.03890860  d_xy
  132   3   2  -1       0.03890860  d_yz
  132   3   2   0       0.01873759  d_z2
  132   3   2   1       0.03890860  d_xz
  132   3   2   2       0.01873759  d_x2-y2
  133   1   0   0       1.35632599  s
  133   2   1  -1       0.82982434  p_y
  133   2   1   0       0.82982434  p_z
  133   2   1   1       0.82982434  p_x
  133   3   2  -2       0.03890860  d_xy
  133   3   2  -1       0.03890860  d_yz
  133   3   2   0       0.01873759  d_z2
  133   3   2   1       0.03890860  d_xz
  133   3   2   2       0.01873759  d_x2-y2
  134   1   0   0       1.35632599  s
  134   2   1  -1       0.82982434  p_y
  134   2   1   0       0.82982434  p_z
  134   2   1   1       0.82982434  p_x
  134   3   2  -2       0.03890860  d_xy
  134   3   2  -1       0.03890860  d_yz
  134   3   2   0       0.01873759  d_z2
  134   3   2   1       0.03890860  d_xz
  134   3   2   2       0.01873759  d_x2-y2
  135   1   0   0       1.35632599  s
  135   2   1  -1       0.82982434  p_y
  135   2   1   0       0.82982434  p_z
  135   2   1   1       0.82982434  p_x
  135   3   2  -2       0.03890860  d_xy
  135   3   2  -1       0.03890860  d_yz
  135   3   2   0       0.01873759  d_z2
  135   3   2   1       0.03890860  d_xz
  135   3   2   2       0.01873759  d_x2-y2
  136   1   0   0       1.35632599  s
  136   2   1  -1       0.82982434  p_y
  136   2   1   0       0.82982434  p_z
  136   2   1   1       0.82982434  p_x
  136   3   2  -2       0.03890860  d_xy
  136   3   2  -1       0.03890860  d_yz
  136   3   2   0       0.01873759  d_z2
  136   3   2   1       0.03890860  d_xz
  136   3   2   2       0.01873759  d_x2-y2
  137   1   0   0       1.35632599  s
  137   2   1  -1       0.82982434  p_y
  137   2   1   0       0.82982434  p_z
  137   2   1   1       0.82982434  p_x
  137   3   2  -2       0.03890860  d_xy
  137   3   2  -1       0.03890860  d_yz
  137   3   2   0       0.01873759  d_z2
  137   3   2   1       0.03890860  d_xz
  137   3   2   2       0.01873759  d_x2-y2
  138   1   0   0       1.35632599  s
  138   2   1  -1       0.82982434  p_y
  138   2   1   0       0.82982434  p_z
  138   2   1   1       0.82982434  p_x
  138   3   2  -2       0.03890860  d_xy
  138   3   2  -1       0.03890860  d_yz
  138   3   2   0       0.01873759  d_z2
  138   3   2   1       0.03890860  d_xz
  138   3   2   2       0.01873759  d_x2-y2
  139   1   0   0       1.35632599  s
  139   2   1  -1       0.82982434  p_y
  139   2   1   0       0.82982434  p_z
  139   2   1   1       0.82982434  p_x
  139   3   2  -2       0.03890860  d_xy
  139   3   2  -1       0.03890860  d_yz
  139   3   2   0       0.01873759  d_z2
  139   3   2   1       0.03890860  d_xz
  139   3   2   2       0.01873759  d_x2-y2
  140   1   0   0       1.35632599  s
  140   2   1  -1       0.82982434  p_y
  140   2   1   0       0.82982434  p_z
  140   2   1   1       0.82982434  p_x
  140   3   2  -2       0.03890860  d_xy
  140   3   2  -1       0.03890860  d_yz
  140   3   2   0       0.01873759  d_z2
  140   3   2   1       0.03890860  d_xz
  140   3   2   2       0.01873759  d_x2-y2
  141   1   0   0       1.35632599  s
  141   2   1  -1       0.82982434  p_y
  141   2   1   0       0.82982434  p_z
  141   2   1   1       0.82982434  p_x
  141   3   2  -2       0.03890860  d_xy
  141   3   2  -1       0.03890860  d_yz
  141   3   2   0       0.01873759  d_z2
  141   3   2   1       0.03890860  d_xz
  141   3   2   2       0.01873759  d_x2-y2
  142   1   0   0       1.35632599  s
  142   2   1  -1       0.82982434  p_y
  142   2   1   0       0.82982434  p_z
  142   2   1   1       0.82982434  p_x
  142   3   2  -2       0.03890860  d_xy
  142   3   2  -1       0.03890860  d_yz
  142   3   2   0       0.01873759  d_z2
  142   3   2   1       0.03890860  d_xz
  142   3   2   2       0.01873759  d_x2-y2
  143   1   0   0       1.35632599  s
  143   2   1  -1       0.82982434  p_y
  143   2   1   0       0.82982434  p_z
  143   2   1   1       0.82982434  p_x
  143   3   2  -2       0.03890860  d_xy
  143   3   2  -1       0.03890860  d_yz
  143   3   2   0       0.01873759  d_z2
  143   3   2   1       0.03890860  d_xz
  143   3   2   2       0.01873759  d_x2-y2
  144   1   0   0       1.35632599  s
  144   2   1  -1       0.82982434  p_y
  144   2   1   0       0.82982434  p_z
  144   2   1   1       0.82982434  p_x
  144   3   2  -2       0.03890860  d_xy
  144   3   2  -1       0.03890860  d_yz
  144   3   2   0       0.01873759  d_z2
  144   3   2   1       0.03890860  d_xz
  144   3   2   2       0.01873759  d_x2-y2
  145   1   0   0       1.35632599  s
  145   2   1  -1       0.82982434  p_y
  145   2   1   0       0.82982434  p_z
  145   2   1   1       0.82982434  p_x
  145   3   2  -2       0.03890860  d_xy
  145   3   2  -1       0.03890860  d_yz
  145   3   2   0       0.01873759  d_z2
  145   3   2   1       0.03890860  d_xz
  145   3   2   2       0.01873759  d_x2-y2
  146   1   0   0       1.35632599  s
  146   2   1  -1       0.82982434  p_y
  146   2   1   0       0.82982434  p_z
  146   2   1   1       0.82982434  p_x
  146   3   2  -2       0.03890860  d_xy
  146   3   2  -1       0.03890860  d_yz
  146   3   2   0       0.01873759  d_z2
  146   3   2   1       0.03890860  d_xz
  146   3   2   2       0.01873759  d_x2-y2
  147   1   0   0       1.35632599  s
  147   2   1  -1       0.82982434  p_y
  147   2   1   0       0.82982434  p_z
  147   2   1   1       0.82982434  p_x
  147   3   2  -2       0.03890860  d_xy
  147   3   2  -1       0.03890860  d_yz
  147   3   2   0       0.01873759  d_z2
  147   3   2   1       0.03890860  d_xz
  147   3   2   2       0.01873759  d_x2-y2
  148   1   0   0       1.35632599  s
  148   2   1  -1       0.82982434  p_y
  148   2   1   0       0.82982434  p_z
  148   2   1   1       0.82982434  p_x
  148   3   2  -2       0.03890860  d_xy
  148   3   2  -1       0.03890860  d_yz
  148   3   2   0       0.01873759  d_z2
  148   3   2   1       0.03890860  d_xz
  148   3   2   2       0.01873759  d_x2-y2
  149   1   0   0       1.35632599  s
  149   2   1  -1       0.82982434  p_y
  149   2   1   0       0.82982434  p_z
  149   2   1   1       0.82982434  p_x
  149   3   2  -2       0.03890860  d_xy
  149   3   2  -1       0.03890860  d_yz
  149   3   2   0       0.01873759  d_z2
  149   3   2   1       0.03890860  d_xz
  149   3   2   2       0.01873759  d_x2-y2
  150   1   0   0       1.35632599  s
  150   2   1  -1       0.82982434  p_y
  150   2   1   0       0.82982434  p_z
  150   2   1   1       0.82982434  p_x
  150   3   2  -2       0.03890860  d_xy
  150   3   2  -1       0.03890860  d_yz
  150   3   2   0       0.01873759  d_z2
  150   3   2   1       0.03890860  d_xz
  150   3   2   2       0.01873759  d_x2-y2
  151   1   0   0       1.35632599  s
  151   2   1  -1       0.82982434  p_y
  151   2   1   0       0.82982434  p_z
  151   2   1   1       0.82982434  p_x
  151   3   2  -2       0.03890860  d_xy
  151   3   2  -1       0.03890860  d_yz
  151   3   2   0       0.01873759  d_z2
  151   3   2   1       0.03890860  d_xz
  151   3   2   2       0.01873759  d_x2-y2
  152   1   0   0       1.35632599  s
  152   2   1  -1       0.82982434  p_y
  152   2   1   0       0.82982434  p_z
  152   2   1   1       0.82982434  p_x
  152   3   2  -2       0.03890860  d_xy
  152   3   2  -1       0.03890860  d_yz
  152   3   2   0       0.01873759  d_z2
  152   3   2   1       0.03890860  d_xz
  152   3   2   2       0.01873759  d_x2-y2
  153   1   0   0       1.35632599  s
  153   2   1  -1       0.82982434  p_y
  153   2   1   0       0.82982434  p_z
  153   2   1   1       0.82982434  p_x
  153   3   2  -2       0.03890860  d_xy
  153   3   2  -1       0.03890860  d_yz
  153   3   2   0       0.01873759  d_z2
  153   3   2   1       0.03890860  d_xz
  153   3   2   2       0.01873759  d_x2-y2
  154   1   0   0       1.35632599  s
  154   2   1  -1       0.82982434  p_y
  154   2   1   0       0.82982434  p_z
  154   2   1   1       0.82982434  p_x
  154   3   2  -2       0.03890860  d_xy
  154   3   2  -1       0.03890860  d_yz
  154   3   2   0       0.01873759  d_z2
  154   3   2   1       0.03890860  d_xz
  154   3   2   2       0.01873759  d_x2-y2
  155   1   0   0       1.35632599  s
  155   2   1  -1       0.82982434  p_y
  155   2   1   0       0.82982434  p_z
  155   2   1   1       0.82982434  p_x
  155   3   2  -2       0.03890860  d_xy
  155   3   2  -1       0.03890860  d_yz
  155   3   2   0       0.01873759  d_z2
  155   3   2   1       0.03890860  d_xz
  155   3   2   2       0.01873759  d_x2-y2
  156   1   0   0       1.35632599  s
  156   2   1  -1       0.82982434  p_y
  156   2   1   0       0.82982434  p_z
  156   2   1   1       0.82982434  p_x
  156   3   2  -2       0.03890860  d_xy
  156   3   2  -1       0.03890860  d_yz
  156   3   2   0       0.01873759  d_z2
  156   3   2   1       0.03890860  d_xz
  156   3   2   2       0.01873759  d_x2-y2
  157   1   0   0       1.35632599  s
  157   2   1  -1       0.82982434  p_y
  157   2   1   0       0.82982434  p_z
  157   2   1   1       0.82982434  p_x
  157   3   2  -2       0.03890860  d_xy
  157   3   2  -1       0.03890860  d_yz
  157   3   2   0       0.01873759  d_z2
  157   3   2   1       0.03890860  d_xz
  157   3   2   2       0.01873759  d_x2-y2
  158   1   0   0       1.35632599  s
  158   2   1  -1       0.82982434  p_y
  158   2   1   0       0.82982434  p_z
  158   2   1   1       0.82982434  p_x
  158   3   2  -2       0.03890860  d_xy
  158   3   2  -1       0.03890860  d_yz
  158   3   2   0       0.01873759  d_z2
  158   3   2   1       0.03890860  d_xz
  158   3   2   2       0.01873759  d_x2-y2
  159   1   0   0       1.35632599  s
  159   2   1  -1       0.82982434  p_y
  159   2   1   0       0.82982434  p_z
  159   2   1   1       0.82982434  p_x
  159   3   2  -2       0.03890860  d_xy
  159   3   2  -1       0.03890860  d_yz
  159   3   2   0       0.01873759  d_z2
  159   3   2   1       0.03890860  d_xz
  159   3   2   2       0.01873759  d_x2-y2
  160   1   0   0       1.35632599  s
  160   2   1  -1       0.82982434  p_y
  160   2   1   0       0.82982434  p_z
  160   2   1   1       0.82982434  p_x
  160   3   2  -2       0.03890860  d_xy
  160   3   2  -1       0.03890860  d_yz
  160   3   2   0       0.01873759  d_z2
  160   3   2   1       0.03890860  d_xz
  160   3   2   2       0.01873759  d_x2-y2
  161   1   0   0       1.35632599  s
  161   2   1  -1       0.82982434  p_y
  161   2   1   0       0.82982434  p_z
  161   2   1   1       0.82982434  p_x
  161   3   2  -2       0.03890860  d_xy
  161   3   2  -1       0.03890860  d_yz
  161   3   2   0       0.01873759  d_z2
  161   3   2   1       0.03890860  d_xz
  161   3   2   2       0.01873759  d_x2-y2
  162   1   0   0       1.35632599  s
  162   2   1  -1       0.82982434  p_y
  162   2   1   0       0.82982434  p_z
  162   2   1   1       0.82982434  p_x
  162   3   2  -2       0.03890860  d_xy
  162   3   2  -1       0.03890860  d_yz
  162   3   2   0       0.01873759  d_z2
  162   3   2   1       0.03890860  d_xz
  162   3   2   2       0.01873759  d_x2-y2
  163   1   0   0       1.35632599  s
  163   2   1  -1       0.82982434  p_y
  163   2   1   0       0.82982434  p_z
  163   2   1   1       0.82982434  p_x
  163   3   2  -2       0.03890860  d_xy
  163   3   2  -1       0.03890860  d_yz
  163   3   2   0       0.01873759  d_z2
  163   3   2   1       0.03890860  d_xz
  163   3   2   2       0.01873759  d_x2-y2
  164   1   0   0       1.35632599  s
  164   2   1  -1       0.82982434  p_y
  164   2   1   0       0.82982434  p_z
  164   2   1   1       0.82982434  p_x
  164   3   2  -2       0.03890860  d_xy
  164   3   2  -1       0.03890860  d_yz
  164   3   2   0       0.01873759  d_z2
  164   3   2   1       0.03890860  d_xz
  164   3   2   2       0.01873759  d_x2-y2
  165   1   0   0       1.35632599  s
  165   2   1  -1       0.82982434  p_y
  165   2   1   0       0.82982434  p_z
  165   2   1   1       0.82982434  p_x
  165   3   2  -2       0.03890860  d_xy
  165   3   2  -1       0.03890860  d_yz
  165   3   2   0       0.01873759  d_z2
  165   3   2   1       0.03890860  d_xz
  165   3   2   2       0.01873759  d_x2-y2
  166   1   0   0       1.35632599  s
  166   2   1  -1       0.82982434  p_y
  166   2   1   0       0.82982434  p_z
  166   2   1   1       0.82982434  p_x
  166   3   2  -2       0.03890860  d_xy
  166   3   2  -1       0.03890860  d_yz
  166   3   2   0       0.01873759  d_z2
  166   3   2   1       0.03890860  d_xz
  166   3   2   2       0.01873759  d_x2-y2
  167   1   0   0       1.35632599  s
  167   2   1  -1       0.82982434  p_y
  167   2   1   0       0.82982434  p_z
  167   2   1   1       0.82982434  p_x
  167   3   2  -2       0.03890860  d_xy
  167   3   2  -1       0.03890860  d_yz
  167   3   2   0       0.01873759  d_z2
  167   3   2   1       0.03890860  d_xz
  167   3   2   2       0.01873759  d_x2-y2
  168   1   0   0       1.35632599  s
  168   2   1  -1       0.82982434  p_y
  168   2   1   0       0.82982434  p_z
  168   2   1   1       0.82982434  p_x
  168   3   2  -2       0.03890860  d_xy
  168   3   2  -1       0.03890860  d_yz
  168   3   2   0       0.01873759  d_z2
  168   3   2   1       0.03890860  d_xz
  168   3   2   2       0.01873759  d_x2-y2
  169   1   0   0       1.35632599  s
  169   2   1  -1       0.82982434  p_y
  169   2   1   0       0.82982434  p_z
  169   2   1   1       0.82982434  p_x
  169   3   2  -2       0.03890860  d_xy
  169   3   2  -1       0.03890860  d_yz
  169   3   2   0       0.01873759  d_z2
  169   3   2   1       0.03890860  d_xz
  169   3   2   2       0.01873759  d_x2-y2
  170   1   0   0       1.35632599  s
  170   2   1  -1       0.82982434  p_y
  170   2   1   0       0.82982434  p_z
  170   2   1   1       0.82982434  p_x
  170   3   2  -2       0.03890860  d_xy
  170   3   2  -1       0.03890860  d_yz
  170   3   2   0       0.01873759  d_z2
  170   3   2   1       0.03890860  d_xz
  170   3   2   2       0.01873759  d_x2-y2
  171   1   0   0       1.35632599  s
  171   2   1  -1       0.82982434  p_y
  171   2   1   0       0.82982434  p_z
  171   2   1   1       0.82982434  p_x
  171   3   2  -2       0.03890860  d_xy
  171   3   2  -1       0.03890860  d_yz
  171   3   2   0       0.01873759  d_z2
  171   3   2   1       0.03890860  d_xz
  171   3   2   2       0.01873759  d_x2-y2
  172   1   0   0       1.35632599  s
  172   2   1  -1       0.82982434  p_y
  172   2   1   0       0.82982434  p_z
  172   2   1   1       0.82982434  p_x
  172   3   2  -2       0.03890860  d_xy
  172   3   2  -1       0.03890860  d_yz
  172   3   2   0       0.01873759  d_z2
  172   3   2   1       0.03890860  d_xz
  172   3   2   2       0.01873759  d_x2-y2
  173   1   0   0       1.35632599  s
  173   2   1  -1       0.82982434  p_y
  173   2   1   0       0.82982434  p_z
  173   2   1   1       0.82982434  p_x
  173   3   2  -2       0.03890860  d_xy
  173   3   2  -1       0.03890860  d_yz
  173   3   2   0       0.01873759  d_z2
  173   3   2   1       0.03890860  d_xz
  173   3   2   2       0.01873759  d_x2-y2
  174   1   0   0       1.35632599  s
  174   2   1  -1       0.82982434  p_y
  174   2   1   0       0.82982434  p_z
  174   2   1   1       0.82982434  p_x
  174   3   2  -2       0.03890860  d_xy
  174   3   2  -1       0.03890860  d_yz
  174   3   2   0       0.01873759  d_z2
  174   3   2   1       0.03890860  d_xz
  174   3   2   2       0.01873759  d_x2-y2
  175   1   0   0       1.35632599  s
  175   2   1  -1       0.82982434  p_y
  175   2   1   0       0.82982434  p_z
  175   2   1   1       0.82982434  p_x
  175   3   2  -2       0.03890860  d_xy
  175   3   2  -1       0.03890860  d_yz
  175   3   2   0       0.01873759  d_z2
  175   3   2   1       0.03890860  d_xz
  175   3   2   2       0.01873759  d_x2-y2
  176   1   0   0       1.35632599  s
  176   2   1  -1       0.82982434  p_y
  176   2   1   0       0.82982434  p_z
  176   2   1   1       0.82982434  p_x
  176   3   2  -2       0.03890860  d_xy
  176   3   2  -1       0.03890860  d_yz
  176   3   2   0       0.01873759  d_z2
  176   3   2   1       0.03890860  d_xz
  176   3   2   2       0.01873759  d_x2-y2
  177   1   0   0       1.35632599  s
  177   2   1  -1       0.82982434  p_y
  177   2   1   0       0.82982434  p_z
  177   2   1   1       0.82982434  p_x
  177   3   2  -2       0.03890860  d_xy
  177   3   2  -1       0.03890860  d_yz
  177   3   2   0       0.01873759  d_z2
  177   3   2   1       0.03890860  d_xz
  177   3   2   2       0.01873759  d_x2-y2
  178   1   0   0       1.35632599  s
  178   2   1  -1       0.82982434  p_y
  178   2   1   0       0.82982434  p_z
  178   2   1   1       0.82982434  p_x
  178   3   2  -2       0.03890860  d_xy
  178   3   2  -1       0.03890860  d_yz
  178   3   2   0       0.01873759  d_z2
  178   3   2   1       0.03890860  d_xz
  178   3   2   2       0.01873759  d_x2-y2
  179   1   0   0       1.35632599  s
  179   2   1  -1       0.82982434  p_y
  179   2   1   0       0.82982434  p_z
  179   2   1   1       0.82982434  p_x
  179   3   2  -2       0.03890860  d_xy
  179   3   2  -1       0.03890860  d_yz
  179   3   2   0       0.01873759  d_z2
  179   3   2   1       0.03890860  d_xz
  179   3   2   2       0.01873759  d_x2-y2
  180   1   0   0       1.35632599  s
  180   2   1  -1       0.82982434  p_y
  180   2   1   0       0.82982434  p_z
  180   2   1   1       0.82982434  p_x
  180   3   2  -2       0.03890860  d_xy
  180   3   2  -1       0.03890860  d_yz
  180   3   2   0       0.01873759  d_z2
  180   3   2   1       0.03890860  d_xz
  180   3   2   2       0.01873759  d_x2-y2
  181   1   0   0       1.35632599  s
  181   2   1  -1       0.82982434  p_y
  181   2   1   0       0.82982434  p_z
  181   2   1   1       0.82982434  p_x
  181   3   2  -2       0.03890860  d_xy
  181   3   2  -1       0.03890860  d_yz
  181   3   2   0       0.01873759  d_z2
  181   3   2   1       0.03890860  d_xz
  181   3   2   2       0.01873759  d_x2-y2
  182   1   0   0       1.35632599  s
  182   2   1  -1       0.82982434  p_y
  182   2   1   0       0.82982434  p_z
  182   2   1   1       0.82982434  p_x
  182   3   2  -2       0.03890860  d_xy
  182   3   2  -1       0.03890860  d_yz
  182   3   2   0       0.01873759  d_z2
  182   3   2   1       0.03890860  d_xz
  182   3   2   2       0.01873759  d_x2-y2
  183   1   0   0       1.35632599  s
  183   2   1  -1       0.82982434  p_y
  183   2   1   0       0.82982434  p_z
  183   2   1   1       0.82982434  p_x
  183   3   2  -2       0.03890860  d_xy
  183   3   2  -1       0.03890860  d_yz
  183   3   2   0       0.01873759  d_z2
  183   3   2   1       0.03890860  d_xz
  183   3   2   2       0.01873759  d_x2-y2
  184   1   0   0       1.35632599  s
  184   2   1  -1       0.82982434  p_y
  184   2   1   0       0.82982434  p_z
  184   2   1   1       0.82982434  p_x
  184   3   2  -2       0.03890860  d_xy
  184   3   2  -1       0.03890860  d_yz
  184   3   2   0       0.01873759  d_z2
  184   3   2   1       0.03890860  d_xz
  184   3   2   2       0.01873759  d_x2-y2
  185   1   0   0       1.35632599  s
  185   2   1  -1       0.82982434  p_y
  185   2   1   0       0.82982434  p_z
  185   2   1   1       0.82982434  p_x
  185   3   2  -2       0.03890860  d_xy
  185   3   2  -1       0.03890860  d_yz
  185   3   2   0       0.01873759  d_z2
  185   3   2   1       0.03890860  d_xz
  185   3   2   2       0.01873759  d_x2-y2
  186   1   0   0       1.35632599  s
  186   2   1  -1       0.82982434  p_y
  186   2   1   0       0.82982434  p_z
  186   2   1   1       0.82982434  p_x
  186   3   2  -2       0.03890860  d_xy
  186   3   2  -1       0.03890860  d_yz
  186   3   2   0       0.01873759  d_z2
  186   3   2   1       0.03890860  d_xz
  186   3   2   2       0.01873759  d_x2-y2
  187   1   0   0       1.35632599  s
  187   2   1  -1       0.82982434  p_y
  187   2   1   0       0.82982434  p_z
  187   2   1   1       0.82982434  p_x
  187   3   2  -2       0.03890860  d_xy
  187   3   2  -1       0.03890860  d_yz
  187   3   2   0       0.01873759  d_z2
  187   3   2   1       0.03890860  d_xz
  187   3   2   2       0.01873759  d_x2-y2
  188   1   0   0       1.35632599  s
  188   2   1  -1       0.82982434  p_y
  188   2   1   0       0.82982434  p_z
  188   2   1   1       0.82982434  p_x
  188   3   2  -2       0.03890860  d_xy
  188   3   2  -1       0.03890860  d_yz
  188   3   2   0       0.01873759  d_z2
  188   3   2   1       0.03890860  d_xz
  188   3   2   2       0.01873759  d_x2-y2
  189   1   0   0       1.35632599  s
  189   2   1  -1       0.82982434  p_y
  189   2   1   0       0.82982434  p_z
  189   2   1   1       0.82982434  p_x
  189   3   2  -2       0.03890860  d_xy
  189   3   2  -1       0.03890860  d_yz
  189   3   2   0       0.01873759  d_z2
  189   3   2   1       0.03890860  d_xz
  189   3   2   2       0.01873759  d_x2-y2
  190   1   0   0       1.35632599  s
  190   2   1  -1       0.82982434  p_y
  190   2   1   0       0.82982434  p_z
  190   2   1   1       0.82982434  p_x
  190   3   2  -2       0.03890860  d_xy
  190   3   2  -1       0.03890860  d_yz
  190   3   2   0       0.01873759  d_z2
  190   3   2   1       0.03890860  d_xz
  190   3   2   2       0.01873759  d_x2-y2
  191   1   0   0       1.35632599  s
  191   2   1  -1       0.82982434  p_y
  191   2   1   0       0.82982434  p_z
  191   2   1   1       0.82982434  p_x
  191   3   2  -2       0.03890860  d_xy
  191   3   2  -1       0.03890860  d_yz
  191   3   2   0       0.01873759  d_z2
  191   3   2   1       0.03890860  d_xz
  191   3   2   2       0.01873759  d_x2-y2
  192   1   0   0       1.35632599  s
  192   2   1  -1       0.82982434  p_y
  192   2   1   0       0.82982434  p_z
  192   2   1   1       0.82982434  p_x
  192   3   2  -2       0.03890860  d_xy
  192   3   2  -1       0.03890860  d_yz
  192   3   2   0       0.01873759  d_z2
  192   3   2   1       0.03890860  d_xz
  192   3   2   2       0.01873759  d_x2-y2
  193   1   0   0       1.35632599  s
  193   2   1  -1       0.82982434  p_y
  193   2   1   0       0.82982434  p_z
  193   2   1   1       0.82982434  p_x
  193   3   2  -2       0.03890860  d_xy
  193   3   2  -1       0.03890860  d_yz
  193   3   2   0       0.01873759  d_z2
  193   3   2   1       0.03890860  d_xz
  193   3   2   2       0.01873759  d_x2-y2
  194   1   0   0       1.35632599  s
  194   2   1  -1       0.82982434  p_y
  194   2   1   0       0.82982434  p_z
  194   2   1   1       0.82982434  p_x
  194   3   2  -2       0.03890860  d_xy
  194   3   2  -1       0.03890860  d_yz
  194   3   2   0       0.01873759  d_z2
  194   3   2   1       0.03890860  d_xz
  194   3   2   2       0.01873759  d_x2-y2
  195   1   0   0       1.35632599  s
  195   2   1  -1       0.82982434  p_y
  195   2   1   0       0.82982434  p_z
  195   2   1   1       0.82982434  p_x
  195   3   2  -2       0.03890860  d_xy
  195   3   2  -1       0.03890860  d_yz
  195   3   2   0       0.01873759  d_z2
  195   3   2   1       0.03890860  d_xz
  195   3   2   2       0.01873759  d_x2-y2
  196   1   0   0       1.35632599  s
  196   2   1  -1       0.82982434  p_y
  196   2   1   0       0.82982434  p_z
  196   2   1   1       0.82982434  p_x
  196   3   2  -2       0.03890860  d_xy
  196   3   2  -1       0.03890860  d_yz
  196   3   2   0       0.01873759  d_z2
  196   3   2   1       0.03890860  d_xz
  196   3   2   2       0.01873759  d_x2-y2
  197   1   0   0       1.35632599  s
  197   2   1  -1       0.82982434  p_y
  197   2   1   0       0.82982434  p_z
  197   2   1   1       0.82982434  p_x
  197   3   2  -2       0.03890860  d_xy
  197   3   2  -1       0.03890860  d_yz
  197   3   2   0       0.01873759  d_z2
  197   3   2   1       0.03890860  d_xz
  197   3   2   2       0.01873759  d_x2-y2
  198   1   0   0       1.35632599  s
  198   2   1  -1       0.82982434  p_y
  198   2   1   0       0.82982434  p_z
  198   2   1   1       0.82982434  p_x
  198   3   2  -2       0.03890860  d_xy
  198   3   2  -1       0.03890860  d_yz
  198   3   2   0       0.01873759  d_z2
  198   3   2   1       0.03890860  d_xz
  198   3   2   2       0.01873759  d_x2-y2
  199   1   0   0       1.35632599  s
  199   2   1  -1       0.82982434  p_y
  199   2   1   0       0.82982434  p_z
  199   2   1   1       0.82982434  p_x
  199   3   2  -2       0.03890860  d_xy
  199   3   2  -1       0.03890860  d_yz
  199   3   2   0       0.01873759  d_z2
  199   3   2   1       0.03890860  d_xz
  199   3   2   2       0.01873759  d_x2-y2
  200   1   0   0       1.35632599  s
  200   2   1  -1       0.82982434  p_y
  200   2   1   0       0.82982434  p_z
  200   2   1   1       0.82982434  p_x
  200   3   2  -2       0.03890860  d_xy
  200   3   2  -1       0.03890860  d_yz
  200   3   2   0       0.01873759  d_z2
  200   3   2   1       0.03890860  d_xz
  200   3   2   2       0.01873759  d_x2-y2
  201   1   0   0       1.35632599  s
  201   2   1  -1       0.82982434  p_y
  201   2   1   0       0.82982434  p_z
  201   2   1   1       0.82982434  p_x
  201   3   2  -2       0.03890860  d_xy
  201   3   2  -1       0.03890860  d_yz
  201   3   2   0       0.01873759  d_z2
  201   3   2   1       0.03890860  d_xz
  201   3   2   2       0.01873759  d_x2-y2
  202   1   0   0       1.35632599  s
  202   2   1  -1       0.82982434  p_y
  202   2   1   0       0.82982434  p_z
  202   2   1   1       0.82982434  p_x
  202   3   2  -2       0.03890860  d_xy
  202   3   2  -1       0.03890860  d_yz
  202   3   2   0       0.01873759  d_z2
  202   3   2   1       0.03890860  d_xz
  202   3   2   2       0.01873759  d_x2-y2
  203   1   0   0       1.35632599  s
  203   2   1  -1       0.82982434  p_y
  203   2   1   0       0.82982434  p_z
  203   2   1   1       0.82982434  p_x
  203   3   2  -2       0.03890860  d_xy
  203   3   2  -1       0.03890860  d_yz
  203   3   2   0       0.01873759  d_z2
  203   3   2   1       0.03890860  d_xz
  203   3   2   2       0.01873759  d_x2-y2
  204   1   0   0       1.35632599  s
  204   2   1  -1       0.82982434  p_y
  204   2   1   0       0.82982434  p_z
  204   2   1   1       0.82982434  p_x
  204   3   2  -2       0.03890860  d_xy
  204   3   2  -1       0.03890860  d_yz
  204   3   2   0       0.01873759  d_z2
  204   3   2   1       0.03890860  d_xz
  204   3   2   2       0.01873759  d_x2-y2
  205   1   0   0       1.35632599  s
  205   2   1  -1       0.82982434  p_y
  205   2   1   0       0.82982434  p_z
  205   2   1   1       0.82982434  p_x
  205   3   2  -2       0.03890860  d_xy
  205   3   2  -1       0.03890860  d_yz
  205   3   2   0       0.01873759  d_z2
  205   3   2   1       0.03890860  d_xz
  205   3   2   2       0.01873759  d_x2-y2
  206   1   0   0       1.35632599  s
  206   2   1  -1       0.82982434  p_y
  206   2   1   0       0.82982434  p_z
  206   2   1   1       0.82982434  p_x
  206   3   2  -2       0.03890860  d_xy
  206   3   2  -1       0.03890860  d_yz
  206   3   2   0       0.01873759  d_z2
  206   3   2   1       0.03890860  d_xz
  206   3   2   2       0.01873759  d_x2-y2
  207   1   0   0       1.35632599  s
  207   2   1  -1       0.82982434  p_y
  207   2   1   0       0.82982434  p_z
  207   2   1   1       0.82982434  p_x
  207   3   2  -2       0.03890860  d_xy
  207   3   2  -1       0.03890860  d_yz
  207   3   2   0       0.01873759  d_z2
  207   3   2   1       0.03890860  d_xz
  207   3   2   2       0.01873759  d_x2-y2
  208   1   0   0       1.35632599  s
  208   2   1  -1       0.82982434  p_y
  208   2   1   0       0.82982434  p_z
  208   2   1   1       0.82982434  p_x
  208   3   2  -2       0.03890860  d_xy
  208   3   2  -1       0.03890860  d_yz
  208   3   2   0       0.01873759  d_z2
  208   3   2   1       0.03890860  d_xz
  208   3   2   2       0.01873759  d_x2-y2
  209   1   0   0       1.35632599  s
  209   2   1  -1       0.82982434  p_y
  209   2   1   0       0.82982434  p_z
  209   2   1   1       0.82982434  p_x
  209   3   2  -2       0.03890860  d_xy
  209   3   2  -1       0.03890860  d_yz
  209   3   2   0       0.01873759  d_z2
  209   3   2   1       0.03890860  d_xz
  209   3   2   2       0.01873759  d_x2-y2
  210   1   0   0       1.35632599  s
  210   2   1  -1       0.82982434  p_y
  210   2   1   0       0.82982434  p_z
  210   2   1   1       0.82982434  p_x
  210   3   2  -2       0.03890860  d_xy
  210   3   2  -1       0.03890860  d_yz
  210   3   2   0       0.01873759  d_z2
  210   3   2   1       0.03890860  d_xz
  210   3   2   2       0.01873759  d_x2-y2
  211   1   0   0       1.35632599  s
  211   2   1  -1       0.82982434  p_y
  211   2   1   0       0.82982434  p_z
  211   2   1   1       0.82982434  p_x
  211   3   2  -2       0.03890860  d_xy
  211   3   2  -1       0.03890860  d_yz
  211   3   2   0       0.01873759  d_z2
  211   3   2   1       0.03890860  d_xz
  211   3   2   2       0.01873759  d_x2-y2
  212   1   0   0       1.35632599  s
  212   2   1  -1       0.82982434  p_y
  212   2   1   0       0.82982434  p_z
  212   2   1   1       0.82982434  p_x
  212   3   2  -2       0.03890860  d_xy
  212   3   2  -1       0.03890860  d_yz
  212   3   2   0       0.01873759  d_z2
  212   3   2   1       0.03890860  d_xz
  212   3   2   2       0.01873759  d_x2-y2
  213   1   0   0       1.35632599  s
  213   2   1  -1       0.82982434  p_y
  213   2   1   0       0.82982434  p_z
  213   2   1   1       0.82982434  p_x
  213   3   2  -2       0.03890860  d_xy
  213   3   2  -1       0.03890860  d_yz
  213   3   2   0       0.01873759  d_z2
  213   3   2   1       0.03890860  d_xz
  213   3   2   2       0.01873759  d_x2-y2
  214   1   0   0       1.35632599  s
  214   2   1  -1       0.82982434  p_y
  214   2   1   0       0.82982434  p_z
  214   2   1   1       0.82982434  p_x
  214   3   2  -2       0.03890860  d_xy
  214   3   2  -1       0.03890860  d_yz
  214   3   2   0       0.01873759  d_z2
  214   3   2   1       0.03890860  d_xz
  214   3   2   2       0.01873759  d_x2-y2
  215   1   0   0       1.35632599  s
  215   2   1  -1       0.82982434  p_y
  215   2   1   0       0.82982434  p_z
  215   2   1   1       0.82982434  p_x
  215   3   2  -2       0.03890860  d_xy
  215   3   2  -1       0.03890860  d_yz
  215   3   2   0       0.01873759  d_z2
  215   3   2   1       0.03890860  d_xz
  215   3   2   2       0.01873759  d_x2-y2
  216   1   0   0       1.35632599  s
  216   2   1  -1       0.82982434  p_y
  216   2   1   0       0.82982434  p_z
  216   2   1   1       0.82982434  p_x
  216   3   2  -2       0.03890860  d_xy
  216   3   2  -1       0.03890860  d_yz
  216   3   2   0       0.01873759  d_z2
  216   3   2   1       0.03890860  d_xz
  216   3   2   2       0.01873759  d_x2-y2
  217   1   0   0       1.35632599  s
  217   2   1  -1       0.82982434  p_y
  217   2   1   0       0.82982434  p_z
  217   2   1   1       0.82982434  p_x
  217   3   2  -2       0.03890860  d_xy
  217   3   2  -1       0.03890860  d_yz
  217   3   2   0       0.01873759  d_z2
  217   3   2   1       0.03890860  d_xz
  217   3   2   2       0.01873759  d_x2-y2
  218   1   0   0       1.35632599  s
  218   2   1  -1       0.82982434  p_y
  218   2   1   0       0.82982434  p_z
  218   2   1   1       0.82982434  p_x
  218   3   2  -2       0.03890860  d_xy
  218   3   2  -1       0.03890860  d_yz
  218   3   2   0       0.01873759  d_z2
  218   3   2   1       0.03890860  d_xz
  218   3   2   2       0.01873759  d_x2-y2
  219   1   0   0       1.35632599  s
  219   2   1  -1       0.82982434  p_y
  219   2   1   0       0.82982434  p_z
  219   2   1   1       0.82982434  p_x
  219   3   2  -2       0.03890860  d_xy
  219   3   2  -1       0.03890860  d_yz
  219   3   2   0       0.01873759  d_z2
  219   3   2   1       0.03890860  d_xz
  219   3   2   2       0.01873759  d_x2-y2
  220   1   0   0       1.35632599  s
  220   2   1  -1       0.82982434  p_y
  220   2   1   0       0.82982434  p_z
  220   2   1   1       0.82982434  p_x
  220   3   2  -2       0.03890860  d_xy
  220   3   2  -1       0.03890860  d_yz
  220   3   2   0       0.01873759  d_z2
  220   3   2   1       0.03890860  d_xz
  220   3   2   2       0.01873759  d_x2-y2
  221   1   0   0       1.35632599  s
  221   2   1  -1       0.82982434  p_y
  221   2   1   0       0.82982434  p_z
  221   2   1   1       0.82982434  p_x
  221   3   2  -2       0.03890860  d_xy
  221   3   2  -1       0.03890860  d_yz
  221   3   2   0       0.01873759  d_z2
  221   3   2   1       0.03890860  d_xz
  221   3   2   2       0.01873759  d_x2-y2
  222   1   0   0       1.35632599  s
  222   2   1  -1       0.82982434  p_y
  222   2   1   0       0.82982434  p_z
  222   2   1   1       0.82982434  p_x
  222   3   2  -2       0.03890860  d_xy
  222   3   2  -1       0.03890860  d_yz
  222   3   2   0       0.01873759  d_z2
  222   3   2   1       0.03890860  d_xz
  222   3   2   2       0.01873759  d_x2-y2
  223   1   0   0       1.35632599  s
  223   2   1  -1       0.82982434  p_y
  223   2   1   0       0.82982434  p_z
  223   2   1   1       0.82982434  p_x
  223   3   2  -2       0.03890860  d_xy
  223   3   2  -1       0.03890860  d_yz
  223   3   2   0       0.01873759  d_z2
  223   3   2   1       0.03890860  d_xz
  223   3   2   2       0.01873759  d_x2-y2
  224   1   0   0       1.35632599  s
  224   2   1  -1       0.82982434  p_y
  224   2   1   0       0.82982434  p_z
  224   2   1   1       0.82982434  p_x
  224   3   2  -2       0.03890860  d_xy
  224   3   2  -1       0.03890860  d_yz
  224   3   2   0       0.01873759  d_z2
  224   3   2   1       0.03890860  d_xz
  224   3   2   2       0.01873759  d_x2-y2
  225   1   0   0       1.35632599  s
  225   2   1  -1       0.82982434  p_y
  225   2   1   0       0.82982434  p_z
  225   2   1   1       0.82982434  p_x
  225   3   2  -2       0.03890860  d_xy
  225   3   2  -1       0.03890860  d_yz
  225   3   2   0       0.01873759  d_z2
  225   3   2   1       0.03890860  d_xz
  225   3   2   2       0.01873759  d_x2-y2
  226   1   0   0       1.35632599  s
  226   2   1  -1       0.82982434  p_y
  226   2   1   0       0.82982434  p_z
  226   2   1   1       0.82982434  p_x
  226   3   2  -2       0.03890860  d_xy
  226   3   2  -1       0.03890860  d_yz
  226   3   2   0       0.01873759  d_z2
  226   3   2   1       0.03890860  d_xz
  226   3   2   2       0.01873759  d_x2-y2
  227   1   0   0       1.35632599  s
  227   2   1  -1       0.82982434  p_y
  227   2   1   0       0.82982434  p_z
  227   2   1   1       0.82982434  p_x
  227   3   2  -2       0.03890860  d_xy
  227   3   2  -1       0.03890860  d_yz
  227   3   2   0       0.01873759  d_z2
  227   3   2   1       0.03890860  d_xz
  227   3   2   2       0.01873759  d_x2-y2
  228   1   0   0       1.35632599  s
  228   2   1  -1       0.82982434  p_y
  228   2   1   0       0.82982434  p_z
  228   2   1   1       0.82982434  p_x
  228   3   2  -2       0.03890860  d_xy
  228   3   2  -1       0.03890860  d_yz
  228   3   2   0       0.01873759  d_z2
  228   3   2   1       0.03890860  d_xz
  228   3   2   2       0.01873759  d_x2-y2
  229   1   0   0       1.35632599  s
  229   2   1  -1       0.82982434  p_y
  229   2   1   0       0.82982434  p_z
  229   2   1   1       0.82982434  p_x
  229   3   2  -2       0.03890860  d_xy
  229   3   2  -1       0.03890860  d_yz
  229   3   2   0       0.01873759  d_z2
  229   3   2   1       0.03890860  d_xz
  229   3   2   2       0.01873759  d_x2-y2
  230   1   0   0       1.35632599  s
  230   2   1  -1       0.82982434  p_y
  230   2   1   0       0.82982434  p_z
  230   2   1   1       0.82982434  p_x
  230   3   2  -2       0.03890860  d_xy
  230   3   2  -1       0.03890860  d_yz
  230   3   2   0       0.01873759  d_z2
  230   3   2   1       0.03890860  d_xz
  230   3   2   2       0.01873759  d_x2-y2
  231   1   0   0       1.35632599  s
  231   2   1  -1       0.82982434  p_y
  231   2   1   0       0.82982434  p_z
  231   2   1   1       0.82982434  p_x
  231   3   2  -2       0.03890860  d_xy
  231   3   2  -1       0.03890860  d_yz
  231   3   2   0       0.01873759  d_z2
  231   3   2   1       0.03890860  d_xz
  231   3   2   2       0.01873759  d_x2-y2
  232   1   0   0       1.35632599  s
  232   2   1  -1       0.82982434  p_y
  232   2   1   0       0.82982434  p_z
  232   2   1   1       0.82982434  p_x
  232   3   2  -2       0.03890860  d_xy
  232   3   2  -1       0.03890860  d_yz
  232   3   2   0       0.01873759  d_z2
  232   3   2   1       0.03890860  d_xz
  232   3   2   2       0.01873759  d_x2-y2
  233   1   0   0       1.35632599  s
  233   2   1  -1       0.82982434  p_y
  233   2   1   0       0.82982434  p_z
  233   2   1   1       0.82982434  p_x
  233   3   2  -2       0.03890860  d_xy
  233   3   2  -1       0.03890860  d_yz
  233   3   2   0       0.01873759  d_z2
  233   3   2   1       0.03890860  d_xz
  233   3   2   2       0.01873759  d_x2-y2
  234   1   0   0       1.35632599  s
  234   2   1  -1       0.82982434  p_y
  234   2   1   0       0.82982434  p_z
  234   2   1   1       0.82982434  p_x
  234   3   2  -2       0.03890860  d_xy
  234   3   2  -1       0.03890860  d_yz
  234   3   2   0       0.01873759  d_z2
  234   3   2   1       0.03890860  d_xz
  234   3   2   2       0.01873759  d_x2-y2
  235   1   0   0       1.35632599  s
  235   2   1  -1       0.82982434  p_y
  235   2   1   0       0.82982434  p_z
  235   2   1   1       0.82982434  p_x
  235   3   2  -2       0.03890860  d_xy
  235   3   2  -1       0.03890860  d_yz
  235   3   2   0       0.01873759  d_z2
  235   3   2   1       0.03890860  d_xz
  235   3   2   2       0.01873759  d_x2-y2
  236   1   0   0       1.35632599  s
  236   2   1  -1       0.82982434  p_y
  236   2   1   0       0.82982434  p_z
  236   2   1   1       0.82982434  p_x
  236   3   2  -2       0.03890860  d_xy
  236   3   2  -1       0.03890860  d_yz
  236   3   2   0       0.01873759  d_z2
  236   3   2   1       0.03890860  d_xz
  236   3   2   2       0.01873759  d_x2-y2
  237   1   0   0       1.35632599  s
  237   2   1  -1       0.82982434  p_y
  237   2   1   0       0.82982434  p_z
  237   2   1   1       0.82982434  p_x
  237   3   2  -2       0.03890860  d_xy
  237   3   2  -1       0.03890860  d_yz
  237   3   2   0       0.01873759  d_z2
  237   3   2   1       0.03890860  d_xz
  237   3   2   2       0.01873759  d_x2-y2
  238   1   0   0       1.35632599  s
  238   2   1  -1       0.82982434  p_y
  238   2   1   0       0.82982434  p_z
  238   2   1   1       0.82982434  p_x
  238   3   2  -2       0.03890860  d_xy
  238   3   2  -1       0.03890860  d_yz
  238   3   2   0       0.01873759  d_z2
  238   3   2   1       0.03890860  d_xz
  238   3   2   2       0.01873759  d_x2-y2
  239   1   0   0       1.35632599  s
  239   2   1  -1       0.82982434  p_y
  239   2   1   0       0.82982434  p_z
  239   2   1   1       0.82982434  p_x
  239   3   2  -2       0.03890860  d_xy
  239   3   2  -1       0.03890860  d_yz
  239   3   2   0       0.01873759  d_z2
  239   3   2   1       0.03890860  d_xz
  239   3   2   2       0.01873759  d_x2-y2
  240   1   0   0       1.35632599  s
  240   2   1  -1       0.82982434  p_y
  240   2   1   0       0.82982434  p_z
  240   2   1   1       0.82982434  p_x
  240   3   2  -2       0.03890860  d_xy
  240   3   2  -1       0.03890860  d_yz
  240   3   2   0       0.01873759  d_z2
  240   3   2   1       0.03890860  d_xz
  240   3   2   2       0.01873759  d_x2-y2
  241   1   0   0       1.35632599  s
  241   2   1  -1       0.82982434  p_y
  241   2   1   0       0.82982434  p_z
  241   2   1   1       0.82982434  p_x
  241   3   2  -2       0.03890860  d_xy
  241   3   2  -1       0.03890860  d_yz
  241   3   2   0       0.01873759  d_z2
  241   3   2   1       0.03890860  d_xz
  241   3   2   2       0.01873759  d_x2-y2
  242   1   0   0       1.35632599  s
  242   2   1  -1       0.82982434  p_y
  242   2   1   0       0.82982434  p_z
  242   2   1   1       0.82982434  p_x
  242   3   2  -2       0.03890860  d_xy
  242   3   2  -1       0.03890860  d_yz
  242   3   2   0       0.01873759  d_z2
  242   3   2   1       0.03890860  d_xz
  242   3   2   2       0.01873759  d_x2-y2
  243   1   0   0       1.35632599  s
  243   2   1  -1       0.82982434  p_y
  243   2   1   0       0.82982434  p_z
  243   2   1   1       0.82982434  p_x
  243   3   2  -2       0.03890860  d_xy
  243   3   2  -1       0.03890860  d_yz
  243   3   2   0       0.01873759  d_z2
  243   3   2   1       0.03890860  d_xz
  243   3   2   2       0.01873759  d_x2-y2
  244   1   0   0       1.35632599  s
  244   2   1  -1       0.82982434  p_y
  244   2   1   0       0.82982434  p_z
  244   2   1   1       0.82982434  p_x
  244   3   2  -2       0.03890860  d_xy
  244   3   2  -1       0.03890860  d_yz
  244   3   2   0       0.01873759  d_z2
  244   3   2   1       0.03890860  d_xz
  244   3   2   2       0.01873759  d_x2-y2
  245   1   0   0       1.35632599  s
  245   2   1  -1       0.82982434  p_y
  245   2   1   0       0.82982434  p_z
  245   2   1   1       0.82982434  p_x
  245   3   2  -2       0.03890860  d_xy
  245   3   2  -1       0.03890860  d_yz
  245   3   2   0       0.01873759  d_z2
  245   3   2   1       0.03890860  d_xz
  245   3   2   2       0.01873759  d_x2-y2
  246   1   0   0       1.35632599  s
  246   2   1  -1       0.82982434  p_y
  246   2   1   0       0.82982434  p_z
  246   2   1   1       0.82982434  p_x
  246   3   2  -2       0.03890860  d_xy
  246   3   2  -1       0.03890860  d_yz
  246   3   2   0       0.01873759  d_z2
  246   3   2   1       0.03890860  d_xz
  246   3   2   2       0.01873759  d_x2-y2
  247   1   0   0       1.35632599  s
  247   2   1  -1       0.82982434  p_y
  247   2   1   0       0.82982434  p_z
  247   2   1   1       0.82982434  p_x
  247   3   2  -2       0.03890860  d_xy
  247   3   2  -1       0.03890860  d_yz
  247   3   2   0       0.01873759  d_z2
  247   3   2   1       0.03890860  d_xz
  247   3   2   2       0.01873759  d_x2-y2
  248   1   0   0       1.35632599  s
  248   2   1  -1       0.82982434  p_y
  248   2   1   0       0.82982434  p_z
  248   2   1   1       0.82982434  p_x
  248   3   2  -2       0.03890860  d_xy
  248   3   2  -1       0.03890860  d_yz
  248   3   2   0       0.01873759  d_z2
  248   3   2   1       0.03890860  d_xz
  248   3   2   2       0.01873759  d_x2-y2
  249   1   0   0       1.35632599  s
  249   2   1  -1       0.82982434  p_y
  249   2   1   0       0.82982434  p_z
  249   2   1   1       0.82982434  p_x
  249   3   2  -2       0.03890860  d_xy
  249   3   2  -1       0.03890860  d_yz
  249   3   2   0       0.01873759  d_z2
  249   3   2   1       0.03890860  d_xz
  249   3   2   2       0.01873759  d_x2-y2
  250   1   0   0       1.35632599  s
  250   2   1  -1       0.82982434  p_y
  250   2   1   0       0.82982434  p_z
  250   2   1   1       0.82982434  p_x
  250   3   2  -2       0.03890860  d_xy
  250   3   2  -1       0.03890860  d_yz
  250   3   2   0       0.01873759  d_z2
  250   3   2   1       0.03890860  d_xz
  250   3   2   2       0.01873759  d_x2-y2
  251   1   0   0       1.35632599  s
  251   2   1  -1       0.82982434  p_y
  251   2   1   0       0.82982434  p_z
  251   2   1   1       0.82982434  p_x
  251   3   2  -2       0.03890860  d_xy
  251   3   2  -1       0.03890860  d_yz
  251   3   2   0       0.01873759  d_z2
  251   3   2   1       0.03890860  d_xz
  251   3   2   2       0.01873759  d_x2-y2
  252   1   0   0       1.35632599  s
  252   2   1  -1       0.82982434  p_y
  252   2   1   0       0.82982434  p_z
  252   2   1   1       0.82982434  p_x
  252   3   2  -2       0.03890860  d_xy
  252   3   2  -1       0.03890860  d_yz
  252   3   2   0       0.01873759  d_z2
  252   3   2   1       0.03890860  d_xz
  252   3   2   2       0.01873759  d_x2-y2
  253   1   0   0       1.35632599  s
  253   2   1  -1       0.82982434  p_y
  253   2   1   0       0.82982434  p_z
  253   2   1   1       0.82982434  p_x
  253   3   2  -2       0.03890860  d_xy
  253   3   2  -1       0.03890860  d_yz
  253   3   2   0       0.01873759  d_z2
  253   3   2   1       0.03890860  d_xz
  253   3   2   2       0.01873759  d_x2-y2
  254   1   0   0       1.35632599  s
  254   2   1  -1       0.82982434  p_y
  254   2   1   0       0.82982434  p_z
  254   2   1   1       0.82982434  p_x
  254   3   2  -2       0.03890860  d_xy
  254   3   2  -1       0.03890860  d_yz
  254   3   2   0       0.01873759  d_z2
  254   3   2   1       0.03890860  d_xz
  254   3   2   2       0.01873759  d_x2-y2
  255   1   0   0       1.35632599  s
  255   2   1  -1       0.82982434  p_y
  255   2   1   0       0.82982434  p_z
  255   2   1   1       0.82982434  p_x
  255   3   2  -2       0.03890860  d_xy
  255   3   2  -1       0.03890860  d_yz
  255   3   2   0       0.01873759  d_z2
  255   3   2   1       0.03890860  d_xz
  255   3   2   2       0.01873759  d_x2-y2
  256   1   0   0       1.35632599  s
  256   2   1  -1       0.82982434  p_y
  256   2   1   0       0.82982434  p_z
  256   2   1   1       0.82982434  p_x
  256   3   2  -2       0.03890860  d_xy
  256   3   2  -1       0.03890860  d_yz
  256   3   2   0       0.01873759  d_z2
  256   3   2   1       0.03890860  d_xz
  256   3   2   2       0.01873759  d_x2-y2
  257   1   0   0       1.35632599  s
  257   2   1  -1       0.82982434  p_y
  257   2   1   0       0.82982434  p_z
  257   2   1   1       0.82982434  p_x
  257   3   2  -2       0.03890860  d_xy
  257   3   2  -1       0.03890860  d_yz
  257   3   2   0       0.01873759  d_z2
  257   3   2   1       0.03890860  d_xz
  257   3   2   2       0.01873759  d_x2-y2
  258   1   0   0       1.35632599  s
  258   2   1  -1       0.82982434  p_y
  258   2   1   0       0.82982434  p_z
  258   2   1   1       0.82982434  p_x
  258   3   2  -2       0.03890860  d_xy
  258   3   2  -1       0.03890860  d_yz
  258   3   2   0       0.01873759  d_z2
  258   3   2   1       0.03890860  d_xz
  258   3   2   2       0.01873759  d_x2-y2
  259   1   0   0       1.35632599  s
  259   2   1  -1       0.82982434  p_y
  259   2   1   0       0.82982434  p_z
  259   2   1   1       0.82982434  p_x
  259   3   2  -2       0.03890860  d_xy
  259   3   2  -1       0.03890860  d_yz
  259   3   2   0       0.01873759  d_z2
  259   3   2   1       0.03890860  d_xz
  259   3   2   2       0.01873759  d_x2-y2
  260   1   0   0       1.35632599  s
  260   2   1  -1       0.82982434  p_y
  260   2   1   0       0.82982434  p_z
  260   2   1   1       0.82982434  p_x
  260   3   2  -2       0.03890860  d_xy
  260   3   2  -1       0.03890860  d_yz
  260   3   2   0       0.01873759  d_z2
  260   3   2   1       0.03890860  d_xz
  260   3   2   2       0.01873759  d_x2-y2
  261   1   0   0       1.35632599  s
  261   2   1  -1       0.82982434  p_y
  261   2   1   0       0.82982434  p_z
  261   2   1   1       0.82982434  p_x
  261   3   2  -2       0.03890860  d_xy
  261   3   2  -1       0.03890860  d_yz
  261   3   2   0       0.01873759  d_z2
  261   3   2   1       0.03890860  d_xz
  261   3   2   2       0.01873759  d_x2-y2
  262   1   0   0       1.35632599  s
  262   2   1  -1       0.82982434  p_y
  262   2   1   0       0.82982434  p_z
  262   2   1   1       0.82982434  p_x
  262   3   2  -2       0.03890860  d_xy
  262   3   2  -1       0.03890860  d_yz
  262   3   2   0       0.01873759  d_z2
  262   3   2   1       0.03890860  d_xz
  262   3   2   2       0.01873759  d_x2-y2
  263   1   0   0       1.35632599  s
  263   2   1  -1       0.82982434  p_y
  263   2   1   0       0.82982434  p_z
  263   2   1   1       0.82982434  p_x
  263   3   2  -2       0.03890860  d_xy
  263   3   2  -1       0.03890860  d_yz
  263   3   2   0       0.01873759  d_z2
  263   3   2   1       0.03890860  d_xz
  263   3   2   2       0.01873759  d_x2-y2
  264   1   0   0       1.35632599  s
  264   2   1  -1       0.82982434  p_y
  264   2   1   0       0.82982434  p_z
  264   2   1   1       0.82982434  p_x
  264   3   2  -2       0.03890860  d_xy
  264   3   2  -1       0.03890860  d_yz
  264   3   2   0       0.01873759  d_z2
  264   3   2   1       0.03890860  d_xz
  264   3   2   2       0.01873759  d_x2-y2
  265   1   0   0       1.35632599  s
  265   2   1  -1       0.82982434  p_y
  265   2   1   0       0.82982434  p_z
  265   2   1   1       0.82982434  p_x
  265   3   2  -2       0.03890860  d_xy
  265   3   2  -1       0.03890860  d_yz
  265   3   2   0       0.01873759  d_z2
  265   3   2   1       0.03890860  d_xz
  265   3   2   2       0.01873759  d_x2-y2
  266   1   0   0       1.35632599  s
  266   2   1  -1       0.82982434  p_y
  266   2   1   0       0.82982434  p_z
  266   2   1   1       0.82982434  p_x
  266   3   2  -2       0.03890860  d_xy
  266   3   2  -1       0.03890860  d_yz
  266   3   2   0       0.01873759  d_z2
  266   3   2   1       0.03890860  d_xz
  266   3   2   2       0.01873759  d_x2-y2
  267   1   0   0       1.35632599  s
  267   2   1  -1       0.82982434  p_y
  267   2   1   0       0.82982434  p_z
  267   2   1   1       0.82982434  p_x
  267   3   2  -2       0.03890860  d_xy
  267   3   2  -1       0.03890860  d_yz
  267   3   2   0       0.01873759  d_z2
  267   3   2   1       0.03890860  d_xz
  267   3   2   2       0.01873759  d_x2-y2
  268   1   0   0       1.35632599  s
  268   2   1  -1       0.82982434  p_y
  268   2   1   0       0.82982434  p_z
  268   2   1   1       0.82982434  p_x
  268   3   2  -2       0.03890860  d_xy
  268   3   2  -1       0.03890860  d_yz
  268   3   2   0       0.01873759  d_z2
  268   3   2   1       0.03890860  d_xz
  268   3   2   2       0.01873759  d_x2-y2
  269   1   0   0       1.35632599  s
  269   2   1  -1       0.82982434  p_y
  269   2   1   0       0.82982434  p_z
  269   2   1   1       0.82982434  p_x
  269   3   2  -2       0.03890860  d_xy
  269   3   2  -1       0.03890860  d_yz
  269   3   2   0       0.01873759  d_z2
  269   3   2   1       0.03890860  d_xz
  269   3   2   2       0.01873759  d_x2-y2
  270   1   0   0       1.35632599  s
  270   2   1  -1       0.82982434  p_y
  270   2   1   0       0.82982434  p_z
  270   2   1   1       0.82982434  p_x
  270   3   2  -2       0.03890860  d_xy
  270   3   2  -1       0.03890860  d_yz
  270   3   2   0       0.01873759  d_z2
  270   3   2   1       0.03890860  d_xz
  270   3   2   2       0.01873759  d_x2-y2
  271   1   0   0       1.35632599  s
  271   2   1  -1       0.82982434  p_y
  271   2   1   0       0.82982434  p_z
  271   2   1   1       0.82982434  p_x
  271   3   2  -2       0.03890860  d_xy
  271   3   2  -1       0.03890860  d_yz
  271   3   2   0       0.01873759  d_z2
  271   3   2   1       0.03890860  d_xz
  271   3   2   2       0.01873759  d_x2-y2
  272   1   0   0       1.35632599  s
  272   2   1  -1       0.82982434  p_y
  272   2   1   0       0.82982434  p_z
  272   2   1   1       0.82982434  p_x
  272   3   2  -2       0.03890860  d_xy
  272   3   2  -1       0.03890860  d_yz
  272   3   2   0       0.01873759  d_z2
  272   3   2   1       0.03890860  d_xz
  272   3   2   2       0.01873759  d_x2-y2
  273   1   0   0       1.35632599  s
  273   2   1  -1       0.82982434  p_y
  273   2   1   0       0.82982434  p_z
  273   2   1   1       0.82982434  p_x
  273   3   2  -2       0.03890860  d_xy
  273   3   2  -1       0.03890860  d_yz
  273   3   2   0       0.01873759  d_z2
  273   3   2   1       0.03890860  d_xz
  273   3   2   2       0.01873759  d_x2-y2
  274   1   0   0       1.35632599  s
  274   2   1  -1       0.82982434  p_y
  274   2   1   0       0.82982434  p_z
  274   2   1   1       0.82982434  p_x
  274   3   2  -2       0.03890860  d_xy
  274   3   2  -1       0.03890860  d_yz
  274   3   2   0       0.01873759  d_z2
  274   3   2   1       0.03890860  d_xz
  274   3   2   2       0.01873759  d_x2-y2
  275   1   0   0       1.35632599  s
  275   2   1  -1       0.82982434  p_y
  275   2   1   0       0.82982434  p_z
  275   2   1   1       0.82982434  p_x
  275   3   2  -2       0.03890860  d_xy
  275   3   2  -1       0.03890860  d_yz
  275   3   2   0       0.01873759  d_z2
  275   3   2   1       0.03890860  d_xz
  275   3   2   2       0.01873759  d_x2-y2
  276   1   0   0       1.35632599  s
  276   2   1  -1       0.82982434  p_y
  276   2   1   0       0.82982434  p_z
  276   2   1   1       0.82982434  p_x
  276   3   2  -2       0.03890860  d_xy
  276   3   2  -1       0.03890860  d_yz
  276   3   2   0       0.01873759  d_z2
  276   3   2   1       0.03890860  d_xz
  276   3   2   2       0.01873759  d_x2-y2
  277   1   0   0       1.35632599  s
  277   2   1  -1       0.82982434  p_y
  277   2   1   0       0.82982434  p_z
  277   2   1   1       0.82982434  p_x
  277   3   2  -2       0.03890860  d_xy
  277   3   2  -1       0.03890860  d_yz
  277   3   2   0       0.01873759  d_z2
  277   3   2   1       0.03890860  d_xz
  277   3   2   2       0.01873759  d_x2-y2
  278   1   0   0       1.35632599  s
  278   2   1  -1       0.82982434  p_y
  278   2   1   0       0.82982434  p_z
  278   2   1   1       0.82982434  p_x
  278   3   2  -2       0.03890860  d_xy
  278   3   2  -1       0.03890860  d_yz
  278   3   2   0       0.01873759  d_z2
  278   3   2   1       0.03890860  d_xz
  278   3   2   2       0.01873759  d_x2-y2
  279   1   0   0       1.35632599  s
  279   2   1  -1       0.82982434  p_y
  279   2   1   0       0.82982434  p_z
  279   2   1   1       0.82982434  p_x
  279   3   2  -2       0.03890860  d_xy
  279   3   2  -1       0.03890860  d_yz
  279   3   2   0       0.01873759  d_z2
  279   3   2   1       0.03890860  d_xz
  279   3   2   2       0.01873759  d_x2-y2
  280   1   0   0       1.35632599  s
  280   2   1  -1       0.82982434  p_y
  280   2   1   0       0.82982434  p_z
  280   2   1   1       0.82982434  p_x
  280   3   2  -2       0.03890860  d_xy
  280   3   2  -1       0.03890860  d_yz
  280   3   2   0       0.01873759  d_z2
  280   3   2   1       0.03890860  d_xz
  280   3   2   2       0.01873759  d_x2-y2
  281   1   0   0       1.35632599  s
  281   2   1  -1       0.82982434  p_y
  281   2   1   0       0.82982434  p_z
  281   2   1   1       0.82982434  p_x
  281   3   2  -2       0.03890860  d_xy
  281   3   2  -1       0.03890860  d_yz
  281   3   2   0       0.01873759  d_z2
  281   3   2   1       0.03890860  d_xz
  281   3   2   2       0.01873759  d_x2-y2
  282   1   0   0       1.35632599  s
  282   2   1  -1       0.82982434  p_y
  282   2   1   0       0.82982434  p_z
  282   2   1   1       0.82982434  p_x
  282   3   2  -2       0.03890860  d_xy
  282   3   2  -1       0.03890860  d_yz
  282   3   2   0       0.01873759  d_z2
  282   3   2   1       0.03890860  d_xz
  282   3   2   2       0.01873759  d_x2-y2
  283   1   0   0       1.35632599  s
  283   2   1  -1       0.82982434  p_y
  283   2   1   0       0.82982434  p_z
  283   2   1   1       0.82982434  p_x
  283   3   2  -2       0.03890860  d_xy
  283   3   2  -1       0.03890860  d_yz
  283   3   2   0       0.01873759  d_z2
  283   3   2   1       0.03890860  d_xz
  283   3   2   2       0.01873759  d_x2-y2
  284   1   0   0       1.35632599  s
  284   2   1  -1       0.82982434  p_y
  284   2   1   0       0.82982434  p_z
  284   2   1   1       0.82982434  p_x
  284   3   2  -2       0.03890860  d_xy
  284   3   2  -1       0.03890860  d_yz
  284   3   2   0       0.01873759  d_z2
  284   3   2   1       0.03890860  d_xz
  284   3   2   2       0.01873759  d_x2-y2
  285   1   0   0       1.35632599  s
  285   2   1  -1       0.82982434  p_y
  285   2   1   0       0.82982434  p_z
  285   2   1   1       0.82982434  p_x
  285   3   2  -2       0.03890860  d_xy
  285   3   2  -1       0.03890860  d_yz
  285   3   2   0       0.01873759  d_z2
  285   3   2   1       0.03890860  d_xz
  285   3   2   2       0.01873759  d_x2-y2
  286   1   0   0       1.35632599  s
  286   2   1  -1       0.82982434  p_y
  286   2   1   0       0.82982434  p_z
  286   2   1   1       0.82982434  p_x
  286   3   2  -2       0.03890860  d_xy
  286   3   2  -1       0.03890860  d_yz
  286   3   2   0       0.01873759  d_z2
  286   3   2   1       0.03890860  d_xz
  286   3   2   2       0.01873759  d_x2-y2
  287   1   0   0       1.35632599  s
  287   2   1  -1       0.82982434  p_y
  287   2   1   0       0.82982434  p_z
  287   2   1   1       0.82982434  p_x
  287   3   2  -2       0.03890860  d_xy
  287   3   2  -1       0.03890860  d_yz
  287   3   2   0       0.01873759  d_z2
  287   3   2   1       0.03890860  d_xz
  287   3   2   2       0.01873759  d_x2-y2
  288   1   0   0       1.35632599  s
  288   2   1  -1       0.82982434  p_y
  288   2   1   0       0.82982434  p_z
  288   2   1   1       0.82982434  p_x
  288   3   2  -2       0.03890860  d_xy
  288   3   2  -1       0.03890860  d_yz
  288   3   2   0       0.01873759  d_z2
  288   3   2   1       0.03890860  d_xz
  288   3   2   2       0.01873759  d_x2-y2
  289   1   0   0       1.35632599  s
  289   2   1  -1       0.82982434  p_y
  289   2   1   0       0.82982434  p_z
  289   2   1   1       0.82982434  p_x
  289   3   2  -2       0.03890860  d_xy
  289   3   2  -1       0.03890860  d_yz
  289   3   2   0       0.01873759  d_z2
  289   3   2   1       0.03890860  d_xz
  289   3   2   2       0.01873759  d_x2-y2
  290   1   0   0       1.35632599  s
  290   2   1  -1       0.82982434  p_y
  290   2   1   0       0.82982434  p_z
  290   2   1   1       0.82982434  p_x
  290   3   2  -2       0.03890860  d_xy
  290   3   2  -1       0.03890860  d_yz
  290   3   2   0       0.01873759  d_z2
  290   3   2   1       0.03890860  d_xz
  290   3   2   2       0.01873759  d_x2-y2
  291   1   0   0       1.35632599  s
  291   2   1  -1       0.82982434  p_y
  291   2   1   0       0.82982434  p_z
  291   2   1   1       0.82982434  p_x
  291   3   2  -2       0.03890860  d_xy
  291   3   2  -1       0.03890860  d_yz
  291   3   2   0       0.01873759  d_z2
  291   3   2   1       0.03890860  d_xz
  291   3   2   2       0.01873759  d_x2-y2
  292   1   0   0       1.35632599  s
  292   2   1  -1       0.82982434  p_y
  292   2   1   0       0.82982434  p_z
  292   2   1   1       0.82982434  p_x
  292   3   2  -2       0.03890860  d_xy
  292   3   2  -1       0.03890860  d_yz
  292   3   2   0       0.01873759  d_z2
  292   3   2   1       0.03890860  d_xz
  292   3   2   2       0.01873759  d_x2-y2
  293   1   0   0       1.35632599  s
  293   2   1  -1       0.82982434  p_y
  293   2   1   0       0.82982434  p_z
  293   2   1   1       0.82982434  p_x
  293   3   2  -2       0.03890860  d_xy
  293   3   2  -1       0.03890860  d_yz
  293   3   2   0       0.01873759  d_z2
  293   3   2   1       0.03890860  d_xz
  293   3   2   2       0.01873759  d_x2-y2
  294   1   0   0       1.35632599  s
  294   2   1  -1       0.82982434  p_y
  294   2   1   0       0.82982434  p_z
  294   2   1   1       0.82982434  p_x
  294   3   2  -2       0.03890860  d_xy
  294   3   2  -1       0.03890860  d_yz
  294   3   2   0       0.01873759  d_z2
  294   3   2   1       0.03890860  d_xz
  294   3   2   2       0.01873759  d_x2-y2
  295   1   0   0       1.35632599  s
  295   2   1  -1       0.82982434  p_y
  295   2   1   0       0.82982434  p_z
  295   2   1   1       0.82982434  p_x
  295   3   2  -2       0.03890860  d_xy
  295   3   2  -1       0.03890860  d_yz
  295   3   2   0       0.01873759  d_z2
  295   3   2   1       0.03890860  d_xz
  295   3   2   2       0.01873759  d_x2-y2
  296   1   0   0       1.35632599  s
  296   2   1  -1       0.82982434  p_y
  296   2   1   0       0.82982434  p_z
  296   2   1   1       0.82982434  p_x
  296   3   2  -2       0.03890860  d_xy
  296   3   2  -1       0.03890860  d_yz
  296   3   2   0       0.01873759  d_z2
  296   3   2   1       0.03890860  d_xz
  296   3   2   2       0.01873759  d_x2-y2
  297   1   0   0       1.35632599  s
  297   2   1  -1       0.82982434  p_y
  297   2   1   0       0.82982434  p_z
  297   2   1   1       0.82982434  p_x
  297   3   2  -2       0.03890860  d_xy
  297   3   2  -1       0.03890860  d_yz
  297   3   2   0       0.01873759  d_z2
  297   3   2   1       0.03890860  d_xz
  297   3   2   2       0.01873759  d_x2-y2
  298   1   0   0       1.35632599  s
  298   2   1  -1       0.82982434  p_y
  298   2   1   0       0.82982434  p_z
  298   2   1   1       0.82982434  p_x
  298   3   2  -2       0.03890860  d_xy
  298   3   2  -1       0.03890860  d_yz
  298   3   2   0       0.01873759  d_z2
  298   3   2   1       0.03890860  d_xz
  298   3   2   2       0.01873759  d_x2-y2
  299   1   0   0       1.35632599  s
  299   2   1  -1       0.82982434  p_y
  299   2   1   0       0.82982434  p_z
  299   2   1   1       0.82982434  p_x
  299   3   2  -2       0.03890860  d_xy
  299   3   2  -1       0.03890860  d_yz
  299   3   2   0       0.01873759  d_z2
  299   3   2   1       0.03890860  d_xz
  299   3   2   2       0.01873759  d_x2-y2
  300   1   0   0       1.35632599  s
  300   2   1  -1       0.82982434  p_y
  300   2   1   0       0.82982434  p_z
  300   2   1   1       0.82982434  p_x
  300   3   2  -2       0.03890860  d_xy
  300   3   2  -1       0.03890860  d_yz
  300   3   2   0       0.01873759  d_z2
  300   3   2   1       0.03890860  d_xz
  300   3   2   2       0.01873759  d_x2-y2
  301   1   0   0       1.35632599  s
  301   2   1  -1       0.82982434  p_y
  301   2   1   0       0.82982434  p_z
  301   2   1   1       0.82982434  p_x
  301   3   2  -2       0.03890860  d_xy
  301   3   2  -1       0.03890860  d_yz
  301   3   2   0       0.01873759  d_z2
  301   3   2   1       0.03890860  d_xz
  301   3   2   2       0.01873759  d_x2-y2
  302   1   0   0       1.35632599  s
  302   2   1  -1       0.82982434  p_y
  302   2   1   0       0.82982434  p_z
  302   2   1   1       0.82982434  p_x
  302   3   2  -2       0.03890860  d_xy
  302   3   2  -1       0.03890860  d_yz
  302   3   2   0       0.01873759  d_z2
  302   3   2   1       0.03890860  d_xz
  302   3   2   2       0.01873759  d_x2-y2
  303   1   0   0       1.35632599  s
  303   2   1  -1       0.82982434  p_y
  303   2   1   0       0.82982434  p_z
  303   2   1   1       0.82982434  p_x
  303   3   2  -2       0.03890860  d_xy
  303   3   2  -1       0.03890860  d_yz
  303   3   2   0       0.01873759  d_z2
  303   3   2   1       0.03890860  d_xz
  303   3   2   2       0.01873759  d_x2-y2
  304   1   0   0       1.35632599  s
  304   2   1  -1       0.82982434  p_y
  304   2   1   0       0.82982434  p_z
  304   2   1   1       0.82982434  p_x
  304   3   2  -2       0.03890860  d_xy
  304   3   2  -1       0.03890860  d_yz
  304   3   2   0       0.01873759  d_z2
  304   3   2   1       0.03890860  d_xz
  304   3   2   2       0.01873759  d_x2-y2
  305   1   0   0       1.35632599  s
  305   2   1  -1       0.82982434  p_y
  305   2   1   0       0.82982434  p_z
  305   2   1   1       0.82982434  p_x
  305   3   2  -2       0.03890860  d_xy
  305   3   2  -1       0.03890860  d_yz
  305   3   2   0       0.01873759  d_z2
  305   3   2   1       0.03890860  d_xz
  305   3   2   2       0.01873759  d_x2-y2
  306   1   0   0       1.35632599  s
  306   2   1  -1       0.82982434  p_y
  306   2   1   0       0.82982434  p_z
  306   2   1   1       0.82982434  p_x
  306   3   2  -2       0.03890860  d_xy
  306   3   2  -1       0.03890860  d_yz
  306   3   2   0       0.01873759  d_z2
  306   3   2   1       0.03890860  d_xz
  306   3   2   2       0.01873759  d_x2-y2
  307   1   0   0       1.35632599  s
  307   2   1  -1       0.82982434  p_y
  307   2   1   0       0.82982434  p_z
  307   2   1   1       0.82982434  p_x
  307   3   2  -2       0.03890860  d_xy
  307   3   2  -1       0.03890860  d_yz
  307   3   2   0       0.01873759  d_z2
  307   3   2   1       0.03890860  d_xz
  307   3   2   2       0.01873759  d_x2-y2
  308   1   0   0       1.35632599  s
  308   2   1  -1       0.82982434  p_y
  308   2   1   0       0.82982434  p_z
  308   2   1   1       0.82982434  p_x
  308   3   2  -2       0.03890860  d_xy
  308   3   2  -1       0.03890860  d_yz
  308   3   2   0       0.01873759  d_z2
  308   3   2   1       0.03890860  d_xz
  308   3   2   2       0.01873759  d_x2-y2
  309   1   0   0       1.35632599  s
  309   2   1  -1       0.82982434  p_y
  309   2   1   0       0.82982434  p_z
  309   2   1   1       0.82982434  p_x
  309   3   2  -2       0.03890860  d_xy
  309   3   2  -1       0.03890860  d_yz
  309   3   2   0       0.01873759  d_z2
  309   3   2   1       0.03890860  d_xz
  309   3   2   2       0.01873759  d_x2-y2
  310   1   0   0       1.35632599  s
  310   2   1  -1       0.82982434  p_y
  310   2   1   0       0.82982434  p_z
  310   2   1   1       0.82982434  p_x
  310   3   2  -2       0.03890860  d_xy
  310   3   2  -1       0.03890860  d_yz
  310   3   2   0       0.01873759  d_z2
  310   3   2   1       0.03890860  d_xz
  310   3   2   2       0.01873759  d_x2-y2
  311   1   0   0       1.35632599  s
  311   2   1  -1       0.82982434  p_y
  311   2   1   0       0.82982434  p_z
  311   2   1   1       0.82982434  p_x
  311   3   2  -2       0.03890860  d_xy
  311   3   2  -1       0.03890860  d_yz
  311   3   2   0       0.01873759  d_z2
  311   3   2   1       0.03890860  d_xz
  311   3   2   2       0.01873759  d_x2-y2
  312   1   0   0       1.35632599  s
  312   2   1  -1       0.82982434  p_y
  312   2   1   0       0.82982434  p_z
  312   2   1   1       0.82982434  p_x
  312   3   2  -2       0.03890860  d_xy
  312   3   2  -1       0.03890860  d_yz
  312   3   2   0       0.01873759  d_z2
  312   3   2   1       0.03890860  d_xz
  312   3   2   2       0.01873759  d_x2-y2
  313   1   0   0       1.35632599  s
  313   2   1  -1       0.82982434  p_y
  313   2   1   0       0.82982434  p_z
  313   2   1   1       0.82982434  p_x
  313   3   2  -2       0.03890860  d_xy
  313   3   2  -1       0.03890860  d_yz
  313   3   2   0       0.01873759  d_z2
  313   3   2   1       0.03890860  d_xz
  313   3   2   2       0.01873759  d_x2-y2
  314   1   0   0       1.35632599  s
  314   2   1  -1       0.82982434  p_y
  314   2   1   0       0.82982434  p_z
  314   2   1   1       0.82982434  p_x
  314   3   2  -2       0.03890860  d_xy
  314   3   2  -1       0.03890860  d_yz
  314   3   2   0       0.01873759  d_z2
  314   3   2   1       0.03890860  d_xz
  314   3   2   2       0.01873759  d_x2-y2
  315   1   0   0       1.35632599  s
  315   2   1  -1       0.82982434  p_y
  315   2   1   0       0.82982434  p_z
  315   2   1   1       0.82982434  p_x
  315   3   2  -2       0.03890860  d_xy
  315   3   2  -1       0.03890860  d_yz
  315   3   2   0       0.01873759  d_z2
  315   3   2   1       0.03890860  d_xz
  315   3   2   2       0.01873759  d_x2-y2
  316   1   0   0       1.35632599  s
  316   2   1  -1       0.82982434  p_y
  316   2   1   0       0.82982434  p_z
  316   2   1   1       0.82982434  p_x
  316   3   2  -2       0.03890860  d_xy
  316   3   2  -1       0.03890860  d_yz
  316   3   2   0       0.01873759  d_z2
  316   3   2   1       0.03890860  d_xz
  316   3   2   2       0.01873759  d_x2-y2
  317   1   0   0       1.35632599  s
  317   2   1  -1       0.82982434  p_y
  317   2   1   0       0.82982434  p_z
  317   2   1   1       0.82982434  p_x
  317   3   2  -2       0.03890860  d_xy
  317   3   2  -1       0.03890860  d_yz
  317   3   2   0       0.01873759  d_z2
  317   3   2   1       0.03890860  d_xz
  317   3   2   2       0.01873759  d_x2-y2
  318   1   0   0       1.35632599  s
  318   2   1  -1       0.82982434  p_y
  318   2   1   0       0.82982434  p_z
  318   2   1   1       0.82982434  p_x
  318   3   2  -2       0.03890860  d_xy
  318   3   2  -1       0.03890860  d_yz
  318   3   2   0       0.01873759  d_z2
  318   3   2   1       0.03890860  d_xz
  318   3   2   2       0.01873759  d_x2-y2
  319   1   0   0       1.35632599  s
  319   2   1  -1       0.82982434  p_y
  319   2   1   0       0.82982434  p_z
  319   2   1   1       0.82982434  p_x
  319   3   2  -2       0.03890860  d_xy
  319   3   2  -1       0.03890860  d_yz
  319   3   2   0       0.01873759  d_z2
  319   3   2   1       0.03890860  d_xz
  319   3   2   2       0.01873759  d_x2-y2
  320   1   0   0       1.35632599  s
  320   2   1  -1       0.82982434  p_y
  320   2   1   0       0.82982434  p_z
  320   2   1   1       0.82982434  p_x
  320   3   2  -2       0.03890860  d_xy
  320   3   2  -1       0.03890860  d_yz
  320   3   2   0       0.01873759  d_z2
  320   3   2   1       0.03890860  d_xz
  320   3   2   2       0.01873759  d_x2-y2
  321   1   0   0       1.35632599  s
  321   2   1  -1       0.82982434  p_y
  321   2   1   0       0.82982434  p_z
  321   2   1   1       0.82982434  p_x
  321   3   2  -2       0.03890860  d_xy
  321   3   2  -1       0.03890860  d_yz
  321   3   2   0       0.01873759  d_z2
  321   3   2   1       0.03890860  d_xz
  321   3   2   2       0.01873759  d_x2-y2
  322   1   0   0       1.35632599  s
  322   2   1  -1       0.82982434  p_y
  322   2   1   0       0.82982434  p_z
  322   2   1   1       0.82982434  p_x
  322   3   2  -2       0.03890860  d_xy
  322   3   2  -1       0.03890860  d_yz
  322   3   2   0       0.01873759  d_z2
  322   3   2   1       0.03890860  d_xz
  322   3   2   2       0.01873759  d_x2-y2
  323   1   0   0       1.35632599  s
  323   2   1  -1       0.82982434  p_y
  323   2   1   0       0.82982434  p_z
  323   2   1   1       0.82982434  p_x
  323   3   2  -2       0.03890860  d_xy
  323   3   2  -1       0.03890860  d_yz
  323   3   2   0       0.01873759  d_z2
  323   3   2   1       0.03890860  d_xz
  323   3   2   2       0.01873759  d_x2-y2
  324   1   0   0       1.35632599  s
  324   2   1  -1       0.82982434  p_y
  324   2   1   0       0.82982434  p_z
  324   2   1   1       0.82982434  p_x
  324   3   2  -2       0.03890860  d_xy
  324   3   2  -1       0.03890860  d_yz
  324   3   2   0       0.01873759  d_z2
  324   3   2   1       0.03890860  d_xz
  324   3   2   2       0.01873759  d_x2-y2
  325   1   0   0       1.35632599  s
  325   2   1  -1       0.82982434  p_y
  325   2   1   0       0.82982434  p_z
  325   2   1   1       0.82982434  p_x
  325   3   2  -2       0.03890860  d_xy
  325   3   2  -1       0.03890860  d_yz
  325   3   2   0       0.01873759  d_z2
  325   3   2   1       0.03890860  d_xz
  325   3   2   2       0.01873759  d_x2-y2
  326   1   0   0       1.35632599  s
  326   2   1  -1       0.82982434  p_y
  326   2   1   0       0.82982434  p_z
  326   2   1   1       0.82982434  p_x
  326   3   2  -2       0.03890860  d_xy
  326   3   2  -1       0.03890860  d_yz
  326   3   2   0       0.01873759  d_z2
  326   3   2   1       0.03890860  d_xz
  326   3   2   2       0.01873759  d_x2-y2
  327   1   0   0       1.35632599  s
  327   2   1  -1       0.82982434  p_y
  327   2   1   0       0.82982434  p_z
  327   2   1   1       0.82982434  p_x
  327   3   2  -2       0.03890860  d_xy
  327   3   2  -1       0.03890860  d_yz
  327   3   2   0       0.01873759  d_z2
  327   3   2   1       0.03890860  d_xz
  327   3   2   2       0.01873759  d_x2-y2
  328   1   0   0       1.35632599  s
  328   2   1  -1       0.82982434  p_y
  328   2   1   0       0.82982434  p_z
  328   2   1   1       0.82982434  p_x
  328   3   2  -2       0.03890860  d_xy
  328   3   2  -1       0.03890860  d_yz
  328   3   2   0       0.01873759  d_z2
  328   3   2   1       0.03890860  d_xz
  328   3   2   2       0.01873759  d_x2-y2
  329   1   0   0       1.35632599  s
  329   2   1  -1       0.82982434  p_y
  329   2   1   0       0.82982434  p_z
  329   2   1   1       0.82982434  p_x
  329   3   2  -2       0.03890860  d_xy
  329   3   2  -1       0.03890860  d_yz
  329   3   2   0       0.01873759  d_z2
  329   3   2   1       0.03890860  d_xz
  329   3   2   2       0.01873759  d_x2-y2
  330   1   0   0       1.35632599  s
  330   2   1  -1       0.82982434  p_y
  330   2   1   0       0.82982434  p_z
  330   2   1   1       0.82982434  p_x
  330   3   2  -2       0.03890860  d_xy
  330   3   2  -1       0.03890860  d_yz
  330   3   2   0       0.01873759  d_z2
  330   3   2   1       0.03890860  d_xz
  330   3   2   2       0.01873759  d_x2-y2
  331   1   0   0       1.35632599  s
  331   2   1  -1       0.82982434  p_y
  331   2   1   0       0.82982434  p_z
  331   2   1   1       0.82982434  p_x
  331   3   2  -2       0.03890860  d_xy
  331   3   2  -1       0.03890860  d_yz
  331   3   2   0       0.01873759  d_z2
  331   3   2   1       0.03890860  d_xz
  331   3   2   2       0.01873759  d_x2-y2
  332   1   0   0       1.35632599  s
  332   2   1  -1       0.82982434  p_y
  332   2   1   0       0.82982434  p_z
  332   2   1   1       0.82982434  p_x
  332   3   2  -2       0.03890860  d_xy
  332   3   2  -1       0.03890860  d_yz
  332   3   2   0       0.01873759  d_z2
  332   3   2   1       0.03890860  d_xz
  332   3   2   2       0.01873759  d_x2-y2
  333   1   0   0       1.35632599  s
  333   2   1  -1       0.82982434  p_y
  333   2   1   0       0.82982434  p_z
  333   2   1   1       0.82982434  p_x
  333   3   2  -2       0.03890860  d_xy
  333   3   2  -1       0.03890860  d_yz
  333   3   2   0       0.01873759  d_z2
  333   3   2   1       0.03890860  d_xz
  333   3   2   2       0.01873759  d_x2-y2
  334   1   0   0       1.35632599  s
  334   2   1  -1       0.82982434  p_y
  334   2   1   0       0.82982434  p_z
  334   2   1   1       0.82982434  p_x
  334   3   2  -2       0.03890860  d_xy
  334   3   2  -1       0.03890860  d_yz
  334   3   2   0       0.01873759  d_z2
  334   3   2   1       0.03890860  d_xz
  334   3   2   2       0.01873759  d_x2-y2
  335   1   0   0       1.35632599  s
  335   2   1  -1       0.82982434  p_y
  335   2   1   0       0.82982434  p_z
  335   2   1   1       0.82982434  p_x
  335   3   2  -2       0.03890860  d_xy
  335   3   2  -1       0.03890860  d_yz
  335   3   2   0       0.01873759  d_z2
  335   3   2   1       0.03890860  d_xz
  335   3   2   2       0.01873759  d_x2-y2
  336   1   0   0       1.35632599  s
  336   2   1  -1       0.82982434  p_y
  336   2   1   0       0.82982434  p_z
  336   2   1   1       0.82982434  p_x
  336   3   2  -2       0.03890860  d_xy
  336   3   2  -1       0.03890860  d_yz
  336   3   2   0       0.01873759  d_z2
  336   3   2   1       0.03890860  d_xz
  336   3   2   2       0.01873759  d_x2-y2
  337   1   0   0       1.35632599  s
  337   2   1  -1       0.82982434  p_y
  337   2   1   0       0.82982434  p_z
  337   2   1   1       0.82982434  p_x
  337   3   2  -2       0.03890860  d_xy
  337   3   2  -1       0.03890860  d_yz
  337   3   2   0       0.01873759  d_z2
  337   3   2   1       0.03890860  d_xz
  337   3   2   2       0.01873759  d_x2-y2
  338   1   0   0       1.35632599  s
  338   2   1  -1       0.82982434  p_y
  338   2   1   0       0.82982434  p_z
  338   2   1   1       0.82982434  p_x
  338   3   2  -2       0.03890860  d_xy
  338   3   2  -1       0.03890860  d_yz
  338   3   2   0       0.01873759  d_z2
  338   3   2   1       0.03890860  d_xz
  338   3   2   2       0.01873759  d_x2-y2
  339   1   0   0       1.35632599  s
  339   2   1  -1       0.82982434  p_y
  339   2   1   0       0.82982434  p_z
  339   2   1   1       0.82982434  p_x
  339   3   2  -2       0.03890860  d_xy
  339   3   2  -1       0.03890860  d_yz
  339   3   2   0       0.01873759  d_z2
  339   3   2   1       0.03890860  d_xz
  339   3   2   2       0.01873759  d_x2-y2
  340   1   0   0       1.35632599  s
  340   2   1  -1       0.82982434  p_y
  340   2   1   0       0.82982434  p_z
  340   2   1   1       0.82982434  p_x
  340   3   2  -2       0.03890860  d_xy
  340   3   2  -1       0.03890860  d_yz
  340   3   2   0       0.01873759  d_z2
  340   3   2   1       0.03890860  d_xz
  340   3   2   2       0.01873759  d_x2-y2
  341   1   0   0       1.35632599  s
  341   2   1  -1       0.82982434  p_y
  341   2   1   0       0.82982434  p_z
  341   2   1   1       0.82982434  p_x
  341   3   2  -2       0.03890860  d_xy
  341   3   2  -1       0.03890860  d_yz
  341   3   2   0       0.01873759  d_z2
  341   3   2   1       0.03890860  d_xz
  341   3   2   2       0.01873759  d_x2-y2
  342   1   0   0       1.35632599  s
  342   2   1  -1       0.82982434  p_y
  342   2   1   0       0.82982434  p_z
  342   2   1   1       0.82982434  p_x
  342   3   2  -2       0.03890860  d_xy
  342   3   2  -1       0.03890860  d_yz
  342   3   2   0       0.01873759  d_z2
  342   3   2   1       0.03890860  d_xz
  342   3   2   2       0.01873759  d_x2-y2
  343   1   0   0       1.35632599  s
  343   2   1  -1       0.82982434  p_y
  343   2   1   0       0.82982434  p_z
  343   2   1   1       0.82982434  p_x
  343   3   2  -2       0.03890860  d_xy
  343   3   2  -1       0.03890860  d_yz
  343   3   2   0       0.01873759  d_z2
  343   3   2   1       0.03890860  d_xz
  343   3   2   2       0.01873759  d_x2-y2
  344   1   0   0       1.35632599  s
  344   2   1  -1       0.82982434  p_y
  344   2   1   0       0.82982434  p_z
  344   2   1   1       0.82982434  p_x
  344   3   2  -2       0.03890860  d_xy
  344   3   2  -1       0.03890860  d_yz
  344   3   2   0       0.01873759  d_z2
  344   3   2   1       0.03890860  d_xz
  344   3   2   2       0.01873759  d_x2-y2
  345   1   0   0       1.35632599  s
  345   2   1  -1       0.82982434  p_y
  345   2   1   0       0.82982434  p_z
  345   2   1   1       0.82982434  p_x
  345   3   2  -2       0.03890860  d_xy
  345   3   2  -1       0.03890860  d_yz
  345   3   2   0       0.01873759  d_z2
  345   3   2   1       0.03890860  d_xz
  345   3   2   2       0.01873759  d_x2-y2
  346   1   0   0       1.35632599  s
  346   2   1  -1       0.82982434  p_y
  346   2   1   0       0.82982434  p_z
  346   2   1   1       0.82982434  p_x
  346   3   2  -2       0.03890860  d_xy
  346   3   2  -1       0.03890860  d_yz
  346   3   2   0       0.01873759  d_z2
  346   3   2   1       0.03890860  d_xz
  346   3   2   2       0.01873759  d_x2-y2
  347   1   0   0       1.35632599  s
  347   2   1  -1       0.82982434  p_y
  347   2   1   0       0.82982434  p_z
  347   2   1   1       0.82982434  p_x
  347   3   2  -2       0.03890860  d_xy
  347   3   2  -1       0.03890860  d_yz
  347   3   2   0       0.01873759  d_z2
  347   3   2   1       0.03890860  d_xz
  347   3   2   2       0.01873759  d_x2-y2
  348   1   0   0       1.35632599  s
  348   2   1  -1       0.82982434  p_y
  348   2   1   0       0.82982434  p_z
  348   2   1   1       0.82982434  p_x
  348   3   2  -2       0.03890860  d_xy
  348   3   2  -1       0.03890860  d_yz
  348   3   2   0       0.01873759  d_z2
  348   3   2   1       0.03890860  d_xz
  348   3   2   2       0.01873759  d_x2-y2
  349   1   0   0       1.35632599  s
  349   2   1  -1       0.82982434  p_y
  349   2   1   0       0.82982434  p_z
  349   2   1   1       0.82982434  p_x
  349   3   2  -2       0.03890860  d_xy
  349   3   2  -1       0.03890860  d_yz
  349   3   2   0       0.01873759  d_z2
  349   3   2   1       0.03890860  d_xz
  349   3   2   2       0.01873759  d_x2-y2
  350   1   0   0       1.35632599  s
  350   2   1  -1       0.82982434  p_y
  350   2   1   0       0.82982434  p_z
  350   2   1   1       0.82982434  p_x
  350   3   2  -2       0.03890860  d_xy
  350   3   2  -1       0.03890860  d_yz
  350   3   2   0       0.01873759  d_z2
  350   3   2   1       0.03890860  d_xz
  350   3   2   2       0.01873759  d_x2-y2
  351   1   0   0       1.35632599  s
  351   2   1  -1       0.82982434  p_y
  351   2   1   0       0.82982434  p_z
  351   2   1   1       0.82982434  p_x
  351   3   2  -2       0.03890860  d_xy
  351   3   2  -1       0.03890860  d_yz
  351   3   2   0       0.01873759  d_z2
  351   3   2   1       0.03890860  d_xz
  351   3   2   2       0.01873759  d_x2-y2
  352   1   0   0       1.35632599  s
  352   2   1  -1       0.82982434  p_y
  352   2   1   0       0.82982434  p_z
  352   2   1   1       0.82982434  p_x
  352   3   2  -2       0.03890860  d_xy
  352   3   2  -1       0.03890860  d_yz
  352   3   2   0       0.01873759  d_z2
  352   3   2   1       0.03890860  d_xz
  352   3   2   2       0.01873759  d_x2-y2
  353   1   0   0       1.35632599  s
  353   2   1  -1       0.82982434  p_y
  353   2   1   0       0.82982434  p_z
  353   2   1   1       0.82982434  p_x
  353   3   2  -2       0.03890860  d_xy
  353   3   2  -1       0.03890860  d_yz
  353   3   2   0       0.01873759  d_z2
  353   3   2   1       0.03890860  d_xz
  353   3   2   2       0.01873759  d_x2-y2
  354   1   0   0       1.35632599  s
  354   2   1  -1       0.82982434  p_y
  354   2   1   0       0.82982434  p_z
  354   2   1   1       0.82982434  p_x
  354   3   2  -2       0.03890860  d_xy
  354   3   2  -1       0.03890860  d_yz
  354   3   2   0       0.01873759  d_z2
  354   3   2   1       0.03890860  d_xz
  354   3   2   2       0.01873759  d_x2-y2
  355   1   0   0       1.35632599  s
  355   2   1  -1       0.82982434  p_y
  355   2   1   0       0.82982434  p_z
  355   2   1   1       0.82982434  p_x
  355   3   2  -2       0.03890860  d_xy
  355   3   2  -1       0.03890860  d_yz
  355   3   2   0       0.01873759  d_z2
  355   3   2   1       0.03890860  d_xz
  355   3   2   2       0.01873759  d_x2-y2
  356   1   0   0       1.35632599  s
  356   2   1  -1       0.82982434  p_y
  356   2   1   0       0.82982434  p_z
  356   2   1   1       0.82982434  p_x
  356   3   2  -2       0.03890860  d_xy
  356   3   2  -1       0.03890860  d_yz
  356   3   2   0       0.01873759  d_z2
  356   3   2   1       0.03890860  d_xz
  356   3   2   2       0.01873759  d_x2-y2
  357   1   0   0       1.35632599  s
  357   2   1  -1       0.82982434  p_y
  357   2   1   0       0.82982434  p_z
  357   2   1   1       0.82982434  p_x
  357   3   2  -2       0.03890860  d_xy
  357   3   2  -1       0.03890860  d_yz
  357   3   2   0       0.01873759  d_z2
  357   3   2   1       0.03890860  d_xz
  357   3   2   2       0.01873759  d_x2-y2
  358   1   0   0       1.35632599  s
  358   2   1  -1       0.82982434  p_y
  358   2   1   0       0.82982434  p_z
  358   2   1   1       0.82982434  p_x
  358   3   2  -2       0.03890860  d_xy
  358   3   2  -1       0.03890860  d_yz
  358   3   2   0       0.01873759  d_z2
  358   3   2   1       0.03890860  d_xz
  358   3   2   2       0.01873759  d_x2-y2
  359   1   0   0       1.35632599  s
  359   2   1  -1       0.82982434  p_y
  359   2   1   0       0.82982434  p_z
  359   2   1   1       0.82982434  p_x
  359   3   2  -2       0.03890860  d_xy
  359   3   2  -1       0.03890860  d_yz
  359   3   2   0       0.01873759  d_z2
  359   3   2   1       0.03890860  d_xz
  359   3   2   2       0.01873759  d_x2-y2
  360   1   0   0       1.35632599  s
  360   2   1  -1       0.82982434  p_y
  360   2   1   0       0.82982434  p_z
  360   2   1   1       0.82982434  p_x
  360   3   2  -2       0.03890860  d_xy
  360   3   2  -1       0.03890860  d_yz
  360   3   2   0       0.01873759  d_z2
  360   3   2   1       0.03890860  d_xz
  360   3   2   2       0.01873759  d_x2-y2
  361   1   0   0       1.35632599  s
  361   2   1  -1       0.82982434  p_y
  361   2   1   0       0.82982434  p_z
  361   2   1   1       0.82982434  p_x
  361   3   2  -2       0.03890860  d_xy
  361   3   2  -1       0.03890860  d_yz
  361   3   2   0       0.01873759  d_z2
  361   3   2   1       0.03890860  d_xz
  361   3   2   2       0.01873759  d_x2-y2
  362   1   0   0       1.35632599  s
  362   2   1  -1       0.82982434  p_y
  362   2   1   0       0.82982434  p_z
  362   2   1   1       0.82982434  p_x
  362   3   2  -2       0.03890860  d_xy
  362   3   2  -1       0.03890860  d_yz
  362   3   2   0       0.01873759  d_z2
  362   3   2   1       0.03890860  d_xz
  362   3   2   2       0.01873759  d_x2-y2
  363   1   0   0       1.35632599  s
  363   2   1  -1       0.82982434  p_y
  363   2   1   0       0.82982434  p_z
  363   2   1   1       0.82982434  p_x
  363   3   2  -2       0.03890860  d_xy
  363   3   2  -1       0.03890860  d_yz
  363   3   2   0       0.01873759  d_z2
  363   3   2   1       0.03890860  d_xz
  363   3   2   2       0.01873759  d_x2-y2
  364   1   0   0       1.35632599  s
  364   2   1  -1       0.82982434  p_y
  364   2   1   0       0.82982434  p_z
  364   2   1   1       0.82982434  p_x
  364   3   2  -2       0.03890860  d_xy
  364   3   2  -1       0.03890860  d_yz
  364   3   2   0       0.01873759  d_z2
  364   3   2   1       0.03890860  d_xz
  364   3   2   2       0.01873759  d_x2-y2
  365   1   0   0       1.35632599  s
  365   2   1  -1       0.82982434  p_y
  365   2   1   0       0.82982434  p_z
  365   2   1   1       0.82982434  p_x
  365   3   2  -2       0.03890860  d_xy
  365   3   2  -1       0.03890860  d_yz
  365   3   2   0       0.01873759  d_z2
  365   3   2   1       0.03890860  d_xz
  365   3   2   2       0.01873759  d_x2-y2
  366   1   0   0       1.35632599  s
  366   2   1  -1       0.82982434  p_y
  366   2   1   0       0.82982434  p_z
  366   2   1   1       0.82982434  p_x
  366   3   2  -2       0.03890860  d_xy
  366   3   2  -1       0.03890860  d_yz
  366   3   2   0       0.01873759  d_z2
  366   3   2   1       0.03890860  d_xz
  366   3   2   2       0.01873759  d_x2-y2
  367   1   0   0       1.35632599  s
  367   2   1  -1       0.82982434  p_y
  367   2   1   0       0.82982434  p_z
  367   2   1   1       0.82982434  p_x
  367   3   2  -2       0.03890860  d_xy
  367   3   2  -1       0.03890860  d_yz
  367   3   2   0       0.01873759  d_z2
  367   3   2   1       0.03890860  d_xz
  367   3   2   2       0.01873759  d_x2-y2
  368   1   0   0       1.35632599  s
  368   2   1  -1       0.82982434  p_y
  368   2   1   0       0.82982434  p_z
  368   2   1   1       0.82982434  p_x
  368   3   2  -2       0.03890860  d_xy
  368   3   2  -1       0.03890860  d_yz
  368   3   2   0       0.01873759  d_z2
  368   3   2   1       0.03890860  d_xz
  368   3   2   2       0.01873759  d_x2-y2
  369   1   0   0       1.35632599  s
  369   2   1  -1       0.82982434  p_y
  369   2   1   0       0.82982434  p_z
  369   2   1   1       0.82982434  p_x
  369   3   2  -2       0.03890860  d_xy
  369   3   2  -1       0.03890860  d_yz
  369   3   2   0       0.01873759  d_z2
  369   3   2   1       0.03890860  d_xz
  369   3   2   2       0.01873759  d_x2-y2
  370   1   0   0       1.35632599  s
  370   2   1  -1       0.82982434  p_y
  370   2   1   0       0.82982434  p_z
  370   2   1   1       0.82982434  p_x
  370   3   2  -2       0.03890860  d_xy
  370   3   2  -1       0.03890860  d_yz
  370   3   2   0       0.01873759  d_z2
  370   3   2   1       0.03890860  d_xz
  370   3   2   2       0.01873759  d_x2-y2
  371   1   0   0       1.35632599  s
  371   2   1  -1       0.82982434  p_y
  371   2   1   0       0.82982434  p_z
  371   2   1   1       0.82982434  p_x
  371   3   2  -2       0.03890860  d_xy
  371   3   2  -1       0.03890860  d_yz
  371   3   2   0       0.01873759  d_z2
  371   3   2   1       0.03890860  d_xz
  371   3   2   2       0.01873759  d_x2-y2
  372   1   0   0       1.35632599  s
  372   2   1  -1       0.82982434  p_y
  372   2   1   0       0.82982434  p_z
  372   2   1   1       0.82982434  p_x
  372   3   2  -2       0.03890860  d_xy
  372   3   2  -1       0.03890860  d_yz
  372   3   2   0       0.01873759  d_z2
  372   3   2   1       0.03890860  d_xz
  372   3   2   2       0.01873759  d_x2-y2
  373   1   0   0       1.35632599  s
  373   2   1  -1       0.82982434  p_y
  373   2   1   0       0.82982434  p_z
  373   2   1   1       0.82982434  p_x
  373   3   2  -2       0.03890860  d_xy
  373   3   2  -1       0.03890860  d_yz
  373   3   2   0       0.01873759  d_z2
  373   3   2   1       0.03890860  d_xz
  373   3   2   2       0.01873759  d_x2-y2
  374   1   0   0       1.35632599  s
  374   2   1  -1       0.82982434  p_y
  374   2   1   0       0.82982434  p_z
  374   2   1   1       0.82982434  p_x
  374   3   2  -2       0.03890860  d_xy
  374   3   2  -1       0.03890860  d_yz
  374   3   2   0       0.01873759  d_z2
  374   3   2   1       0.03890860  d_xz
  374   3   2   2       0.01873759  d_x2-y2
  375   1   0   0       1.35632599  s
  375   2   1  -1       0.82982434  p_y
  375   2   1   0       0.82982434  p_z
  375   2   1   1       0.82982434  p_x
  375   3   2  -2       0.03890860  d_xy
  375   3   2  -1       0.03890860  d_yz
  375   3   2   0       0.01873759  d_z2
  375   3   2   1       0.03890860  d_xz
  375   3   2   2       0.01873759  d_x2-y2
  376   1   0   0       1.35632599  s
  376   2   1  -1       0.82982434  p_y
  376   2   1   0       0.82982434  p_z
  376   2   1   1       0.82982434  p_x
  376   3   2  -2       0.03890860  d_xy
  376   3   2  -1       0.03890860  d_yz
  376   3   2   0       0.01873759  d_z2
  376   3   2   1       0.03890860  d_xz
  376   3   2   2       0.01873759  d_x2-y2
  377   1   0   0       1.35632599  s
  377   2   1  -1       0.82982434  p_y
  377   2   1   0       0.82982434  p_z
  377   2   1   1       0.82982434  p_x
  377   3   2  -2       0.03890860  d_xy
  377   3   2  -1       0.03890860  d_yz
  377   3   2   0       0.01873759  d_z2
  377   3   2   1       0.03890860  d_xz
  377   3   2   2       0.01873759  d_x2-y2
  378   1   0   0       1.35632599  s
  378   2   1  -1       0.82982434  p_y
  378   2   1   0       0.82982434  p_z
  378   2   1   1       0.82982434  p_x
  378   3   2  -2       0.03890860  d_xy
  378   3   2  -1       0.03890860  d_yz
  378   3   2   0       0.01873759  d_z2
  378   3   2   1       0.03890860  d_xz
  378   3   2   2       0.01873759  d_x2-y2
  379   1   0   0       1.35632599  s
  379   2   1  -1       0.82982434  p_y
  379   2   1   0       0.82982434  p_z
  379   2   1   1       0.82982434  p_x
  379   3   2  -2       0.03890860  d_xy
  379   3   2  -1       0.03890860  d_yz
  379   3   2   0       0.01873759  d_z2
  379   3   2   1       0.03890860  d_xz
  379   3   2   2       0.01873759  d_x2-y2
  380   1   0   0       1.35632599  s
  380   2   1  -1       0.82982434  p_y
  380   2   1   0       0.82982434  p_z
  380   2   1   1       0.82982434  p_x
  380   3   2  -2       0.03890860  d_xy
  380   3   2  -1       0.03890860  d_yz
  380   3   2   0       0.01873759  d_z2
  380   3   2   1       0.03890860  d_xz
  380   3   2   2       0.01873759  d_x2-y2
  381   1   0   0       1.35632599  s
  381   2   1  -1       0.82982434  p_y
  381   2   1   0       0.82982434  p_z
  381   2   1   1       0.82982434  p_x
  381   3   2  -2       0.03890860  d_xy
  381   3   2  -1       0.03890860  d_yz
  381   3   2   0       0.01873759  d_z2
  381   3   2   1       0.03890860  d_xz
  381   3   2   2       0.01873759  d_x2-y2
  382   1   0   0       1.35632599  s
  382   2   1  -1       0.82982434  p_y
  382   2   1   0       0.82982434  p_z
  382   2   1   1       0.82982434  p_x
  382   3   2  -2       0.03890860  d_xy
  382   3   2  -1       0.03890860  d_yz
  382   3   2   0       0.01873759  d_z2
  382   3   2   1       0.03890860  d_xz
  382   3   2   2       0.01873759  d_x2-y2
  383   1   0   0       1.35632599  s
  383   2   1  -1       0.82982434  p_y
  383   2   1   0       0.82982434  p_z
  383   2   1   1       0.82982434  p_x
  383   3   2  -2       0.03890860  d_xy
  383   3   2  -1       0.03890860  d_yz
  383   3   2   0       0.01873759  d_z2
  383   3   2   1       0.03890860  d_xz
  383   3   2   2       0.01873759  d_x2-y2
  384   1   0   0       1.35632599  s
  384   2   1  -1       0.82982434  p_y
  384   2   1   0       0.82982434  p_z
  384   2   1   1       0.82982434  p_x
  384   3   2  -2       0.03890860  d_xy
  384   3   2  -1       0.03890860  d_yz
  384   3   2   0       0.01873759  d_z2
  384   3   2   1       0.03890860  d_xz
  384   3   2   2       0.01873759  d_x2-y2
  385   1   0   0       1.35632599  s
  385   2   1  -1       0.82982434  p_y
  385   2   1   0       0.82982434  p_z
  385   2   1   1       0.82982434  p_x
  385   3   2  -2       0.03890860  d_xy
  385   3   2  -1       0.03890860  d_yz
  385   3   2   0       0.01873759  d_z2
  385   3   2   1       0.03890860  d_xz
  385   3   2   2       0.01873759  d_x2-y2
  386   1   0   0       1.35632599  s
  386   2   1  -1       0.82982434  p_y
  386   2   1   0       0.82982434  p_z
  386   2   1   1       0.82982434  p_x
  386   3   2  -2       0.03890860  d_xy
  386   3   2  -1       0.03890860  d_yz
  386   3   2   0       0.01873759  d_z2
  386   3   2   1       0.03890860  d_xz
  386   3   2   2       0.01873759  d_x2-y2
  387   1   0   0       1.35632599  s
  387   2   1  -1       0.82982434  p_y
  387   2   1   0       0.82982434  p_z
  387   2   1   1       0.82982434  p_x
  387   3   2  -2       0.03890860  d_xy
  387   3   2  -1       0.03890860  d_yz
  387   3   2   0       0.01873759  d_z2
  387   3   2   1       0.03890860  d_xz
  387   3   2   2       0.01873759  d_x2-y2
  388   1   0   0       1.35632599  s
  388   2   1  -1       0.82982434  p_y
  388   2   1   0       0.82982434  p_z
  388   2   1   1       0.82982434  p_x
  388   3   2  -2       0.03890860  d_xy
  388   3   2  -1       0.03890860  d_yz
  388   3   2   0       0.01873759  d_z2
  388   3   2   1       0.03890860  d_xz
  388   3   2   2       0.01873759  d_x2-y2
  389   1   0   0       1.35632599  s
  389   2   1  -1       0.82982434  p_y
  389   2   1   0       0.82982434  p_z
  389   2   1   1       0.82982434  p_x
  389   3   2  -2       0.03890860  d_xy
  389   3   2  -1       0.03890860  d_yz
  389   3   2   0       0.01873759  d_z2
  389   3   2   1       0.03890860  d_xz
  389   3   2   2       0.01873759  d_x2-y2
  390   1   0   0       1.35632599  s
  390   2   1  -1       0.82982434  p_y
  390   2   1   0       0.82982434  p_z
  390   2   1   1       0.82982434  p_x
  390   3   2  -2       0.03890860  d_xy
  390   3   2  -1       0.03890860  d_yz
  390   3   2   0       0.01873759  d_z2
  390   3   2   1       0.03890860  d_xz
  390   3   2   2       0.01873759  d_x2-y2
  391   1   0   0       1.35632599  s
  391   2   1  -1       0.82982434  p_y
  391   2   1   0       0.82982434  p_z
  391   2   1   1       0.82982434  p_x
  391   3   2  -2       0.03890860  d_xy
  391   3   2  -1       0.03890860  d_yz
  391   3   2   0       0.01873759  d_z2
  391   3   2   1       0.03890860  d_xz
  391   3   2   2       0.01873759  d_x2-y2
  392   1   0   0       1.35632599  s
  392   2   1  -1       0.82982434  p_y
  392   2   1   0       0.82982434  p_z
  392   2   1   1       0.82982434  p_x
  392   3   2  -2       0.03890860  d_xy
  392   3   2  -1       0.03890860  d_yz
  392   3   2   0       0.01873759  d_z2
  392   3   2   1       0.03890860  d_xz
  392   3   2   2       0.01873759  d_x2-y2
  393   1   0   0       1.35632599  s
  393   2   1  -1       0.82982434  p_y
  393   2   1   0       0.82982434  p_z
  393   2   1   1       0.82982434  p_x
  393   3   2  -2       0.03890860  d_xy
  393   3   2  -1       0.03890860  d_yz
  393   3   2   0       0.01873759  d_z2
  393   3   2   1       0.03890860  d_xz
  393   3   2   2       0.01873759  d_x2-y2
  394   1   0   0       1.35632599  s
  394   2   1  -1       0.82982434  p_y
  394   2   1   0       0.82982434  p_z
  394   2   1   1       0.82982434  p_x
  394   3   2  -2       0.03890860  d_xy
  394   3   2  -1       0.03890860  d_yz
  394   3   2   0       0.01873759  d_z2
  394   3   2   1       0.03890860  d_xz
  394   3   2   2       0.01873759  d_x2-y2
  395   1   0   0       1.35632599  s
  395   2   1  -1       0.82982434  p_y
  395   2   1   0       0.82982434  p_z
  395   2   1   1       0.82982434  p_x
  395   3   2  -2       0.03890860  d_xy
  395   3   2  -1       0.03890860  d_yz
  395   3   2   0       0.01873759  d_z2
  395   3   2   1       0.03890860  d_xz
  395   3   2   2       0.01873759  d_x2-y2
  396   1   0   0       1.35632599  s
  396   2   1  -1       0.82982434  p_y
  396   2   1   0       0.82982434  p_z
  396   2   1   1       0.82982434  p_x
  396   3   2  -2       0.03890860  d_xy
  396   3   2  -1       0.03890860  d_yz
  396   3   2   0       0.01873759  d_z2
  396   3   2   1       0.03890860  d_xz
  396   3   2   2       0.01873759  d_x2-y2
  397   1   0   0       1.35632599  s
  397   2   1  -1       0.82982434  p_y
  397   2   1   0       0.82982434  p_z
  397   2   1   1       0.82982434  p_x
  397   3   2  -2       0.03890860  d_xy
  397   3   2  -1       0.03890860  d_yz
  397   3   2   0       0.01873759  d_z2
  397   3   2   1       0.03890860  d_xz
  397   3   2   2       0.01873759  d_x2-y2
  398   1   0   0       1.35632599  s
  398   2   1  -1       0.82982434  p_y
  398   2   1   0       0.82982434  p_z
  398   2   1   1       0.82982434  p_x
  398   3   2  -2       0.03890860  d_xy
  398   3   2  -1       0.03890860  d_yz
  398   3   2   0       0.01873759  d_z2
  398   3   2   1       0.03890860  d_xz
  398   3   2   2       0.01873759  d_x2-y2
  399   1   0   0       1.35632599  s
  399   2   1  -1       0.82982434  p_y
  399   2   1   0       0.82982434  p_z
  399   2   1   1       0.82982434  p_x
  399   3   2  -2       0.03890860  d_xy
  399   3   2  -1       0.03890860  d_yz
  399   3   2   0       0.01873759  d_z2
  399   3   2   1       0.03890860  d_xz
  399   3   2   2       0.01873759  d_x2-y2
  400   1   0   0       1.35632599  s
  400   2   1  -1       0.82982434  p_y
  400   2   1   0       0.82982434  p_z
  400   2   1   1       0.82982434  p_x
  400   3   2  -2       0.03890860  d_xy
  400   3   2  -1       0.03890860  d_yz
  400   3   2   0       0.01873759  d_z2
  400   3   2   1       0.03890860  d_xz
  400   3   2   2       0.01873759  d_x2-y2
  401   1   0   0       1.35632599  s
  401   2   1  -1       0.82982434  p_y
  401   2   1   0       0.82982434  p_z
  401   2   1   1       0.82982434  p_x
  401   3   2  -2       0.03890860  d_xy
  401   3   2  -1       0.03890860  d_yz
  401   3   2   0       0.01873759  d_z2
  401   3   2   1       0.03890860  d_xz
  401   3   2   2       0.01873759  d_x2-y2
  402   1   0   0       1.35632599  s
  402   2   1  -1       0.82982434  p_y
  402   2   1   0       0.82982434  p_z
  402   2   1   1       0.82982434  p_x
  402   3   2  -2       0.03890860  d_xy
  402   3   2  -1       0.03890860  d_yz
  402   3   2   0       0.01873759  d_z2
  402   3   2   1       0.03890860  d_xz
  402   3   2   2       0.01873759  d_x2-y2
  403   1   0   0       1.35632599  s
  403   2   1  -1       0.82982434  p_y
  403   2   1   0       0.82982434  p_z
  403   2   1   1       0.82982434  p_x
  403   3   2  -2       0.03890860  d_xy
  403   3   2  -1       0.03890860  d_yz
  403   3   2   0       0.01873759  d_z2
  403   3   2   1       0.03890860  d_xz
  403   3   2   2       0.01873759  d_x2-y2
  404   1   0   0       1.35632599  s
  404   2   1  -1       0.82982434  p_y
  404   2   1   0       0.82982434  p_z
  404   2   1   1       0.82982434  p_x
  404   3   2  -2       0.03890860  d_xy
  404   3   2  -1       0.03890860  d_yz
  404   3   2   0       0.01873759  d_z2
  404   3   2   1       0.03890860  d_xz
  404   3   2   2       0.01873759  d_x2-y2
  405   1   0   0       1.35632599  s
  405   2   1  -1       0.82982434  p_y
  405   2   1   0       0.82982434  p_z
  405   2   1   1       0.82982434  p_x
  405   3   2  -2       0.03890860  d_xy
  405   3   2  -1       0.03890860  d_yz
  405   3   2   0       0.01873759  d_z2
  405   3   2   1       0.03890860  d_xz
  405   3   2   2       0.01873759  d_x2-y2
  406   1   0   0       1.35632599  s
  406   2   1  -1       0.82982434  p_y
  406   2   1   0       0.82982434  p_z
  406   2   1   1       0.82982434  p_x
  406   3   2  -2       0.03890860  d_xy
  406   3   2  -1       0.03890860  d_yz
  406   3   2   0       0.01873759  d_z2
  406   3   2   1       0.03890860  d_xz
  406   3   2   2       0.01873759  d_x2-y2
  407   1   0   0       1.35632599  s
  407   2   1  -1       0.82982434  p_y
  407   2   1   0       0.82982434  p_z
  407   2   1   1       0.82982434  p_x
  407   3   2  -2       0.03890860  d_xy
  407   3   2  -1       0.03890860  d_yz
  407   3   2   0       0.01873759  d_z2
  407   3   2   1       0.03890860  d_xz
  407   3   2   2       0.01873759  d_x2-y2
  408   1   0   0       1.35632599  s
  408   2   1  -1       0.82982434  p_y
  408   2   1   0       0.82982434  p_z
  408   2   1   1       0.82982434  p_x
  408   3   2  -2       0.03890860  d_xy
  408   3   2  -1       0.03890860  d_yz
  408   3   2   0       0.01873759  d_z2
  408   3   2   1       0.03890860  d_xz
  408   3   2   2       0.01873759  d_x2-y2
  409   1   0   0       1.35632599  s
  409   2   1  -1       0.82982434  p_y
  409   2   1   0       0.82982434  p_z
  409   2   1   1       0.82982434  p_x
  409   3   2  -2       0.03890860  d_xy
  409   3   2  -1       0.03890860  d_yz
  409   3   2   0       0.01873759  d_z2
  409   3   2   1       0.03890860  d_xz
  409   3   2   2       0.01873759  d_x2-y2
  410   1   0   0       1.35632599  s
  410   2   1  -1       0.82982434  p_y
  410   2   1   0       0.82982434  p_z
  410   2   1   1       0.82982434  p_x
  410   3   2  -2       0.03890860  d_xy
  410   3   2  -1       0.03890860  d_yz
  410   3   2   0       0.01873759  d_z2
  410   3   2   1       0.03890860  d_xz
  410   3   2   2       0.01873759  d_x2-y2
  411   1   0   0       1.35632599  s
  411   2   1  -1       0.82982434  p_y
  411   2   1   0       0.82982434  p_z
  411   2   1   1       0.82982434  p_x
  411   3   2  -2       0.03890860  d_xy
  411   3   2  -1       0.03890860  d_yz
  411   3   2   0       0.01873759  d_z2
  411   3   2   1       0.03890860  d_xz
  411   3   2   2       0.01873759  d_x2-y2
  412   1   0   0       1.35632599  s
  412   2   1  -1       0.82982434  p_y
  412   2   1   0       0.82982434  p_z
  412   2   1   1       0.82982434  p_x
  412   3   2  -2       0.03890860  d_xy
  412   3   2  -1       0.03890860  d_yz
  412   3   2   0       0.01873759  d_z2
  412   3   2   1       0.03890860  d_xz
  412   3   2   2       0.01873759  d_x2-y2
  413   1   0   0       1.35632599  s
  413   2   1  -1       0.82982434  p_y
  413   2   1   0       0.82982434  p_z
  413   2   1   1       0.82982434  p_x
  413   3   2  -2       0.03890860  d_xy
  413   3   2  -1       0.03890860  d_yz
  413   3   2   0       0.01873759  d_z2
  413   3   2   1       0.03890860  d_xz
  413   3   2   2       0.01873759  d_x2-y2
  414   1   0   0       1.35632599  s
  414   2   1  -1       0.82982434  p_y
  414   2   1   0       0.82982434  p_z
  414   2   1   1       0.82982434  p_x
  414   3   2  -2       0.03890860  d_xy
  414   3   2  -1       0.03890860  d_yz
  414   3   2   0       0.01873759  d_z2
  414   3   2   1       0.03890860  d_xz
  414   3   2   2       0.01873759  d_x2-y2
  415   1   0   0       1.35632599  s
  415   2   1  -1       0.82982434  p_y
  415   2   1   0       0.82982434  p_z
  415   2   1   1       0.82982434  p_x
  415   3   2  -2       0.03890860  d_xy
  415   3   2  -1       0.03890860  d_yz
  415   3   2   0       0.01873759  d_z2
  415   3   2   1       0.03890860  d_xz
  415   3   2   2       0.01873759  d_x2-y2
  416   1   0   0       1.35632599  s
  416   2   1  -1       0.82982434  p_y
  416   2   1   0       0.82982434  p_z
  416   2   1   1       0.82982434  p_x
  416   3   2  -2       0.03890860  d_xy
  416   3   2  -1       0.03890860  d_yz
  416   3   2   0       0.01873759  d_z2
  416   3   2   1       0.03890860  d_xz
  416   3   2   2       0.01873759  d_x2-y2
  417   1   0   0       1.35632599  s
  417   2   1  -1       0.82982434  p_y
  417   2   1   0       0.82982434  p_z
  417   2   1   1       0.82982434  p_x
  417   3   2  -2       0.03890860  d_xy
  417   3   2  -1       0.03890860  d_yz
  417   3   2   0       0.01873759  d_z2
  417   3   2   1       0.03890860  d_xz
  417   3   2   2       0.01873759  d_x2-y2
  418   1   0   0       1.35632599  s
  418   2   1  -1       0.82982434  p_y
  418   2   1   0       0.82982434  p_z
  418   2   1   1       0.82982434  p_x
  418   3   2  -2       0.03890860  d_xy
  418   3   2  -1       0.03890860  d_yz
  418   3   2   0       0.01873759  d_z2
  418   3   2   1       0.03890860  d_xz
  418   3   2   2       0.01873759  d_x2-y2
  419   1   0   0       1.35632599  s
  419   2   1  -1       0.82982434  p_y
  419   2   1   0       0.82982434  p_z
  419   2   1   1       0.82982434  p_x
  419   3   2  -2       0.03890860  d_xy
  419   3   2  -1       0.03890860  d_yz
  419   3   2   0       0.01873759  d_z2
  419   3   2   1       0.03890860  d_xz
  419   3   2   2       0.01873759  d_x2-y2
  420   1   0   0       1.35632599  s
  420   2   1  -1       0.82982434  p_y
  420   2   1   0       0.82982434  p_z
  420   2   1   1       0.82982434  p_x
  420   3   2  -2       0.03890860  d_xy
  420   3   2  -1       0.03890860  d_yz
  420   3   2   0       0.01873759  d_z2
  420   3   2   1       0.03890860  d_xz
  420   3   2   2       0.01873759  d_x2-y2
  421   1   0   0       1.35632599  s
  421   2   1  -1       0.82982434  p_y
  421   2   1   0       0.82982434  p_z
  421   2   1   1       0.82982434  p_x
  421   3   2  -2       0.03890860  d_xy
  421   3   2  -1       0.03890860  d_yz
  421   3   2   0       0.01873759  d_z2
  421   3   2   1       0.03890860  d_xz
  421   3   2   2       0.01873759  d_x2-y2
  422   1   0   0       1.35632599  s
  422   2   1  -1       0.82982434  p_y
  422   2   1   0       0.82982434  p_z
  422   2   1   1       0.82982434  p_x
  422   3   2  -2       0.03890860  d_xy
  422   3   2  -1       0.03890860  d_yz
  422   3   2   0       0.01873759  d_z2
  422   3   2   1       0.03890860  d_xz
  422   3   2   2       0.01873759  d_x2-y2
  423   1   0   0       1.35632599  s
  423   2   1  -1       0.82982434  p_y
  423   2   1   0       0.82982434  p_z
  423   2   1   1       0.82982434  p_x
  423   3   2  -2       0.03890860  d_xy
  423   3   2  -1       0.03890860  d_yz
  423   3   2   0       0.01873759  d_z2
  423   3   2   1       0.03890860  d_xz
  423   3   2   2       0.01873759  d_x2-y2
  424   1   0   0       1.35632599  s
  424   2   1  -1       0.82982434  p_y
  424   2   1   0       0.82982434  p_z
  424   2   1   1       0.82982434  p_x
  424   3   2  -2       0.03890860  d_xy
  424   3   2  -1       0.03890860  d_yz
  424   3   2   0       0.01873759  d_z2
  424   3   2   1       0.03890860  d_xz
  424   3   2   2       0.01873759  d_x2-y2
  425   1   0   0       1.35632599  s
  425   2   1  -1       0.82982434  p_y
  425   2   1   0       0.82982434  p_z
  425   2   1   1       0.82982434  p_x
  425   3   2  -2       0.03890860  d_xy
  425   3   2  -1       0.03890860  d_yz
  425   3   2   0       0.01873759  d_z2
  425   3   2   1       0.03890860  d_xz
  425   3   2   2       0.01873759  d_x2-y2
  426   1   0   0       1.35632599  s
  426   2   1  -1       0.82982434  p_y
  426   2   1   0       0.82982434  p_z
  426   2   1   1       0.82982434  p_x
  426   3   2  -2       0.03890860  d_xy
  426   3   2  -1       0.03890860  d_yz
  426   3   2   0       0.01873759  d_z2
  426   3   2   1       0.03890860  d_xz
  426   3   2   2       0.01873759  d_x2-y2
  427   1   0   0       1.35632599  s
  427   2   1  -1       0.82982434  p_y
  427   2   1   0       0.82982434  p_z
  427   2   1   1       0.82982434  p_x
  427   3   2  -2       0.03890860  d_xy
  427   3   2  -1       0.03890860  d_yz
  427   3   2   0       0.01873759  d_z2
  427   3   2   1       0.03890860  d_xz
  427   3   2   2       0.01873759  d_x2-y2
  428   1   0   0       1.35632599  s
  428   2   1  -1       0.82982434  p_y
  428   2   1   0       0.82982434  p_z
  428   2   1   1       0.82982434  p_x
  428   3   2  -2       0.03890860  d_xy
  428   3   2  -1       0.03890860  d_yz
  428   3   2   0       0.01873759  d_z2
  428   3   2   1       0.03890860  d_xz
  428   3   2   2       0.01873759  d_x2-y2
  429   1   0   0       1.35632599  s
  429   2   1  -1       0.82982434  p_y
  429   2   1   0       0.82982434  p_z
  429   2   1   1       0.82982434  p_x
  429   3   2  -2       0.03890860  d_xy
  429   3   2  -1       0.03890860  d_yz
  429   3   2   0       0.01873759  d_z2
  429   3   2   1       0.03890860  d_xz
  429   3   2   2       0.01873759  d_x2-y2
  430   1   0   0       1.35632599  s
  430   2   1  -1       0.82982434  p_y
  430   2   1   0       0.82982434  p_z
  430   2   1   1       0.82982434  p_x
  430   3   2  -2       0.03890860  d_xy
  430   3   2  -1       0.03890860  d_yz
  430   3   2   0       0.01873759  d_z2
  430   3   2   1       0.03890860  d_xz
  430   3   2   2       0.01873759  d_x2-y2
  431   1   0   0       1.35632599  s
  431   2   1  -1       0.82982434  p_y
  431   2   1   0       0.82982434  p_z
  431   2   1   1       0.82982434  p_x
  431   3   2  -2       0.03890860  d_xy
  431   3   2  -1       0.03890860  d_yz
  431   3   2   0       0.01873759  d_z2
  431   3   2   1       0.03890860  d_xz
  431   3   2   2       0.01873759  d_x2-y2
  432   1   0   0       1.35632599  s
  432   2   1  -1       0.82982434  p_y
  432   2   1   0       0.82982434  p_z
  432   2   1   1       0.82982434  p_x
  432   3   2  -2       0.03890860  d_xy
  432   3   2  -1       0.03890860  d_yz
  432   3   2   0       0.01873759  d_z2
  432   3   2   1       0.03890860  d_xz
  432   3   2   2       0.01873759  d_x2-y2
  433   1   0   0       1.35632599  s
  433   2   1  -1       0.82982434  p_y
  433   2   1   0       0.82982434  p_z
  433   2   1   1       0.82982434  p_x
  433   3   2  -2       0.03890860  d_xy
  433   3   2  -1       0.03890860  d_yz
  433   3   2   0       0.01873759  d_z2
  433   3   2   1       0.03890860  d_xz
  433   3   2   2       0.01873759  d_x2-y2
  434   1   0   0       1.35632599  s
  434   2   1  -1       0.82982434  p_y
  434   2   1   0       0.82982434  p_z
  434   2   1   1       0.82982434  p_x
  434   3   2  -2       0.03890860  d_xy
  434   3   2  -1       0.03890860  d_yz
  434   3   2   0       0.01873759  d_z2
  434   3   2   1       0.03890860  d_xz
  434   3   2   2       0.01873759  d_x2-y2
  435   1   0   0       1.35632599  s
  435   2   1  -1       0.82982434  p_y
  435   2   1   0       0.82982434  p_z
  435   2   1   1       0.82982434  p_x
  435   3   2  -2       0.03890860  d_xy
  435   3   2  -1       0.03890860  d_yz
  435   3   2   0       0.01873759  d_z2
  435   3   2   1       0.03890860  d_xz
  435   3   2   2       0.01873759  d_x2-y2
  436   1   0   0       1.35632599  s
  436   2   1  -1       0.82982434  p_y
  436   2   1   0       0.82982434  p_z
  436   2   1   1       0.82982434  p_x
  436   3   2  -2       0.03890860  d_xy
  436   3   2  -1       0.03890860  d_yz
  436   3   2   0       0.01873759  d_z2
  436   3   2   1       0.03890860  d_xz
  436   3   2   2       0.01873759  d_x2-y2
  437   1   0   0       1.35632599  s
  437   2   1  -1       0.82982434  p_y
  437   2   1   0       0.82982434  p_z
  437   2   1   1       0.82982434  p_x
  437   3   2  -2       0.03890860  d_xy
  437   3   2  -1       0.03890860  d_yz
  437   3   2   0       0.01873759  d_z2
  437   3   2   1       0.03890860  d_xz
  437   3   2   2       0.01873759  d_x2-y2
  438   1   0   0       1.35632599  s
  438   2   1  -1       0.82982434  p_y
  438   2   1   0       0.82982434  p_z
  438   2   1   1       0.82982434  p_x
  438   3   2  -2       0.03890860  d_xy
  438   3   2  -1       0.03890860  d_yz
  438   3   2   0       0.01873759  d_z2
  438   3   2   1       0.03890860  d_xz
  438   3   2   2       0.01873759  d_x2-y2
  439   1   0   0       1.35632599  s
  439   2   1  -1       0.82982434  p_y
  439   2   1   0       0.82982434  p_z
  439   2   1   1       0.82982434  p_x
  439   3   2  -2       0.03890860  d_xy
  439   3   2  -1       0.03890860  d_yz
  439   3   2   0       0.01873759  d_z2
  439   3   2   1       0.03890860  d_xz
  439   3   2   2       0.01873759  d_x2-y2
  440   1   0   0       1.35632599  s
  440   2   1  -1       0.82982434  p_y
  440   2   1   0       0.82982434  p_z
  440   2   1   1       0.82982434  p_x
  440   3   2  -2       0.03890860  d_xy
  440   3   2  -1       0.03890860  d_yz
  440   3   2   0       0.01873759  d_z2
  440   3   2   1       0.03890860  d_xz
  440   3   2   2       0.01873759  d_x2-y2
  441   1   0   0       1.35632599  s
  441   2   1  -1       0.82982434  p_y
  441   2   1   0       0.82982434  p_z
  441   2   1   1       0.82982434  p_x
  441   3   2  -2       0.03890860  d_xy
  441   3   2  -1       0.03890860  d_yz
  441   3   2   0       0.01873759  d_z2
  441   3   2   1       0.03890860  d_xz
  441   3   2   2       0.01873759  d_x2-y2
  442   1   0   0       1.35632599  s
  442   2   1  -1       0.82982434  p_y
  442   2   1   0       0.82982434  p_z
  442   2   1   1       0.82982434  p_x
  442   3   2  -2       0.03890860  d_xy
  442   3   2  -1       0.03890860  d_yz
  442   3   2   0       0.01873759  d_z2
  442   3   2   1       0.03890860  d_xz
  442   3   2   2       0.01873759  d_x2-y2
  443   1   0   0       1.35632599  s
  443   2   1  -1       0.82982434  p_y
  443   2   1   0       0.82982434  p_z
  443   2   1   1       0.82982434  p_x
  443   3   2  -2       0.03890860  d_xy
  443   3   2  -1       0.03890860  d_yz
  443   3   2   0       0.01873759  d_z2
  443   3   2   1       0.03890860  d_xz
  443   3   2   2       0.01873759  d_x2-y2
  444   1   0   0       1.35632599  s
  444   2   1  -1       0.82982434  p_y
  444   2   1   0       0.82982434  p_z
  444   2   1   1       0.82982434  p_x
  444   3   2  -2       0.03890860  d_xy
  444   3   2  -1       0.03890860  d_yz
  444   3   2   0       0.01873759  d_z2
  444   3   2   1       0.03890860  d_xz
  444   3   2   2       0.01873759  d_x2-y2
  445   1   0   0       1.35632599  s
  445   2   1  -1       0.82982434  p_y
  445   2   1   0       0.82982434  p_z
  445   2   1   1       0.82982434  p_x
  445   3   2  -2       0.03890860  d_xy
  445   3   2  -1       0.03890860  d_yz
  445   3   2   0       0.01873759  d_z2
  445   3   2   1       0.03890860  d_xz
  445   3   2   2       0.01873759  d_x2-y2
  446   1   0   0       1.35632599  s
  446   2   1  -1       0.82982434  p_y
  446   2   1   0       0.82982434  p_z
  446   2   1   1       0.82982434  p_x
  446   3   2  -2       0.03890860  d_xy
  446   3   2  -1       0.03890860  d_yz
  446   3   2   0       0.01873759  d_z2
  446   3   2   1       0.03890860  d_xz
  446   3   2   2       0.01873759  d_x2-y2
  447   1   0   0       1.35632599  s
  447   2   1  -1       0.82982434  p_y
  447   2   1   0       0.82982434  p_z
  447   2   1   1       0.82982434  p_x
  447   3   2  -2       0.03890860  d_xy
  447   3   2  -1       0.03890860  d_yz
  447   3   2   0       0.01873759  d_z2
  447   3   2   1       0.03890860  d_xz
  447   3   2   2       0.01873759  d_x2-y2
  448   1   0   0       1.35632599  s
  448   2   1  -1       0.82982434  p_y
  448   2   1   0       0.82982434  p_z
  448   2   1   1       0.82982434  p_x
  448   3   2  -2       0.03890860  d_xy
  448   3   2  -1       0.03890860  d_yz
  448   3   2   0       0.01873759  d_z2
  448   3   2   1       0.03890860  d_xz
  448   3   2   2       0.01873759  d_x2-y2
  449   1   0   0       1.35632599  s
  449   2   1  -1       0.82982434  p_y
  449   2   1   0       0.82982434  p_z
  449   2   1   1       0.82982434  p_x
  449   3   2  -2       0.03890860  d_xy
  449   3   2  -1       0.03890860  d_yz
  449   3   2   0       0.01873759  d_z2
  449   3   2   1       0.03890860  d_xz
  449   3   2   2       0.01873759  d_x2-y2
  450   1   0   0       1.35632599  s
  450   2   1  -1       0.82982434  p_y
  450   2   1   0       0.82982434  p_z
  450   2   1   1       0.82982434  p_x
  450   3   2  -2       0.03890860  d_xy
  450   3   2  -1       0.03890860  d_yz
  450   3   2   0       0.01873759  d_z2
  450   3   2   1       0.03890860  d_xz
  450   3   2   2       0.01873759  d_x2-y2
  451   1   0   0       1.35632599  s
  451   2   1  -1       0.82982434  p_y
  451   2   1   0       0.82982434  p_z
  451   2   1   1       0.82982434  p_x
  451   3   2  -2       0.03890860  d_xy
  451   3   2  -1       0.03890860  d_yz
  451   3   2   0       0.01873759  d_z2
  451   3   2   1       0.03890860  d_xz
  451   3   2   2       0.01873759  d_x2-y2
  452   1   0   0       1.35632599  s
  452   2   1  -1       0.82982434  p_y
  452   2   1   0       0.82982434  p_z
  452   2   1   1       0.82982434  p_x
  452   3   2  -2       0.03890860  d_xy
  452   3   2  -1       0.03890860  d_yz
  452   3   2   0       0.01873759  d_z2
  452   3   2   1       0.03890860  d_xz
  452   3   2   2       0.01873759  d_x2-y2
  453   1   0   0       1.35632599  s
  453   2   1  -1       0.82982434  p_y
  453   2   1   0       0.82982434  p_z
  453   2   1   1       0.82982434  p_x
  453   3   2  -2       0.03890860  d_xy
  453   3   2  -1       0.03890860  d_yz
  453   3   2   0       0.01873759  d_z2
  453   3   2   1       0.03890860  d_xz
  453   3   2   2       0.01873759  d_x2-y2
  454   1   0   0       1.35632599  s
  454   2   1  -1       0.82982434  p_y
  454   2   1   0       0.82982434  p_z
  454   2   1   1       0.82982434  p_x
  454   3   2  -2       0.03890860  d_xy
  454   3   2  -1       0.03890860  d_yz
  454   3   2   0       0.01873759  d_z2
  454   3   2   1       0.03890860  d_xz
  454   3   2   2       0.01873759  d_x2-y2
  455   1   0   0       1.35632599  s
  455   2   1  -1       0.82982434  p_y
  455   2   1   0       0.82982434  p_z
  455   2   1   1       0.82982434  p_x
  455   3   2  -2       0.03890860  d_xy
  455   3   2  -1       0.03890860  d_yz
  455   3   2   0       0.01873759  d_z2
  455   3   2   1       0.03890860  d_xz
  455   3   2   2       0.01873759  d_x2-y2
  456   1   0   0       1.35632599  s
  456   2   1  -1       0.82982434  p_y
  456   2   1   0       0.82982434  p_z
  456   2   1   1       0.82982434  p_x
  456   3   2  -2       0.03890860  d_xy
  456   3   2  -1       0.03890860  d_yz
  456   3   2   0       0.01873759  d_z2
  456   3   2   1       0.03890860  d_xz
  456   3   2   2       0.01873759  d_x2-y2
  457   1   0   0       1.35632599  s
  457   2   1  -1       0.82982434  p_y
  457   2   1   0       0.82982434  p_z
  457   2   1   1       0.82982434  p_x
  457   3   2  -2       0.03890860  d_xy
  457   3   2  -1       0.03890860  d_yz
  457   3   2   0       0.01873759  d_z2
  457   3   2   1       0.03890860  d_xz
  457   3   2   2       0.01873759  d_x2-y2
  458   1   0   0       1.35632599  s
  458   2   1  -1       0.82982434  p_y
  458   2   1   0       0.82982434  p_z
  458   2   1   1       0.82982434  p_x
  458   3   2  -2       0.03890860  d_xy
  458   3   2  -1       0.03890860  d_yz
  458   3   2   0       0.01873759  d_z2
  458   3   2   1       0.03890860  d_xz
  458   3   2   2       0.01873759  d_x2-y2
  459   1   0   0       1.35632599  s
  459   2   1  -1       0.82982434  p_y
  459   2   1   0       0.82982434  p_z
  459   2   1   1       0.82982434  p_x
  459   3   2  -2       0.03890860  d_xy
  459   3   2  -1       0.03890860  d_yz
  459   3   2   0       0.01873759  d_z2
  459   3   2   1       0.03890860  d_xz
  459   3   2   2       0.01873759  d_x2-y2
  460   1   0   0       1.35632599  s
  460   2   1  -1       0.82982434  p_y
  460   2   1   0       0.82982434  p_z
  460   2   1   1       0.82982434  p_x
  460   3   2  -2       0.03890860  d_xy
  460   3   2  -1       0.03890860  d_yz
  460   3   2   0       0.01873759  d_z2
  460   3   2   1       0.03890860  d_xz
  460   3   2   2       0.01873759  d_x2-y2
  461   1   0   0       1.35632599  s
  461   2   1  -1       0.82982434  p_y
  461   2   1   0       0.82982434  p_z
  461   2   1   1       0.82982434  p_x
  461   3   2  -2       0.03890860  d_xy
  461   3   2  -1       0.03890860  d_yz
  461   3   2   0       0.01873759  d_z2
  461   3   2   1       0.03890860  d_xz
  461   3   2   2       0.01873759  d_x2-y2
  462   1   0   0       1.35632599  s
  462   2   1  -1       0.82982434  p_y
  462   2   1   0       0.82982434  p_z
  462   2   1   1       0.82982434  p_x
  462   3   2  -2       0.03890860  d_xy
  462   3   2  -1       0.03890860  d_yz
  462   3   2   0       0.01873759  d_z2
  462   3   2   1       0.03890860  d_xz
  462   3   2   2       0.01873759  d_x2-y2
  463   1   0   0       1.35632599  s
  463   2   1  -1       0.82982434  p_y
  463   2   1   0       0.82982434  p_z
  463   2   1   1       0.82982434  p_x
  463   3   2  -2       0.03890860  d_xy
  463   3   2  -1       0.03890860  d_yz
  463   3   2   0       0.01873759  d_z2
  463   3   2   1       0.03890860  d_xz
  463   3   2   2       0.01873759  d_x2-y2
  464   1   0   0       1.35632599  s
  464   2   1  -1       0.82982434  p_y
  464   2   1   0       0.82982434  p_z
  464   2   1   1       0.82982434  p_x
  464   3   2  -2       0.03890860  d_xy
  464   3   2  -1       0.03890860  d_yz
  464   3   2   0       0.01873759  d_z2
  464   3   2   1       0.03890860  d_xz
  464   3   2   2       0.01873759  d_x2-y2
  465   1   0   0       1.35632599  s
  465   2   1  -1       0.82982434  p_y
  465   2   1   0       0.82982434  p_z
  465   2   1   1       0.82982434  p_x
  465   3   2  -2       0.03890860  d_xy
  465   3   2  -1       0.03890860  d_yz
  465   3   2   0       0.01873759  d_z2
  465   3   2   1       0.03890860  d_xz
  465   3   2   2       0.01873759  d_x2-y2
  466   1   0   0       1.35632599  s
  466   2   1  -1       0.82982434  p_y
  466   2   1   0       0.82982434  p_z
  466   2   1   1       0.82982434  p_x
  466   3   2  -2       0.03890860  d_xy
  466   3   2  -1       0.03890860  d_yz
  466   3   2   0       0.01873759  d_z2
  466   3   2   1       0.03890860  d_xz
  466   3   2   2       0.01873759  d_x2-y2
  467   1   0   0       1.35632599  s
  467   2   1  -1       0.82982434  p_y
  467   2   1   0       0.82982434  p_z
  467   2   1   1       0.82982434  p_x
  467   3   2  -2       0.03890860  d_xy
  467   3   2  -1       0.03890860  d_yz
  467   3   2   0       0.01873759  d_z2
  467   3   2   1       0.03890860  d_xz
  467   3   2   2       0.01873759  d_x2-y2
  468   1   0   0       1.35632599  s
  468   2   1  -1       0.82982434  p_y
  468   2   1   0       0.82982434  p_z
  468   2   1   1       0.82982434  p_x
  468   3   2  -2       0.03890860  d_xy
  468   3   2  -1       0.03890860  d_yz
  468   3   2   0       0.01873759  d_z2
  468   3   2   1       0.03890860  d_xz
  468   3   2   2       0.01873759  d_x2-y2
  469   1   0   0       1.35632599  s
  469   2   1  -1       0.82982434  p_y
  469   2   1   0       0.82982434  p_z
  469   2   1   1       0.82982434  p_x
  469   3   2  -2       0.03890860  d_xy
  469   3   2  -1       0.03890860  d_yz
  469   3   2   0       0.01873759  d_z2
  469   3   2   1       0.03890860  d_xz
  469   3   2   2       0.01873759  d_x2-y2
  470   1   0   0       1.35632599  s
  470   2   1  -1       0.82982434  p_y
  470   2   1   0       0.82982434  p_z
  470   2   1   1       0.82982434  p_x
  470   3   2  -2       0.03890860  d_xy
  470   3   2  -1       0.03890860  d_yz
  470   3   2   0       0.01873759  d_z2
  470   3   2   1       0.03890860  d_xz
  470   3   2   2       0.01873759  d_x2-y2
  471   1   0   0       1.35632599  s
  471   2   1  -1       0.82982434  p_y
  471   2   1   0       0.82982434  p_z
  471   2   1   1       0.82982434  p_x
  471   3   2  -2       0.03890860  d_xy
  471   3   2  -1       0.03890860  d_yz
  471   3   2   0       0.01873759  d_z2
  471   3   2   1       0.03890860  d_xz
  471   3   2   2       0.01873759  d_x2-y2
  472   1   0   0       1.35632599  s
  472   2   1  -1       0.82982434  p_y
  472   2   1   0       0.82982434  p_z
  472   2   1   1       0.82982434  p_x
  472   3   2  -2       0.03890860  d_xy
  472   3   2  -1       0.03890860  d_yz
  472   3   2   0       0.01873759  d_z2
  472   3   2   1       0.03890860  d_xz
  472   3   2   2       0.01873759  d_x2-y2
  473   1   0   0       1.35632599  s
  473   2   1  -1       0.82982434  p_y
  473   2   1   0       0.82982434  p_z
  473   2   1   1       0.82982434  p_x
  473   3   2  -2       0.03890860  d_xy
  473   3   2  -1       0.03890860  d_yz
  473   3   2   0       0.01873759  d_z2
  473   3   2   1       0.03890860  d_xz
  473   3   2   2       0.01873759  d_x2-y2
  474   1   0   0       1.35632599  s
  474   2   1  -1       0.82982434  p_y
  474   2   1   0       0.82982434  p_z
  474   2   1   1       0.82982434  p_x
  474   3   2  -2       0.03890860  d_xy
  474   3   2  -1       0.03890860  d_yz
  474   3   2   0       0.01873759  d_z2
  474   3   2   1       0.03890860  d_xz
  474   3   2   2       0.01873759  d_x2-y2
  475   1   0   0       1.35632599  s
  475   2   1  -1       0.82982434  p_y
  475   2   1   0       0.82982434  p_z
  475   2   1   1       0.82982434  p_x
  475   3   2  -2       0.03890860  d_xy
  475   3   2  -1       0.03890860  d_yz
  475   3   2   0       0.01873759  d_z2
  475   3   2   1       0.03890860  d_xz
  475   3   2   2       0.01873759  d_x2-y2
  476   1   0   0       1.35632599  s
  476   2   1  -1       0.82982434  p_y
  476   2   1   0       0.82982434  p_z
  476   2   1   1       0.82982434  p_x
  476   3   2  -2       0.03890860  d_xy
  476   3   2  -1       0.03890860  d_yz
  476   3   2   0       0.01873759  d_z2
  476   3   2   1       0.03890860  d_xz
  476   3   2   2       0.01873759  d_x2-y2
  477   1   0   0       1.35632599  s
  477   2   1  -1       0.82982434  p_y
  477   2   1   0       0.82982434  p_z
  477   2   1   1       0.82982434  p_x
  477   3   2  -2       0.03890860  d_xy
  477   3   2  -1       0.03890860  d_yz
  477   3   2   0       0.01873759  d_z2
  477   3   2   1       0.03890860  d_xz
  477   3   2   2       0.01873759  d_x2-y2
  478   1   0   0       1.35632599  s
  478   2   1  -1       0.82982434  p_y
  478   2   1   0       0.82982434  p_z
  478   2   1   1       0.82982434  p_x
  478   3   2  -2       0.03890860  d_xy
  478   3   2  -1       0.03890860  d_yz
  478   3   2   0       0.01873759  d_z2
  478   3   2   1       0.03890860  d_xz
  478   3   2   2       0.01873759  d_x2-y2
  479   1   0   0       1.35632599  s
  479   2   1  -1       0.82982434  p_y
  479   2   1   0       0.82982434  p_z
  479   2   1   1       0.82982434  p_x
  479   3   2  -2       0.03890860  d_xy
  479   3   2  -1       0.03890860  d_yz
  479   3   2   0       0.01873759  d_z2
  479   3   2   1       0.03890860  d_xz
  479   3   2   2       0.01873759  d_x2-y2
  480   1   0   0       1.35632599  s
  480   2   1  -1       0.82982434  p_y
  480   2   1   0       0.82982434  p_z
  480   2   1   1       0.82982434  p_x
  480   3   2  -2       0.03890860  d_xy
  480   3   2  -1       0.03890860  d_yz
  480   3   2   0       0.01873759  d_z2
  480   3   2   1       0.03890860  d_xz
  480   3   2   2       0.01873759  d_x2-y2
  481   1   0   0       1.35632599  s
  481   2   1  -1       0.82982434  p_y
  481   2   1   0       0.82982434  p_z
  481   2   1   1       0.82982434  p_x
  481   3   2  -2       0.03890860  d_xy
  481   3   2  -1       0.03890860  d_yz
  481   3   2   0       0.01873759  d_z2
  481   3   2   1       0.03890860  d_xz
  481   3   2   2       0.01873759  d_x2-y2
  482   1   0   0       1.35632599  s
  482   2   1  -1       0.82982434  p_y
  482   2   1   0       0.82982434  p_z
  482   2   1   1       0.82982434  p_x
  482   3   2  -2       0.03890860  d_xy
  482   3   2  -1       0.03890860  d_yz
  482   3   2   0       0.01873759  d_z2
  482   3   2   1       0.03890860  d_xz
  482   3   2   2       0.01873759  d_x2-y2
  483   1   0   0       1.35632599  s
  483   2   1  -1       0.82982434  p_y
  483   2   1   0       0.82982434  p_z
  483   2   1   1       0.82982434  p_x
  483   3   2  -2       0.03890860  d_xy
  483   3   2  -1       0.03890860  d_yz
  483   3   2   0       0.01873759  d_z2
  483   3   2   1       0.03890860  d_xz
  483   3   2   2       0.01873759  d_x2-y2
  484   1   0   0       1.35632599  s
  484   2   1  -1       0.82982434  p_y
  484   2   1   0       0.82982434  p_z
  484   2   1   1       0.82982434  p_x
  484   3   2  -2       0.03890860  d_xy
  484   3   2  -1       0.03890860  d_yz
  484   3   2   0       0.01873759  d_z2
  484   3   2   1       0.03890860  d_xz
  484   3   2   2       0.01873759  d_x2-y2
  485   1   0   0       1.35632599  s
  485   2   1  -1       0.82982434  p_y
  485   2   1   0       0.82982434  p_z
  485   2   1   1       0.82982434  p_x
  485   3   2  -2       0.03890860  d_xy
  485   3   2  -1       0.03890860  d_yz
  485   3   2   0       0.01873759  d_z2
  485   3   2   1       0.03890860  d_xz
  485   3   2   2       0.01873759  d_x2-y2
  486   1   0   0       1.35632599  s
  486   2   1  -1       0.82982434  p_y
  486   2   1   0       0.82982434  p_z
  486   2   1   1       0.82982434  p_x
  486   3   2  -2       0.03890860  d_xy
  486   3   2  -1       0.03890860  d_yz
  486   3   2   0       0.01873759  d_z2
  486   3   2   1       0.03890860  d_xz
  486   3   2   2       0.01873759  d_x2-y2
  487   1   0   0       1.35632599  s
  487   2   1  -1       0.82982434  p_y
  487   2   1   0       0.82982434  p_z
  487   2   1   1       0.82982434  p_x
  487   3   2  -2       0.03890860  d_xy
  487   3   2  -1       0.03890860  d_yz
  487   3   2   0       0.01873759  d_z2
  487   3   2   1       0.03890860  d_xz
  487   3   2   2       0.01873759  d_x2-y2
  488   1   0   0       1.35632599  s
  488   2   1  -1       0.82982434  p_y
  488   2   1   0       0.82982434  p_z
  488   2   1   1       0.82982434  p_x
  488   3   2  -2       0.03890860  d_xy
  488   3   2  -1       0.03890860  d_yz
  488   3   2   0       0.01873759  d_z2
  488   3   2   1       0.03890860  d_xz
  488   3   2   2       0.01873759  d_x2-y2
  489   1   0   0       1.35632599  s
  489   2   1  -1       0.82982434  p_y
  489   2   1   0       0.82982434  p_z
  489   2   1   1       0.82982434  p_x
  489   3   2  -2       0.03890860  d_xy
  489   3   2  -1       0.03890860  d_yz
  489   3   2   0       0.01873759  d_z2
  489   3   2   1       0.03890860  d_xz
  489   3   2   2       0.01873759  d_x2-y2
  490   1   0   0       1.35632599  s
  490   2   1  -1       0.82982434  p_y
  490   2   1   0       0.82982434  p_z
  490   2   1   1       0.82982434  p_x
  490   3   2  -2       0.03890860  d_xy
  490   3   2  -1       0.03890860  d_yz
  490   3   2   0       0.01873759  d_z2
  490   3   2   1       0.03890860  d_xz
  490   3   2   2       0.01873759  d_x2-y2
  491   1   0   0       1.35632599  s
  491   2   1  -1       0.82982434  p_y
  491   2   1   0       0.82982434  p_z
  491   2   1   1       0.82982434  p_x
  491   3   2  -2       0.03890860  d_xy
  491   3   2  -1       0.03890860  d_yz
  491   3   2   0       0.01873759  d_z2
  491   3   2   1       0.03890860  d_xz
  491   3   2   2       0.01873759  d_x2-y2
  492   1   0   0       1.35632599  s
  492   2   1  -1       0.82982434  p_y
  492   2   1   0       0.82982434  p_z
  492   2   1   1       0.82982434  p_x
  492   3   2  -2       0.03890860  d_xy
  492   3   2  -1       0.03890860  d_yz
  492   3   2   0       0.01873759  d_z2
  492   3   2   1       0.03890860  d_xz
  492   3   2   2       0.01873759  d_x2-y2
  493   1   0   0       1.35632599  s
  493   2   1  -1       0.82982434  p_y
  493   2   1   0       0.82982434  p_z
  493   2   1   1       0.82982434  p_x
  493   3   2  -2       0.03890860  d_xy
  493   3   2  -1       0.03890860  d_yz
  493   3   2   0       0.01873759  d_z2
  493   3   2   1       0.03890860  d_xz
  493   3   2   2       0.01873759  d_x2-y2
  494   1   0   0       1.35632599  s
  494   2   1  -1       0.82982434  p_y
  494   2   1   0       0.82982434  p_z
  494   2   1   1       0.82982434  p_x
  494   3   2  -2       0.03890860  d_xy
  494   3   2  -1       0.03890860  d_yz
  494   3   2   0       0.01873759  d_z2
  494   3   2   1       0.03890860  d_xz
  494   3   2   2       0.01873759  d_x2-y2
  495   1   0   0       1.35632599  s
  495   2   1  -1       0.82982434  p_y
  495   2   1   0       0.82982434  p_z
  495   2   1   1       0.82982434  p_x
  495   3   2  -2       0.03890860  d_xy
  495   3   2  -1       0.03890860  d_yz
  495   3   2   0       0.01873759  d_z2
  495   3   2   1       0.03890860  d_xz
  495   3   2   2       0.01873759  d_x2-y2
  496   1   0   0       1.35632599  s
  496   2   1  -1       0.82982434  p_y
  496   2   1   0       0.82982434  p_z
  496   2   1   1       0.82982434  p_x
  496   3   2  -2       0.03890860  d_xy
  496   3   2  -1       0.03890860  d_yz
  496   3   2   0       0.01873759  d_z2
  496   3   2   1       0.03890860  d_xz
  496   3   2   2       0.01873759  d_x2-y2
  497   1   0   0       1.35632599  s
  497   2   1  -1       0.82982434  p_y
  497   2   1   0       0.82982434  p_z
  497   2   1   1       0.82982434  p_x
  497   3   2  -2       0.03890860  d_xy
  497   3   2  -1       0.03890860  d_yz
  497   3   2   0       0.01873759  d_z2
  497   3   2   1       0.03890860  d_xz
  497   3   2   2       0.01873759  d_x2-y2
  498   1   0   0       1.35632599  s
  498   2   1  -1       0.82982434  p_y
  498   2   1   0       0.82982434  p_z
  498   2   1   1       0.82982434  p_x
  498   3   2  -2       0.03890860  d_xy
  498   3   2  -1       0.03890860  d_yz
  498   3   2   0       0.01873759  d_z2
  498   3   2   1       0.03890860  d_xz
  498   3   2   2       0.01873759  d_x2-y2
  499   1   0   0       1.35632599  s
  499   2   1  -1       0.82982434  p_y
  499   2   1   0       0.82982434  p_z
  499   2   1   1       0.82982434  p_x
  499   3   2  -2       0.03890860  d_xy
  499   3   2  -1       0.03890860  d_yz
  499   3   2   0       0.01873759  d_z2
  499   3   2   1       0.03890860  d_xz
  499   3   2   2       0.01873759  d_x2-y2
  500   1   0   0       1.35632599  s
  500   2   1  -1       0.82982434  p_y
  500   2   1   0       0.82982434  p_z
  500   2   1   1       0.82982434  p_x
  500   3   2  -2       0.03890860  d_xy
  500   3   2  -1       0.03890860  d_yz
  500   3   2   0       0.01873759  d_z2
  500   3   2   1       0.03890860  d_xz
  500   3   2   2       0.01873759  d_x2-y2
  501   1   0   0       1.35632599  s
  501   2   1  -1       0.82982434  p_y
  501   2   1   0       0.82982434  p_z
  501   2   1   1       0.82982434  p_x
  501   3   2  -2       0.03890860  d_xy
  501   3   2  -1       0.03890860  d_yz
  501   3   2   0       0.01873759  d_z2
  501   3   2   1       0.03890860  d_xz
  501   3   2   2       0.01873759  d_x2-y2
  502   1   0   0       1.35632599  s
  502   2   1  -1       0.82982434  p_y
  502   2   1   0       0.82982434  p_z
  502   2   1   1       0.82982434  p_x
  502   3   2  -2       0.03890860  d_xy
  502   3   2  -1       0.03890860  d_yz
  502   3   2   0       0.01873759  d_z2
  502   3   2   1       0.03890860  d_xz
  502   3   2   2       0.01873759  d_x2-y2
  503   1   0   0       1.35632599  s
  503   2   1  -1       0.82982434  p_y
  503   2   1   0       0.82982434  p_z
  503   2   1   1       0.82982434  p_x
  503   3   2  -2       0.03890860  d_xy
  503   3   2  -1       0.03890860  d_yz
  503   3   2   0       0.01873759  d_z2
  503   3   2   1       0.03890860  d_xz
  503   3   2   2       0.01873759  d_x2-y2
  504   1   0   0       1.35632599  s
  504   2   1  -1       0.82982434  p_y
  504   2   1   0       0.82982434  p_z
  504   2   1   1       0.82982434  p_x
  504   3   2  -2       0.03890860  d_xy
  504   3   2  -1       0.03890860  d_yz
  504   3   2   0       0.01873759  d_z2
  504   3   2   1       0.03890860  d_xz
  504   3   2   2       0.01873759  d_x2-y2
  505   1   0   0       1.35632599  s
  505   2   1  -1       0.82982434  p_y
  505   2   1   0       0.82982434  p_z
  505   2   1   1       0.82982434  p_x
  505   3   2  -2       0.03890860  d_xy
  505   3   2  -1       0.03890860  d_yz
  505   3   2   0       0.01873759  d_z2
  505   3   2   1       0.03890860  d_xz
  505   3   2   2       0.01873759  d_x2-y2
  506   1   0   0       1.35632599  s
  506   2   1  -1       0.82982434  p_y
  506   2   1   0       0.82982434  p_z
  506   2   1   1       0.82982434  p_x
  506   3   2  -2       0.03890860  d_xy
  506   3   2  -1       0.03890860  d_yz
  506   3   2   0       0.01873759  d_z2
  506   3   2   1       0.03890860  d_xz
  506   3   2   2       0.01873759  d_x2-y2
  507   1   0   0       1.35632599  s
  507   2   1  -1       0.82982434  p_y
  507   2   1   0       0.82982434  p_z
  507   2   1   1       0.82982434  p_x
  507   3   2  -2       0.03890860  d_xy
  507   3   2  -1       0.03890860  d_yz
  507   3   2   0       0.01873759  d_z2
  507   3   2   1       0.03890860  d_xz
  507   3   2   2       0.01873759  d_x2-y2
  508   1   0   0       1.35632599  s
  508   2   1  -1       0.82982434  p_y
  508   2   1   0       0.82982434  p_z
  508   2   1   1       0.82982434  p_x
  508   3   2  -2       0.03890860  d_xy
  508   3   2  -1       0.03890860  d_yz
  508   3   2   0       0.01873759  d_z2
  508   3   2   1       0.03890860  d_xz
  508   3   2   2       0.01873759  d_x2-y2
  509   1   0   0       1.35632599  s
  509   2   1  -1       0.82982434  p_y
  509   2   1   0       0.82982434  p_z
  509   2   1   1       0.82982434  p_x
  509   3   2  -2       0.03890860  d_xy
  509   3   2  -1       0.03890860  d_yz
  509   3   2   0       0.01873759  d_z2
  509   3   2   1       0.03890860  d_xz
  509   3   2   2       0.01873759  d_x2-y2
  510   1   0   0       1.35632599  s
  510   2   1  -1       0.82982434  p_y
  510   2   1   0       0.82982434  p_z
  510   2   1   1       0.82982434  p_x
  510   3   2  -2       0.03890860  d_xy
  510   3   2  -1       0.03890860  d_yz
  510   3   2   0       0.01873759  d_z2
  510   3   2   1       0.03890860  d_xz
  510   3   2   2       0.01873759  d_x2-y2
  511   1   0   0       1.35632599  s
  511   2   1  -1       0.82982434  p_y
  511   2   1   0       0.82982434  p_z
  511   2   1   1       0.82982434  p_x
  511   3   2  -2       0.03890860  d_xy
  511   3   2  -1       0.03890860  d_yz
  511   3   2   0       0.01873759  d_z2
  511   3   2   1       0.03890860  d_xz
  511   3   2   2       0.01873759  d_x2-y2
  512   1   0   0       1.35632599  s
  512   2   1  -1       0.82982434  p_y
  512   2   1   0       0.82982434  p_z
  512   2   1   1       0.82982434  p_x
  512   3   2  -2       0.03890860  d_xy
  512   3   2  -1       0.03890860  d_yz
  512   3   2   0       0.01873759  d_z2
  512   3   2   1       0.03890860  d_xz
  512   3   2   2       0.01873759  d_x2-y2

Fermi level:                        -0.1334829645 H           -3.6323 eV
Band energy:                      -706.1084353104 H       -19214.1881 eV
TS:                                  0.0000000000 H            0.0000 eV
Band free energy (E-TS):          -706.1084353104 H       -19214.1881 eV
Extrapolated E(0K):               -706.1084353104 H       -19214.1881 eV
Input / Output electrons (q):   2048.0000000000   2047.9999999999

Energy H0:                        -706.1084353105 H       -19214.1881 eV
Energy SCC:                         -0.0000000000 H           -0.0000 eV
Total Electronic energy:          -706.1084353105 H       -19214.1881 eV
Repulsive energy:                    0.0000000000 H            0.0000 eV
Total energy:                     -706.1084353105 H       -19214.1881 eV
Extrapolated to 0:                -706.1084353105 H       -19214.1881 eV
Total Mermin free energy:         -706.1084353105 H       -19214.1881 eV
Force related energy:             -706.1084353105 H       -19214.1881 eV

Non-constrained calculation

SCC converged

Warning: dipole moment is not defined absolutely!
Dipole moment:   -0.00000000   -0.00000000   -0.00000000 au
Dipole moment:   -0.00000000   -0.00000000   -0.00000000 Debye


