 Fermi distribution function

Calculation with static geometry


********************************************************************************
 iSCC Total electronic   Diff electronic      SCC error    
   11   -0.70432283E+03   -0.11975703E-06    0.79881605E-05
********************************************************************************

 Total charge:    -0.00000000

 Atomic gross charges (e)
 Atom           Charge
    1       0.00039286
    2       0.00156290
    3       0.00615080
    4      -0.01683850
    5       0.00060024
    6       0.00172744
    7       0.00615088
    8      -0.00012751
    9       0.00060024
   10       0.00156290
   11       0.00060024
   12       0.00156290
   13       0.00039285
   14       0.00031688
   15       0.00060024
   16      -0.00012751
   17       0.00060024
   18       0.00172743
   19       0.00615078
   20      -0.00012752
   21       0.00114977
   22       0.00172743
   23      -0.00032276
   24       0.00031689
   25       0.00060023
   26      -0.00012752
   27       0.00039286
   28       0.00031688
   29      -0.00032278
   30      -0.00012752
   31      -0.00032270
   32      -0.00012751
   33       0.00009096
   34      -0.00006526
   35       0.00017643
   36      -0.00005230
   37       0.00001259
   38      -0.00088348
   39      -0.00251474
   40      -0.00005229
   41       0.00017644
   42      -0.00088349
   43       0.00017644
   44      -0.00088348
   45       0.00001258
   46      -0.00006526
   47      -0.00039107
   48      -0.00088348
   49       0.00001258
   50      -0.00088348
   51      -0.00251474
   52      -0.00005229
   53      -0.00039107
   54      -0.00120514
   55      -0.00251474
   56      -0.00008864
   57      -0.00039108
   58      -0.00088350
   59       0.00001259
   60      -0.00006526
   61       0.00001258
   62      -0.00008865
   63       0.00001258
   64      -0.00008865
   65       0.00026258
   66      -0.00113326
   67      -0.00113328
   68       0.00026257
   69      -0.00013825
   70      -0.00063876
   71      -0.00013824
   72      -0.00372572
   73       0.00002342
   74       0.00002344
   75      -0.00113322
   76      -0.00113324
   77       0.00030192
   78      -0.00060488
   79      -0.00013825
   80      -0.00060491
   81      -0.00113323
   82       0.00045880
   83      -0.00113327
   84      -0.00001090
   85      -0.00063875
   86      -0.00063876
   87      -0.00060488
   88      -0.00060487
   89       0.00002342
   90      -0.00001090
   91       0.00026258
   92      -0.00001091
   93      -0.00060489
   94      -0.00372572
   95      -0.00372573
   96      -0.00060491
   97       0.00132722
   98       0.00001256
   99       0.00017639
  100       0.00001255
  101      -0.00005232
  102       0.00072447
  103       0.00072447
  104       0.00011361
  105       0.00017641
  106       0.00045362
  107       0.00154127
  108       0.00227828
  109      -0.00006528
  110       0.00081476
  111       0.00072447
  112       0.00072447
  113      -0.00018333
  114       0.00227828
  115       0.00227828
  116       0.00001256
  117       0.00072447
  118       0.00106603
  119       0.00072447
  120      -0.00018581
  121       0.00045361
  122       0.00045361
  123      -0.00018333
  124       0.00001257
  125      -0.00006529
  126      -0.00018583
  127      -0.00005234
  128      -0.00008867
  129       0.00026261
  130      -0.00113317
  131      -0.00113320
  132       0.00026260
  133      -0.00113314
  134       0.00045889
  135      -0.00113319
  136      -0.00001089
  137      -0.00113317
  138      -0.00113319
  139       0.00002342
  140       0.00002344
  141       0.00026259
  142      -0.00001091
  143       0.00002342
  144      -0.00001090
  145      -0.00013823
  146      -0.00063874
  147      -0.00013822
  148      -0.00372579
  149      -0.00063873
  150      -0.00063874
  151      -0.00060488
  152      -0.00060487
  153      -0.00013824
  154      -0.00060490
  155       0.00030192
  156      -0.00060487
  157      -0.00372587
  158      -0.00060489
  159      -0.00060487
  160      -0.00372586
  161       0.00132722
  162       0.00001256
  163       0.00017641
  164       0.00001256
  165      -0.00018327
  166       0.00227832
  167       0.00227833
  168       0.00001256
  169       0.00154131
  170       0.00227839
  171       0.00017640
  172       0.00045361
  173      -0.00018329
  174       0.00001256
  175       0.00045360
  176       0.00045361
  177      -0.00005232
  178       0.00072446
  179       0.00072446
  180       0.00011324
  181       0.00072449
  182       0.00106601
  183       0.00072448
  184      -0.00018581
  185       0.00072447
  186       0.00072447
  187      -0.00006528
  188       0.00081477
  189      -0.00005231
  190      -0.00008867
  191      -0.00006528
  192      -0.00018582
  193      -0.01683990
  194       0.00615063
  195       0.00156280
  196       0.00039283
  197       0.00615065
  198       0.00172734
  199       0.00060019
  200      -0.00012754
  201       0.00156280
  202       0.00060019
  203       0.00156280
  204       0.00060020
  205       0.00039283
  206      -0.00012756
  207       0.00060018
  208       0.00031685
  209       0.00615055
  210       0.00172734
  211       0.00060019
  212      -0.00012755
  213       0.00172734
  214       0.00114970
  215       0.00031686
  216      -0.00032275
  217       0.00060017
  218       0.00031685
  219       0.00039284
  220      -0.00012757
  221      -0.00012756
  222      -0.00032275
  223      -0.00012757
  224      -0.00032284
  225       0.00012873
  226      -0.00005234
  227       0.00017638
  228      -0.00006529
  229       0.00011340
  230      -0.00251483
  231      -0.00088356
  232      -0.00018330
  233       0.00154113
  234      -0.00088356
  235       0.00154117
  236      -0.00088354
  237       0.00081472
  238      -0.00018331
  239      -0.00088355
  240      -0.00039113
  241       0.00011302
  242      -0.00251483
  243      -0.00088356
  244      -0.00018337
  245      -0.00251481
  246      -0.00120522
  247      -0.00039113
  248       0.00023630
  249      -0.00088356
  250      -0.00039113
  251       0.00081473
  252      -0.00018334
  253       0.00001254
  254      -0.00018584
  255       0.00001255
  256      -0.00018585
  257       0.00030192
  258       0.00002343
  259      -0.00013824
  260       0.00026258
  261       0.00002341
  262      -0.00063876
  263      -0.00113322
  264      -0.00060490
  265      -0.00013825
  266      -0.00113322
  267      -0.00013825
  268      -0.00113319
  269       0.00026258
  270      -0.00060488
  271      -0.00113315
  272      -0.00372586
  273       0.00002341
  274      -0.00063875
  275      -0.00113322
  276      -0.00060491
  277      -0.00063875
  278       0.00045886
  279      -0.00372587
  280      -0.00001092
  281      -0.00113319
  282      -0.00372579
  283       0.00026260
  284      -0.00060488
  285      -0.00060490
  286      -0.00001090
  287      -0.00060488
  288      -0.00001091
  289       0.00132722
  290       0.00081476
  291       0.00154130
  292       0.00011333
  293      -0.00006528
  294       0.00045360
  295       0.00072447
  296       0.00001255
  297       0.00017640
  298       0.00072446
  299       0.00017638
  300       0.00072445
  301      -0.00005231
  302       0.00001255
  303       0.00072448
  304       0.00227830
  305      -0.00006529
  306       0.00045360
  307       0.00072444
  308       0.00001255
  309       0.00045359
  310       0.00106600
  311       0.00227831
  312      -0.00008868
  313       0.00072446
  314       0.00227837
  315      -0.00005234
  316       0.00001256
  317      -0.00018331
  318      -0.00018583
  319      -0.00018328
  320      -0.00018582
  321       0.00039283
  322       0.00060018
  323       0.00060017
  324       0.00039282
  325       0.00060016
  326       0.00114967
  327       0.00060017
  328      -0.00032277
  329       0.00060016
  330       0.00060017
  331       0.00615048
  332       0.00615054
  333       0.00039282
  334      -0.00032277
  335       0.00615056
  336      -0.00032284
  337       0.00156276
  338       0.00172730
  339       0.00156276
  340       0.00031684
  341       0.00172730
  342       0.00172731
  343      -0.00012758
  344      -0.00012758
  345       0.00156276
  346      -0.00012757
  347      -0.01684042
  348      -0.00012758
  349       0.00031685
  350      -0.00012756
  351      -0.00012758
  352       0.00031684
  353       0.00012873
  354      -0.00018336
  355       0.00154108
  356      -0.00018337
  357       0.00001254
  358      -0.00039115
  359      -0.00039115
  360      -0.00018332
  361       0.00017637
  362      -0.00039116
  363       0.00154111
  364      -0.00251486
  365       0.00001253
  366      -0.00018333
  367      -0.00251485
  368      -0.00251486
  369       0.00081471
  370      -0.00088357
  371      -0.00088358
  372      -0.00006530
  373      -0.00088358
  374      -0.00120526
  375      -0.00088359
  376      -0.00018585
  377      -0.00088359
  378      -0.00088358
  379       0.00011303
  380      -0.00005235
  381       0.00081471
  382       0.00023630
  383       0.00011331
  384      -0.00018585
  385       0.00039283
  386       0.00060019
  387       0.00060019
  388       0.00039283
  389       0.00156282
  390       0.00172732
  391       0.00156282
  392       0.00031685
  393       0.00615057
  394       0.00615062
  395       0.00060018
  396       0.00060019
  397      -0.01683905
  398      -0.00012756
  399       0.00156283
  400      -0.00012754
  401       0.00060018
  402       0.00114969
  403       0.00060018
  404      -0.00032287
  405       0.00172731
  406       0.00172732
  407      -0.00012757
  408      -0.00012756
  409       0.00615054
  410      -0.00032284
  411       0.00039283
  412      -0.00032278
  413      -0.00012756
  414       0.00031685
  415       0.00031686
  416      -0.00012754
  417       0.00012873
  418      -0.00018331
  419       0.00154121
  420      -0.00018333
  421       0.00081472
  422      -0.00088354
  423      -0.00088355
  424      -0.00006529
  425       0.00154120
  426      -0.00251488
  427       0.00017639
  428      -0.00039113
  429       0.00011303
  430      -0.00005233
  431      -0.00088354
  432      -0.00088354
  433       0.00001254
  434      -0.00039113
  435      -0.00039113
  436      -0.00018335
  437      -0.00088355
  438      -0.00120523
  439      -0.00088356
  440      -0.00018585
  441      -0.00251486
  442      -0.00251487
  443       0.00001254
  444      -0.00018332
  445       0.00011293
  446      -0.00018584
  447       0.00081473
  448       0.00023620
  449       0.00026256
  450      -0.00013828
  451       0.00002339
  452       0.00030190
  453      -0.00113326
  454      -0.00063880
  455       0.00002339
  456      -0.00060492
  457      -0.00113329
  458      -0.00013829
  459      -0.00113325
  460      -0.00013828
  461       0.00026255
  462      -0.00372585
  463      -0.00113324
  464      -0.00060492
  465      -0.00113326
  466      -0.00063879
  467       0.00002338
  468      -0.00060493
  469       0.00045878
  470      -0.00063880
  471      -0.00001094
  472      -0.00372585
  473      -0.00113328
  474      -0.00060492
  475       0.00026256
  476      -0.00372578
  477      -0.00001093
  478      -0.00060491
  479      -0.00001093
  480      -0.00060493
  481       0.00011339
  482       0.00154114
  483       0.00081471
  484      -0.00018335
  485       0.00072444
  486       0.00045357
  487       0.00081471
  488       0.00154109
  489       0.00072442
  490       0.00154118
  491       0.00072442
  492      -0.00018338
  493       0.00011330
  494       0.00227825
  495       0.00072444
  496      -0.00018338
  497       0.00072442
  498       0.00045357
  499       0.00081470
  500       0.00227825
  501       0.00106597
  502       0.00045357
  503       0.00023619
  504       0.00227831
  505       0.00072443
  506      -0.00018337
  507       0.00011331
  508      -0.00018337
  509       0.00023619
  510      -0.00018334
  511       0.00023629

Nr. of electrons (up):   2044.00000000
Atom populations (up)
 Atom       Population
    1       3.99960714
    2       3.99843710
    3       3.99384920
    4       4.01683850
    5       3.99939976
    6       3.99827256
    7       3.99384912
    8       4.00012751
    9       3.99939976
   10       3.99843710
   11       3.99939976
   12       3.99843710
   13       3.99960715
   14       3.99968312
   15       3.99939976
   16       4.00012751
   17       3.99939976
   18       3.99827257
   19       3.99384922
   20       4.00012752
   21       3.99885023
   22       3.99827257
   23       4.00032276
   24       3.99968311
   25       3.99939977
   26       4.00012752
   27       3.99960714
   28       3.99968312
   29       4.00032278
   30       4.00012752
   31       4.00032270
   32       4.00012751
   33       3.99990904
   34       4.00006526
   35       3.99982357
   36       4.00005230
   37       3.99998741
   38       4.00088348
   39       4.00251474
   40       4.00005229
   41       3.99982356
   42       4.00088349
   43       3.99982356
   44       4.00088348
   45       3.99998742
   46       4.00006526
   47       4.00039107
   48       4.00088348
   49       3.99998742
   50       4.00088348
   51       4.00251474
   52       4.00005229
   53       4.00039107
   54       4.00120514
   55       4.00251474
   56       4.00008864
   57       4.00039108
   58       4.00088350
   59       3.99998741
   60       4.00006526
   61       3.99998742
   62       4.00008865
   63       3.99998742
   64       4.00008865
   65       3.99973742
   66       4.00113326
   67       4.00113328
   68       3.99973743
   69       4.00013825
   70       4.00063876
   71       4.00013824
   72       4.00372572
   73       3.99997658
   74       3.99997656
   75       4.00113322
   76       4.00113324
   77       3.99969808
   78       4.00060488
   79       4.00013825
   80       4.00060491
   81       4.00113323
   82       3.99954120
   83       4.00113327
   84       4.00001090
   85       4.00063875
   86       4.00063876
   87       4.00060488
   88       4.00060487
   89       3.99997658
   90       4.00001090
   91       3.99973742
   92       4.00001091
   93       4.00060489
   94       4.00372572
   95       4.00372573
   96       4.00060491
   97       3.99867278
   98       3.99998744
   99       3.99982361
  100       3.99998745
  101       4.00005232
  102       3.99927553
  103       3.99927553
  104       3.99988639
  105       3.99982359
  106       3.99954638
  107       3.99845873
  108       3.99772172
  109       4.00006528
  110       3.99918524
  111       3.99927553
  112       3.99927553
  113       4.00018333
  114       3.99772172
  115       3.99772172
  116       3.99998744
  117       3.99927553
  118       3.99893397
  119       3.99927553
  120       4.00018581
  121       3.99954639
  122       3.99954639
  123       4.00018333
  124       3.99998743
  125       4.00006529
  126       4.00018583
  127       4.00005234
  128       4.00008867
  129       3.99973739
  130       4.00113317
  131       4.00113320
  132       3.99973740
  133       4.00113314
  134       3.99954111
  135       4.00113319
  136       4.00001089
  137       4.00113317
  138       4.00113319
  139       3.99997658
  140       3.99997656
  141       3.99973741
  142       4.00001091
  143       3.99997658
  144       4.00001090
  145       4.00013823
  146       4.00063874
  147       4.00013822
  148       4.00372579
  149       4.00063873
  150       4.00063874
  151       4.00060488
  152       4.00060487
  153       4.00013824
  154       4.00060490
  155       3.99969808
  156       4.00060487
  157       4.00372587
  158       4.00060489
  159       4.00060487
  160       4.00372586
  161       3.99867278
  162       3.99998744
  163       3.99982359
  164       3.99998744
  165       4.00018327
  166       3.99772168
  167       3.99772167
  168       3.99998744
  169       3.99845869
  170       3.99772161
  171       3.99982360
  172       3.99954639
  173       4.00018329
  174       3.99998744
  175       3.99954640
  176       3.99954639
  177       4.00005232
  178       3.99927554
  179       3.99927554
  180       3.99988676
  181       3.99927551
  182       3.99893399
  183       3.99927552
  184       4.00018581
  185       3.99927553
  186       3.99927553
  187       4.00006528
  188       3.99918523
  189       4.00005231
  190       4.00008867
  191       4.00006528
  192       4.00018582
  193       4.01683990
  194       3.99384937
  195       3.99843720
  196       3.99960717
  197       3.99384935
  198       3.99827266
  199       3.99939981
  200       4.00012754
  201       3.99843720
  202       3.99939981
  203       3.99843720
  204       3.99939980
  205       3.99960717
  206       4.00012756
  207       3.99939982
  208       3.99968315
  209       3.99384945
  210       3.99827266
  211       3.99939981
  212       4.00012755
  213       3.99827266
  214       3.99885030
  215       3.99968314
  216       4.00032275
  217       3.99939983
  218       3.99968315
  219       3.99960716
  220       4.00012757
  221       4.00012756
  222       4.00032275
  223       4.00012757
  224       4.00032284
  225       3.99987127
  226       4.00005234
  227       3.99982362
  228       4.00006529
  229       3.99988660
  230       4.00251483
  231       4.00088356
  232       4.00018330
  233       3.99845887
  234       4.00088356
  235       3.99845883
  236       4.00088354
  237       3.99918528
  238       4.00018331
  239       4.00088355
  240       4.00039113
  241       3.99988698
  242       4.00251483
  243       4.00088356
  244       4.00018337
  245       4.00251481
  246       4.00120522
  247       4.00039113
  248       3.99976370
  249       4.00088356
  250       4.00039113
  251       3.99918527
  252       4.00018334
  253       3.99998746
  254       4.00018584
  255       3.99998745
  256       4.00018585
  257       3.99969808
  258       3.99997657
  259       4.00013824
  260       3.99973742
  261       3.99997659
  262       4.00063876
  263       4.00113322
  264       4.00060490
  265       4.00013825
  266       4.00113322
  267       4.00013825
  268       4.00113319
  269       3.99973742
  270       4.00060488
  271       4.00113315
  272       4.00372586
  273       3.99997659
  274       4.00063875
  275       4.00113322
  276       4.00060491
  277       4.00063875
  278       3.99954114
  279       4.00372587
  280       4.00001092
  281       4.00113319
  282       4.00372579
  283       3.99973740
  284       4.00060488
  285       4.00060490
  286       4.00001090
  287       4.00060488
  288       4.00001091
  289       3.99867278
  290       3.99918524
  291       3.99845870
  292       3.99988667
  293       4.00006528
  294       3.99954640
  295       3.99927553
  296       3.99998745
  297       3.99982360
  298       3.99927554
  299       3.99982362
  300       3.99927555
  301       4.00005231
  302       3.99998745
  303       3.99927552
  304       3.99772170
  305       4.00006529
  306       3.99954640
  307       3.99927556
  308       3.99998745
  309       3.99954641
  310       3.99893400
  311       3.99772169
  312       4.00008868
  313       3.99927554
  314       3.99772163
  315       4.00005234
  316       3.99998744
  317       4.00018331
  318       4.00018583
  319       4.00018328
  320       4.00018582
  321       3.99960717
  322       3.99939982
  323       3.99939983
  324       3.99960718
  325       3.99939984
  326       3.99885033
  327       3.99939983
  328       4.00032277
  329       3.99939984
  330       3.99939983
  331       3.99384952
  332       3.99384946
  333       3.99960718
  334       4.00032277
  335       3.99384944
  336       4.00032284
  337       3.99843724
  338       3.99827270
  339       3.99843724
  340       3.99968316
  341       3.99827270
  342       3.99827269
  343       4.00012758
  344       4.00012758
  345       3.99843724
  346       4.00012757
  347       4.01684042
  348       4.00012758
  349       3.99968315
  350       4.00012756
  351       4.00012758
  352       3.99968316
  353       3.99987127
  354       4.00018336
  355       3.99845892
  356       4.00018337
  357       3.99998746
  358       4.00039115
  359       4.00039115
  360       4.00018332
  361       3.99982363
  362       4.00039116
  363       3.99845889
  364       4.00251486
  365       3.99998747
  366       4.00018333
  367       4.00251485
  368       4.00251486
  369       3.99918529
  370       4.00088357
  371       4.00088358
  372       4.00006530
  373       4.00088358
  374       4.00120526
  375       4.00088359
  376       4.00018585
  377       4.00088359
  378       4.00088358
  379       3.99988697
  380       4.00005235
  381       3.99918529
  382       3.99976370
  383       3.99988669
  384       4.00018585
  385       3.99960717
  386       3.99939981
  387       3.99939981
  388       3.99960717
  389       3.99843718
  390       3.99827268
  391       3.99843718
  392       3.99968315
  393       3.99384943
  394       3.99384938
  395       3.99939982
  396       3.99939981
  397       4.01683905
  398       4.00012756
  399       3.99843717
  400       4.00012754
  401       3.99939982
  402       3.99885031
  403       3.99939982
  404       4.00032287
  405       3.99827269
  406       3.99827268
  407       4.00012757
  408       4.00012756
  409       3.99384946
  410       4.00032284
  411       3.99960717
  412       4.00032278
  413       4.00012756
  414       3.99968315
  415       3.99968314
  416       4.00012754
  417       3.99987127
  418       4.00018331
  419       3.99845879
  420       4.00018333
  421       3.99918528
  422       4.00088354
  423       4.00088355
  424       4.00006529
  425       3.99845880
  426       4.00251488
  427       3.99982361
  428       4.00039113
  429       3.99988697
  430       4.00005233
  431       4.00088354
  432       4.00088354
  433       3.99998746
  434       4.00039113
  435       4.00039113
  436       4.00018335
  437       4.00088355
  438       4.00120523
  439       4.00088356
  440       4.00018585
  441       4.00251486
  442       4.00251487
  443       3.99998746
  444       4.00018332
  445       3.99988707
  446       4.00018584
  447       3.99918527
  448       3.99976380
  449       3.99973744
  450       4.00013828
  451       3.99997661
  452       3.99969810
  453       4.00113326
  454       4.00063880
  455       3.99997661
  456       4.00060492
  457       4.00113329
  458       4.00013829
  459       4.00113325
  460       4.00013828
  461       3.99973745
  462       4.00372585
  463       4.00113324
  464       4.00060492
  465       4.00113326
  466       4.00063879
  467       3.99997662
  468       4.00060493
  469       3.99954122
  470       4.00063880
  471       4.00001094
  472       4.00372585
  473       4.00113328
  474       4.00060492
  475       3.99973744
  476       4.00372578
  477       4.00001093
  478       4.00060491
  479       4.00001093
  480       4.00060493
  481       3.99988661
  482       3.99845886
  483       3.99918529
  484       4.00018335
  485       3.99927556
  486       3.99954643
  487       3.99918529
  488       3.99845891
  489       3.99927558
  490       3.99845882
  491       3.99927558
  492       4.00018338
  493       3.99988670
  494       3.99772175
  495       3.99927556
  496       4.00018338
  497       3.99927558
  498       3.99954643
  499       3.99918530
  500       3.99772175
  501       3.99893403
  502       3.99954643
  503       3.99976381
  504       3.99772169
  505       3.99927557
  506       4.00018337
  507       3.99988669
  508       4.00018337
  509       3.99976381
  510       4.00018334
  511       3.99976371

l-shell populations (up)
 Atom Sh.   l       Population
    1   1   0       1.35795984
    1   2   1       2.48714800
    1   3   2       0.15449930
    2   1   0       1.35886379
    2   2   1       2.48479688
    2   3   2       0.15477643
    3   1   0       1.36292162
    3   2   1       2.47063031
    3   3   2       0.16029727
    4   1   0       1.47912082
    4   2   1       2.33267339
    4   3   2       0.20504430
    5   1   0       1.35733635
    5   2   1       2.48767859
    5   3   2       0.15438482
    6   1   0       1.35744218
    6   2   1       2.48583607
    6   3   2       0.15499431
    7   1   0       1.36292156
    7   2   1       2.47063031
    7   3   2       0.16029725
    8   1   0       1.35657183
    8   2   1       2.48920226
    8   3   2       0.15435342
    9   1   0       1.35733635
    9   2   1       2.48767859
    9   3   2       0.15438483
   10   1   0       1.35886383
   10   2   1       2.48479685
   10   3   2       0.15477642
   11   1   0       1.35733634
   11   2   1       2.48767858
   11   3   2       0.15438483
   12   1   0       1.35886378
   12   2   1       2.48479688
   12   3   2       0.15477643
   13   1   0       1.35795984
   13   2   1       2.48714800
   13   3   2       0.15449930
   14   1   0       1.35705510
   14   2   1       2.48825715
   14   3   2       0.15437087
   15   1   0       1.35733635
   15   2   1       2.48767859
   15   3   2       0.15438482
   16   1   0       1.35657186
   16   2   1       2.48920226
   16   3   2       0.15435339
   17   1   0       1.35733634
   17   2   1       2.48767859
   17   3   2       0.15438483
   18   1   0       1.35744216
   18   2   1       2.48583608
   18   3   2       0.15499434
   19   1   0       1.36292163
   19   2   1       2.47063031
   19   3   2       0.16029728
   20   1   0       1.35657187
   20   2   1       2.48920225
   20   3   2       0.15435340
   21   1   0       1.35716655
   21   2   1       2.48720898
   21   3   2       0.15447470
   22   1   0       1.35744218
   22   2   1       2.48583607
   22   3   2       0.15499431
   23   1   0       1.35664502
   23   2   1       2.48932320
   23   3   2       0.15435455
   24   1   0       1.35705509
   24   2   1       2.48825715
   24   3   2       0.15437087
   25   1   0       1.35733635
   25   2   1       2.48767859
   25   3   2       0.15438483
   26   1   0       1.35657186
   26   2   1       2.48920225
   26   3   2       0.15435341
   27   1   0       1.35795984
   27   2   1       2.48714800
   27   3   2       0.15449930
   28   1   0       1.35705509
   28   2   1       2.48825716
   28   3   2       0.15437087
   29   1   0       1.35664503
   29   2   1       2.48932322
   29   3   2       0.15435453
   30   1   0       1.35657183
   30   2   1       2.48920226
   30   3   2       0.15435343
   31   1   0       1.35664495
   31   2   1       2.48932313
   31   3   2       0.15435462
   32   1   0       1.35657186
   32   2   1       2.48920226
   32   3   2       0.15435339
   33   1   0       1.35701125
   33   2   1       2.48852020
   33   3   2       0.15437758
   34   1   0       1.35706291
   34   2   1       2.48866457
   34   3   2       0.15433777
   35   1   0       1.35725621
   35   2   1       2.48828559
   35   3   2       0.15428177
   36   1   0       1.35645109
   36   2   1       2.48928791
   36   3   2       0.15431330
   37   1   0       1.35727393
   37   2   1       2.48826820
   37   3   2       0.15444529
   38   1   0       1.35699307
   38   2   1       2.48945270
   38   3   2       0.15443772
   39   1   0       1.35665307
   39   2   1       2.49159181
   39   3   2       0.15426987
   40   1   0       1.35645112
   40   2   1       2.48928790
   40   3   2       0.15431328
   41   1   0       1.35725620
   41   2   1       2.48828559
   41   3   2       0.15428177
   42   1   0       1.35699308
   42   2   1       2.48945269
   42   3   2       0.15443772
   43   1   0       1.35725622
   43   2   1       2.48828556
   43   3   2       0.15428177
   44   1   0       1.35699308
   44   2   1       2.48945270
   44   3   2       0.15443770
   45   1   0       1.35727395
   45   2   1       2.48826820
   45   3   2       0.15444527
   46   1   0       1.35706291
   46   2   1       2.48866457
   46   3   2       0.15433778
   47   1   0       1.35702450
   47   2   1       2.48900650
   47   3   2       0.15436008
   48   1   0       1.35699307
   48   2   1       2.48945270
   48   3   2       0.15443771
   49   1   0       1.35727395
   49   2   1       2.48826819
   49   3   2       0.15444528
   50   1   0       1.35699308
   50   2   1       2.48945270
   50   3   2       0.15443770
   51   1   0       1.35665310
   51   2   1       2.49159180
   51   3   2       0.15426984
   52   1   0       1.35645108
   52   2   1       2.48928791
   52   3   2       0.15431330
   53   1   0       1.35702450
   53   2   1       2.48900650
   53   3   2       0.15436007
   54   1   0       1.35673718
   54   2   1       2.49033389
   54   3   2       0.15413407
   55   1   0       1.35665308
   55   2   1       2.49159180
   55   3   2       0.15426987
   56   1   0       1.35701149
   56   2   1       2.48870888
   56   3   2       0.15436827
   57   1   0       1.35702450
   57   2   1       2.48900650
   57   3   2       0.15436007
   58   1   0       1.35699309
   58   2   1       2.48945269
   58   3   2       0.15443771
   59   1   0       1.35727395
   59   2   1       2.48826818
   59   3   2       0.15444528
   60   1   0       1.35706291
   60   2   1       2.48866457
   60   3   2       0.15433777
   61   1   0       1.35727395
   61   2   1       2.48826820
   61   3   2       0.15444527
   62   1   0       1.35701149
   62   2   1       2.48870889
   62   3   2       0.15436827
   63   1   0       1.35727393
   63   2   1       2.48826820
   63   3   2       0.15444529
   64   1   0       1.35701150
   64   2   1       2.48870889
   64   3   2       0.15436825
   65   1   0       1.35636419
   65   2   1       2.48921105
   65   3   2       0.15416219
   66   1   0       1.35684507
   66   2   1       2.48988491
   66   3   2       0.15440328
   67   1   0       1.35684508
   67   2   1       2.48988494
   67   3   2       0.15440326
   68   1   0       1.35636419
   68   2   1       2.48921107
   68   3   2       0.15416218
   69   1   0       1.35685493
   69   2   1       2.48903179
   69   3   2       0.15425153
   70   1   0       1.35665361
   70   2   1       2.48971443
   70   3   2       0.15427072
   71   1   0       1.35685494
   71   2   1       2.48903177
   71   3   2       0.15425153
   72   1   0       1.35798152
   72   2   1       2.49116727
   72   3   2       0.15457693
   73   1   0       1.35711682
   73   2   1       2.48853620
   73   3   2       0.15432356
   74   1   0       1.35711681
   74   2   1       2.48853618
   74   3   2       0.15432357
   75   1   0       1.35684514
   75   2   1       2.48988481
   75   3   2       0.15440326
   76   1   0       1.35684509
   76   2   1       2.48988487
   76   3   2       0.15440328
   77   1   0       1.35708534
   77   2   1       2.48828058
   77   3   2       0.15433216
   78   1   0       1.35694046
   78   2   1       2.48918547
   78   3   2       0.15447895
   79   1   0       1.35685493
   79   2   1       2.48903179
   79   3   2       0.15425153
   80   1   0       1.35694044
   80   2   1       2.48918550
   80   3   2       0.15447897
   81   1   0       1.35684515
   81   2   1       2.48988482
   81   3   2       0.15440326
   82   1   0       1.35603610
   82   2   1       2.49029467
   82   3   2       0.15321044
   83   1   0       1.35684510
   83   2   1       2.48988492
   83   3   2       0.15440326
   84   1   0       1.35712142
   84   2   1       2.48851818
   84   3   2       0.15437130
   85   1   0       1.35665364
   85   2   1       2.48971441
   85   3   2       0.15427071
   86   1   0       1.35665362
   86   2   1       2.48971443
   86   3   2       0.15427071
   87   1   0       1.35694045
   87   2   1       2.48918548
   87   3   2       0.15447896
   88   1   0       1.35694046
   88   2   1       2.48918546
   88   3   2       0.15447895
   89   1   0       1.35711682
   89   2   1       2.48853621
   89   3   2       0.15432356
   90   1   0       1.35712142
   90   2   1       2.48851818
   90   3   2       0.15437129
   91   1   0       1.35636419
   91   2   1       2.48921104
   91   3   2       0.15416219
   92   1   0       1.35712143
   92   2   1       2.48851819
   92   3   2       0.15437129
   93   1   0       1.35694044
   93   2   1       2.48918549
   93   3   2       0.15447896
   94   1   0       1.35798148
   94   2   1       2.49116731
   94   3   2       0.15457693
   95   1   0       1.35798136
   95   2   1       2.49116743
   95   3   2       0.15457694
   96   1   0       1.35694043
   96   2   1       2.48918551
   96   3   2       0.15447897
   97   1   0       1.35851175
   97   2   1       2.48581423
   97   3   2       0.15434679
   98   1   0       1.35727394
   98   2   1       2.48826821
   98   3   2       0.15444529
   99   1   0       1.35725620
   99   2   1       2.48828562
   99   3   2       0.15428178
  100   1   0       1.35727395
  100   2   1       2.48826822
  100   3   2       0.15444528
  101   1   0       1.35645111
  101   2   1       2.48928794
  101   3   2       0.15431328
  102   1   0       1.35709839
  102   2   1       2.48764908
  102   3   2       0.15452806
  103   1   0       1.35709839
  103   2   1       2.48764909
  103   3   2       0.15452805
  104   1   0       1.37369035
  104   2   1       2.45900723
  104   3   2       0.16718880
  105   1   0       1.35725621
  105   2   1       2.48828560
  105   3   2       0.15428178
  106   1   0       1.35709901
  106   2   1       2.48807638
  106   3   2       0.15437100
  107   1   0       1.36020054
  107   2   1       2.48325247
  107   3   2       0.15500572
  108   1   0       1.35706306
  108   2   1       2.48398891
  108   3   2       0.15666975
  109   1   0       1.35706290
  109   2   1       2.48866459
  109   3   2       0.15433779
  110   1   0       1.35805043
  110   2   1       2.48673417
  110   3   2       0.15440064
  111   1   0       1.35709841
  111   2   1       2.48764906
  111   3   2       0.15452806
  112   1   0       1.35709839
  112   2   1       2.48764908
  112   3   2       0.15452806
  113   1   0       1.35651996
  113   2   1       2.48942468
  113   3   2       0.15423869
  114   1   0       1.35706303
  114   2   1       2.48398894
  114   3   2       0.15666976
  115   1   0       1.35706293
  115   2   1       2.48398900
  115   3   2       0.15666979
  116   1   0       1.35727395
  116   2   1       2.48826821
  116   3   2       0.15444528
  117   1   0       1.35709841
  117   2   1       2.48764906
  117   3   2       0.15452806
  118   1   0       1.35680457
  118   2   1       2.48746665
  118   3   2       0.15466275
  119   1   0       1.35709840
  119   2   1       2.48764908
  119   3   2       0.15452806
  120   1   0       1.35663799
  120   2   1       2.48921025
  120   3   2       0.15433758
  121   1   0       1.35709900
  121   2   1       2.48807638
  121   3   2       0.15437101
  122   1   0       1.35709900
  122   2   1       2.48807638
  122   3   2       0.15437100
  123   1   0       1.35651997
  123   2   1       2.48942467
  123   3   2       0.15423868
  124   1   0       1.35727394
  124   2   1       2.48826820
  124   3   2       0.15444529
  125   1   0       1.35706290
  125   2   1       2.48866460
  125   3   2       0.15433779
  126   1   0       1.35663799
  126   2   1       2.48921026
  126   3   2       0.15433757
  127   1   0       1.35645111
  127   2   1       2.48928795
  127   3   2       0.15431328
  128   1   0       1.35701148
  128   2   1       2.48870891
  128   3   2       0.15436828
  129   1   0       1.35636416
  129   2   1       2.48921104
  129   3   2       0.15416219
  130   1   0       1.35684503
  130   2   1       2.48988484
  130   3   2       0.15440331
  131   1   0       1.35684504
  131   2   1       2.48988487
  131   3   2       0.15440329
  132   1   0       1.35636416
  132   2   1       2.48921106
  132   3   2       0.15416218
  133   1   0       1.35684502
  133   2   1       2.48988481
  133   3   2       0.15440331
  134   1   0       1.35603596
  134   2   1       2.49029466
  134   3   2       0.15321050
  135   1   0       1.35684498
  135   2   1       2.48988491
  135   3   2       0.15440331
  136   1   0       1.35712142
  136   2   1       2.48851819
  136   3   2       0.15437128
  137   1   0       1.35684505
  137   2   1       2.48988485
  137   3   2       0.15440328
  138   1   0       1.35684499
  138   2   1       2.48988491
  138   3   2       0.15440329
  139   1   0       1.35711680
  139   2   1       2.48853622
  139   3   2       0.15432356
  140   1   0       1.35711680
  140   2   1       2.48853620
  140   3   2       0.15432356
  141   1   0       1.35636417
  141   2   1       2.48921105
  141   3   2       0.15416218
  142   1   0       1.35712142
  142   2   1       2.48851820
  142   3   2       0.15437129
  143   1   0       1.35711679
  143   2   1       2.48853622
  143   3   2       0.15432356
  144   1   0       1.35712141
  144   2   1       2.48851820
  144   3   2       0.15437130
  145   1   0       1.35685491
  145   2   1       2.48903182
  145   3   2       0.15425151
  146   1   0       1.35665358
  146   2   1       2.48971447
  146   3   2       0.15427068
  147   1   0       1.35685491
  147   2   1       2.48903180
  147   3   2       0.15425151
  148   1   0       1.35798161
  148   2   1       2.49116726
  148   3   2       0.15457692
  149   1   0       1.35665358
  149   2   1       2.48971447
  149   3   2       0.15427069
  150   1   0       1.35665356
  150   2   1       2.48971449
  150   3   2       0.15427070
  151   1   0       1.35694041
  151   2   1       2.48918551
  151   3   2       0.15447895
  152   1   0       1.35694043
  152   2   1       2.48918550
  152   3   2       0.15447895
  153   1   0       1.35685490
  153   2   1       2.48903183
  153   3   2       0.15425151
  154   1   0       1.35694041
  154   2   1       2.48918553
  154   3   2       0.15447895
  155   1   0       1.35708533
  155   2   1       2.48828059
  155   3   2       0.15433216
  156   1   0       1.35694044
  156   2   1       2.48918550
  156   3   2       0.15447894
  157   1   0       1.35798166
  157   2   1       2.49116726
  157   3   2       0.15457694
  158   1   0       1.35694043
  158   2   1       2.48918553
  158   3   2       0.15447894
  159   1   0       1.35694044
  159   2   1       2.48918551
  159   3   2       0.15447893
  160   1   0       1.35798178
  160   2   1       2.49116714
  160   3   2       0.15457694
  161   1   0       1.35851175
  161   2   1       2.48581423
  161   3   2       0.15434679
  162   1   0       1.35727392
  162   2   1       2.48826823
  162   3   2       0.15444529
  163   1   0       1.35725618
  163   2   1       2.48828563
  163   3   2       0.15428178
  164   1   0       1.35727393
  164   2   1       2.48826824
  164   3   2       0.15444528
  165   1   0       1.35651993
  165   2   1       2.48942467
  165   3   2       0.15423867
  166   1   0       1.35706308
  166   2   1       2.48398888
  166   3   2       0.15666972
  167   1   0       1.35706298
  167   2   1       2.48398894
  167   3   2       0.15666975
  168   1   0       1.35727393
  168   2   1       2.48826822
  168   3   2       0.15444529
  169   1   0       1.36020047
  169   2   1       2.48325249
  169   3   2       0.15500572
  170   1   0       1.35706293
  170   2   1       2.48398891
  170   3   2       0.15666977
  171   1   0       1.35725619
  171   2   1       2.48828563
  171   3   2       0.15428178
  172   1   0       1.35709898
  172   2   1       2.48807641
  172   3   2       0.15437100
  173   1   0       1.35651992
  173   2   1       2.48942468
  173   3   2       0.15423868
  174   1   0       1.35727394
  174   2   1       2.48826822
  174   3   2       0.15444528
  175   1   0       1.35709898
  175   2   1       2.48807642
  175   3   2       0.15437100
  176   1   0       1.35709898
  176   2   1       2.48807642
  176   3   2       0.15437099
  177   1   0       1.35645107
  177   2   1       2.48928795
  177   3   2       0.15431330
  178   1   0       1.35709832
  178   2   1       2.48764915
  178   3   2       0.15452808
  179   1   0       1.35709832
  179   2   1       2.48764915
  179   3   2       0.15452807
  180   1   0       1.37369062
  180   2   1       2.45900742
  180   3   2       0.16718873
  181   1   0       1.35709833
  181   2   1       2.48764912
  181   3   2       0.15452807
  182   1   0       1.35680447
  182   2   1       2.48746676
  182   3   2       0.15466277
  183   1   0       1.35709832
  183   2   1       2.48764914
  183   3   2       0.15452806
  184   1   0       1.35663799
  184   2   1       2.48921025
  184   3   2       0.15433758
  185   1   0       1.35709833
  185   2   1       2.48764913
  185   3   2       0.15452807
  186   1   0       1.35709832
  186   2   1       2.48764915
  186   3   2       0.15452806
  187   1   0       1.35706290
  187   2   1       2.48866459
  187   3   2       0.15433778
  188   1   0       1.35805039
  188   2   1       2.48673420
  188   3   2       0.15440064
  189   1   0       1.35645107
  189   2   1       2.48928794
  189   3   2       0.15431331
  190   1   0       1.35701149
  190   2   1       2.48870891
  190   3   2       0.15436827
  191   1   0       1.35706290
  191   2   1       2.48866460
  191   3   2       0.15433777
  192   1   0       1.35663795
  192   2   1       2.48921026
  192   3   2       0.15433760
  193   1   0       1.47912083
  193   2   1       2.33267524
  193   3   2       0.20504384
  194   1   0       1.36292133
  194   2   1       2.47063066
  194   3   2       0.16029737
  195   1   0       1.35886375
  195   2   1       2.48479700
  195   3   2       0.15477646
  196   1   0       1.35795983
  196   2   1       2.48714803
  196   3   2       0.15449931
  197   1   0       1.36292131
  197   2   1       2.47063066
  197   3   2       0.16029738
  198   1   0       1.35744207
  198   2   1       2.48583625
  198   3   2       0.15499434
  199   1   0       1.35733633
  199   2   1       2.48767866
  199   3   2       0.15438482
  200   1   0       1.35657180
  200   2   1       2.48920231
  200   3   2       0.15435343
  201   1   0       1.35886377
  201   2   1       2.48479698
  201   3   2       0.15477645
  202   1   0       1.35733633
  202   2   1       2.48767865
  202   3   2       0.15438483
  203   1   0       1.35886372
  203   2   1       2.48479701
  203   3   2       0.15477646
  204   1   0       1.35733633
  204   2   1       2.48767865
  204   3   2       0.15438483
  205   1   0       1.35795984
  205   2   1       2.48714802
  205   3   2       0.15449931
  206   1   0       1.35657181
  206   2   1       2.48920233
  206   3   2       0.15435342
  207   1   0       1.35733633
  207   2   1       2.48767866
  207   3   2       0.15438483
  208   1   0       1.35705510
  208   2   1       2.48825719
  208   3   2       0.15437086
  209   1   0       1.36292138
  209   2   1       2.47063067
  209   3   2       0.16029740
  210   1   0       1.35744204
  210   2   1       2.48583625
  210   3   2       0.15499437
  211   1   0       1.35733632
  211   2   1       2.48767865
  211   3   2       0.15438484
  212   1   0       1.35657184
  212   2   1       2.48920230
  212   3   2       0.15435341
  213   1   0       1.35744205
  213   2   1       2.48583624
  213   3   2       0.15499436
  214   1   0       1.35716652
  214   2   1       2.48720908
  214   3   2       0.15447470
  215   1   0       1.35705509
  215   2   1       2.48825718
  215   3   2       0.15437087
  216   1   0       1.35664488
  216   2   1       2.48932326
  216   3   2       0.15435461
  217   1   0       1.35733633
  217   2   1       2.48767866
  217   3   2       0.15438484
  218   1   0       1.35705509
  218   2   1       2.48825719
  218   3   2       0.15437087
  219   1   0       1.35795983
  219   2   1       2.48714803
  219   3   2       0.15449931
  220   1   0       1.35657182
  220   2   1       2.48920232
  220   3   2       0.15435343
  221   1   0       1.35657183
  221   2   1       2.48920232
  221   3   2       0.15435340
  222   1   0       1.35664484
  222   2   1       2.48932328
  222   3   2       0.15435464
  223   1   0       1.35657180
  223   2   1       2.48920233
  223   3   2       0.15435344
  224   1   0       1.35664492
  224   2   1       2.48932337
  224   3   2       0.15435455
  225   1   0       1.35636702
  225   2   1       2.48934976
  225   3   2       0.15415448
  226   1   0       1.35645110
  226   2   1       2.48928796
  226   3   2       0.15431329
  227   1   0       1.35725621
  227   2   1       2.48828563
  227   3   2       0.15428178
  228   1   0       1.35706290
  228   2   1       2.48866460
  228   3   2       0.15433779
  229   1   0       1.37369013
  229   2   1       2.45900755
  229   3   2       0.16718893
  230   1   0       1.35665297
  230   2   1       2.49159204
  230   3   2       0.15426983
  231   1   0       1.35699304
  231   2   1       2.48945281
  231   3   2       0.15443771
  232   1   0       1.35651988
  232   2   1       2.48942475
  232   3   2       0.15423867
  233   1   0       1.36020048
  233   2   1       2.48325266
  233   3   2       0.15500572
  234   1   0       1.35699305
  234   2   1       2.48945280
  234   3   2       0.15443771
  235   1   0       1.36020042
  235   2   1       2.48325269
  235   3   2       0.15500572
  236   1   0       1.35699304
  236   2   1       2.48945280
  236   3   2       0.15443770
  237   1   0       1.35805042
  237   2   1       2.48673422
  237   3   2       0.15440063
  238   1   0       1.35651989
  238   2   1       2.48942474
  238   3   2       0.15423867
  239   1   0       1.35699304
  239   2   1       2.48945281
  239   3   2       0.15443770
  240   1   0       1.35702447
  240   2   1       2.48900657
  240   3   2       0.15436009
  241   1   0       1.37369041
  241   2   1       2.45900773
  241   3   2       0.16718885
  242   1   0       1.35665300
  242   2   1       2.49159203
  242   3   2       0.15426980
  243   1   0       1.35699306
  243   2   1       2.48945281
  243   3   2       0.15443770
  244   1   0       1.35651992
  244   2   1       2.48942476
  244   3   2       0.15423869
  245   1   0       1.35665299
  245   2   1       2.49159201
  245   3   2       0.15426981
  246   1   0       1.35673710
  246   2   1       2.49033405
  246   3   2       0.15413408
  247   1   0       1.35702448
  247   2   1       2.48900657
  247   3   2       0.15436009
  248   1   0       1.35735841
  248   2   1       2.48905844
  248   3   2       0.15334685
  249   1   0       1.35699306
  249   2   1       2.48945280
  249   3   2       0.15443770
  250   1   0       1.35702448
  250   2   1       2.48900657
  250   3   2       0.15436009
  251   1   0       1.35805039
  251   2   1       2.48673425
  251   3   2       0.15440063
  252   1   0       1.35651994
  252   2   1       2.48942473
  252   3   2       0.15423867
  253   1   0       1.35727395
  253   2   1       2.48826823
  253   3   2       0.15444528
  254   1   0       1.35663796
  254   2   1       2.48921029
  254   3   2       0.15433759
  255   1   0       1.35727393
  255   2   1       2.48826823
  255   3   2       0.15444529
  256   1   0       1.35663800
  256   2   1       2.48921029
  256   3   2       0.15433756
  257   1   0       1.35708533
  257   2   1       2.48828059
  257   3   2       0.15433216
  258   1   0       1.35711680
  258   2   1       2.48853620
  258   3   2       0.15432356
  259   1   0       1.35685491
  259   2   1       2.48903181
  259   3   2       0.15425151
  260   1   0       1.35636416
  260   2   1       2.48921107
  260   3   2       0.15416219
  261   1   0       1.35711679
  261   2   1       2.48853622
  261   3   2       0.15432357
  262   1   0       1.35665356
  262   2   1       2.48971450
  262   3   2       0.15427070
  263   1   0       1.35684497
  263   2   1       2.48988494
  263   3   2       0.15440331
  264   1   0       1.35694043
  264   2   1       2.48918553
  264   3   2       0.15447894
  265   1   0       1.35685491
  265   2   1       2.48903183
  265   3   2       0.15425152
  266   1   0       1.35684499
  266   2   1       2.48988495
  266   3   2       0.15440329
  267   1   0       1.35685491
  267   2   1       2.48903183
  267   3   2       0.15425151
  268   1   0       1.35684504
  268   2   1       2.48988484
  268   3   2       0.15440331
  269   1   0       1.35636417
  269   2   1       2.48921106
  269   3   2       0.15416218
  270   1   0       1.35694043
  270   2   1       2.48918550
  270   3   2       0.15447895
  271   1   0       1.35684503
  271   2   1       2.48988482
  271   3   2       0.15440331
  272   1   0       1.35798177
  272   2   1       2.49116716
  272   3   2       0.15457693
  273   1   0       1.35711681
  273   2   1       2.48853623
  273   3   2       0.15432356
  274   1   0       1.35665359
  274   2   1       2.48971447
  274   3   2       0.15427069
  275   1   0       1.35684505
  275   2   1       2.48988489
  275   3   2       0.15440328
  276   1   0       1.35694041
  276   2   1       2.48918555
  276   3   2       0.15447896
  277   1   0       1.35665359
  277   2   1       2.48971447
  277   3   2       0.15427069
  278   1   0       1.35603597
  278   2   1       2.49029468
  278   3   2       0.15321049
  279   1   0       1.35798161
  279   2   1       2.49116732
  279   3   2       0.15457694
  280   1   0       1.35712142
  280   2   1       2.48851821
  280   3   2       0.15437129
  281   1   0       1.35684506
  281   2   1       2.48988486
  281   3   2       0.15440327
  282   1   0       1.35798155
  282   2   1       2.49116731
  282   3   2       0.15457692
  283   1   0       1.35636416
  283   2   1       2.48921105
  283   3   2       0.15416220
  284   1   0       1.35694044
  284   2   1       2.48918550
  284   3   2       0.15447894
  285   1   0       1.35694041
  285   2   1       2.48918553
  285   3   2       0.15447896
  286   1   0       1.35712142
  286   2   1       2.48851819
  286   3   2       0.15437128
  287   1   0       1.35694044
  287   2   1       2.48918551
  287   3   2       0.15447893
  288   1   0       1.35712141
  288   2   1       2.48851820
  288   3   2       0.15437130
  289   1   0       1.35851175
  289   2   1       2.48581423
  289   3   2       0.15434679
  290   1   0       1.35805039
  290   2   1       2.48673420
  290   3   2       0.15440064
  291   1   0       1.36020048
  291   2   1       2.48325249
  291   3   2       0.15500572
  292   1   0       1.37369057
  292   2   1       2.45900735
  292   3   2       0.16718874
  293   1   0       1.35706291
  293   2   1       2.48866460
  293   3   2       0.15433777
  294   1   0       1.35709899
  294   2   1       2.48807642
  294   3   2       0.15437099
  295   1   0       1.35709832
  295   2   1       2.48764915
  295   3   2       0.15452806
  296   1   0       1.35727393
  296   2   1       2.48826824
  296   3   2       0.15444529
  297   1   0       1.35725619
  297   2   1       2.48828563
  297   3   2       0.15428178
  298   1   0       1.35709833
  298   2   1       2.48764916
  298   3   2       0.15452806
  299   1   0       1.35725619
  299   2   1       2.48828564
  299   3   2       0.15428179
  300   1   0       1.35709833
  300   2   1       2.48764915
  300   3   2       0.15452808
  301   1   0       1.35645107
  301   2   1       2.48928794
  301   3   2       0.15431330
  302   1   0       1.35727394
  302   2   1       2.48826823
  302   3   2       0.15444528
  303   1   0       1.35709834
  303   2   1       2.48764912
  303   3   2       0.15452807
  304   1   0       1.35706309
  304   2   1       2.48398889
  304   3   2       0.15666972
  305   1   0       1.35706290
  305   2   1       2.48866460
  305   3   2       0.15433779
  306   1   0       1.35709898
  306   2   1       2.48807641
  306   3   2       0.15437101
  307   1   0       1.35709833
  307   2   1       2.48764915
  307   3   2       0.15452808
  308   1   0       1.35727393
  308   2   1       2.48826824
  308   3   2       0.15444528
  309   1   0       1.35709898
  309   2   1       2.48807642
  309   3   2       0.15437100
  310   1   0       1.35680448
  310   2   1       2.48746676
  310   3   2       0.15466277
  311   1   0       1.35706296
  311   2   1       2.48398897
  311   3   2       0.15666976
  312   1   0       1.35701149
  312   2   1       2.48870892
  312   3   2       0.15436827
  313   1   0       1.35709834
  313   2   1       2.48764913
  313   3   2       0.15452807
  314   1   0       1.35706291
  314   2   1       2.48398894
  314   3   2       0.15666978
  315   1   0       1.35645108
  315   2   1       2.48928797
  315   3   2       0.15431330
  316   1   0       1.35727392
  316   2   1       2.48826823
  316   3   2       0.15444529
  317   1   0       1.35651992
  317   2   1       2.48942469
  317   3   2       0.15423869
  318   1   0       1.35663799
  318   2   1       2.48921026
  318   3   2       0.15433757
  319   1   0       1.35651993
  319   2   1       2.48942467
  319   3   2       0.15423867
  320   1   0       1.35663795
  320   2   1       2.48921026
  320   3   2       0.15433760
  321   1   0       1.35795983
  321   2   1       2.48714804
  321   3   2       0.15449931
  322   1   0       1.35733632
  322   2   1       2.48767867
  322   3   2       0.15438483
  323   1   0       1.35733632
  323   2   1       2.48767867
  323   3   2       0.15438484
  324   1   0       1.35795983
  324   2   1       2.48714804
  324   3   2       0.15449931
  325   1   0       1.35733632
  325   2   1       2.48767868
  325   3   2       0.15438483
  326   1   0       1.35716651
  326   2   1       2.48720911
  326   3   2       0.15447470
  327   1   0       1.35733632
  327   2   1       2.48767868
  327   3   2       0.15438483
  328   1   0       1.35664480
  328   2   1       2.48932333
  328   3   2       0.15435464
  329   1   0       1.35733632
  329   2   1       2.48767868
  329   3   2       0.15438484
  330   1   0       1.35733633
  330   2   1       2.48767868
  330   3   2       0.15438483
  331   1   0       1.36292128
  331   2   1       2.47063080
  331   3   2       0.16029744
  332   1   0       1.36292124
  332   2   1       2.47063080
  332   3   2       0.16029742
  333   1   0       1.35795983
  333   2   1       2.48714803
  333   3   2       0.15449931
  334   1   0       1.35664484
  334   2   1       2.48932332
  334   3   2       0.15435461
  335   1   0       1.36292122
  335   2   1       2.47063079
  335   3   2       0.16029742
  336   1   0       1.35664487
  336   2   1       2.48932339
  336   3   2       0.15435458
  337   1   0       1.35886371
  337   2   1       2.48479706
  337   3   2       0.15477647
  338   1   0       1.35744199
  338   2   1       2.48583632
  338   3   2       0.15499439
  339   1   0       1.35886373
  339   2   1       2.48479705
  339   3   2       0.15477647
  340   1   0       1.35705509
  340   2   1       2.48825720
  340   3   2       0.15437087
  341   1   0       1.35744201
  341   2   1       2.48583631
  341   3   2       0.15499438
  342   1   0       1.35744202
  342   2   1       2.48583631
  342   3   2       0.15499436
  343   1   0       1.35657182
  343   2   1       2.48920235
  343   3   2       0.15435341
  344   1   0       1.35657180
  344   2   1       2.48920235
  344   3   2       0.15435342
  345   1   0       1.35886375
  345   2   1       2.48479702
  345   3   2       0.15477646
  346   1   0       1.35657182
  346   2   1       2.48920233
  346   3   2       0.15435341
  347   1   0       1.47912083
  347   2   1       2.33267591
  347   3   2       0.20504368
  348   1   0       1.35657181
  348   2   1       2.48920234
  348   3   2       0.15435343
  349   1   0       1.35705509
  349   2   1       2.48825719
  349   3   2       0.15437086
  350   1   0       1.35657179
  350   2   1       2.48920234
  350   3   2       0.15435343
  351   1   0       1.35657179
  351   2   1       2.48920235
  351   3   2       0.15435344
  352   1   0       1.35705510
  352   2   1       2.48825720
  352   3   2       0.15437086
  353   1   0       1.35636702
  353   2   1       2.48934976
  353   3   2       0.15415448
  354   1   0       1.35651992
  354   2   1       2.48942476
  354   3   2       0.15423867
  355   1   0       1.36020046
  355   2   1       2.48325274
  355   3   2       0.15500572
  356   1   0       1.35651990
  356   2   1       2.48942478
  356   3   2       0.15423869
  357   1   0       1.35727393
  357   2   1       2.48826824
  357   3   2       0.15444529
  358   1   0       1.35702446
  358   2   1       2.48900659
  358   3   2       0.15436010
  359   1   0       1.35702447
  359   2   1       2.48900659
  359   3   2       0.15436009
  360   1   0       1.35651987
  360   2   1       2.48942478
  360   3   2       0.15423867
  361   1   0       1.35725620
  361   2   1       2.48828565
  361   3   2       0.15428179
  362   1   0       1.35702447
  362   2   1       2.48900659
  362   3   2       0.15436009
  363   1   0       1.36020040
  363   2   1       2.48325276
  363   3   2       0.15500573
  364   1   0       1.35665296
  364   2   1       2.49159211
  364   3   2       0.15426979
  365   1   0       1.35727395
  365   2   1       2.48826824
  365   3   2       0.15444528
  366   1   0       1.35651988
  366   2   1       2.48942478
  366   3   2       0.15423867
  367   1   0       1.35665296
  367   2   1       2.49159210
  367   3   2       0.15426980
  368   1   0       1.35665294
  368   2   1       2.49159211
  368   3   2       0.15426981
  369   1   0       1.35805039
  369   2   1       2.48673427
  369   3   2       0.15440063
  370   1   0       1.35699303
  370   2   1       2.48945284
  370   3   2       0.15443769
  371   1   0       1.35699304
  371   2   1       2.48945285
  371   3   2       0.15443769
  372   1   0       1.35706290
  372   2   1       2.48866461
  372   3   2       0.15433779
  373   1   0       1.35699303
  373   2   1       2.48945285
  373   3   2       0.15443770
  374   1   0       1.35673707
  374   2   1       2.49033411
  374   3   2       0.15413408
  375   1   0       1.35699303
  375   2   1       2.48945285
  375   3   2       0.15443771
  376   1   0       1.35663796
  376   2   1       2.48921030
  376   3   2       0.15433759
  377   1   0       1.35699305
  377   2   1       2.48945284
  377   3   2       0.15443770
  378   1   0       1.35699304
  378   2   1       2.48945284
  378   3   2       0.15443771
  379   1   0       1.37369028
  379   2   1       2.45900778
  379   3   2       0.16718891
  380   1   0       1.35645109
  380   2   1       2.48928797
  380   3   2       0.15431329
  381   1   0       1.35805042
  381   2   1       2.48673424
  381   3   2       0.15440063
  382   1   0       1.35735836
  382   2   1       2.48905848
  382   3   2       0.15334686
  383   1   0       1.37369006
  383   2   1       2.45900766
  383   3   2       0.16718897
  384   1   0       1.35663800
  384   2   1       2.48921029
  384   3   2       0.15433756
  385   1   0       1.35795983
  385   2   1       2.48714804
  385   3   2       0.15449930
  386   1   0       1.35733632
  386   2   1       2.48767866
  386   3   2       0.15438483
  387   1   0       1.35733632
  387   2   1       2.48767866
  387   3   2       0.15438483
  388   1   0       1.35795982
  388   2   1       2.48714804
  388   3   2       0.15449931
  389   1   0       1.35886376
  389   2   1       2.48479697
  389   3   2       0.15477644
  390   1   0       1.35744217
  390   2   1       2.48583620
  390   3   2       0.15499432
  391   1   0       1.35886378
  391   2   1       2.48479696
  391   3   2       0.15477643
  392   1   0       1.35705508
  392   2   1       2.48825720
  392   3   2       0.15437088
  393   1   0       1.36292171
  393   2   1       2.47063048
  393   3   2       0.16029724
  394   1   0       1.36292168
  394   2   1       2.47063047
  394   3   2       0.16029722
  395   1   0       1.35733632
  395   2   1       2.48767866
  395   3   2       0.15438484
  396   1   0       1.35733632
  396   2   1       2.48767866
  396   3   2       0.15438483
  397   1   0       1.47912105
  397   2   1       2.33267367
  397   3   2       0.20504433
  398   1   0       1.35657182
  398   2   1       2.48920231
  398   3   2       0.15435342
  399   1   0       1.35886376
  399   2   1       2.48479698
  399   3   2       0.15477644
  400   1   0       1.35657184
  400   2   1       2.48920230
  400   3   2       0.15435340
  401   1   0       1.35733632
  401   2   1       2.48767867
  401   3   2       0.15438484
  402   1   0       1.35716652
  402   2   1       2.48720907
  402   3   2       0.15447472
  403   1   0       1.35733632
  403   2   1       2.48767866
  403   3   2       0.15438484
  404   1   0       1.35664503
  404   2   1       2.48932329
  404   3   2       0.15435455
  405   1   0       1.35744215
  405   2   1       2.48583620
  405   3   2       0.15499434
  406   1   0       1.35744216
  406   2   1       2.48583620
  406   3   2       0.15499432
  407   1   0       1.35657183
  407   2   1       2.48920232
  407   3   2       0.15435341
  408   1   0       1.35657182
  408   2   1       2.48920232
  408   3   2       0.15435343
  409   1   0       1.36292173
  409   2   1       2.47063048
  409   3   2       0.16029725
  410   1   0       1.35664502
  410   2   1       2.48932326
  410   3   2       0.15435456
  411   1   0       1.35795983
  411   2   1       2.48714804
  411   3   2       0.15449930
  412   1   0       1.35664500
  412   2   1       2.48932319
  412   3   2       0.15435460
  413   1   0       1.35657184
  413   2   1       2.48920231
  413   3   2       0.15435341
  414   1   0       1.35705508
  414   2   1       2.48825719
  414   3   2       0.15437088
  415   1   0       1.35705507
  415   2   1       2.48825719
  415   3   2       0.15437088
  416   1   0       1.35657184
  416   2   1       2.48920230
  416   3   2       0.15435340
  417   1   0       1.35636702
  417   2   1       2.48934976
  417   3   2       0.15415448
  418   1   0       1.35651992
  418   2   1       2.48942470
  418   3   2       0.15423869
  419   1   0       1.36020045
  419   2   1       2.48325258
  419   3   2       0.15500576
  420   1   0       1.35651991
  420   2   1       2.48942472
  420   3   2       0.15423870
  421   1   0       1.35805036
  421   2   1       2.48673426
  421   3   2       0.15440066
  422   1   0       1.35699302
  422   2   1       2.48945278
  422   3   2       0.15443774
  423   1   0       1.35699303
  423   2   1       2.48945278
  423   3   2       0.15443774
  424   1   0       1.35706291
  424   2   1       2.48866461
  424   3   2       0.15433778
  425   1   0       1.36020046
  425   2   1       2.48325258
  425   3   2       0.15500576
  426   1   0       1.35665305
  426   2   1       2.49159188
  426   3   2       0.15426994
  427   1   0       1.35725620
  427   2   1       2.48828563
  427   3   2       0.15428178
  428   1   0       1.35702447
  428   2   1       2.48900657
  428   3   2       0.15436008
  429   1   0       1.37369067
  429   2   1       2.45900752
  429   3   2       0.16718878
  430   1   0       1.35645109
  430   2   1       2.48928795
  430   3   2       0.15431329
  431   1   0       1.35699304
  431   2   1       2.48945278
  431   3   2       0.15443773
  432   1   0       1.35699302
  432   2   1       2.48945278
  432   3   2       0.15443774
  433   1   0       1.35727394
  433   2   1       2.48826824
  433   3   2       0.15444528
  434   1   0       1.35702447
  434   2   1       2.48900657
  434   3   2       0.15436008
  435   1   0       1.35702448
  435   2   1       2.48900657
  435   3   2       0.15436008
  436   1   0       1.35651991
  436   2   1       2.48942473
  436   3   2       0.15423870
  437   1   0       1.35699304
  437   2   1       2.48945278
  437   3   2       0.15443773
  438   1   0       1.35673715
  438   2   1       2.49033399
  438   3   2       0.15413410
  439   1   0       1.35699304
  439   2   1       2.48945278
  439   3   2       0.15443773
  440   1   0       1.35663796
  440   2   1       2.48921030
  440   3   2       0.15433759
  441   1   0       1.35665308
  441   2   1       2.49159186
  441   3   2       0.15426992
  442   1   0       1.35665306
  442   2   1       2.49159188
  442   3   2       0.15426993
  443   1   0       1.35727393
  443   2   1       2.48826824
  443   3   2       0.15444529
  444   1   0       1.35651993
  444   2   1       2.48942471
  444   3   2       0.15423869
  445   1   0       1.37369072
  445   2   1       2.45900759
  445   3   2       0.16718876
  446   1   0       1.35663796
  446   2   1       2.48921029
  446   3   2       0.15433759
  447   1   0       1.35805036
  447   2   1       2.48673426
  447   3   2       0.15440066
  448   1   0       1.35735861
  448   2   1       2.48905839
  448   3   2       0.15334680
  449   1   0       1.35636416
  449   2   1       2.48921108
  449   3   2       0.15416219
  450   1   0       1.35685492
  450   2   1       2.48903184
  450   3   2       0.15425153
  451   1   0       1.35711682
  451   2   1       2.48853623
  451   3   2       0.15432357
  452   1   0       1.35708534
  452   2   1       2.48828060
  452   3   2       0.15433216
  453   1   0       1.35684501
  453   2   1       2.48988495
  453   3   2       0.15440330
  454   1   0       1.35665359
  454   2   1       2.48971450
  454   3   2       0.15427072
  455   1   0       1.35711680
  455   2   1       2.48853623
  455   3   2       0.15432357
  456   1   0       1.35694044
  456   2   1       2.48918553
  456   3   2       0.15447895
  457   1   0       1.35684503
  457   2   1       2.48988499
  457   3   2       0.15440327
  458   1   0       1.35685491
  458   2   1       2.48903184
  458   3   2       0.15425153
  459   1   0       1.35684508
  459   2   1       2.48988488
  459   3   2       0.15440329
  460   1   0       1.35685492
  460   2   1       2.48903184
  460   3   2       0.15425153
  461   1   0       1.35636417
  461   2   1       2.48921110
  461   3   2       0.15416218
  462   1   0       1.35798161
  462   2   1       2.49116731
  462   3   2       0.15457693
  463   1   0       1.35684502
  463   2   1       2.48988492
  463   3   2       0.15440330
  464   1   0       1.35694042
  464   2   1       2.48918554
  464   3   2       0.15447897
  465   1   0       1.35684509
  465   2   1       2.48988489
  465   3   2       0.15440328
  466   1   0       1.35665362
  466   2   1       2.48971447
  466   3   2       0.15427070
  467   1   0       1.35711682
  467   2   1       2.48853624
  467   3   2       0.15432357
  468   1   0       1.35694042
  468   2   1       2.48918555
  468   3   2       0.15447896
  469   1   0       1.35603602
  469   2   1       2.49029473
  469   3   2       0.15321047
  470   1   0       1.35665360
  470   2   1       2.48971449
  470   3   2       0.15427071
  471   1   0       1.35712142
  471   2   1       2.48851822
  471   3   2       0.15437130
  472   1   0       1.35798157
  472   2   1       2.49116735
  472   3   2       0.15457693
  473   1   0       1.35684505
  473   2   1       2.48988496
  473   3   2       0.15440327
  474   1   0       1.35694043
  474   2   1       2.48918553
  474   3   2       0.15447896
  475   1   0       1.35636416
  475   2   1       2.48921108
  475   3   2       0.15416220
  476   1   0       1.35798139
  476   2   1       2.49116747
  476   3   2       0.15457692
  477   1   0       1.35712142
  477   2   1       2.48851821
  477   3   2       0.15437130
  478   1   0       1.35694045
  478   2   1       2.48918552
  478   3   2       0.15447894
  479   1   0       1.35712143
  479   2   1       2.48851821
  479   3   2       0.15437129
  480   1   0       1.35694041
  480   2   1       2.48918554
  480   3   2       0.15447897
  481   1   0       1.37369021
  481   2   1       2.45900748
  481   3   2       0.16718892
  482   1   0       1.36020045
  482   2   1       2.48325268
  482   3   2       0.15500572
  483   1   0       1.35805040
  483   2   1       2.48673425
  483   3   2       0.15440063
  484   1   0       1.35651989
  484   2   1       2.48942480
  484   3   2       0.15423867
  485   1   0       1.35709835
  485   2   1       2.48764914
  485   3   2       0.15452806
  486   1   0       1.35709900
  486   2   1       2.48807643
  486   3   2       0.15437100
  487   1   0       1.35805038
  487   2   1       2.48673426
  487   3   2       0.15440066
  488   1   0       1.36020043
  488   2   1       2.48325276
  488   3   2       0.15500572
  489   1   0       1.35709836
  489   2   1       2.48764916
  489   3   2       0.15452806
  490   1   0       1.36020048
  490   2   1       2.48325258
  490   3   2       0.15500576
  491   1   0       1.35709836
  491   2   1       2.48764914
  491   3   2       0.15452808
  492   1   0       1.35651988
  492   2   1       2.48942481
  492   3   2       0.15423869
  493   1   0       1.37369052
  493   2   1       2.45900734
  493   3   2       0.16718883
  494   1   0       1.35706304
  494   2   1       2.48398896
  494   3   2       0.15666975
  495   1   0       1.35709836
  495   2   1       2.48764914
  495   3   2       0.15452807
  496   1   0       1.35651992
  496   2   1       2.48942475
  496   3   2       0.15423871
  497   1   0       1.35709836
  497   2   1       2.48764914
  497   3   2       0.15452808
  498   1   0       1.35709899
  498   2   1       2.48807642
  498   3   2       0.15437102
  499   1   0       1.35805040
  499   2   1       2.48673427
  499   3   2       0.15440063
  500   1   0       1.35706301
  500   2   1       2.48398899
  500   3   2       0.15666976
  501   1   0       1.35680452
  501   2   1       2.48746674
  501   3   2       0.15466277
  502   1   0       1.35709900
  502   2   1       2.48807643
  502   3   2       0.15437100
  503   1   0       1.35735842
  503   2   1       2.48905853
  503   3   2       0.15334685
  504   1   0       1.35706287
  504   2   1       2.48398902
  504   3   2       0.15666980
  505   1   0       1.35709836
  505   2   1       2.48764915
  505   3   2       0.15452806
  506   1   0       1.35651993
  506   2   1       2.48942474
  506   3   2       0.15423870
  507   1   0       1.37369014
  507   2   1       2.45900760
  507   3   2       0.16718896
  508   1   0       1.35651989
  508   2   1       2.48942478
  508   3   2       0.15423869
  509   1   0       1.35735847
  509   2   1       2.48905849
  509   3   2       0.15334684
  510   1   0       1.35651990
  510   2   1       2.48942477
  510   3   2       0.15423867
  511   1   0       1.35735822
  511   2   1       2.48905859
  511   3   2       0.15334690

Orbital populations (up)
 Atom Sh.   l   m       Population  Label
    1   1   0   0       1.35795984  s
    1   2   1  -1       0.82866421  p_y
    1   2   1   0       0.82866421  p_z
    1   2   1   1       0.82981958  p_x
    1   3   2  -2       0.03863698  d_xy
    1   3   2  -1       0.03960723  d_yz
    1   3   2   0       0.01878792  d_z2
    1   3   2   1       0.03863698  d_xz
    1   3   2   2       0.01883019  d_x2-y2
    2   1   0   0       1.35886379  s
    2   2   1  -1       0.82755879  p_y
    2   2   1   0       0.82755879  p_z
    2   2   1   1       0.82967930  p_x
    2   3   2  -2       0.03841316  d_xy
    2   3   2  -1       0.04026677  d_yz
    2   3   2   0       0.01879852  d_z2
    2   3   2   1       0.03841317  d_xz
    2   3   2   2       0.01888481  d_x2-y2
    3   1   0   0       1.36292162  s
    3   2   1  -1       0.82115621  p_y
    3   2   1   0       0.82115620  p_z
    3   2   1   1       0.82831790  p_x
    3   3   2  -2       0.03751296  d_xy
    3   3   2  -1       0.04581814  d_yz
    3   3   2   0       0.01924392  d_z2
    3   3   2   1       0.03751296  d_xz
    3   3   2   2       0.02020928  d_x2-y2
    4   1   0   0       1.47912082  s
    4   2   1  -1       0.77755776  p_y
    4   2   1   0       0.77755785  p_z
    4   2   1   1       0.77755778  p_x
    4   3   2  -2       0.05004719  d_xy
    4   3   2  -1       0.05004725  d_yz
    4   3   2   0       0.02745128  d_z2
    4   3   2   1       0.05004728  d_xz
    4   3   2   2       0.02745129  d_x2-y2
    5   1   0   0       1.35733635  s
    5   2   1  -1       0.82916129  p_y
    5   2   1   0       0.82903150  p_z
    5   2   1   1       0.82948581  p_x
    5   3   2  -2       0.03897660  d_xy
    5   3   2  -1       0.03911095  d_yz
    5   3   2   0       0.01879675  d_z2
    5   3   2   1       0.03873548  d_xz
    5   3   2   2       0.01876503  d_x2-y2
    6   1   0   0       1.35744218  s
    6   2   1  -1       0.82878877  p_y
    6   2   1   0       0.82852365  p_z
    6   2   1   1       0.82852365  p_x
    6   3   2  -2       0.03930631  d_xy
    6   3   2  -1       0.03930631  d_yz
    6   3   2   0       0.01896379  d_z2
    6   3   2   1       0.03859249  d_xz
    6   3   2   2       0.01882541  d_x2-y2
    7   1   0   0       1.36292156  s
    7   2   1  -1       0.82115620  p_y
    7   2   1   0       0.82831790  p_z
    7   2   1   1       0.82115620  p_x
    7   3   2  -2       0.04581812  d_xy
    7   3   2  -1       0.03751296  d_yz
    7   3   2   0       0.02069197  d_z2
    7   3   2   1       0.03751296  d_xz
    7   3   2   2       0.01876123  d_x2-y2
    8   1   0   0       1.35657183  s
    8   2   1  -1       0.82984407  p_y
    8   2   1   0       0.82966221  p_z
    8   2   1   1       0.82969597  p_x
    8   3   2  -2       0.03861870  d_xy
    8   3   2  -1       0.03902325  d_yz
    8   3   2   0       0.01868477  d_z2
    8   3   2   1       0.03918591  d_xz
    8   3   2   2       0.01884080  d_x2-y2
    9   1   0   0       1.35733635  s
    9   2   1  -1       0.82916128  p_y
    9   2   1   0       0.82948581  p_z
    9   2   1   1       0.82903150  p_x
    9   3   2  -2       0.03911096  d_xy
    9   3   2  -1       0.03897660  d_yz
    9   3   2   0       0.01879549  d_z2
    9   3   2   1       0.03873548  d_xz
    9   3   2   2       0.01876629  d_x2-y2
   10   1   0   0       1.35886383  s
   10   2   1  -1       0.82755878  p_y
   10   2   1   0       0.82967929  p_z
   10   2   1   1       0.82755878  p_x
   10   3   2  -2       0.04026677  d_xy
   10   3   2  -1       0.03841316  d_yz
   10   3   2   0       0.01892795  d_z2
   10   3   2   1       0.03841316  d_xz
   10   3   2   2       0.01875537  d_x2-y2
   11   1   0   0       1.35733634  s
   11   2   1  -1       0.82948581  p_y
   11   2   1   0       0.82916128  p_z
   11   2   1   1       0.82903149  p_x
   11   3   2  -2       0.03873549  d_xy
   11   3   2  -1       0.03897661  d_yz
   11   3   2   0       0.01875043  d_z2
   11   3   2   1       0.03911096  d_xz
   11   3   2   2       0.01881136  d_x2-y2
   12   1   0   0       1.35886378  s
   12   2   1  -1       0.82967930  p_y
   12   2   1   0       0.82755879  p_z
   12   2   1   1       0.82755879  p_x
   12   3   2  -2       0.03841316  d_xy
   12   3   2  -1       0.03841317  d_yz
   12   3   2   0       0.01879852  d_z2
   12   3   2   1       0.04026677  d_xz
   12   3   2   2       0.01888481  d_x2-y2
   13   1   0   0       1.35795984  s
   13   2   1  -1       0.82866421  p_y
   13   2   1   0       0.82981958  p_z
   13   2   1   1       0.82866421  p_x
   13   3   2  -2       0.03960723  d_xy
   13   3   2  -1       0.03863698  d_yz
   13   3   2   0       0.01885132  d_z2
   13   3   2   1       0.03863698  d_xz
   13   3   2   2       0.01876679  d_x2-y2
   14   1   0   0       1.35705510  s
   14   2   1  -1       0.82954018  p_y
   14   2   1   0       0.82935849  p_z
   14   2   1   1       0.82935848  p_x
   14   3   2  -2       0.03891324  d_xy
   14   3   2  -1       0.03891324  d_yz
   14   3   2   0       0.01879049  d_z2
   14   3   2   1       0.03896186  d_xz
   14   3   2   2       0.01879204  d_x2-y2
   15   1   0   0       1.35733635  s
   15   2   1  -1       0.82948581  p_y
   15   2   1   0       0.82903150  p_z
   15   2   1   1       0.82916129  p_x
   15   3   2  -2       0.03897660  d_xy
   15   3   2  -1       0.03873548  d_yz
   15   3   2   0       0.01879675  d_z2
   15   3   2   1       0.03911095  d_xz
   15   3   2   2       0.01876503  d_x2-y2
   16   1   0   0       1.35657186  s
   16   2   1  -1       0.82984407  p_y
   16   2   1   0       0.82969597  p_z
   16   2   1   1       0.82966221  p_x
   16   3   2  -2       0.03902324  d_xy
   16   3   2  -1       0.03861870  d_yz
   16   3   2   0       0.01878381  d_z2
   16   3   2   1       0.03918590  d_xz
   16   3   2   2       0.01874174  d_x2-y2
   17   1   0   0       1.35733634  s
   17   2   1  -1       0.82903150  p_y
   17   2   1   0       0.82916128  p_z
   17   2   1   1       0.82948581  p_x
   17   3   2  -2       0.03873549  d_xy
   17   3   2  -1       0.03911096  d_yz
   17   3   2   0       0.01875043  d_z2
   17   3   2   1       0.03897661  d_xz
   17   3   2   2       0.01881136  d_x2-y2
   18   1   0   0       1.35744216  s
   18   2   1  -1       0.82852365  p_y
   18   2   1   0       0.82878877  p_z
   18   2   1   1       0.82852365  p_x
   18   3   2  -2       0.03859249  d_xy
   18   3   2  -1       0.03930632  d_yz
   18   3   2   0       0.01875623  d_z2
   18   3   2   1       0.03930632  d_xz
   18   3   2   2       0.01903298  d_x2-y2
   19   1   0   0       1.36292163  s
   19   2   1  -1       0.82831790  p_y
   19   2   1   0       0.82115620  p_z
   19   2   1   1       0.82115621  p_x
   19   3   2  -2       0.03751296  d_xy
   19   3   2  -1       0.03751296  d_yz
   19   3   2   0       0.01924392  d_z2
   19   3   2   1       0.04581814  d_xz
   19   3   2   2       0.02020928  d_x2-y2
   20   1   0   0       1.35657187  s
   20   2   1  -1       0.82966221  p_y
   20   2   1   0       0.82984407  p_z
   20   2   1   1       0.82969597  p_x
   20   3   2  -2       0.03918590  d_xy
   20   3   2  -1       0.03902324  d_yz
   20   3   2   0       0.01881976  d_z2
   20   3   2   1       0.03861870  d_xz
   20   3   2   2       0.01870580  d_x2-y2
   21   1   0   0       1.35716655  s
   21   2   1  -1       0.82906966  p_y
   21   2   1   0       0.82906966  p_z
   21   2   1   1       0.82906966  p_x
   21   3   2  -2       0.03895903  d_xy
   21   3   2  -1       0.03895903  d_yz
   21   3   2   0       0.01879880  d_z2
   21   3   2   1       0.03895903  d_xz
   21   3   2   2       0.01879880  d_x2-y2
   22   1   0   0       1.35744218  s
   22   2   1  -1       0.82852365  p_y
   22   2   1   0       0.82852365  p_z
   22   2   1   1       0.82878877  p_x
   22   3   2  -2       0.03930631  d_xy
   22   3   2  -1       0.03859249  d_yz
   22   3   2   0       0.01896379  d_z2
   22   3   2   1       0.03930631  d_xz
   22   3   2   2       0.01882541  d_x2-y2
   23   1   0   0       1.35664502  s
   23   2   1  -1       0.82972390  p_y
   23   2   1   0       0.82972390  p_z
   23   2   1   1       0.82987540  p_x
   23   3   2  -2       0.03928590  d_xy
   23   3   2  -1       0.03819526  d_yz
   23   3   2   0       0.01891955  d_z2
   23   3   2   1       0.03928590  d_xz
   23   3   2   2       0.01866794  d_x2-y2
   24   1   0   0       1.35705509  s
   24   2   1  -1       0.82935848  p_y
   24   2   1   0       0.82935848  p_z
   24   2   1   1       0.82954018  p_x
   24   3   2  -2       0.03891324  d_xy
   24   3   2  -1       0.03896186  d_yz
   24   3   2   0       0.01879049  d_z2
   24   3   2   1       0.03891324  d_xz
   24   3   2   2       0.01879204  d_x2-y2
   25   1   0   0       1.35733635  s
   25   2   1  -1       0.82903150  p_y
   25   2   1   0       0.82948581  p_z
   25   2   1   1       0.82916128  p_x
   25   3   2  -2       0.03911096  d_xy
   25   3   2  -1       0.03873548  d_yz
   25   3   2   0       0.01879550  d_z2
   25   3   2   1       0.03897661  d_xz
   25   3   2   2       0.01876629  d_x2-y2
   26   1   0   0       1.35657186  s
   26   2   1  -1       0.82969597  p_y
   26   2   1   0       0.82984407  p_z
   26   2   1   1       0.82966221  p_x
   26   3   2  -2       0.03918590  d_xy
   26   3   2  -1       0.03861870  d_yz
   26   3   2   0       0.01881976  d_z2
   26   3   2   1       0.03902325  d_xz
   26   3   2   2       0.01870580  d_x2-y2
   27   1   0   0       1.35795984  s
   27   2   1  -1       0.82981958  p_y
   27   2   1   0       0.82866421  p_z
   27   2   1   1       0.82866421  p_x
   27   3   2  -2       0.03863698  d_xy
   27   3   2  -1       0.03863698  d_yz
   27   3   2   0       0.01878792  d_z2
   27   3   2   1       0.03960723  d_xz
   27   3   2   2       0.01883019  d_x2-y2
   28   1   0   0       1.35705509  s
   28   2   1  -1       0.82935849  p_y
   28   2   1   0       0.82954019  p_z
   28   2   1   1       0.82935849  p_x
   28   3   2  -2       0.03896186  d_xy
   28   3   2  -1       0.03891324  d_yz
   28   3   2   0       0.01879282  d_z2
   28   3   2   1       0.03891324  d_xz
   28   3   2   2       0.01878972  d_x2-y2
   29   1   0   0       1.35664503  s
   29   2   1  -1       0.82987541  p_y
   29   2   1   0       0.82972391  p_z
   29   2   1   1       0.82972391  p_x
   29   3   2  -2       0.03928589  d_xy
   29   3   2  -1       0.03928589  d_yz
   29   3   2   0       0.01891954  d_z2
   29   3   2   1       0.03819526  d_xz
   29   3   2   2       0.01866794  d_x2-y2
   30   1   0   0       1.35657183  s
   30   2   1  -1       0.82969598  p_y
   30   2   1   0       0.82966221  p_z
   30   2   1   1       0.82984408  p_x
   30   3   2  -2       0.03861870  d_xy
   30   3   2  -1       0.03918591  d_yz
   30   3   2   0       0.01868477  d_z2
   30   3   2   1       0.03902325  d_xz
   30   3   2   2       0.01884080  d_x2-y2
   31   1   0   0       1.35664495  s
   31   2   1  -1       0.82972388  p_y
   31   2   1   0       0.82987538  p_z
   31   2   1   1       0.82972388  p_x
   31   3   2  -2       0.03819528  d_xy
   31   3   2  -1       0.03928591  d_yz
   31   3   2   0       0.01854215  d_z2
   31   3   2   1       0.03928591  d_xz
   31   3   2   2       0.01904536  d_x2-y2
   32   1   0   0       1.35657186  s
   32   2   1  -1       0.82966221  p_y
   32   2   1   0       0.82969597  p_z
   32   2   1   1       0.82984407  p_x
   32   3   2  -2       0.03902324  d_xy
   32   3   2  -1       0.03918590  d_yz
   32   3   2   0       0.01878381  d_z2
   32   3   2   1       0.03861869  d_xz
   32   3   2   2       0.01874174  d_x2-y2
   33   1   0   0       1.35701125  s
   33   2   1  -1       0.82950673  p_y
   33   2   1   0       0.82950673  p_z
   33   2   1   1       0.82950673  p_x
   33   3   2  -2       0.03892393  d_xy
   33   3   2  -1       0.03892393  d_yz
   33   3   2   0       0.01880290  d_z2
   33   3   2   1       0.03892393  d_xz
   33   3   2   2       0.01880290  d_x2-y2
   34   1   0   0       1.35706291  s
   34   2   1  -1       0.82957505  p_y
   34   2   1   0       0.82957505  p_z
   34   2   1   1       0.82951448  p_x
   34   3   2  -2       0.03892012  d_xy
   34   3   2  -1       0.03891267  d_yz
   34   3   2   0       0.01879361  d_z2
   34   3   2   1       0.03892013  d_xz
   34   3   2   2       0.01879125  d_x2-y2
   35   1   0   0       1.35725621  s
   35   2   1  -1       0.82950622  p_y
   35   2   1   0       0.82950622  p_z
   35   2   1   1       0.82927315  p_x
   35   3   2  -2       0.03900440  d_xy
   35   3   2  -1       0.03873863  d_yz
   35   3   2   0       0.01877344  d_z2
   35   3   2   1       0.03900441  d_xz
   35   3   2   2       0.01876090  d_x2-y2
   36   1   0   0       1.35645109  s
   36   2   1  -1       0.82981205  p_y
   36   2   1   0       0.82981205  p_z
   36   2   1   1       0.82966382  p_x
   36   3   2  -2       0.03907365  d_xy
   36   3   2  -1       0.03865093  d_yz
   36   3   2   0       0.01878710  d_z2
   36   3   2   1       0.03907365  d_xz
   36   3   2   2       0.01872796  d_x2-y2
   37   1   0   0       1.35727393  s
   37   2   1  -1       0.82919959  p_y
   37   2   1   0       0.82928608  p_z
   37   2   1   1       0.82978253  p_x
   37   3   2  -2       0.03892894  d_xy
   37   3   2  -1       0.03920970  d_yz
   37   3   2   0       0.01878793  d_z2
   37   3   2   1       0.03871376  d_xz
   37   3   2   2       0.01880496  d_x2-y2
   38   1   0   0       1.35699307  s
   38   2   1  -1       0.82921880  p_y
   38   2   1   0       0.83006865  p_z
   38   2   1   1       0.83016526  p_x
   38   3   2  -2       0.03915022  d_xy
   38   3   2  -1       0.03918210  d_yz
   38   3   2   0       0.01880771  d_z2
   38   3   2   1       0.03846171  d_xz
   38   3   2   2       0.01883597  d_x2-y2
   39   1   0   0       1.35665307  s
   39   2   1  -1       0.82844102  p_y
   39   2   1   0       0.83157541  p_z
   39   2   1   1       0.83157539  p_x
   39   3   2  -2       0.03960027  d_xy
   39   3   2  -1       0.03960026  d_yz
   39   3   2   0       0.01908721  d_z2
   39   3   2   1       0.03715849  d_xz
   39   3   2   2       0.01882364  d_x2-y2
   40   1   0   0       1.35645112  s
   40   2   1  -1       0.82981204  p_y
   40   2   1   0       0.82966381  p_z
   40   2   1   1       0.82981204  p_x
   40   3   2  -2       0.03865092  d_xy
   40   3   2  -1       0.03907365  d_yz
   40   3   2   0       0.01869839  d_z2
   40   3   2   1       0.03907365  d_xz
   40   3   2   2       0.01881667  d_x2-y2
   41   1   0   0       1.35725620  s
   41   2   1  -1       0.82927315  p_y
   41   2   1   0       0.82950622  p_z
   41   2   1   1       0.82950622  p_x
   41   3   2  -2       0.03900440  d_xy
   41   3   2  -1       0.03900440  d_yz
   41   3   2   0       0.01877344  d_z2
   41   3   2   1       0.03873863  d_xz
   41   3   2   2       0.01876090  d_x2-y2
   42   1   0   0       1.35699308  s
   42   2   1  -1       0.82921879  p_y
   42   2   1   0       0.83016526  p_z
   42   2   1   1       0.83006864  p_x
   42   3   2  -2       0.03918210  d_xy
   42   3   2  -1       0.03915022  d_yz
   42   3   2   0       0.01886860  d_z2
   42   3   2   1       0.03846171  d_xz
   42   3   2   2       0.01877507  d_x2-y2
   43   1   0   0       1.35725622  s
   43   2   1  -1       0.82950621  p_y
   43   2   1   0       0.82927315  p_z
   43   2   1   1       0.82950621  p_x
   43   3   2  -2       0.03873863  d_xy
   43   3   2  -1       0.03900440  d_yz
   43   3   2   0       0.01875462  d_z2
   43   3   2   1       0.03900440  d_xz
   43   3   2   2       0.01877971  d_x2-y2
   44   1   0   0       1.35699308  s
   44   2   1  -1       0.83016526  p_y
   44   2   1   0       0.82921880  p_z
   44   2   1   1       0.83006864  p_x
   44   3   2  -2       0.03846171  d_xy
   44   3   2  -1       0.03915022  d_yz
   44   3   2   0       0.01878920  d_z2
   44   3   2   1       0.03918210  d_xz
   44   3   2   2       0.01885447  d_x2-y2
   45   1   0   0       1.35727395  s
   45   2   1  -1       0.82919959  p_y
   45   2   1   0       0.82978253  p_z
   45   2   1   1       0.82928608  p_x
   45   3   2  -2       0.03920970  d_xy
   45   3   2  -1       0.03892894  d_yz
   45   3   2   0       0.01882913  d_z2
   45   3   2   1       0.03871375  d_xz
   45   3   2   2       0.01876376  d_x2-y2
   46   1   0   0       1.35706291  s
   46   2   1  -1       0.82957504  p_y
   46   2   1   0       0.82951448  p_z
   46   2   1   1       0.82957504  p_x
   46   3   2  -2       0.03891267  d_xy
   46   3   2  -1       0.03892012  d_yz
   46   3   2   0       0.01879006  d_z2
   46   3   2   1       0.03892013  d_xz
   46   3   2   2       0.01879479  d_x2-y2
   47   1   0   0       1.35702450  s
   47   2   1  -1       0.82974543  p_y
   47   2   1   0       0.82963054  p_z
   47   2   1   1       0.82963054  p_x
   47   3   2  -2       0.03889195  d_xy
   47   3   2  -1       0.03889195  d_yz
   47   3   2   0       0.01880465  d_z2
   47   3   2   1       0.03894785  d_xz
   47   3   2   2       0.01882367  d_x2-y2
   48   1   0   0       1.35699307  s
   48   2   1  -1       0.83016526  p_y
   48   2   1   0       0.83006865  p_z
   48   2   1   1       0.82921880  p_x
   48   3   2  -2       0.03915022  d_xy
   48   3   2  -1       0.03846171  d_yz
   48   3   2   0       0.01880771  d_z2
   48   3   2   1       0.03918210  d_xz
   48   3   2   2       0.01883597  d_x2-y2
   49   1   0   0       1.35727395  s
   49   2   1  -1       0.82928607  p_y
   49   2   1   0       0.82919959  p_z
   49   2   1   1       0.82978252  p_x
   49   3   2  -2       0.03871375  d_xy
   49   3   2  -1       0.03920970  d_yz
   49   3   2   0       0.01877227  d_z2
   49   3   2   1       0.03892894  d_xz
   49   3   2   2       0.01882061  d_x2-y2
   50   1   0   0       1.35699308  s
   50   2   1  -1       0.83006864  p_y
   50   2   1   0       0.82921880  p_z
   50   2   1   1       0.83016526  p_x
   50   3   2  -2       0.03846171  d_xy
   50   3   2  -1       0.03918210  d_yz
   50   3   2   0       0.01878920  d_z2
   50   3   2   1       0.03915022  d_xz
   50   3   2   2       0.01885447  d_x2-y2
   51   1   0   0       1.35665310  s
   51   2   1  -1       0.83157539  p_y
   51   2   1   0       0.82844101  p_z
   51   2   1   1       0.83157540  p_x
   51   3   2  -2       0.03715846  d_xy
   51   3   2  -1       0.03960027  d_yz
   51   3   2   0       0.01869185  d_z2
   51   3   2   1       0.03960027  d_xz
   51   3   2   2       0.01921899  d_x2-y2
   52   1   0   0       1.35645108  s
   52   2   1  -1       0.82966381  p_y
   52   2   1   0       0.82981205  p_z
   52   2   1   1       0.82981205  p_x
   52   3   2  -2       0.03907365  d_xy
   52   3   2  -1       0.03907365  d_yz
   52   3   2   0       0.01878711  d_z2
   52   3   2   1       0.03865093  d_xz
   52   3   2   2       0.01872796  d_x2-y2
   53   1   0   0       1.35702450  s
   53   2   1  -1       0.82963054  p_y
   53   2   1   0       0.82963054  p_z
   53   2   1   1       0.82974543  p_x
   53   3   2  -2       0.03889195  d_xy
   53   3   2  -1       0.03894784  d_yz
   53   3   2   0       0.01880465  d_z2
   53   3   2   1       0.03889195  d_xz
   53   3   2   2       0.01882367  d_x2-y2
   54   1   0   0       1.35673718  s
   54   2   1  -1       0.83011129  p_y
   54   2   1   0       0.83011130  p_z
   54   2   1   1       0.83011129  p_x
   54   3   2  -2       0.03879867  d_xy
   54   3   2  -1       0.03879867  d_yz
   54   3   2   0       0.01886903  d_z2
   54   3   2   1       0.03879867  d_xz
   54   3   2   2       0.01886903  d_x2-y2
   55   1   0   0       1.35665308  s
   55   2   1  -1       0.83157538  p_y
   55   2   1   0       0.83157541  p_z
   55   2   1   1       0.82844101  p_x
   55   3   2  -2       0.03960027  d_xy
   55   3   2  -1       0.03715848  d_yz
   55   3   2   0       0.01908721  d_z2
   55   3   2   1       0.03960026  d_xz
   55   3   2   2       0.01882364  d_x2-y2
   56   1   0   0       1.35701149  s
   56   2   1  -1       0.82947520  p_y
   56   2   1   0       0.82947520  p_z
   56   2   1   1       0.82975849  p_x
   56   3   2  -2       0.03889715  d_xy
   56   3   2  -1       0.03897832  d_yz
   56   3   2   0       0.01879096  d_z2
   56   3   2   1       0.03889715  d_xz
   56   3   2   2       0.01880470  d_x2-y2
   57   1   0   0       1.35702450  s
   57   2   1  -1       0.82963054  p_y
   57   2   1   0       0.82974543  p_z
   57   2   1   1       0.82963054  p_x
   57   3   2  -2       0.03894784  d_xy
   57   3   2  -1       0.03889195  d_yz
   57   3   2   0       0.01883318  d_z2
   57   3   2   1       0.03889195  d_xz
   57   3   2   2       0.01879514  d_x2-y2
   58   1   0   0       1.35699309  s
   58   2   1  -1       0.83006864  p_y
   58   2   1   0       0.83016526  p_z
   58   2   1   1       0.82921879  p_x
   58   3   2  -2       0.03918210  d_xy
   58   3   2  -1       0.03846171  d_yz
   58   3   2   0       0.01886860  d_z2
   58   3   2   1       0.03915022  d_xz
   58   3   2   2       0.01877507  d_x2-y2
   59   1   0   0       1.35727395  s
   59   2   1  -1       0.82978252  p_y
   59   2   1   0       0.82919959  p_z
   59   2   1   1       0.82928607  p_x
   59   3   2  -2       0.03871375  d_xy
   59   3   2  -1       0.03892894  d_yz
   59   3   2   0       0.01877227  d_z2
   59   3   2   1       0.03920970  d_xz
   59   3   2   2       0.01882061  d_x2-y2
   60   1   0   0       1.35706291  s
   60   2   1  -1       0.82951448  p_y
   60   2   1   0       0.82957505  p_z
   60   2   1   1       0.82957505  p_x
   60   3   2  -2       0.03892012  d_xy
   60   3   2  -1       0.03892012  d_yz
   60   3   2   0       0.01879361  d_z2
   60   3   2   1       0.03891267  d_xz
   60   3   2   2       0.01879125  d_x2-y2
   61   1   0   0       1.35727395  s
   61   2   1  -1       0.82928608  p_y
   61   2   1   0       0.82978253  p_z
   61   2   1   1       0.82919959  p_x
   61   3   2  -2       0.03920969  d_xy
   61   3   2  -1       0.03871375  d_yz
   61   3   2   0       0.01882913  d_z2
   61   3   2   1       0.03892894  d_xz
   61   3   2   2       0.01876376  d_x2-y2
   62   1   0   0       1.35701149  s
   62   2   1  -1       0.82975849  p_y
   62   2   1   0       0.82947520  p_z
   62   2   1   1       0.82947520  p_x
   62   3   2  -2       0.03889715  d_xy
   62   3   2  -1       0.03889715  d_yz
   62   3   2   0       0.01879096  d_z2
   62   3   2   1       0.03897832  d_xz
   62   3   2   2       0.01880470  d_x2-y2
   63   1   0   0       1.35727393  s
   63   2   1  -1       0.82978253  p_y
   63   2   1   0       0.82928608  p_z
   63   2   1   1       0.82919959  p_x
   63   3   2  -2       0.03892894  d_xy
   63   3   2  -1       0.03871376  d_yz
   63   3   2   0       0.01878793  d_z2
   63   3   2   1       0.03920970  d_xz
   63   3   2   2       0.01880496  d_x2-y2
   64   1   0   0       1.35701150  s
   64   2   1  -1       0.82947520  p_y
   64   2   1   0       0.82975849  p_z
   64   2   1   1       0.82947520  p_x
   64   3   2  -2       0.03897832  d_xy
   64   3   2  -1       0.03889714  d_yz
   64   3   2   0       0.01881156  d_z2
   64   3   2   1       0.03889714  d_xz
   64   3   2   2       0.01878409  d_x2-y2
   65   1   0   0       1.35636419  s
   65   2   1  -1       0.82967471  p_y
   65   2   1   0       0.82976817  p_z
   65   2   1   1       0.82976817  p_x
   65   3   2  -2       0.03904778  d_xy
   65   3   2  -1       0.03904778  d_yz
   65   3   2   0       0.01878572  d_z2
   65   3   2   1       0.03858625  d_xz
   65   3   2   2       0.01869466  d_x2-y2
   66   1   0   0       1.35684507  s
   66   2   1  -1       0.82891067  p_y
   66   2   1   0       0.83039639  p_z
   66   2   1   1       0.83057785  p_x
   66   3   2  -2       0.03927409  d_xy
   66   3   2  -1       0.03929980  d_yz
   66   3   2   0       0.01884121  d_z2
   66   3   2   1       0.03811494  d_xz
   66   3   2   2       0.01887324  d_x2-y2
   67   1   0   0       1.35684508  s
   67   2   1  -1       0.83039639  p_y
   67   2   1   0       0.82891068  p_z
   67   2   1   1       0.83057787  p_x
   67   3   2  -2       0.03811494  d_xy
   67   3   2  -1       0.03929979  d_yz
   67   3   2   0       0.01873258  d_z2
   67   3   2   1       0.03927408  d_xz
   67   3   2   2       0.01898186  d_x2-y2
   68   1   0   0       1.35636419  s
   68   2   1  -1       0.82976817  p_y
   68   2   1   0       0.82967472  p_z
   68   2   1   1       0.82976817  p_x
   68   3   2  -2       0.03858625  d_xy
   68   3   2  -1       0.03904778  d_yz
   68   3   2   0       0.01864913  d_z2
   68   3   2   1       0.03904778  d_xz
   68   3   2   2       0.01883124  d_x2-y2
   69   1   0   0       1.35685493  s
   69   2   1  -1       0.82939315  p_y
   69   2   1   0       0.82981932  p_z
   69   2   1   1       0.82981931  p_x
   69   3   2  -2       0.03903357  d_xy
   69   3   2  -1       0.03903356  d_yz
   69   3   2   0       0.01877324  d_z2
   69   3   2   1       0.03866289  d_xz
   69   3   2   2       0.01874828  d_x2-y2
   70   1   0   0       1.35665361  s
   70   2   1  -1       0.82987573  p_y
   70   2   1   0       0.82987573  p_z
   70   2   1   1       0.82996297  p_x
   70   3   2  -2       0.03887797  d_xy
   70   3   2  -1       0.03888617  d_yz
   70   3   2   0       0.01879661  d_z2
   70   3   2   1       0.03887797  d_xz
   70   3   2   2       0.01883200  d_x2-y2
   71   1   0   0       1.35685494  s
   71   2   1  -1       0.82981931  p_y
   71   2   1   0       0.82939315  p_z
   71   2   1   1       0.82981931  p_x
   71   3   2  -2       0.03866289  d_xy
   71   3   2  -1       0.03903356  d_yz
   71   3   2   0       0.01873579  d_z2
   71   3   2   1       0.03903356  d_xz
   71   3   2   2       0.01878573  d_x2-y2
   72   1   0   0       1.35798152  s
   72   2   1  -1       0.83259263  p_y
   72   2   1   0       0.83259262  p_z
   72   2   1   1       0.82598203  p_x
   72   3   2  -2       0.04002116  d_xy
   72   3   2  -1       0.03557877  d_yz
   72   3   2   0       0.02024120  d_z2
   72   3   2   1       0.04002116  d_xz
   72   3   2   2       0.01871464  d_x2-y2
   73   1   0   0       1.35711682  s
   73   2   1  -1       0.82949873  p_y
   73   2   1   0       0.82951874  p_z
   73   2   1   1       0.82951873  p_x
   73   3   2  -2       0.03892540  d_xy
   73   3   2  -1       0.03892539  d_yz
   73   3   2   0       0.01879480  d_z2
   73   3   2   1       0.03889466  d_xz
   73   3   2   2       0.01878332  d_x2-y2
   74   1   0   0       1.35711681  s
   74   2   1  -1       0.82951873  p_y
   74   2   1   0       0.82949873  p_z
   74   2   1   1       0.82951873  p_x
   74   3   2  -2       0.03889466  d_xy
   74   3   2  -1       0.03892539  d_yz
   74   3   2   0       0.01877758  d_z2
   74   3   2   1       0.03892539  d_xz
   74   3   2   2       0.01880054  d_x2-y2
   75   1   0   0       1.35684514  s
   75   2   1  -1       0.83039633  p_y
   75   2   1   0       0.83057784  p_z
   75   2   1   1       0.82891064  p_x
   75   3   2  -2       0.03929980  d_xy
   75   3   2  -1       0.03811494  d_yz
   75   3   2   0       0.01899788  d_z2
   75   3   2   1       0.03927407  d_xz
   75   3   2   2       0.01871657  d_x2-y2
   76   1   0   0       1.35684509  s
   76   2   1  -1       0.83057785  p_y
   76   2   1   0       0.83039637  p_z
   76   2   1   1       0.82891065  p_x
   76   3   2  -2       0.03927409  d_xy
   76   3   2  -1       0.03811494  d_yz
   76   3   2   0       0.01884121  d_z2
   76   3   2   1       0.03929980  d_xz
   76   3   2   2       0.01887324  d_x2-y2
   77   1   0   0       1.35708534  s
   77   2   1  -1       0.82942686  p_y
   77   2   1   0       0.82942686  p_z
   77   2   1   1       0.82942686  p_x
   77   3   2  -2       0.03891820  d_xy
   77   3   2  -1       0.03891820  d_yz
   77   3   2   0       0.01878878  d_z2
   77   3   2   1       0.03891820  d_xz
   77   3   2   2       0.01878878  d_x2-y2
   78   1   0   0       1.35694046  s
   78   2   1  -1       0.82982333  p_y
   78   2   1   0       0.82999856  p_z
   78   2   1   1       0.82936358  p_x
   78   3   2  -2       0.03924656  d_xy
   78   3   2  -1       0.03861397  d_yz
   78   3   2   0       0.01886353  d_z2
   78   3   2   1       0.03901498  d_xz
   78   3   2   2       0.01873991  d_x2-y2
   79   1   0   0       1.35685493  s
   79   2   1  -1       0.82981932  p_y
   79   2   1   0       0.82981932  p_z
   79   2   1   1       0.82939315  p_x
   79   3   2  -2       0.03903357  d_xy
   79   3   2  -1       0.03866288  d_yz
   79   3   2   0       0.01877324  d_z2
   79   3   2   1       0.03903356  d_xz
   79   3   2   2       0.01874828  d_x2-y2
   80   1   0   0       1.35694044  s
   80   2   1  -1       0.82999857  p_y
   80   2   1   0       0.82982334  p_z
   80   2   1   1       0.82936359  p_x
   80   3   2  -2       0.03901499  d_xy
   80   3   2  -1       0.03861397  d_yz
   80   3   2   0       0.01877344  d_z2
   80   3   2   1       0.03924656  d_xz
   80   3   2   2       0.01883001  d_x2-y2
   81   1   0   0       1.35684515  s
   81   2   1  -1       0.82891065  p_y
   81   2   1   0       0.83057784  p_z
   81   2   1   1       0.83039634  p_x
   81   3   2  -2       0.03929980  d_xy
   81   3   2  -1       0.03927407  d_yz
   81   3   2   0       0.01899788  d_z2
   81   3   2   1       0.03811494  d_xz
   81   3   2   2       0.01871657  d_x2-y2
   82   1   0   0       1.35603610  s
   82   2   1  -1       0.83009822  p_y
   82   2   1   0       0.83009823  p_z
   82   2   1   1       0.83009821  p_x
   82   3   2  -2       0.03855223  d_xy
   82   3   2  -1       0.03855221  d_yz
   82   3   2   0       0.01877688  d_z2
   82   3   2   1       0.03855222  d_xz
   82   3   2   2       0.01877689  d_x2-y2
   83   1   0   0       1.35684510  s
   83   2   1  -1       0.83057786  p_y
   83   2   1   0       0.82891068  p_z
   83   2   1   1       0.83039638  p_x
   83   3   2  -2       0.03811495  d_xy
   83   3   2  -1       0.03927407  d_yz
   83   3   2   0       0.01873258  d_z2
   83   3   2   1       0.03929979  d_xz
   83   3   2   2       0.01898186  d_x2-y2
   84   1   0   0       1.35712142  s
   84   2   1  -1       0.82938443  p_y
   84   2   1   0       0.82938444  p_z
   84   2   1   1       0.82974931  p_x
   84   3   2  -2       0.03886694  d_xy
   84   3   2  -1       0.03904489  d_yz
   84   3   2   0       0.01878329  d_z2
   84   3   2   1       0.03886694  d_xz
   84   3   2   2       0.01880925  d_x2-y2
   85   1   0   0       1.35665364  s
   85   2   1  -1       0.82987572  p_y
   85   2   1   0       0.82996297  p_z
   85   2   1   1       0.82987572  p_x
   85   3   2  -2       0.03888617  d_xy
   85   3   2  -1       0.03887796  d_yz
   85   3   2   0       0.01884969  d_z2
   85   3   2   1       0.03887796  d_xz
   85   3   2   2       0.01877891  d_x2-y2
   86   1   0   0       1.35665362  s
   86   2   1  -1       0.82996297  p_y
   86   2   1   0       0.82987573  p_z
   86   2   1   1       0.82987572  p_x
   86   3   2  -2       0.03887797  d_xy
   86   3   2  -1       0.03887796  d_yz
   86   3   2   0       0.01879661  d_z2
   86   3   2   1       0.03888617  d_xz
   86   3   2   2       0.01883200  d_x2-y2
   87   1   0   0       1.35694045  s
   87   2   1  -1       0.82999856  p_y
   87   2   1   0       0.82936359  p_z
   87   2   1   1       0.82982333  p_x
   87   3   2  -2       0.03861398  d_xy
   87   3   2  -1       0.03901498  d_yz
   87   3   2   0       0.01876819  d_z2
   87   3   2   1       0.03924656  d_xz
   87   3   2   2       0.01883525  d_x2-y2
   88   1   0   0       1.35694046  s
   88   2   1  -1       0.82936358  p_y
   88   2   1   0       0.82999856  p_z
   88   2   1   1       0.82982333  p_x
   88   3   2  -2       0.03924656  d_xy
   88   3   2  -1       0.03901497  d_yz
   88   3   2   0       0.01886353  d_z2
   88   3   2   1       0.03861397  d_xz
   88   3   2   2       0.01873991  d_x2-y2
   89   1   0   0       1.35711682  s
   89   2   1  -1       0.82951873  p_y
   89   2   1   0       0.82951874  p_z
   89   2   1   1       0.82949873  p_x
   89   3   2  -2       0.03892540  d_xy
   89   3   2  -1       0.03889466  d_yz
   89   3   2   0       0.01879480  d_z2
   89   3   2   1       0.03892539  d_xz
   89   3   2   2       0.01878332  d_x2-y2
   90   1   0   0       1.35712142  s
   90   2   1  -1       0.82974931  p_y
   90   2   1   0       0.82938444  p_z
   90   2   1   1       0.82938443  p_x
   90   3   2  -2       0.03886694  d_xy
   90   3   2  -1       0.03886693  d_yz
   90   3   2   0       0.01878329  d_z2
   90   3   2   1       0.03904489  d_xz
   90   3   2   2       0.01880925  d_x2-y2
   91   1   0   0       1.35636419  s
   91   2   1  -1       0.82976817  p_y
   91   2   1   0       0.82976817  p_z
   91   2   1   1       0.82967471  p_x
   91   3   2  -2       0.03904778  d_xy
   91   3   2  -1       0.03858625  d_yz
   91   3   2   0       0.01878572  d_z2
   91   3   2   1       0.03904778  d_xz
   91   3   2   2       0.01869466  d_x2-y2
   92   1   0   0       1.35712143  s
   92   2   1  -1       0.82938444  p_y
   92   2   1   0       0.82974931  p_z
   92   2   1   1       0.82938444  p_x
   92   3   2  -2       0.03904489  d_xy
   92   3   2  -1       0.03886693  d_yz
   92   3   2   0       0.01882223  d_z2
   92   3   2   1       0.03886693  d_xz
   92   3   2   2       0.01877031  d_x2-y2
   93   1   0   0       1.35694044  s
   93   2   1  -1       0.82982334  p_y
   93   2   1   0       0.82936359  p_z
   93   2   1   1       0.82999856  p_x
   93   3   2  -2       0.03861398  d_xy
   93   3   2  -1       0.03924656  d_yz
   93   3   2   0       0.01876819  d_z2
   93   3   2   1       0.03901498  d_xz
   93   3   2   2       0.01883525  d_x2-y2
   94   1   0   0       1.35798148  s
   94   2   1  -1       0.82598205  p_y
   94   2   1   0       0.83259262  p_z
   94   2   1   1       0.83259264  p_x
   94   3   2  -2       0.04002116  d_xy
   94   3   2  -1       0.04002116  d_yz
   94   3   2   0       0.02024120  d_z2
   94   3   2   1       0.03557877  d_xz
   94   3   2   2       0.01871464  d_x2-y2
   95   1   0   0       1.35798136  s
   95   2   1  -1       0.83259266  p_y
   95   2   1   0       0.82598211  p_z
   95   2   1   1       0.83259266  p_x
   95   3   2  -2       0.03557877  d_xy
   95   3   2  -1       0.04002116  d_yz
   95   3   2   0       0.01795134  d_z2
   95   3   2   1       0.04002116  d_xz
   95   3   2   2       0.02100450  d_x2-y2
   96   1   0   0       1.35694043  s
   96   2   1  -1       0.82936360  p_y
   96   2   1   0       0.82982335  p_z
   96   2   1   1       0.82999857  p_x
   96   3   2  -2       0.03901499  d_xy
   96   3   2  -1       0.03924656  d_yz
   96   3   2   0       0.01877344  d_z2
   96   3   2   1       0.03861397  d_xz
   96   3   2   2       0.01883001  d_x2-y2
   97   1   0   0       1.35851175  s
   97   2   1  -1       0.82802026  p_y
   97   2   1   0       0.82977372  p_z
   97   2   1   1       0.82802026  p_x
   97   3   2  -2       0.03975884  d_xy
   97   3   2  -1       0.03849849  d_yz
   97   3   2   0       0.01881711  d_z2
   97   3   2   1       0.03849849  d_xz
   97   3   2   2       0.01877386  d_x2-y2
   98   1   0   0       1.35727394  s
   98   2   1  -1       0.82928608  p_y
   98   2   1   0       0.82978253  p_z
   98   2   1   1       0.82919960  p_x
   98   3   2  -2       0.03920970  d_xy
   98   3   2  -1       0.03871375  d_yz
   98   3   2   0       0.01882913  d_z2
   98   3   2   1       0.03892894  d_xz
   98   3   2   2       0.01876376  d_x2-y2
   99   1   0   0       1.35725620  s
   99   2   1  -1       0.82950623  p_y
   99   2   1   0       0.82950623  p_z
   99   2   1   1       0.82927316  p_x
   99   3   2  -2       0.03900441  d_xy
   99   3   2  -1       0.03873863  d_yz
   99   3   2   0       0.01877344  d_z2
   99   3   2   1       0.03900441  d_xz
   99   3   2   2       0.01876090  d_x2-y2
  100   1   0   0       1.35727395  s
  100   2   1  -1       0.82978254  p_y
  100   2   1   0       0.82928609  p_z
  100   2   1   1       0.82919960  p_x
  100   3   2  -2       0.03892894  d_xy
  100   3   2  -1       0.03871375  d_yz
  100   3   2   0       0.01878793  d_z2
  100   3   2   1       0.03920970  d_xz
  100   3   2   2       0.01880496  d_x2-y2
  101   1   0   0       1.35645111  s
  101   2   1  -1       0.82966382  p_y
  101   2   1   0       0.82981206  p_z
  101   2   1   1       0.82981206  p_x
  101   3   2  -2       0.03907365  d_xy
  101   3   2  -1       0.03907364  d_yz
  101   3   2   0       0.01878710  d_z2
  101   3   2   1       0.03865092  d_xz
  101   3   2   2       0.01872796  d_x2-y2
  102   1   0   0       1.35709839  s
  102   2   1  -1       0.82924734  p_y
  102   2   1   0       0.82887595  p_z
  102   2   1   1       0.82952580  p_x
  102   3   2  -2       0.03903418  d_xy
  102   3   2  -1       0.03921239  d_yz
  102   3   2   0       0.01883554  d_z2
  102   3   2   1       0.03868628  d_xz
  102   3   2   2       0.01875966  d_x2-y2
  103   1   0   0       1.35709839  s
  103   2   1  -1       0.82887595  p_y
  103   2   1   0       0.82924734  p_z
  103   2   1   1       0.82952580  p_x
  103   3   2  -2       0.03868628  d_xy
  103   3   2  -1       0.03921239  d_yz
  103   3   2   0       0.01872230  d_z2
  103   3   2   1       0.03903417  d_xz
  103   3   2   2       0.01887290  d_x2-y2
  104   1   0   0       1.37369035  s
  104   2   1  -1       0.81185335  p_y
  104   2   1   0       0.83530054  p_z
  104   2   1   1       0.81185334  p_x
  104   3   2  -2       0.05381414  d_xy
  104   3   2  -1       0.03444093  d_yz
  104   3   2   0       0.02527165  d_z2
  104   3   2   1       0.03444094  d_xz
  104   3   2   2       0.01922114  d_x2-y2
  105   1   0   0       1.35725621  s
  105   2   1  -1       0.82927316  p_y
  105   2   1   0       0.82950622  p_z
  105   2   1   1       0.82950622  p_x
  105   3   2  -2       0.03900441  d_xy
  105   3   2  -1       0.03900440  d_yz
  105   3   2   0       0.01877344  d_z2
  105   3   2   1       0.03873863  d_xz
  105   3   2   2       0.01876090  d_x2-y2
  106   1   0   0       1.35709901  s
  106   2   1  -1       0.82926113  p_y
  106   2   1   0       0.82926113  p_z
  106   2   1   1       0.82955411  p_x
  106   3   2  -2       0.03890343  d_xy
  106   3   2  -1       0.03900315  d_yz
  106   3   2   0       0.01878032  d_z2
  106   3   2   1       0.03890342  d_xz
  106   3   2   2       0.01878068  d_x2-y2
  107   1   0   0       1.36020054  s
  107   2   1  -1       0.82619840  p_y
  107   2   1   0       0.83085567  p_z
  107   2   1   1       0.82619840  p_x
  107   3   2  -2       0.04113597  d_xy
  107   3   2  -1       0.03798865  d_yz
  107   3   2   0       0.01917577  d_z2
  107   3   2   1       0.03798865  d_xz
  107   3   2   2       0.01871668  d_x2-y2
  108   1   0   0       1.35706306  s
  108   2   1  -1       0.82801051  p_y
  108   2   1   0       0.82801050  p_z
  108   2   1   1       0.82796791  p_x
  108   3   2  -2       0.04010396  d_xy
  108   3   2  -1       0.03816292  d_yz
  108   3   2   0       0.01931999  d_z2
  108   3   2   1       0.04010395  d_xz
  108   3   2   2       0.01897893  d_x2-y2
  109   1   0   0       1.35706290  s
  109   2   1  -1       0.82951449  p_y
  109   2   1   0       0.82957505  p_z
  109   2   1   1       0.82957505  p_x
  109   3   2  -2       0.03892013  d_xy
  109   3   2  -1       0.03892013  d_yz
  109   3   2   0       0.01879361  d_z2
  109   3   2   1       0.03891267  d_xz
  109   3   2   2       0.01879125  d_x2-y2
  110   1   0   0       1.35805043  s
  110   2   1  -1       0.82838757  p_y
  110   2   1   0       0.82995903  p_z
  110   2   1   1       0.82838757  p_x
  110   3   2  -2       0.03970429  d_xy
  110   3   2  -1       0.03855254  d_yz
  110   3   2   0       0.01883901  d_z2
  110   3   2   1       0.03855254  d_xz
  110   3   2   2       0.01875226  d_x2-y2
  111   1   0   0       1.35709841  s
  111   2   1  -1       0.82887594  p_y
  111   2   1   0       0.82952579  p_z
  111   2   1   1       0.82924733  p_x
  111   3   2  -2       0.03921240  d_xy
  111   3   2  -1       0.03868628  d_yz
  111   3   2   0       0.01883496  d_z2
  111   3   2   1       0.03903417  d_xz
  111   3   2   2       0.01876024  d_x2-y2
  112   1   0   0       1.35709839  s
  112   2   1  -1       0.82952580  p_y
  112   2   1   0       0.82887595  p_z
  112   2   1   1       0.82924733  p_x
  112   3   2  -2       0.03903418  d_xy
  112   3   2  -1       0.03868628  d_yz
  112   3   2   0       0.01883554  d_z2
  112   3   2   1       0.03921239  d_xz
  112   3   2   2       0.01875966  d_x2-y2
  113   1   0   0       1.35651996  s
  113   2   1  -1       0.82971114  p_y
  113   2   1   0       0.82998405  p_z
  113   2   1   1       0.82972949  p_x
  113   3   2  -2       0.03924338  d_xy
  113   3   2  -1       0.03900757  d_yz
  113   3   2   0       0.01883942  d_z2
  113   3   2   1       0.03846354  d_xz
  113   3   2   2       0.01868478  d_x2-y2
  114   1   0   0       1.35706303  s
  114   2   1  -1       0.82796792  p_y
  114   2   1   0       0.82801051  p_z
  114   2   1   1       0.82801051  p_x
  114   3   2  -2       0.04010396  d_xy
  114   3   2  -1       0.04010395  d_yz
  114   3   2   0       0.01931999  d_z2
  114   3   2   1       0.03816292  d_xz
  114   3   2   2       0.01897893  d_x2-y2
  115   1   0   0       1.35706293  s
  115   2   1  -1       0.82801052  p_y
  115   2   1   0       0.82796795  p_z
  115   2   1   1       0.82801052  p_x
  115   3   2  -2       0.03816294  d_xy
  115   3   2  -1       0.04010395  d_yz
  115   3   2   0       0.01880841  d_z2
  115   3   2   1       0.04010396  d_xz
  115   3   2   2       0.01949053  d_x2-y2
  116   1   0   0       1.35727395  s
  116   2   1  -1       0.82919960  p_y
  116   2   1   0       0.82928608  p_z
  116   2   1   1       0.82978253  p_x
  116   3   2  -2       0.03892894  d_xy
  116   3   2  -1       0.03920970  d_yz
  116   3   2   0       0.01878793  d_z2
  116   3   2   1       0.03871375  d_xz
  116   3   2   2       0.01880496  d_x2-y2
  117   1   0   0       1.35709841  s
  117   2   1  -1       0.82924733  p_y
  117   2   1   0       0.82952579  p_z
  117   2   1   1       0.82887594  p_x
  117   3   2  -2       0.03921241  d_xy
  117   3   2  -1       0.03903417  d_yz
  117   3   2   0       0.01883496  d_z2
  117   3   2   1       0.03868628  d_xz
  117   3   2   2       0.01876024  d_x2-y2
  118   1   0   0       1.35680457  s
  118   2   1  -1       0.82915555  p_y
  118   2   1   0       0.82915555  p_z
  118   2   1   1       0.82915555  p_x
  118   3   2  -2       0.03899431  d_xy
  118   3   2  -1       0.03899429  d_yz
  118   3   2   0       0.01883993  d_z2
  118   3   2   1       0.03899430  d_xz
  118   3   2   2       0.01883993  d_x2-y2
  119   1   0   0       1.35709840  s
  119   2   1  -1       0.82952579  p_y
  119   2   1   0       0.82924734  p_z
  119   2   1   1       0.82887594  p_x
  119   3   2  -2       0.03868628  d_xy
  119   3   2  -1       0.03903417  d_yz
  119   3   2   0       0.01872230  d_z2
  119   3   2   1       0.03921240  d_xz
  119   3   2   2       0.01887290  d_x2-y2
  120   1   0   0       1.35663799  s
  120   2   1  -1       0.82964686  p_y
  120   2   1   0       0.82990345  p_z
  120   2   1   1       0.82965994  p_x
  120   3   2  -2       0.03918750  d_xy
  120   3   2  -1       0.03896721  d_yz
  120   3   2   0       0.01880637  d_z2
  120   3   2   1       0.03866344  d_xz
  120   3   2   2       0.01871306  d_x2-y2
  121   1   0   0       1.35709900  s
  121   2   1  -1       0.82926113  p_y
  121   2   1   0       0.82955412  p_z
  121   2   1   1       0.82926113  p_x
  121   3   2  -2       0.03900316  d_xy
  121   3   2  -1       0.03890342  d_yz
  121   3   2   0       0.01878085  d_z2
  121   3   2   1       0.03890343  d_xz
  121   3   2   2       0.01878015  d_x2-y2
  122   1   0   0       1.35709900  s
  122   2   1  -1       0.82955412  p_y
  122   2   1   0       0.82926113  p_z
  122   2   1   1       0.82926113  p_x
  122   3   2  -2       0.03890343  d_xy
  122   3   2  -1       0.03890342  d_yz
  122   3   2   0       0.01878033  d_z2
  122   3   2   1       0.03900315  d_xz
  122   3   2   2       0.01878068  d_x2-y2
  123   1   0   0       1.35651997  s
  123   2   1  -1       0.82972949  p_y
  123   2   1   0       0.82998404  p_z
  123   2   1   1       0.82971114  p_x
  123   3   2  -2       0.03924338  d_xy
  123   3   2  -1       0.03846354  d_yz
  123   3   2   0       0.01883942  d_z2
  123   3   2   1       0.03900757  d_xz
  123   3   2   2       0.01868477  d_x2-y2
  124   1   0   0       1.35727394  s
  124   2   1  -1       0.82919960  p_y
  124   2   1   0       0.82978253  p_z
  124   2   1   1       0.82928608  p_x
  124   3   2  -2       0.03920970  d_xy
  124   3   2  -1       0.03892894  d_yz
  124   3   2   0       0.01882913  d_z2
  124   3   2   1       0.03871375  d_xz
  124   3   2   2       0.01876376  d_x2-y2
  125   1   0   0       1.35706290  s
  125   2   1  -1       0.82957505  p_y
  125   2   1   0       0.82957505  p_z
  125   2   1   1       0.82951449  p_x
  125   3   2  -2       0.03892013  d_xy
  125   3   2  -1       0.03891267  d_yz
  125   3   2   0       0.01879361  d_z2
  125   3   2   1       0.03892013  d_xz
  125   3   2   2       0.01879125  d_x2-y2
  126   1   0   0       1.35663799  s
  126   2   1  -1       0.82965994  p_y
  126   2   1   0       0.82990346  p_z
  126   2   1   1       0.82964687  p_x
  126   3   2  -2       0.03918750  d_xy
  126   3   2  -1       0.03866344  d_yz
  126   3   2   0       0.01880637  d_z2
  126   3   2   1       0.03896721  d_xz
  126   3   2   2       0.01871306  d_x2-y2
  127   1   0   0       1.35645111  s
  127   2   1  -1       0.82981206  p_y
  127   2   1   0       0.82981206  p_z
  127   2   1   1       0.82966382  p_x
  127   3   2  -2       0.03907365  d_xy
  127   3   2  -1       0.03865092  d_yz
  127   3   2   0       0.01878710  d_z2
  127   3   2   1       0.03907365  d_xz
  127   3   2   2       0.01872796  d_x2-y2
  128   1   0   0       1.35701148  s
  128   2   1  -1       0.82947520  p_y
  128   2   1   0       0.82975850  p_z
  128   2   1   1       0.82947520  p_x
  128   3   2  -2       0.03897833  d_xy
  128   3   2  -1       0.03889715  d_yz
  128   3   2   0       0.01881157  d_z2
  128   3   2   1       0.03889715  d_xz
  128   3   2   2       0.01878409  d_x2-y2
  129   1   0   0       1.35636416  s
  129   2   1  -1       0.82976816  p_y
  129   2   1   0       0.82967471  p_z
  129   2   1   1       0.82976816  p_x
  129   3   2  -2       0.03858626  d_xy
  129   3   2  -1       0.03904778  d_yz
  129   3   2   0       0.01864914  d_z2
  129   3   2   1       0.03904778  d_xz
  129   3   2   2       0.01883124  d_x2-y2
  130   1   0   0       1.35684503  s
  130   2   1  -1       0.83039635  p_y
  130   2   1   0       0.82891066  p_z
  130   2   1   1       0.83057783  p_x
  130   3   2  -2       0.03811496  d_xy
  130   3   2  -1       0.03929981  d_yz
  130   3   2   0       0.01873259  d_z2
  130   3   2   1       0.03927408  d_xz
  130   3   2   2       0.01898187  d_x2-y2
  131   1   0   0       1.35684504  s
  131   2   1  -1       0.82891068  p_y
  131   2   1   0       0.83039635  p_z
  131   2   1   1       0.83057785  p_x
  131   3   2  -2       0.03927407  d_xy
  131   3   2  -1       0.03929980  d_yz
  131   3   2   0       0.01884122  d_z2
  131   3   2   1       0.03811496  d_xz
  131   3   2   2       0.01887324  d_x2-y2
  132   1   0   0       1.35636416  s
  132   2   1  -1       0.82967472  p_y
  132   2   1   0       0.82976817  p_z
  132   2   1   1       0.82976817  p_x
  132   3   2  -2       0.03904777  d_xy
  132   3   2  -1       0.03904778  d_yz
  132   3   2   0       0.01878572  d_z2
  132   3   2   1       0.03858626  d_xz
  132   3   2   2       0.01869466  d_x2-y2
  133   1   0   0       1.35684502  s
  133   2   1  -1       0.83057782  p_y
  133   2   1   0       0.82891065  p_z
  133   2   1   1       0.83039635  p_x
  133   3   2  -2       0.03811495  d_xy
  133   3   2  -1       0.03927409  d_yz
  133   3   2   0       0.01873259  d_z2
  133   3   2   1       0.03929981  d_xz
  133   3   2   2       0.01898187  d_x2-y2
  134   1   0   0       1.35603596  s
  134   2   1  -1       0.83009822  p_y
  134   2   1   0       0.83009821  p_z
  134   2   1   1       0.83009823  p_x
  134   3   2  -2       0.03855223  d_xy
  134   3   2  -1       0.03855224  d_yz
  134   3   2   0       0.01877690  d_z2
  134   3   2   1       0.03855224  d_xz
  134   3   2   2       0.01877689  d_x2-y2
  135   1   0   0       1.35684498  s
  135   2   1  -1       0.82891068  p_y
  135   2   1   0       0.83057784  p_z
  135   2   1   1       0.83039639  p_x
  135   3   2  -2       0.03929980  d_xy
  135   3   2  -1       0.03927409  d_yz
  135   3   2   0       0.01899789  d_z2
  135   3   2   1       0.03811495  d_xz
  135   3   2   2       0.01871657  d_x2-y2
  136   1   0   0       1.35712142  s
  136   2   1  -1       0.82938444  p_y
  136   2   1   0       0.82938444  p_z
  136   2   1   1       0.82974931  p_x
  136   3   2  -2       0.03886693  d_xy
  136   3   2  -1       0.03904489  d_yz
  136   3   2   0       0.01878328  d_z2
  136   3   2   1       0.03886693  d_xz
  136   3   2   2       0.01880925  d_x2-y2
  137   1   0   0       1.35684505  s
  137   2   1  -1       0.83057784  p_y
  137   2   1   0       0.83039635  p_z
  137   2   1   1       0.82891066  p_x
  137   3   2  -2       0.03927407  d_xy
  137   3   2  -1       0.03811495  d_yz
  137   3   2   0       0.01884121  d_z2
  137   3   2   1       0.03929980  d_xz
  137   3   2   2       0.01887324  d_x2-y2
  138   1   0   0       1.35684499  s
  138   2   1  -1       0.83039638  p_y
  138   2   1   0       0.83057785  p_z
  138   2   1   1       0.82891068  p_x
  138   3   2  -2       0.03929979  d_xy
  138   3   2  -1       0.03811495  d_yz
  138   3   2   0       0.01899789  d_z2
  138   3   2   1       0.03927409  d_xz
  138   3   2   2       0.01871657  d_x2-y2
  139   1   0   0       1.35711680  s
  139   2   1  -1       0.82951874  p_y
  139   2   1   0       0.82949874  p_z
  139   2   1   1       0.82951874  p_x
  139   3   2  -2       0.03889466  d_xy
  139   3   2  -1       0.03892539  d_yz
  139   3   2   0       0.01877758  d_z2
  139   3   2   1       0.03892540  d_xz
  139   3   2   2       0.01880054  d_x2-y2
  140   1   0   0       1.35711680  s
  140   2   1  -1       0.82949873  p_y
  140   2   1   0       0.82951873  p_z
  140   2   1   1       0.82951873  p_x
  140   3   2  -2       0.03892539  d_xy
  140   3   2  -1       0.03892539  d_yz
  140   3   2   0       0.01879480  d_z2
  140   3   2   1       0.03889466  d_xz
  140   3   2   2       0.01878332  d_x2-y2
  141   1   0   0       1.35636417  s
  141   2   1  -1       0.82976817  p_y
  141   2   1   0       0.82976817  p_z
  141   2   1   1       0.82967472  p_x
  141   3   2  -2       0.03904777  d_xy
  141   3   2  -1       0.03858625  d_yz
  141   3   2   0       0.01878571  d_z2
  141   3   2   1       0.03904778  d_xz
  141   3   2   2       0.01869466  d_x2-y2
  142   1   0   0       1.35712142  s
  142   2   1  -1       0.82974932  p_y
  142   2   1   0       0.82938444  p_z
  142   2   1   1       0.82938444  p_x
  142   3   2  -2       0.03886693  d_xy
  142   3   2  -1       0.03886693  d_yz
  142   3   2   0       0.01878329  d_z2
  142   3   2   1       0.03904489  d_xz
  142   3   2   2       0.01880925  d_x2-y2
  143   1   0   0       1.35711679  s
  143   2   1  -1       0.82951874  p_y
  143   2   1   0       0.82951874  p_z
  143   2   1   1       0.82949874  p_x
  143   3   2  -2       0.03892539  d_xy
  143   3   2  -1       0.03889466  d_yz
  143   3   2   0       0.01879480  d_z2
  143   3   2   1       0.03892540  d_xz
  143   3   2   2       0.01878332  d_x2-y2
  144   1   0   0       1.35712141  s
  144   2   1  -1       0.82938444  p_y
  144   2   1   0       0.82974932  p_z
  144   2   1   1       0.82938444  p_x
  144   3   2  -2       0.03904489  d_xy
  144   3   2  -1       0.03886694  d_yz
  144   3   2   0       0.01882223  d_z2
  144   3   2   1       0.03886694  d_xz
  144   3   2   2       0.01877031  d_x2-y2
  145   1   0   0       1.35685491  s
  145   2   1  -1       0.82981933  p_y
  145   2   1   0       0.82939317  p_z
  145   2   1   1       0.82981933  p_x
  145   3   2  -2       0.03866288  d_xy
  145   3   2  -1       0.03903355  d_yz
  145   3   2   0       0.01873579  d_z2
  145   3   2   1       0.03903356  d_xz
  145   3   2   2       0.01878572  d_x2-y2
  146   1   0   0       1.35665358  s
  146   2   1  -1       0.82987574  p_y
  146   2   1   0       0.82987574  p_z
  146   2   1   1       0.82996299  p_x
  146   3   2  -2       0.03887796  d_xy
  146   3   2  -1       0.03888616  d_yz
  146   3   2   0       0.01879661  d_z2
  146   3   2   1       0.03887796  d_xz
  146   3   2   2       0.01883200  d_x2-y2
  147   1   0   0       1.35685491  s
  147   2   1  -1       0.82939316  p_y
  147   2   1   0       0.82981932  p_z
  147   2   1   1       0.82981932  p_x
  147   3   2  -2       0.03903355  d_xy
  147   3   2  -1       0.03903356  d_yz
  147   3   2   0       0.01877324  d_z2
  147   3   2   1       0.03866289  d_xz
  147   3   2   2       0.01874827  d_x2-y2
  148   1   0   0       1.35798161  s
  148   2   1  -1       0.83259261  p_y
  148   2   1   0       0.83259262  p_z
  148   2   1   1       0.82598203  p_x
  148   3   2  -2       0.04002118  d_xy
  148   3   2  -1       0.03557875  d_yz
  148   3   2   0       0.02024120  d_z2
  148   3   2   1       0.04002118  d_xz
  148   3   2   2       0.01871463  d_x2-y2
  149   1   0   0       1.35665358  s
  149   2   1  -1       0.82996299  p_y
  149   2   1   0       0.82987574  p_z
  149   2   1   1       0.82987574  p_x
  149   3   2  -2       0.03887796  d_xy
  149   3   2  -1       0.03887796  d_yz
  149   3   2   0       0.01879661  d_z2
  149   3   2   1       0.03888617  d_xz
  149   3   2   2       0.01883200  d_x2-y2
  150   1   0   0       1.35665356  s
  150   2   1  -1       0.82987575  p_y
  150   2   1   0       0.82996299  p_z
  150   2   1   1       0.82987575  p_x
  150   3   2  -2       0.03888616  d_xy
  150   3   2  -1       0.03887796  d_yz
  150   3   2   0       0.01884970  d_z2
  150   3   2   1       0.03887797  d_xz
  150   3   2   2       0.01877891  d_x2-y2
  151   1   0   0       1.35694041  s
  151   2   1  -1       0.82936360  p_y
  151   2   1   0       0.82999857  p_z
  151   2   1   1       0.82982334  p_x
  151   3   2  -2       0.03924656  d_xy
  151   3   2  -1       0.03901498  d_yz
  151   3   2   0       0.01886353  d_z2
  151   3   2   1       0.03861398  d_xz
  151   3   2   2       0.01873991  d_x2-y2
  152   1   0   0       1.35694043  s
  152   2   1  -1       0.82999857  p_y
  152   2   1   0       0.82936359  p_z
  152   2   1   1       0.82982334  p_x
  152   3   2  -2       0.03861397  d_xy
  152   3   2  -1       0.03901498  d_yz
  152   3   2   0       0.01876819  d_z2
  152   3   2   1       0.03924656  d_xz
  152   3   2   2       0.01883525  d_x2-y2
  153   1   0   0       1.35685490  s
  153   2   1  -1       0.82981933  p_y
  153   2   1   0       0.82981933  p_z
  153   2   1   1       0.82939317  p_x
  153   3   2  -2       0.03903355  d_xy
  153   3   2  -1       0.03866289  d_yz
  153   3   2   0       0.01877324  d_z2
  153   3   2   1       0.03903356  d_xz
  153   3   2   2       0.01874827  d_x2-y2
  154   1   0   0       1.35694041  s
  154   2   1  -1       0.82982335  p_y
  154   2   1   0       0.82999858  p_z
  154   2   1   1       0.82936361  p_x
  154   3   2  -2       0.03924656  d_xy
  154   3   2  -1       0.03861397  d_yz
  154   3   2   0       0.01886353  d_z2
  154   3   2   1       0.03901498  d_xz
  154   3   2   2       0.01873991  d_x2-y2
  155   1   0   0       1.35708533  s
  155   2   1  -1       0.82942686  p_y
  155   2   1   0       0.82942686  p_z
  155   2   1   1       0.82942686  p_x
  155   3   2  -2       0.03891820  d_xy
  155   3   2  -1       0.03891820  d_yz
  155   3   2   0       0.01878878  d_z2
  155   3   2   1       0.03891820  d_xz
  155   3   2   2       0.01878878  d_x2-y2
  156   1   0   0       1.35694044  s
  156   2   1  -1       0.82999857  p_y
  156   2   1   0       0.82982334  p_z
  156   2   1   1       0.82936360  p_x
  156   3   2  -2       0.03901497  d_xy
  156   3   2  -1       0.03861397  d_yz
  156   3   2   0       0.01877343  d_z2
  156   3   2   1       0.03924656  d_xz
  156   3   2   2       0.01883000  d_x2-y2
  157   1   0   0       1.35798166  s
  157   2   1  -1       0.82598202  p_y
  157   2   1   0       0.83259262  p_z
  157   2   1   1       0.83259262  p_x
  157   3   2  -2       0.04002118  d_xy
  157   3   2  -1       0.04002118  d_yz
  157   3   2   0       0.02024120  d_z2
  157   3   2   1       0.03557876  d_xz
  157   3   2   2       0.01871463  d_x2-y2
  158   1   0   0       1.35694043  s
  158   2   1  -1       0.82982335  p_y
  158   2   1   0       0.82936360  p_z
  158   2   1   1       0.82999858  p_x
  158   3   2  -2       0.03861397  d_xy
  158   3   2  -1       0.03924655  d_yz
  158   3   2   0       0.01876819  d_z2
  158   3   2   1       0.03901498  d_xz
  158   3   2   2       0.01883525  d_x2-y2
  159   1   0   0       1.35694044  s
  159   2   1  -1       0.82936360  p_y
  159   2   1   0       0.82982334  p_z
  159   2   1   1       0.82999857  p_x
  159   3   2  -2       0.03901497  d_xy
  159   3   2  -1       0.03924655  d_yz
  159   3   2   0       0.01877343  d_z2
  159   3   2   1       0.03861397  d_xz
  159   3   2   2       0.01883000  d_x2-y2
  160   1   0   0       1.35798178  s
  160   2   1  -1       0.83259259  p_y
  160   2   1   0       0.82598196  p_z
  160   2   1   1       0.83259259  p_x
  160   3   2  -2       0.03557876  d_xy
  160   3   2  -1       0.04002118  d_yz
  160   3   2   0       0.01795136  d_z2
  160   3   2   1       0.04002118  d_xz
  160   3   2   2       0.02100446  d_x2-y2
  161   1   0   0       1.35851175  s
  161   2   1  -1       0.82977372  p_y
  161   2   1   0       0.82802026  p_z
  161   2   1   1       0.82802026  p_x
  161   3   2  -2       0.03849849  d_xy
  161   3   2  -1       0.03849849  d_yz
  161   3   2   0       0.01878467  d_z2
  161   3   2   1       0.03975884  d_xz
  161   3   2   2       0.01880630  d_x2-y2
  162   1   0   0       1.35727392  s
  162   2   1  -1       0.82978254  p_y
  162   2   1   0       0.82928609  p_z
  162   2   1   1       0.82919960  p_x
  162   3   2  -2       0.03892894  d_xy
  162   3   2  -1       0.03871375  d_yz
  162   3   2   0       0.01878793  d_z2
  162   3   2   1       0.03920970  d_xz
  162   3   2   2       0.01880496  d_x2-y2
  163   1   0   0       1.35725618  s
  163   2   1  -1       0.82950623  p_y
  163   2   1   0       0.82950623  p_z
  163   2   1   1       0.82927317  p_x
  163   3   2  -2       0.03900440  d_xy
  163   3   2  -1       0.03873863  d_yz
  163   3   2   0       0.01877344  d_z2
  163   3   2   1       0.03900441  d_xz
  163   3   2   2       0.01876090  d_x2-y2
  164   1   0   0       1.35727393  s
  164   2   1  -1       0.82928609  p_y
  164   2   1   0       0.82978254  p_z
  164   2   1   1       0.82919960  p_x
  164   3   2  -2       0.03920970  d_xy
  164   3   2  -1       0.03871375  d_yz
  164   3   2   0       0.01882913  d_z2
  164   3   2   1       0.03892894  d_xz
  164   3   2   2       0.01876376  d_x2-y2
  165   1   0   0       1.35651993  s
  165   2   1  -1       0.82998404  p_y
  165   2   1   0       0.82971114  p_z
  165   2   1   1       0.82972949  p_x
  165   3   2  -2       0.03846354  d_xy
  165   3   2  -1       0.03900757  d_yz
  165   3   2   0       0.01862386  d_z2
  165   3   2   1       0.03924337  d_xz
  165   3   2   2       0.01890033  d_x2-y2
  166   1   0   0       1.35706308  s
  166   2   1  -1       0.82801050  p_y
  166   2   1   0       0.82796789  p_z
  166   2   1   1       0.82801049  p_x
  166   3   2  -2       0.03816291  d_xy
  166   3   2  -1       0.04010395  d_yz
  166   3   2   0       0.01880840  d_z2
  166   3   2   1       0.04010395  d_xz
  166   3   2   2       0.01949051  d_x2-y2
  167   1   0   0       1.35706298  s
  167   2   1  -1       0.82796793  p_y
  167   2   1   0       0.82801051  p_z
  167   2   1   1       0.82801050  p_x
  167   3   2  -2       0.04010394  d_xy
  167   3   2  -1       0.04010396  d_yz
  167   3   2   0       0.01931999  d_z2
  167   3   2   1       0.03816292  d_xz
  167   3   2   2       0.01897894  d_x2-y2
  168   1   0   0       1.35727393  s
  168   2   1  -1       0.82928609  p_y
  168   2   1   0       0.82919960  p_z
  168   2   1   1       0.82978254  p_x
  168   3   2  -2       0.03871375  d_xy
  168   3   2  -1       0.03920970  d_yz
  168   3   2   0       0.01877228  d_z2
  168   3   2   1       0.03892894  d_xz
  168   3   2   2       0.01882062  d_x2-y2
  169   1   0   0       1.36020047  s
  169   2   1  -1       0.83085567  p_y
  169   2   1   0       0.82619841  p_z
  169   2   1   1       0.82619842  p_x
  169   3   2  -2       0.03798864  d_xy
  169   3   2  -1       0.03798865  d_yz
  169   3   2   0       0.01883145  d_z2
  169   3   2   1       0.04113599  d_xz
  169   3   2   2       0.01906100  d_x2-y2
  170   1   0   0       1.35706293  s
  170   2   1  -1       0.82801049  p_y
  170   2   1   0       0.82801050  p_z
  170   2   1   1       0.82796792  p_x
  170   3   2  -2       0.04010395  d_xy
  170   3   2  -1       0.03816293  d_yz
  170   3   2   0       0.01931999  d_z2
  170   3   2   1       0.04010396  d_xz
  170   3   2   2       0.01897894  d_x2-y2
  171   1   0   0       1.35725619  s
  171   2   1  -1       0.82950623  p_y
  171   2   1   0       0.82927316  p_z
  171   2   1   1       0.82950623  p_x
  171   3   2  -2       0.03873863  d_xy
  171   3   2  -1       0.03900441  d_yz
  171   3   2   0       0.01875462  d_z2
  171   3   2   1       0.03900441  d_xz
  171   3   2   2       0.01877971  d_x2-y2
  172   1   0   0       1.35709898  s
  172   2   1  -1       0.82926114  p_y
  172   2   1   0       0.82926114  p_z
  172   2   1   1       0.82955413  p_x
  172   3   2  -2       0.03890342  d_xy
  172   3   2  -1       0.03900315  d_yz
  172   3   2   0       0.01878033  d_z2
  172   3   2   1       0.03890343  d_xz
  172   3   2   2       0.01878068  d_x2-y2
  173   1   0   0       1.35651992  s
  173   2   1  -1       0.82998404  p_y
  173   2   1   0       0.82972949  p_z
  173   2   1   1       0.82971115  p_x
  173   3   2  -2       0.03900757  d_xy
  173   3   2  -1       0.03846354  d_yz
  173   3   2   0       0.01882301  d_z2
  173   3   2   1       0.03924338  d_xz
  173   3   2   2       0.01870119  d_x2-y2
  174   1   0   0       1.35727394  s
  174   2   1  -1       0.82978254  p_y
  174   2   1   0       0.82919960  p_z
  174   2   1   1       0.82928608  p_x
  174   3   2  -2       0.03871375  d_xy
  174   3   2  -1       0.03892894  d_yz
  174   3   2   0       0.01877228  d_z2
  174   3   2   1       0.03920970  d_xz
  174   3   2   2       0.01882061  d_x2-y2
  175   1   0   0       1.35709898  s
  175   2   1  -1       0.82955413  p_y
  175   2   1   0       0.82926114  p_z
  175   2   1   1       0.82926114  p_x
  175   3   2  -2       0.03890342  d_xy
  175   3   2  -1       0.03890342  d_yz
  175   3   2   0       0.01878033  d_z2
  175   3   2   1       0.03900315  d_xz
  175   3   2   2       0.01878068  d_x2-y2
  176   1   0   0       1.35709898  s
  176   2   1  -1       0.82926114  p_y
  176   2   1   0       0.82955413  p_z
  176   2   1   1       0.82926114  p_x
  176   3   2  -2       0.03900315  d_xy
  176   3   2  -1       0.03890342  d_yz
  176   3   2   0       0.01878085  d_z2
  176   3   2   1       0.03890343  d_xz
  176   3   2   2       0.01878015  d_x2-y2
  177   1   0   0       1.35645107  s
  177   2   1  -1       0.82981206  p_y
  177   2   1   0       0.82966382  p_z
  177   2   1   1       0.82981206  p_x
  177   3   2  -2       0.03865093  d_xy
  177   3   2  -1       0.03907365  d_yz
  177   3   2   0       0.01869839  d_z2
  177   3   2   1       0.03907365  d_xz
  177   3   2   2       0.01881668  d_x2-y2
  178   1   0   0       1.35709832  s
  178   2   1  -1       0.82887597  p_y
  178   2   1   0       0.82924736  p_z
  178   2   1   1       0.82952582  p_x
  178   3   2  -2       0.03868629  d_xy
  178   3   2  -1       0.03921240  d_yz
  178   3   2   0       0.01872231  d_z2
  178   3   2   1       0.03903418  d_xz
  178   3   2   2       0.01887291  d_x2-y2
  179   1   0   0       1.35709832  s
  179   2   1  -1       0.82924736  p_y
  179   2   1   0       0.82887597  p_z
  179   2   1   1       0.82952582  p_x
  179   3   2  -2       0.03903417  d_xy
  179   3   2  -1       0.03921240  d_yz
  179   3   2   0       0.01883555  d_z2
  179   3   2   1       0.03868629  d_xz
  179   3   2   2       0.01875967  d_x2-y2
  180   1   0   0       1.37369062  s
  180   2   1  -1       0.83530056  p_y
  180   2   1   0       0.81185341  p_z
  180   2   1   1       0.81185344  p_x
  180   3   2  -2       0.03444092  d_xy
  180   3   2  -1       0.03444095  d_yz
  180   3   2   0       0.02073376  d_z2
  180   3   2   1       0.05381409  d_xz
  180   3   2   2       0.02375901  d_x2-y2
  181   1   0   0       1.35709833  s
  181   2   1  -1       0.82952581  p_y
  181   2   1   0       0.82924735  p_z
  181   2   1   1       0.82887596  p_x
  181   3   2  -2       0.03868629  d_xy
  181   3   2  -1       0.03903418  d_yz
  181   3   2   0       0.01872231  d_z2
  181   3   2   1       0.03921239  d_xz
  181   3   2   2       0.01887291  d_x2-y2
  182   1   0   0       1.35680447  s
  182   2   1  -1       0.82915559  p_y
  182   2   1   0       0.82915559  p_z
  182   2   1   1       0.82915559  p_x
  182   3   2  -2       0.03899429  d_xy
  182   3   2  -1       0.03899431  d_yz
  182   3   2   0       0.01883993  d_z2
  182   3   2   1       0.03899431  d_xz
  182   3   2   2       0.01883993  d_x2-y2
  183   1   0   0       1.35709832  s
  183   2   1  -1       0.82924736  p_y
  183   2   1   0       0.82952582  p_z
  183   2   1   1       0.82887597  p_x
  183   3   2  -2       0.03921238  d_xy
  183   3   2  -1       0.03903418  d_yz
  183   3   2   0       0.01883496  d_z2
  183   3   2   1       0.03868629  d_xz
  183   3   2   2       0.01876025  d_x2-y2
  184   1   0   0       1.35663799  s
  184   2   1  -1       0.82990345  p_y
  184   2   1   0       0.82964686  p_z
  184   2   1   1       0.82965994  p_x
  184   3   2  -2       0.03866344  d_xy
  184   3   2  -1       0.03896721  d_yz
  184   3   2   0       0.01869549  d_z2
  184   3   2   1       0.03918750  d_xz
  184   3   2   2       0.01882394  d_x2-y2
  185   1   0   0       1.35709833  s
  185   2   1  -1       0.82952582  p_y
  185   2   1   0       0.82887596  p_z
  185   2   1   1       0.82924735  p_x
  185   3   2  -2       0.03903417  d_xy
  185   3   2  -1       0.03868629  d_yz
  185   3   2   0       0.01883555  d_z2
  185   3   2   1       0.03921240  d_xz
  185   3   2   2       0.01875967  d_x2-y2
  186   1   0   0       1.35709832  s
  186   2   1  -1       0.82887597  p_y
  186   2   1   0       0.82952582  p_z
  186   2   1   1       0.82924736  p_x
  186   3   2  -2       0.03921239  d_xy
  186   3   2  -1       0.03868628  d_yz
  186   3   2   0       0.01883496  d_z2
  186   3   2   1       0.03903418  d_xz
  186   3   2   2       0.01876025  d_x2-y2
  187   1   0   0       1.35706290  s
  187   2   1  -1       0.82957505  p_y
  187   2   1   0       0.82951449  p_z
  187   2   1   1       0.82957505  p_x
  187   3   2  -2       0.03891267  d_xy
  187   3   2  -1       0.03892013  d_yz
  187   3   2   0       0.01879007  d_z2
  187   3   2   1       0.03892013  d_xz
  187   3   2   2       0.01879479  d_x2-y2
  188   1   0   0       1.35805039  s
  188   2   1  -1       0.82995904  p_y
  188   2   1   0       0.82838758  p_z
  188   2   1   1       0.82838758  p_x
  188   3   2  -2       0.03855254  d_xy
  188   3   2  -1       0.03855254  d_yz
  188   3   2   0       0.01877395  d_z2
  188   3   2   1       0.03970429  d_xz
  188   3   2   2       0.01881732  d_x2-y2
  189   1   0   0       1.35645107  s
  189   2   1  -1       0.82981206  p_y
  189   2   1   0       0.82981206  p_z
  189   2   1   1       0.82966382  p_x
  189   3   2  -2       0.03907365  d_xy
  189   3   2  -1       0.03865093  d_yz
  189   3   2   0       0.01878711  d_z2
  189   3   2   1       0.03907365  d_xz
  189   3   2   2       0.01872796  d_x2-y2
  190   1   0   0       1.35701149  s
  190   2   1  -1       0.82975850  p_y
  190   2   1   0       0.82947521  p_z
  190   2   1   1       0.82947521  p_x
  190   3   2  -2       0.03889714  d_xy
  190   3   2  -1       0.03889714  d_yz
  190   3   2   0       0.01879096  d_z2
  190   3   2   1       0.03897833  d_xz
  190   3   2   2       0.01880470  d_x2-y2
  191   1   0   0       1.35706290  s
  191   2   1  -1       0.82957506  p_y
  191   2   1   0       0.82957505  p_z
  191   2   1   1       0.82951449  p_x
  191   3   2  -2       0.03892012  d_xy
  191   3   2  -1       0.03891267  d_yz
  191   3   2   0       0.01879361  d_z2
  191   3   2   1       0.03892013  d_xz
  191   3   2   2       0.01879125  d_x2-y2
  192   1   0   0       1.35663795  s
  192   2   1  -1       0.82990345  p_y
  192   2   1   0       0.82965994  p_z
  192   2   1   1       0.82964687  p_x
  192   3   2  -2       0.03896721  d_xy
  192   3   2  -1       0.03866345  d_yz
  192   3   2   0       0.01877730  d_z2
  192   3   2   1       0.03918750  d_xz
  192   3   2   2       0.01874214  d_x2-y2
  193   1   0   0       1.47912083  s
  193   2   1  -1       0.77755845  p_y
  193   2   1   0       0.77755835  p_z
  193   2   1   1       0.77755844  p_x
  193   3   2  -2       0.05004719  d_xy
  193   3   2  -1       0.05004709  d_yz
  193   3   2   0       0.02745124  d_z2
  193   3   2   1       0.05004710  d_xz
  193   3   2   2       0.02745122  d_x2-y2
  194   1   0   0       1.36292133  s
  194   2   1  -1       0.82115632  p_y
  194   2   1   0       0.82115633  p_z
  194   2   1   1       0.82831802  p_x
  194   3   2  -2       0.03751299  d_xy
  194   3   2  -1       0.04581814  d_yz
  194   3   2   0       0.01924394  d_z2
  194   3   2   1       0.03751299  d_xz
  194   3   2   2       0.02020931  d_x2-y2
  195   1   0   0       1.35886375  s
  195   2   1  -1       0.82755883  p_y
  195   2   1   0       0.82755883  p_z
  195   2   1   1       0.82967934  p_x
  195   3   2  -2       0.03841317  d_xy
  195   3   2  -1       0.04026678  d_yz
  195   3   2   0       0.01879852  d_z2
  195   3   2   1       0.03841317  d_xz
  195   3   2   2       0.01888482  d_x2-y2
  196   1   0   0       1.35795983  s
  196   2   1  -1       0.82866422  p_y
  196   2   1   0       0.82866422  p_z
  196   2   1   1       0.82981959  p_x
  196   3   2  -2       0.03863698  d_xy
  196   3   2  -1       0.03960723  d_yz
  196   3   2   0       0.01878793  d_z2
  196   3   2   1       0.03863698  d_xz
  196   3   2   2       0.01883019  d_x2-y2
  197   1   0   0       1.36292131  s
  197   2   1  -1       0.82831802  p_y
  197   2   1   0       0.82115632  p_z
  197   2   1   1       0.82115632  p_x
  197   3   2  -2       0.03751299  d_xy
  197   3   2  -1       0.03751299  d_yz
  197   3   2   0       0.01924394  d_z2
  197   3   2   1       0.04581814  d_xz
  197   3   2   2       0.02020931  d_x2-y2
  198   1   0   0       1.35744207  s
  198   2   1  -1       0.82852371  p_y
  198   2   1   0       0.82878883  p_z
  198   2   1   1       0.82852371  p_x
  198   3   2  -2       0.03859249  d_xy
  198   3   2  -1       0.03930632  d_yz
  198   3   2   0       0.01875623  d_z2
  198   3   2   1       0.03930632  d_xz
  198   3   2   2       0.01903298  d_x2-y2
  199   1   0   0       1.35733633  s
  199   2   1  -1       0.82903152  p_y
  199   2   1   0       0.82916130  p_z
  199   2   1   1       0.82948583  p_x
  199   3   2  -2       0.03873548  d_xy
  199   3   2  -1       0.03911096  d_yz
  199   3   2   0       0.01875043  d_z2
  199   3   2   1       0.03897661  d_xz
  199   3   2   2       0.01881136  d_x2-y2
  200   1   0   0       1.35657180  s
  200   2   1  -1       0.82966223  p_y
  200   2   1   0       0.82984409  p_z
  200   2   1   1       0.82969600  p_x
  200   3   2  -2       0.03918591  d_xy
  200   3   2  -1       0.03902325  d_yz
  200   3   2   0       0.01881976  d_z2
  200   3   2   1       0.03861870  d_xz
  200   3   2   2       0.01870581  d_x2-y2
  201   1   0   0       1.35886377  s
  201   2   1  -1       0.82967933  p_y
  201   2   1   0       0.82755883  p_z
  201   2   1   1       0.82755882  p_x
  201   3   2  -2       0.03841317  d_xy
  201   3   2  -1       0.03841316  d_yz
  201   3   2   0       0.01879852  d_z2
  201   3   2   1       0.04026678  d_xz
  201   3   2   2       0.01888481  d_x2-y2
  202   1   0   0       1.35733633  s
  202   2   1  -1       0.82948583  p_y
  202   2   1   0       0.82916130  p_z
  202   2   1   1       0.82903152  p_x
  202   3   2  -2       0.03873548  d_xy
  202   3   2  -1       0.03897660  d_yz
  202   3   2   0       0.01875043  d_z2
  202   3   2   1       0.03911096  d_xz
  202   3   2   2       0.01881136  d_x2-y2
  203   1   0   0       1.35886372  s
  203   2   1  -1       0.82755884  p_y
  203   2   1   0       0.82967934  p_z
  203   2   1   1       0.82755884  p_x
  203   3   2  -2       0.04026679  d_xy
  203   3   2  -1       0.03841317  d_yz
  203   3   2   0       0.01892796  d_z2
  203   3   2   1       0.03841317  d_xz
  203   3   2   2       0.01875538  d_x2-y2
  204   1   0   0       1.35733633  s
  204   2   1  -1       0.82916130  p_y
  204   2   1   0       0.82948583  p_z
  204   2   1   1       0.82903152  p_x
  204   3   2  -2       0.03911096  d_xy
  204   3   2  -1       0.03897660  d_yz
  204   3   2   0       0.01879550  d_z2
  204   3   2   1       0.03873548  d_xz
  204   3   2   2       0.01876629  d_x2-y2
  205   1   0   0       1.35795984  s
  205   2   1  -1       0.82981959  p_y
  205   2   1   0       0.82866422  p_z
  205   2   1   1       0.82866422  p_x
  205   3   2  -2       0.03863698  d_xy
  205   3   2  -1       0.03863698  d_yz
  205   3   2   0       0.01878793  d_z2
  205   3   2   1       0.03960724  d_xz
  205   3   2   2       0.01883019  d_x2-y2
  206   1   0   0       1.35657181  s
  206   2   1  -1       0.82969600  p_y
  206   2   1   0       0.82984410  p_z
  206   2   1   1       0.82966223  p_x
  206   3   2  -2       0.03918591  d_xy
  206   3   2  -1       0.03861869  d_yz
  206   3   2   0       0.01881976  d_z2
  206   3   2   1       0.03902325  d_xz
  206   3   2   2       0.01870580  d_x2-y2
  207   1   0   0       1.35733633  s
  207   2   1  -1       0.82903152  p_y
  207   2   1   0       0.82948583  p_z
  207   2   1   1       0.82916131  p_x
  207   3   2  -2       0.03911096  d_xy
  207   3   2  -1       0.03873548  d_yz
  207   3   2   0       0.01879550  d_z2
  207   3   2   1       0.03897661  d_xz
  207   3   2   2       0.01876629  d_x2-y2
  208   1   0   0       1.35705510  s
  208   2   1  -1       0.82935850  p_y
  208   2   1   0       0.82954020  p_z
  208   2   1   1       0.82935850  p_x
  208   3   2  -2       0.03896186  d_xy
  208   3   2  -1       0.03891323  d_yz
  208   3   2   0       0.01879282  d_z2
  208   3   2   1       0.03891323  d_xz
  208   3   2   2       0.01878972  d_x2-y2
  209   1   0   0       1.36292138  s
  209   2   1  -1       0.82115633  p_y
  209   2   1   0       0.82831801  p_z
  209   2   1   1       0.82115633  p_x
  209   3   2  -2       0.04581816  d_xy
  209   3   2  -1       0.03751299  d_yz
  209   3   2   0       0.02069199  d_z2
  209   3   2   1       0.03751299  d_xz
  209   3   2   2       0.01876126  d_x2-y2
  210   1   0   0       1.35744204  s
  210   2   1  -1       0.82878883  p_y
  210   2   1   0       0.82852371  p_z
  210   2   1   1       0.82852371  p_x
  210   3   2  -2       0.03930633  d_xy
  210   3   2  -1       0.03930633  d_yz
  210   3   2   0       0.01896380  d_z2
  210   3   2   1       0.03859249  d_xz
  210   3   2   2       0.01882543  d_x2-y2
  211   1   0   0       1.35733632  s
  211   2   1  -1       0.82916130  p_y
  211   2   1   0       0.82903152  p_z
  211   2   1   1       0.82948583  p_x
  211   3   2  -2       0.03897661  d_xy
  211   3   2  -1       0.03911096  d_yz
  211   3   2   0       0.01879676  d_z2
  211   3   2   1       0.03873548  d_xz
  211   3   2   2       0.01876503  d_x2-y2
  212   1   0   0       1.35657184  s
  212   2   1  -1       0.82984409  p_y
  212   2   1   0       0.82966222  p_z
  212   2   1   1       0.82969599  p_x
  212   3   2  -2       0.03861869  d_xy
  212   3   2  -1       0.03902325  d_yz
  212   3   2   0       0.01868477  d_z2
  212   3   2   1       0.03918591  d_xz
  212   3   2   2       0.01884080  d_x2-y2
  213   1   0   0       1.35744205  s
  213   2   1  -1       0.82852371  p_y
  213   2   1   0       0.82852371  p_z
  213   2   1   1       0.82878883  p_x
  213   3   2  -2       0.03930632  d_xy
  213   3   2  -1       0.03859249  d_yz
  213   3   2   0       0.01896380  d_z2
  213   3   2   1       0.03930633  d_xz
  213   3   2   2       0.01882542  d_x2-y2
  214   1   0   0       1.35716652  s
  214   2   1  -1       0.82906969  p_y
  214   2   1   0       0.82906969  p_z
  214   2   1   1       0.82906969  p_x
  214   3   2  -2       0.03895903  d_xy
  214   3   2  -1       0.03895903  d_yz
  214   3   2   0       0.01879880  d_z2
  214   3   2   1       0.03895903  d_xz
  214   3   2   2       0.01879880  d_x2-y2
  215   1   0   0       1.35705509  s
  215   2   1  -1       0.82935849  p_y
  215   2   1   0       0.82935849  p_z
  215   2   1   1       0.82954019  p_x
  215   3   2  -2       0.03891324  d_xy
  215   3   2  -1       0.03896186  d_yz
  215   3   2   0       0.01879049  d_z2
  215   3   2   1       0.03891324  d_xz
  215   3   2   2       0.01879204  d_x2-y2
  216   1   0   0       1.35664488  s
  216   2   1  -1       0.82972393  p_y
  216   2   1   0       0.82972392  p_z
  216   2   1   1       0.82987541  p_x
  216   3   2  -2       0.03928592  d_xy
  216   3   2  -1       0.03819526  d_yz
  216   3   2   0       0.01891956  d_z2
  216   3   2   1       0.03928592  d_xz
  216   3   2   2       0.01866795  d_x2-y2
  217   1   0   0       1.35733633  s
  217   2   1  -1       0.82948583  p_y
  217   2   1   0       0.82903152  p_z
  217   2   1   1       0.82916130  p_x
  217   3   2  -2       0.03897661  d_xy
  217   3   2  -1       0.03873548  d_yz
  217   3   2   0       0.01879676  d_z2
  217   3   2   1       0.03911096  d_xz
  217   3   2   2       0.01876503  d_x2-y2
  218   1   0   0       1.35705509  s
  218   2   1  -1       0.82954020  p_y
  218   2   1   0       0.82935850  p_z
  218   2   1   1       0.82935850  p_x
  218   3   2  -2       0.03891324  d_xy
  218   3   2  -1       0.03891323  d_yz
  218   3   2   0       0.01879049  d_z2
  218   3   2   1       0.03896186  d_xz
  218   3   2   2       0.01879204  d_x2-y2
  219   1   0   0       1.35795983  s
  219   2   1  -1       0.82866422  p_y
  219   2   1   0       0.82981959  p_z
  219   2   1   1       0.82866422  p_x
  219   3   2  -2       0.03960723  d_xy
  219   3   2  -1       0.03863698  d_yz
  219   3   2   0       0.01885132  d_z2
  219   3   2   1       0.03863698  d_xz
  219   3   2   2       0.01876679  d_x2-y2
  220   1   0   0       1.35657182  s
  220   2   1  -1       0.82984410  p_y
  220   2   1   0       0.82969600  p_z
  220   2   1   1       0.82966222  p_x
  220   3   2  -2       0.03902326  d_xy
  220   3   2  -1       0.03861869  d_yz
  220   3   2   0       0.01878382  d_z2
  220   3   2   1       0.03918591  d_xz
  220   3   2   2       0.01874175  d_x2-y2
  221   1   0   0       1.35657183  s
  221   2   1  -1       0.82969600  p_y
  221   2   1   0       0.82966223  p_z
  221   2   1   1       0.82984410  p_x
  221   3   2  -2       0.03861869  d_xy
  221   3   2  -1       0.03918591  d_yz
  221   3   2   0       0.01868477  d_z2
  221   3   2   1       0.03902325  d_xz
  221   3   2   2       0.01884079  d_x2-y2
  222   1   0   0       1.35664484  s
  222   2   1  -1       0.82987542  p_y
  222   2   1   0       0.82972393  p_z
  222   2   1   1       0.82972393  p_x
  222   3   2  -2       0.03928592  d_xy
  222   3   2  -1       0.03928592  d_yz
  222   3   2   0       0.01891956  d_z2
  222   3   2   1       0.03819527  d_xz
  222   3   2   2       0.01866796  d_x2-y2
  223   1   0   0       1.35657180  s
  223   2   1  -1       0.82966223  p_y
  223   2   1   0       0.82969600  p_z
  223   2   1   1       0.82984410  p_x
  223   3   2  -2       0.03902326  d_xy
  223   3   2  -1       0.03918591  d_yz
  223   3   2   0       0.01878382  d_z2
  223   3   2   1       0.03861870  d_xz
  223   3   2   2       0.01874175  d_x2-y2
  224   1   0   0       1.35664492  s
  224   2   1  -1       0.82972396  p_y
  224   2   1   0       0.82987545  p_z
  224   2   1   1       0.82972396  p_x
  224   3   2  -2       0.03819526  d_xy
  224   3   2  -1       0.03928590  d_yz
  224   3   2   0       0.01854214  d_z2
  224   3   2   1       0.03928590  d_xz
  224   3   2   2       0.01904535  d_x2-y2
  225   1   0   0       1.35636702  s
  225   2   1  -1       0.82981790  p_y
  225   2   1   0       0.82981790  p_z
  225   2   1   1       0.82971395  p_x
  225   3   2  -2       0.03901880  d_xy
  225   3   2  -1       0.03862479  d_yz
  225   3   2   0       0.01879125  d_z2
  225   3   2   1       0.03901880  d_xz
  225   3   2   2       0.01870084  d_x2-y2
  226   1   0   0       1.35645110  s
  226   2   1  -1       0.82981207  p_y
  226   2   1   0       0.82981207  p_z
  226   2   1   1       0.82966383  p_x
  226   3   2  -2       0.03907365  d_xy
  226   3   2  -1       0.03865092  d_yz
  226   3   2   0       0.01878710  d_z2
  226   3   2   1       0.03907365  d_xz
  226   3   2   2       0.01872796  d_x2-y2
  227   1   0   0       1.35725621  s
  227   2   1  -1       0.82950623  p_y
  227   2   1   0       0.82950623  p_z
  227   2   1   1       0.82927317  p_x
  227   3   2  -2       0.03900441  d_xy
  227   3   2  -1       0.03873863  d_yz
  227   3   2   0       0.01877344  d_z2
  227   3   2   1       0.03900441  d_xz
  227   3   2   2       0.01876090  d_x2-y2
  228   1   0   0       1.35706290  s
  228   2   1  -1       0.82957506  p_y
  228   2   1   0       0.82957506  p_z
  228   2   1   1       0.82951449  p_x
  228   3   2  -2       0.03892013  d_xy
  228   3   2  -1       0.03891267  d_yz
  228   3   2   0       0.01879361  d_z2
  228   3   2   1       0.03892013  d_xz
  228   3   2   2       0.01879125  d_x2-y2
  229   1   0   0       1.37369013  s
  229   2   1  -1       0.83530053  p_y
  229   2   1   0       0.81185352  p_z
  229   2   1   1       0.81185350  p_x
  229   3   2  -2       0.03444095  d_xy
  229   3   2  -1       0.03444093  d_yz
  229   3   2   0       0.02073378  d_z2
  229   3   2   1       0.05381421  d_xz
  229   3   2   2       0.02375906  d_x2-y2
  230   1   0   0       1.35665297  s
  230   2   1  -1       0.83157548  p_y
  230   2   1   0       0.82844109  p_z
  230   2   1   1       0.83157547  p_x
  230   3   2  -2       0.03715847  d_xy
  230   3   2  -1       0.03960026  d_yz
  230   3   2   0       0.01869185  d_z2
  230   3   2   1       0.03960027  d_xz
  230   3   2   2       0.01921898  d_x2-y2
  231   1   0   0       1.35699304  s
  231   2   1  -1       0.83006869  p_y
  231   2   1   0       0.82921883  p_z
  231   2   1   1       0.83016529  p_x
  231   3   2  -2       0.03846171  d_xy
  231   3   2  -1       0.03918210  d_yz
  231   3   2   0       0.01878920  d_z2
  231   3   2   1       0.03915023  d_xz
  231   3   2   2       0.01885447  d_x2-y2
  232   1   0   0       1.35651988  s
  232   2   1  -1       0.82971117  p_y
  232   2   1   0       0.82998406  p_z
  232   2   1   1       0.82972952  p_x
  232   3   2  -2       0.03924337  d_xy
  232   3   2  -1       0.03900757  d_yz
  232   3   2   0       0.01883942  d_z2
  232   3   2   1       0.03846354  d_xz
  232   3   2   2       0.01868477  d_x2-y2
  233   1   0   0       1.36020048  s
  233   2   1  -1       0.83085573  p_y
  233   2   1   0       0.82619847  p_z
  233   2   1   1       0.82619846  p_x
  233   3   2  -2       0.03798866  d_xy
  233   3   2  -1       0.03798864  d_yz
  233   3   2   0       0.01883145  d_z2
  233   3   2   1       0.04113598  d_xz
  233   3   2   2       0.01906099  d_x2-y2
  234   1   0   0       1.35699305  s
  234   2   1  -1       0.83016529  p_y
  234   2   1   0       0.82921883  p_z
  234   2   1   1       0.83006868  p_x
  234   3   2  -2       0.03846171  d_xy
  234   3   2  -1       0.03915022  d_yz
  234   3   2   0       0.01878920  d_z2
  234   3   2   1       0.03918211  d_xz
  234   3   2   2       0.01885447  d_x2-y2
  235   1   0   0       1.36020042  s
  235   2   1  -1       0.82619848  p_y
  235   2   1   0       0.83085573  p_z
  235   2   1   1       0.82619848  p_x
  235   3   2  -2       0.04113599  d_xy
  235   3   2  -1       0.03798864  d_yz
  235   3   2   0       0.01917577  d_z2
  235   3   2   1       0.03798864  d_xz
  235   3   2   2       0.01871668  d_x2-y2
  236   1   0   0       1.35699304  s
  236   2   1  -1       0.82921883  p_y
  236   2   1   0       0.83016529  p_z
  236   2   1   1       0.83006868  p_x
  236   3   2  -2       0.03918210  d_xy
  236   3   2  -1       0.03915022  d_yz
  236   3   2   0       0.01886860  d_z2
  236   3   2   1       0.03846170  d_xz
  236   3   2   2       0.01877507  d_x2-y2
  237   1   0   0       1.35805042  s
  237   2   1  -1       0.82995905  p_y
  237   2   1   0       0.82838759  p_z
  237   2   1   1       0.82838759  p_x
  237   3   2  -2       0.03855254  d_xy
  237   3   2  -1       0.03855253  d_yz
  237   3   2   0       0.01877395  d_z2
  237   3   2   1       0.03970429  d_xz
  237   3   2   2       0.01881732  d_x2-y2
  238   1   0   0       1.35651989  s
  238   2   1  -1       0.82972952  p_y
  238   2   1   0       0.82998406  p_z
  238   2   1   1       0.82971116  p_x
  238   3   2  -2       0.03924337  d_xy
  238   3   2  -1       0.03846354  d_yz
  238   3   2   0       0.01883942  d_z2
  238   3   2   1       0.03900757  d_xz
  238   3   2   2       0.01868477  d_x2-y2
  239   1   0   0       1.35699304  s
  239   2   1  -1       0.83006868  p_y
  239   2   1   0       0.83016529  p_z
  239   2   1   1       0.82921883  p_x
  239   3   2  -2       0.03918210  d_xy
  239   3   2  -1       0.03846170  d_yz
  239   3   2   0       0.01886860  d_z2
  239   3   2   1       0.03915023  d_xz
  239   3   2   2       0.01877507  d_x2-y2
  240   1   0   0       1.35702447  s
  240   2   1  -1       0.82963056  p_y
  240   2   1   0       0.82974545  p_z
  240   2   1   1       0.82963056  p_x
  240   3   2  -2       0.03894785  d_xy
  240   3   2  -1       0.03889195  d_yz
  240   3   2   0       0.01883318  d_z2
  240   3   2   1       0.03889196  d_xz
  240   3   2   2       0.01879515  d_x2-y2
  241   1   0   0       1.37369041  s
  241   2   1  -1       0.81185358  p_y
  241   2   1   0       0.83530055  p_z
  241   2   1   1       0.81185359  p_x
  241   3   2  -2       0.05381415  d_xy
  241   3   2  -1       0.03444095  d_yz
  241   3   2   0       0.02527169  d_z2
  241   3   2   1       0.03444094  d_xz
  241   3   2   2       0.01922112  d_x2-y2
  242   1   0   0       1.35665300  s
  242   2   1  -1       0.82844108  p_y
  242   2   1   0       0.83157546  p_z
  242   2   1   1       0.83157548  p_x
  242   3   2  -2       0.03960026  d_xy
  242   3   2  -1       0.03960027  d_yz
  242   3   2   0       0.01908719  d_z2
  242   3   2   1       0.03715845  d_xz
  242   3   2   2       0.01882363  d_x2-y2
  243   1   0   0       1.35699306  s
  243   2   1  -1       0.82921883  p_y
  243   2   1   0       0.83006868  p_z
  243   2   1   1       0.83016530  p_x
  243   3   2  -2       0.03915023  d_xy
  243   3   2  -1       0.03918210  d_yz
  243   3   2   0       0.01880770  d_z2
  243   3   2   1       0.03846170  d_xz
  243   3   2   2       0.01883596  d_x2-y2
  244   1   0   0       1.35651992  s
  244   2   1  -1       0.82998407  p_y
  244   2   1   0       0.82971117  p_z
  244   2   1   1       0.82972953  p_x
  244   3   2  -2       0.03846354  d_xy
  244   3   2  -1       0.03900757  d_yz
  244   3   2   0       0.01862387  d_z2
  244   3   2   1       0.03924338  d_xz
  244   3   2   2       0.01890033  d_x2-y2
  245   1   0   0       1.35665299  s
  245   2   1  -1       0.83157548  p_y
  245   2   1   0       0.83157545  p_z
  245   2   1   1       0.82844108  p_x
  245   3   2  -2       0.03960026  d_xy
  245   3   2  -1       0.03715845  d_yz
  245   3   2   0       0.01908719  d_z2
  245   3   2   1       0.03960027  d_xz
  245   3   2   2       0.01882363  d_x2-y2
  246   1   0   0       1.35673710  s
  246   2   1  -1       0.83011135  p_y
  246   2   1   0       0.83011135  p_z
  246   2   1   1       0.83011135  p_x
  246   3   2  -2       0.03879868  d_xy
  246   3   2  -1       0.03879867  d_yz
  246   3   2   0       0.01886903  d_z2
  246   3   2   1       0.03879867  d_xz
  246   3   2   2       0.01886903  d_x2-y2
  247   1   0   0       1.35702448  s
  247   2   1  -1       0.82963056  p_y
  247   2   1   0       0.82963056  p_z
  247   2   1   1       0.82974545  p_x
  247   3   2  -2       0.03889196  d_xy
  247   3   2  -1       0.03894785  d_yz
  247   3   2   0       0.01880465  d_z2
  247   3   2   1       0.03889196  d_xz
  247   3   2   2       0.01882367  d_x2-y2
  248   1   0   0       1.35735841  s
  248   2   1  -1       0.82957096  p_y
  248   2   1   0       0.82957096  p_z
  248   2   1   1       0.82991653  p_x
  248   3   2  -2       0.03909674  d_xy
  248   3   2  -1       0.03771970  d_yz
  248   3   2   0       0.01910415  d_z2
  248   3   2   1       0.03909674  d_xz
  248   3   2   2       0.01832951  d_x2-y2
  249   1   0   0       1.35699306  s
  249   2   1  -1       0.83016529  p_y
  249   2   1   0       0.83006868  p_z
  249   2   1   1       0.82921882  p_x
  249   3   2  -2       0.03915023  d_xy
  249   3   2  -1       0.03846170  d_yz
  249   3   2   0       0.01880771  d_z2
  249   3   2   1       0.03918210  d_xz
  249   3   2   2       0.01883597  d_x2-y2
  250   1   0   0       1.35702448  s
  250   2   1  -1       0.82974545  p_y
  250   2   1   0       0.82963056  p_z
  250   2   1   1       0.82963056  p_x
  250   3   2  -2       0.03889196  d_xy
  250   3   2  -1       0.03889195  d_yz
  250   3   2   0       0.01880465  d_z2
  250   3   2   1       0.03894785  d_xz
  250   3   2   2       0.01882367  d_x2-y2
  251   1   0   0       1.35805039  s
  251   2   1  -1       0.82838760  p_y
  251   2   1   0       0.82995905  p_z
  251   2   1   1       0.82838760  p_x
  251   3   2  -2       0.03970429  d_xy
  251   3   2  -1       0.03855253  d_yz
  251   3   2   0       0.01883901  d_z2
  251   3   2   1       0.03855254  d_xz
  251   3   2   2       0.01875226  d_x2-y2
  252   1   0   0       1.35651994  s
  252   2   1  -1       0.82998406  p_y
  252   2   1   0       0.82972952  p_z
  252   2   1   1       0.82971115  p_x
  252   3   2  -2       0.03900758  d_xy
  252   3   2  -1       0.03846353  d_yz
  252   3   2   0       0.01882300  d_z2
  252   3   2   1       0.03924337  d_xz
  252   3   2   2       0.01870118  d_x2-y2
  253   1   0   0       1.35727395  s
  253   2   1  -1       0.82978254  p_y
  253   2   1   0       0.82928609  p_z
  253   2   1   1       0.82919960  p_x
  253   3   2  -2       0.03892894  d_xy
  253   3   2  -1       0.03871375  d_yz
  253   3   2   0       0.01878793  d_z2
  253   3   2   1       0.03920970  d_xz
  253   3   2   2       0.01880496  d_x2-y2
  254   1   0   0       1.35663796  s
  254   2   1  -1       0.82965995  p_y
  254   2   1   0       0.82990346  p_z
  254   2   1   1       0.82964688  p_x
  254   3   2  -2       0.03918750  d_xy
  254   3   2  -1       0.03866344  d_yz
  254   3   2   0       0.01880637  d_z2
  254   3   2   1       0.03896721  d_xz
  254   3   2   2       0.01871307  d_x2-y2
  255   1   0   0       1.35727393  s
  255   2   1  -1       0.82928609  p_y
  255   2   1   0       0.82978254  p_z
  255   2   1   1       0.82919960  p_x
  255   3   2  -2       0.03920970  d_xy
  255   3   2  -1       0.03871375  d_yz
  255   3   2   0       0.01882913  d_z2
  255   3   2   1       0.03892894  d_xz
  255   3   2   2       0.01876376  d_x2-y2
  256   1   0   0       1.35663800  s
  256   2   1  -1       0.82990347  p_y
  256   2   1   0       0.82965995  p_z
  256   2   1   1       0.82964687  p_x
  256   3   2  -2       0.03896721  d_xy
  256   3   2  -1       0.03866343  d_yz
  256   3   2   0       0.01877729  d_z2
  256   3   2   1       0.03918750  d_xz
  256   3   2   2       0.01874214  d_x2-y2
  257   1   0   0       1.35708533  s
  257   2   1  -1       0.82942686  p_y
  257   2   1   0       0.82942686  p_z
  257   2   1   1       0.82942686  p_x
  257   3   2  -2       0.03891820  d_xy
  257   3   2  -1       0.03891820  d_yz
  257   3   2   0       0.01878878  d_z2
  257   3   2   1       0.03891820  d_xz
  257   3   2   2       0.01878878  d_x2-y2
  258   1   0   0       1.35711680  s
  258   2   1  -1       0.82951873  p_y
  258   2   1   0       0.82951873  p_z
  258   2   1   1       0.82949874  p_x
  258   3   2  -2       0.03892539  d_xy
  258   3   2  -1       0.03889466  d_yz
  258   3   2   0       0.01879480  d_z2
  258   3   2   1       0.03892539  d_xz
  258   3   2   2       0.01878332  d_x2-y2
  259   1   0   0       1.35685491  s
  259   2   1  -1       0.82981932  p_y
  259   2   1   0       0.82981932  p_z
  259   2   1   1       0.82939317  p_x
  259   3   2  -2       0.03903355  d_xy
  259   3   2  -1       0.03866289  d_yz
  259   3   2   0       0.01877324  d_z2
  259   3   2   1       0.03903356  d_xz
  259   3   2   2       0.01874827  d_x2-y2
  260   1   0   0       1.35636416  s
  260   2   1  -1       0.82976817  p_y
  260   2   1   0       0.82976817  p_z
  260   2   1   1       0.82967472  p_x
  260   3   2  -2       0.03904777  d_xy
  260   3   2  -1       0.03858626  d_yz
  260   3   2   0       0.01878572  d_z2
  260   3   2   1       0.03904778  d_xz
  260   3   2   2       0.01869466  d_x2-y2
  261   1   0   0       1.35711679  s
  261   2   1  -1       0.82949874  p_y
  261   2   1   0       0.82951874  p_z
  261   2   1   1       0.82951874  p_x
  261   3   2  -2       0.03892539  d_xy
  261   3   2  -1       0.03892540  d_yz
  261   3   2   0       0.01879480  d_z2
  261   3   2   1       0.03889466  d_xz
  261   3   2   2       0.01878332  d_x2-y2
  262   1   0   0       1.35665356  s
  262   2   1  -1       0.82987575  p_y
  262   2   1   0       0.82996300  p_z
  262   2   1   1       0.82987575  p_x
  262   3   2  -2       0.03888616  d_xy
  262   3   2  -1       0.03887797  d_yz
  262   3   2   0       0.01884970  d_z2
  262   3   2   1       0.03887797  d_xz
  262   3   2   2       0.01877891  d_x2-y2
  263   1   0   0       1.35684497  s
  263   2   1  -1       0.83039640  p_y
  263   2   1   0       0.83057785  p_z
  263   2   1   1       0.82891069  p_x
  263   3   2  -2       0.03929979  d_xy
  263   3   2  -1       0.03811495  d_yz
  263   3   2   0       0.01899789  d_z2
  263   3   2   1       0.03927409  d_xz
  263   3   2   2       0.01871657  d_x2-y2
  264   1   0   0       1.35694043  s
  264   2   1  -1       0.82999858  p_y
  264   2   1   0       0.82936360  p_z
  264   2   1   1       0.82982335  p_x
  264   3   2  -2       0.03861397  d_xy
  264   3   2  -1       0.03901498  d_yz
  264   3   2   0       0.01876819  d_z2
  264   3   2   1       0.03924656  d_xz
  264   3   2   2       0.01883525  d_x2-y2
  265   1   0   0       1.35685491  s
  265   2   1  -1       0.82939317  p_y
  265   2   1   0       0.82981933  p_z
  265   2   1   1       0.82981933  p_x
  265   3   2  -2       0.03903355  d_xy
  265   3   2  -1       0.03903356  d_yz
  265   3   2   0       0.01877324  d_z2
  265   3   2   1       0.03866289  d_xz
  265   3   2   2       0.01874827  d_x2-y2
  266   1   0   0       1.35684499  s
  266   2   1  -1       0.82891069  p_y
  266   2   1   0       0.83057786  p_z
  266   2   1   1       0.83039640  p_x
  266   3   2  -2       0.03929979  d_xy
  266   3   2  -1       0.03927409  d_yz
  266   3   2   0       0.01899789  d_z2
  266   3   2   1       0.03811495  d_xz
  266   3   2   2       0.01871657  d_x2-y2
  267   1   0   0       1.35685491  s
  267   2   1  -1       0.82981933  p_y
  267   2   1   0       0.82939317  p_z
  267   2   1   1       0.82981933  p_x
  267   3   2  -2       0.03866288  d_xy
  267   3   2  -1       0.03903356  d_yz
  267   3   2   0       0.01873579  d_z2
  267   3   2   1       0.03903356  d_xz
  267   3   2   2       0.01878573  d_x2-y2
  268   1   0   0       1.35684504  s
  268   2   1  -1       0.83057784  p_y
  268   2   1   0       0.82891066  p_z
  268   2   1   1       0.83039635  p_x
  268   3   2  -2       0.03811495  d_xy
  268   3   2  -1       0.03927408  d_yz
  268   3   2   0       0.01873259  d_z2
  268   3   2   1       0.03929981  d_xz
  268   3   2   2       0.01898187  d_x2-y2
  269   1   0   0       1.35636417  s
  269   2   1  -1       0.82967472  p_y
  269   2   1   0       0.82976817  p_z
  269   2   1   1       0.82976817  p_x
  269   3   2  -2       0.03904777  d_xy
  269   3   2  -1       0.03904778  d_yz
  269   3   2   0       0.01878571  d_z2
  269   3   2   1       0.03858625  d_xz
  269   3   2   2       0.01869466  d_x2-y2
  270   1   0   0       1.35694043  s
  270   2   1  -1       0.82982334  p_y
  270   2   1   0       0.82936359  p_z
  270   2   1   1       0.82999857  p_x
  270   3   2  -2       0.03861397  d_xy
  270   3   2  -1       0.03924656  d_yz
  270   3   2   0       0.01876819  d_z2
  270   3   2   1       0.03901498  d_xz
  270   3   2   2       0.01883525  d_x2-y2
  271   1   0   0       1.35684503  s
  271   2   1  -1       0.83039635  p_y
  271   2   1   0       0.82891064  p_z
  271   2   1   1       0.83057782  p_x
  271   3   2  -2       0.03811495  d_xy
  271   3   2  -1       0.03929981  d_yz
  271   3   2   0       0.01873259  d_z2
  271   3   2   1       0.03927409  d_xz
  271   3   2   2       0.01898187  d_x2-y2
  272   1   0   0       1.35798177  s
  272   2   1  -1       0.83259260  p_y
  272   2   1   0       0.82598196  p_z
  272   2   1   1       0.83259260  p_x
  272   3   2  -2       0.03557876  d_xy
  272   3   2  -1       0.04002117  d_yz
  272   3   2   0       0.01795136  d_z2
  272   3   2   1       0.04002117  d_xz
  272   3   2   2       0.02100447  d_x2-y2
  273   1   0   0       1.35711681  s
  273   2   1  -1       0.82951874  p_y
  273   2   1   0       0.82949874  p_z
  273   2   1   1       0.82951874  p_x
  273   3   2  -2       0.03889465  d_xy
  273   3   2  -1       0.03892540  d_yz
  273   3   2   0       0.01877758  d_z2
  273   3   2   1       0.03892539  d_xz
  273   3   2   2       0.01880054  d_x2-y2
  274   1   0   0       1.35665359  s
  274   2   1  -1       0.82996299  p_y
  274   2   1   0       0.82987574  p_z
  274   2   1   1       0.82987574  p_x
  274   3   2  -2       0.03887795  d_xy
  274   3   2  -1       0.03887797  d_yz
  274   3   2   0       0.01879661  d_z2
  274   3   2   1       0.03888616  d_xz
  274   3   2   2       0.01883200  d_x2-y2
  275   1   0   0       1.35684505  s
  275   2   1  -1       0.83057785  p_y
  275   2   1   0       0.83039635  p_z
  275   2   1   1       0.82891068  p_x
  275   3   2  -2       0.03927407  d_xy
  275   3   2  -1       0.03811496  d_yz
  275   3   2   0       0.01884122  d_z2
  275   3   2   1       0.03929980  d_xz
  275   3   2   2       0.01887324  d_x2-y2
  276   1   0   0       1.35694041  s
  276   2   1  -1       0.82936361  p_y
  276   2   1   0       0.82999858  p_z
  276   2   1   1       0.82982336  p_x
  276   3   2  -2       0.03924656  d_xy
  276   3   2  -1       0.03901499  d_yz
  276   3   2   0       0.01886353  d_z2
  276   3   2   1       0.03861397  d_xz
  276   3   2   2       0.01873991  d_x2-y2
  277   1   0   0       1.35665359  s
  277   2   1  -1       0.82987574  p_y
  277   2   1   0       0.82987573  p_z
  277   2   1   1       0.82996299  p_x
  277   3   2  -2       0.03887796  d_xy
  277   3   2  -1       0.03888617  d_yz
  277   3   2   0       0.01879661  d_z2
  277   3   2   1       0.03887796  d_xz
  277   3   2   2       0.01883200  d_x2-y2
  278   1   0   0       1.35603597  s
  278   2   1  -1       0.83009824  p_y
  278   2   1   0       0.83009821  p_z
  278   2   1   1       0.83009823  p_x
  278   3   2  -2       0.03855222  d_xy
  278   3   2  -1       0.03855224  d_yz
  278   3   2   0       0.01877690  d_z2
  278   3   2   1       0.03855224  d_xz
  278   3   2   2       0.01877689  d_x2-y2
  279   1   0   0       1.35798161  s
  279   2   1  -1       0.83259263  p_y
  279   2   1   0       0.83259264  p_z
  279   2   1   1       0.82598205  p_x
  279   3   2  -2       0.04002117  d_xy
  279   3   2  -1       0.03557876  d_yz
  279   3   2   0       0.02024120  d_z2
  279   3   2   1       0.04002117  d_xz
  279   3   2   2       0.01871463  d_x2-y2
  280   1   0   0       1.35712142  s
  280   2   1  -1       0.82938444  p_y
  280   2   1   0       0.82938444  p_z
  280   2   1   1       0.82974932  p_x
  280   3   2  -2       0.03886693  d_xy
  280   3   2  -1       0.03904489  d_yz
  280   3   2   0       0.01878329  d_z2
  280   3   2   1       0.03886693  d_xz
  280   3   2   2       0.01880925  d_x2-y2
  281   1   0   0       1.35684506  s
  281   2   1  -1       0.82891067  p_y
  281   2   1   0       0.83039635  p_z
  281   2   1   1       0.83057784  p_x
  281   3   2  -2       0.03927407  d_xy
  281   3   2  -1       0.03929980  d_yz
  281   3   2   0       0.01884121  d_z2
  281   3   2   1       0.03811495  d_xz
  281   3   2   2       0.01887324  d_x2-y2
  282   1   0   0       1.35798155  s
  282   2   1  -1       0.82598205  p_y
  282   2   1   0       0.83259264  p_z
  282   2   1   1       0.83259262  p_x
  282   3   2  -2       0.04002117  d_xy
  282   3   2  -1       0.04002117  d_yz
  282   3   2   0       0.02024120  d_z2
  282   3   2   1       0.03557875  d_xz
  282   3   2   2       0.01871463  d_x2-y2
  283   1   0   0       1.35636416  s
  283   2   1  -1       0.82976817  p_y
  283   2   1   0       0.82967472  p_z
  283   2   1   1       0.82976817  p_x
  283   3   2  -2       0.03858626  d_xy
  283   3   2  -1       0.03904778  d_yz
  283   3   2   0       0.01864914  d_z2
  283   3   2   1       0.03904778  d_xz
  283   3   2   2       0.01883124  d_x2-y2
  284   1   0   0       1.35694044  s
  284   2   1  -1       0.82936360  p_y
  284   2   1   0       0.82982334  p_z
  284   2   1   1       0.82999857  p_x
  284   3   2  -2       0.03901497  d_xy
  284   3   2  -1       0.03924656  d_yz
  284   3   2   0       0.01877344  d_z2
  284   3   2   1       0.03861397  d_xz
  284   3   2   2       0.01883000  d_x2-y2
  285   1   0   0       1.35694041  s
  285   2   1  -1       0.82982335  p_y
  285   2   1   0       0.82999857  p_z
  285   2   1   1       0.82936360  p_x
  285   3   2  -2       0.03924656  d_xy
  285   3   2  -1       0.03861398  d_yz
  285   3   2   0       0.01886353  d_z2
  285   3   2   1       0.03901498  d_xz
  285   3   2   2       0.01873991  d_x2-y2
  286   1   0   0       1.35712142  s
  286   2   1  -1       0.82974932  p_y
  286   2   1   0       0.82938444  p_z
  286   2   1   1       0.82938444  p_x
  286   3   2  -2       0.03886693  d_xy
  286   3   2  -1       0.03886694  d_yz
  286   3   2   0       0.01878328  d_z2
  286   3   2   1       0.03904489  d_xz
  286   3   2   2       0.01880925  d_x2-y2
  287   1   0   0       1.35694044  s
  287   2   1  -1       0.82999857  p_y
  287   2   1   0       0.82982334  p_z
  287   2   1   1       0.82936360  p_x
  287   3   2  -2       0.03901497  d_xy
  287   3   2  -1       0.03861397  d_yz
  287   3   2   0       0.01877343  d_z2
  287   3   2   1       0.03924655  d_xz
  287   3   2   2       0.01883000  d_x2-y2
  288   1   0   0       1.35712141  s
  288   2   1  -1       0.82938444  p_y
  288   2   1   0       0.82974932  p_z
  288   2   1   1       0.82938444  p_x
  288   3   2  -2       0.03904489  d_xy
  288   3   2  -1       0.03886694  d_yz
  288   3   2   0       0.01882223  d_z2
  288   3   2   1       0.03886694  d_xz
  288   3   2   2       0.01877031  d_x2-y2
  289   1   0   0       1.35851175  s
  289   2   1  -1       0.82802026  p_y
  289   2   1   0       0.82802026  p_z
  289   2   1   1       0.82977372  p_x
  289   3   2  -2       0.03849849  d_xy
  289   3   2  -1       0.03975884  d_yz
  289   3   2   0       0.01878467  d_z2
  289   3   2   1       0.03849849  d_xz
  289   3   2   2       0.01880630  d_x2-y2
  290   1   0   0       1.35805039  s
  290   2   1  -1       0.82838758  p_y
  290   2   1   0       0.82838758  p_z
  290   2   1   1       0.82995904  p_x
  290   3   2  -2       0.03855254  d_xy
  290   3   2  -1       0.03970429  d_yz
  290   3   2   0       0.01877395  d_z2
  290   3   2   1       0.03855254  d_xz
  290   3   2   2       0.01881732  d_x2-y2
  291   1   0   0       1.36020048  s
  291   2   1  -1       0.82619842  p_y
  291   2   1   0       0.82619841  p_z
  291   2   1   1       0.83085567  p_x
  291   3   2  -2       0.03798864  d_xy
  291   3   2  -1       0.04113598  d_yz
  291   3   2   0       0.01883145  d_z2
  291   3   2   1       0.03798865  d_xz
  291   3   2   2       0.01906100  d_x2-y2
  292   1   0   0       1.37369057  s
  292   2   1  -1       0.81185342  p_y
  292   2   1   0       0.81185338  p_z
  292   2   1   1       0.83530055  p_x
  292   3   2  -2       0.03444092  d_xy
  292   3   2  -1       0.05381410  d_yz
  292   3   2   0       0.02073376  d_z2
  292   3   2   1       0.03444095  d_xz
  292   3   2   2       0.02375902  d_x2-y2
  293   1   0   0       1.35706291  s
  293   2   1  -1       0.82951449  p_y
  293   2   1   0       0.82957506  p_z
  293   2   1   1       0.82957506  p_x
  293   3   2  -2       0.03892012  d_xy
  293   3   2  -1       0.03892013  d_yz
  293   3   2   0       0.01879361  d_z2
  293   3   2   1       0.03891267  d_xz
  293   3   2   2       0.01879125  d_x2-y2
  294   1   0   0       1.35709899  s
  294   2   1  -1       0.82926114  p_y
  294   2   1   0       0.82955413  p_z
  294   2   1   1       0.82926115  p_x
  294   3   2  -2       0.03900315  d_xy
  294   3   2  -1       0.03890343  d_yz
  294   3   2   0       0.01878085  d_z2
  294   3   2   1       0.03890342  d_xz
  294   3   2   2       0.01878015  d_x2-y2
  295   1   0   0       1.35709832  s
  295   2   1  -1       0.82887597  p_y
  295   2   1   0       0.82952582  p_z
  295   2   1   1       0.82924736  p_x
  295   3   2  -2       0.03921238  d_xy
  295   3   2  -1       0.03868629  d_yz
  295   3   2   0       0.01883496  d_z2
  295   3   2   1       0.03903418  d_xz
  295   3   2   2       0.01876025  d_x2-y2
  296   1   0   0       1.35727393  s
  296   2   1  -1       0.82978254  p_y
  296   2   1   0       0.82919960  p_z
  296   2   1   1       0.82928609  p_x
  296   3   2  -2       0.03871375  d_xy
  296   3   2  -1       0.03892894  d_yz
  296   3   2   0       0.01877228  d_z2
  296   3   2   1       0.03920970  d_xz
  296   3   2   2       0.01882062  d_x2-y2
  297   1   0   0       1.35725619  s
  297   2   1  -1       0.82927317  p_y
  297   2   1   0       0.82950623  p_z
  297   2   1   1       0.82950623  p_x
  297   3   2  -2       0.03900440  d_xy
  297   3   2  -1       0.03900441  d_yz
  297   3   2   0       0.01877344  d_z2
  297   3   2   1       0.03873863  d_xz
  297   3   2   2       0.01876090  d_x2-y2
  298   1   0   0       1.35709833  s
  298   2   1  -1       0.82924736  p_y
  298   2   1   0       0.82952582  p_z
  298   2   1   1       0.82887598  p_x
  298   3   2  -2       0.03921239  d_xy
  298   3   2  -1       0.03903418  d_yz
  298   3   2   0       0.01883496  d_z2
  298   3   2   1       0.03868628  d_xz
  298   3   2   2       0.01876025  d_x2-y2
  299   1   0   0       1.35725619  s
  299   2   1  -1       0.82950624  p_y
  299   2   1   0       0.82927317  p_z
  299   2   1   1       0.82950624  p_x
  299   3   2  -2       0.03873863  d_xy
  299   3   2  -1       0.03900441  d_yz
  299   3   2   0       0.01875463  d_z2
  299   3   2   1       0.03900441  d_xz
  299   3   2   2       0.01877971  d_x2-y2
  300   1   0   0       1.35709833  s
  300   2   1  -1       0.82952582  p_y
  300   2   1   0       0.82924735  p_z
  300   2   1   1       0.82887597  p_x
  300   3   2  -2       0.03868629  d_xy
  300   3   2  -1       0.03903418  d_yz
  300   3   2   0       0.01872231  d_z2
  300   3   2   1       0.03921240  d_xz
  300   3   2   2       0.01887291  d_x2-y2
  301   1   0   0       1.35645107  s
  301   2   1  -1       0.82966383  p_y
  301   2   1   0       0.82981206  p_z
  301   2   1   1       0.82981206  p_x
  301   3   2  -2       0.03907365  d_xy
  301   3   2  -1       0.03907366  d_yz
  301   3   2   0       0.01878711  d_z2
  301   3   2   1       0.03865093  d_xz
  301   3   2   2       0.01872796  d_x2-y2
  302   1   0   0       1.35727394  s
  302   2   1  -1       0.82928609  p_y
  302   2   1   0       0.82919960  p_z
  302   2   1   1       0.82978254  p_x
  302   3   2  -2       0.03871375  d_xy
  302   3   2  -1       0.03920970  d_yz
  302   3   2   0       0.01877228  d_z2
  302   3   2   1       0.03892894  d_xz
  302   3   2   2       0.01882061  d_x2-y2
  303   1   0   0       1.35709834  s
  303   2   1  -1       0.82887596  p_y
  303   2   1   0       0.82924735  p_z
  303   2   1   1       0.82952581  p_x
  303   3   2  -2       0.03868628  d_xy
  303   3   2  -1       0.03921240  d_yz
  303   3   2   0       0.01872231  d_z2
  303   3   2   1       0.03903418  d_xz
  303   3   2   2       0.01887291  d_x2-y2
  304   1   0   0       1.35706309  s
  304   2   1  -1       0.82801049  p_y
  304   2   1   0       0.82796789  p_z
  304   2   1   1       0.82801050  p_x
  304   3   2  -2       0.03816290  d_xy
  304   3   2  -1       0.04010395  d_yz
  304   3   2   0       0.01880840  d_z2
  304   3   2   1       0.04010395  d_xz
  304   3   2   2       0.01949051  d_x2-y2
  305   1   0   0       1.35706290  s
  305   2   1  -1       0.82957506  p_y
  305   2   1   0       0.82951449  p_z
  305   2   1   1       0.82957506  p_x
  305   3   2  -2       0.03891267  d_xy
  305   3   2  -1       0.03892013  d_yz
  305   3   2   0       0.01879007  d_z2
  305   3   2   1       0.03892013  d_xz
  305   3   2   2       0.01879479  d_x2-y2
  306   1   0   0       1.35709898  s
  306   2   1  -1       0.82955413  p_y
  306   2   1   0       0.82926114  p_z
  306   2   1   1       0.82926114  p_x
  306   3   2  -2       0.03890342  d_xy
  306   3   2  -1       0.03890343  d_yz
  306   3   2   0       0.01878033  d_z2
  306   3   2   1       0.03900315  d_xz
  306   3   2   2       0.01878068  d_x2-y2
  307   1   0   0       1.35709833  s
  307   2   1  -1       0.82952582  p_y
  307   2   1   0       0.82887597  p_z
  307   2   1   1       0.82924736  p_x
  307   3   2  -2       0.03903417  d_xy
  307   3   2  -1       0.03868629  d_yz
  307   3   2   0       0.01883555  d_z2
  307   3   2   1       0.03921240  d_xz
  307   3   2   2       0.01875967  d_x2-y2
  308   1   0   0       1.35727393  s
  308   2   1  -1       0.82919960  p_y
  308   2   1   0       0.82978254  p_z
  308   2   1   1       0.82928609  p_x
  308   3   2  -2       0.03920969  d_xy
  308   3   2  -1       0.03892894  d_yz
  308   3   2   0       0.01882913  d_z2
  308   3   2   1       0.03871375  d_xz
  308   3   2   2       0.01876376  d_x2-y2
  309   1   0   0       1.35709898  s
  309   2   1  -1       0.82926115  p_y
  309   2   1   0       0.82926114  p_z
  309   2   1   1       0.82955413  p_x
  309   3   2  -2       0.03890342  d_xy
  309   3   2  -1       0.03900316  d_yz
  309   3   2   0       0.01878033  d_z2
  309   3   2   1       0.03890342  d_xz
  309   3   2   2       0.01878068  d_x2-y2
  310   1   0   0       1.35680448  s
  310   2   1  -1       0.82915559  p_y
  310   2   1   0       0.82915558  p_z
  310   2   1   1       0.82915559  p_x
  310   3   2  -2       0.03899429  d_xy
  310   3   2  -1       0.03899431  d_yz
  310   3   2   0       0.01883993  d_z2
  310   3   2   1       0.03899431  d_xz
  310   3   2   2       0.01883993  d_x2-y2
  311   1   0   0       1.35706296  s
  311   2   1  -1       0.82801051  p_y
  311   2   1   0       0.82801052  p_z
  311   2   1   1       0.82796794  p_x
  311   3   2  -2       0.04010394  d_xy
  311   3   2  -1       0.03816293  d_yz
  311   3   2   0       0.01931999  d_z2
  311   3   2   1       0.04010396  d_xz
  311   3   2   2       0.01897894  d_x2-y2
  312   1   0   0       1.35701149  s
  312   2   1  -1       0.82947521  p_y
  312   2   1   0       0.82947521  p_z
  312   2   1   1       0.82975850  p_x
  312   3   2  -2       0.03889714  d_xy
  312   3   2  -1       0.03897833  d_yz
  312   3   2   0       0.01879096  d_z2
  312   3   2   1       0.03889714  d_xz
  312   3   2   2       0.01880470  d_x2-y2
  313   1   0   0       1.35709834  s
  313   2   1  -1       0.82924735  p_y
  313   2   1   0       0.82887596  p_z
  313   2   1   1       0.82952582  p_x
  313   3   2  -2       0.03903417  d_xy
  313   3   2  -1       0.03921240  d_yz
  313   3   2   0       0.01883555  d_z2
  313   3   2   1       0.03868629  d_xz
  313   3   2   2       0.01875967  d_x2-y2
  314   1   0   0       1.35706291  s
  314   2   1  -1       0.82796793  p_y
  314   2   1   0       0.82801051  p_z
  314   2   1   1       0.82801050  p_x
  314   3   2  -2       0.04010395  d_xy
  314   3   2  -1       0.04010396  d_yz
  314   3   2   0       0.01931999  d_z2
  314   3   2   1       0.03816293  d_xz
  314   3   2   2       0.01897894  d_x2-y2
  315   1   0   0       1.35645108  s
  315   2   1  -1       0.82981207  p_y
  315   2   1   0       0.82966383  p_z
  315   2   1   1       0.82981207  p_x
  315   3   2  -2       0.03865093  d_xy
  315   3   2  -1       0.03907365  d_yz
  315   3   2   0       0.01869839  d_z2
  315   3   2   1       0.03907365  d_xz
  315   3   2   2       0.01881668  d_x2-y2
  316   1   0   0       1.35727392  s
  316   2   1  -1       0.82919960  p_y
  316   2   1   0       0.82928609  p_z
  316   2   1   1       0.82978254  p_x
  316   3   2  -2       0.03892894  d_xy
  316   3   2  -1       0.03920970  d_yz
  316   3   2   0       0.01878793  d_z2
  316   3   2   1       0.03871375  d_xz
  316   3   2   2       0.01880496  d_x2-y2
  317   1   0   0       1.35651992  s
  317   2   1  -1       0.82971115  p_y
  317   2   1   0       0.82972950  p_z
  317   2   1   1       0.82998405  p_x
  317   3   2  -2       0.03900757  d_xy
  317   3   2  -1       0.03924338  d_yz
  317   3   2   0       0.01882301  d_z2
  317   3   2   1       0.03846354  d_xz
  317   3   2   2       0.01870119  d_x2-y2
  318   1   0   0       1.35663799  s
  318   2   1  -1       0.82965994  p_y
  318   2   1   0       0.82964687  p_z
  318   2   1   1       0.82990345  p_x
  318   3   2  -2       0.03866344  d_xy
  318   3   2  -1       0.03918750  d_yz
  318   3   2   0       0.01869549  d_z2
  318   3   2   1       0.03896721  d_xz
  318   3   2   2       0.01882394  d_x2-y2
  319   1   0   0       1.35651993  s
  319   2   1  -1       0.82972949  p_y
  319   2   1   0       0.82971114  p_z
  319   2   1   1       0.82998404  p_x
  319   3   2  -2       0.03846354  d_xy
  319   3   2  -1       0.03924337  d_yz
  319   3   2   0       0.01862386  d_z2
  319   3   2   1       0.03900757  d_xz
  319   3   2   2       0.01890033  d_x2-y2
  320   1   0   0       1.35663795  s
  320   2   1  -1       0.82964687  p_y
  320   2   1   0       0.82965994  p_z
  320   2   1   1       0.82990345  p_x
  320   3   2  -2       0.03896721  d_xy
  320   3   2  -1       0.03918750  d_yz
  320   3   2   0       0.01877730  d_z2
  320   3   2   1       0.03866345  d_xz
  320   3   2   2       0.01874214  d_x2-y2
  321   1   0   0       1.35795983  s
  321   2   1  -1       0.82866422  p_y
  321   2   1   0       0.82981959  p_z
  321   2   1   1       0.82866422  p_x
  321   3   2  -2       0.03960723  d_xy
  321   3   2  -1       0.03863698  d_yz
  321   3   2   0       0.01885132  d_z2
  321   3   2   1       0.03863698  d_xz
  321   3   2   2       0.01876679  d_x2-y2
  322   1   0   0       1.35733632  s
  322   2   1  -1       0.82903153  p_y
  322   2   1   0       0.82948584  p_z
  322   2   1   1       0.82916131  p_x
  322   3   2  -2       0.03911096  d_xy
  322   3   2  -1       0.03873548  d_yz
  322   3   2   0       0.01879550  d_z2
  322   3   2   1       0.03897661  d_xz
  322   3   2   2       0.01876629  d_x2-y2
  323   1   0   0       1.35733632  s
  323   2   1  -1       0.82948584  p_y
  323   2   1   0       0.82903153  p_z
  323   2   1   1       0.82916131  p_x
  323   3   2  -2       0.03897661  d_xy
  323   3   2  -1       0.03873548  d_yz
  323   3   2   0       0.01879676  d_z2
  323   3   2   1       0.03911096  d_xz
  323   3   2   2       0.01876503  d_x2-y2
  324   1   0   0       1.35795983  s
  324   2   1  -1       0.82981959  p_y
  324   2   1   0       0.82866422  p_z
  324   2   1   1       0.82866422  p_x
  324   3   2  -2       0.03863698  d_xy
  324   3   2  -1       0.03863698  d_yz
  324   3   2   0       0.01878793  d_z2
  324   3   2   1       0.03960723  d_xz
  324   3   2   2       0.01883019  d_x2-y2
  325   1   0   0       1.35733632  s
  325   2   1  -1       0.82916131  p_y
  325   2   1   0       0.82948584  p_z
  325   2   1   1       0.82903153  p_x
  325   3   2  -2       0.03911096  d_xy
  325   3   2  -1       0.03897661  d_yz
  325   3   2   0       0.01879550  d_z2
  325   3   2   1       0.03873548  d_xz
  325   3   2   2       0.01876629  d_x2-y2
  326   1   0   0       1.35716651  s
  326   2   1  -1       0.82906970  p_y
  326   2   1   0       0.82906970  p_z
  326   2   1   1       0.82906971  p_x
  326   3   2  -2       0.03895903  d_xy
  326   3   2  -1       0.03895903  d_yz
  326   3   2   0       0.01879880  d_z2
  326   3   2   1       0.03895903  d_xz
  326   3   2   2       0.01879880  d_x2-y2
  327   1   0   0       1.35733632  s
  327   2   1  -1       0.82948584  p_y
  327   2   1   0       0.82916131  p_z
  327   2   1   1       0.82903153  p_x
  327   3   2  -2       0.03873548  d_xy
  327   3   2  -1       0.03897661  d_yz
  327   3   2   0       0.01875043  d_z2
  327   3   2   1       0.03911096  d_xz
  327   3   2   2       0.01881136  d_x2-y2
  328   1   0   0       1.35664480  s
  328   2   1  -1       0.82972395  p_y
  328   2   1   0       0.82972395  p_z
  328   2   1   1       0.82987544  p_x
  328   3   2  -2       0.03928592  d_xy
  328   3   2  -1       0.03819527  d_yz
  328   3   2   0       0.01891957  d_z2
  328   3   2   1       0.03928592  d_xz
  328   3   2   2       0.01866796  d_x2-y2
  329   1   0   0       1.35733632  s
  329   2   1  -1       0.82916131  p_y
  329   2   1   0       0.82903153  p_z
  329   2   1   1       0.82948584  p_x
  329   3   2  -2       0.03897661  d_xy
  329   3   2  -1       0.03911096  d_yz
  329   3   2   0       0.01879676  d_z2
  329   3   2   1       0.03873548  d_xz
  329   3   2   2       0.01876503  d_x2-y2
  330   1   0   0       1.35733633  s
  330   2   1  -1       0.82903153  p_y
  330   2   1   0       0.82916131  p_z
  330   2   1   1       0.82948584  p_x
  330   3   2  -2       0.03873548  d_xy
  330   3   2  -1       0.03911096  d_yz
  330   3   2   0       0.01875043  d_z2
  330   3   2   1       0.03897660  d_xz
  330   3   2   2       0.01881136  d_x2-y2
  331   1   0   0       1.36292128  s
  331   2   1  -1       0.82115638  p_y
  331   2   1   0       0.82831806  p_z
  331   2   1   1       0.82115637  p_x
  331   3   2  -2       0.04581817  d_xy
  331   3   2  -1       0.03751300  d_yz
  331   3   2   0       0.02069200  d_z2
  331   3   2   1       0.03751300  d_xz
  331   3   2   2       0.01876127  d_x2-y2
  332   1   0   0       1.36292124  s
  332   2   1  -1       0.82831806  p_y
  332   2   1   0       0.82115637  p_z
  332   2   1   1       0.82115636  p_x
  332   3   2  -2       0.03751300  d_xy
  332   3   2  -1       0.03751300  d_yz
  332   3   2   0       0.01924395  d_z2
  332   3   2   1       0.04581815  d_xz
  332   3   2   2       0.02020932  d_x2-y2
  333   1   0   0       1.35795983  s
  333   2   1  -1       0.82866422  p_y
  333   2   1   0       0.82866422  p_z
  333   2   1   1       0.82981959  p_x
  333   3   2  -2       0.03863698  d_xy
  333   3   2  -1       0.03960724  d_yz
  333   3   2   0       0.01878793  d_z2
  333   3   2   1       0.03863698  d_xz
  333   3   2   2       0.01883019  d_x2-y2
  334   1   0   0       1.35664484  s
  334   2   1  -1       0.82987543  p_y
  334   2   1   0       0.82972394  p_z
  334   2   1   1       0.82972394  p_x
  334   3   2  -2       0.03928592  d_xy
  334   3   2  -1       0.03928592  d_yz
  334   3   2   0       0.01891956  d_z2
  334   3   2   1       0.03819526  d_xz
  334   3   2   2       0.01866795  d_x2-y2
  335   1   0   0       1.36292122  s
  335   2   1  -1       0.82115637  p_y
  335   2   1   0       0.82115637  p_z
  335   2   1   1       0.82831806  p_x
  335   3   2  -2       0.03751300  d_xy
  335   3   2  -1       0.04581815  d_yz
  335   3   2   0       0.01924395  d_z2
  335   3   2   1       0.03751300  d_xz
  335   3   2   2       0.02020932  d_x2-y2
  336   1   0   0       1.35664487  s
  336   2   1  -1       0.82972397  p_y
  336   2   1   0       0.82987545  p_z
  336   2   1   1       0.82972397  p_x
  336   3   2  -2       0.03819526  d_xy
  336   3   2  -1       0.03928591  d_yz
  336   3   2   0       0.01854214  d_z2
  336   3   2   1       0.03928591  d_xz
  336   3   2   2       0.01904536  d_x2-y2
  337   1   0   0       1.35886371  s
  337   2   1  -1       0.82755885  p_y
  337   2   1   0       0.82967935  p_z
  337   2   1   1       0.82755885  p_x
  337   3   2  -2       0.04026679  d_xy
  337   3   2  -1       0.03841317  d_yz
  337   3   2   0       0.01892796  d_z2
  337   3   2   1       0.03841317  d_xz
  337   3   2   2       0.01875538  d_x2-y2
  338   1   0   0       1.35744199  s
  338   2   1  -1       0.82852373  p_y
  338   2   1   0       0.82852373  p_z
  338   2   1   1       0.82878886  p_x
  338   3   2  -2       0.03930633  d_xy
  338   3   2  -1       0.03859249  d_yz
  338   3   2   0       0.01896380  d_z2
  338   3   2   1       0.03930633  d_xz
  338   3   2   2       0.01882543  d_x2-y2
  339   1   0   0       1.35886373  s
  339   2   1  -1       0.82967935  p_y
  339   2   1   0       0.82755885  p_z
  339   2   1   1       0.82755885  p_x
  339   3   2  -2       0.03841317  d_xy
  339   3   2  -1       0.03841317  d_yz
  339   3   2   0       0.01879853  d_z2
  339   3   2   1       0.04026679  d_xz
  339   3   2   2       0.01888482  d_x2-y2
  340   1   0   0       1.35705509  s
  340   2   1  -1       0.82935850  p_y
  340   2   1   0       0.82935850  p_z
  340   2   1   1       0.82954020  p_x
  340   3   2  -2       0.03891323  d_xy
  340   3   2  -1       0.03896186  d_yz
  340   3   2   0       0.01879049  d_z2
  340   3   2   1       0.03891323  d_xz
  340   3   2   2       0.01879204  d_x2-y2
  341   1   0   0       1.35744201  s
  341   2   1  -1       0.82878885  p_y
  341   2   1   0       0.82852373  p_z
  341   2   1   1       0.82852373  p_x
  341   3   2  -2       0.03930633  d_xy
  341   3   2  -1       0.03930633  d_yz
  341   3   2   0       0.01896380  d_z2
  341   3   2   1       0.03859249  d_xz
  341   3   2   2       0.01882543  d_x2-y2
  342   1   0   0       1.35744202  s
  342   2   1  -1       0.82852373  p_y
  342   2   1   0       0.82878885  p_z
  342   2   1   1       0.82852373  p_x
  342   3   2  -2       0.03859249  d_xy
  342   3   2  -1       0.03930633  d_yz
  342   3   2   0       0.01875624  d_z2
  342   3   2   1       0.03930632  d_xz
  342   3   2   2       0.01903299  d_x2-y2
  343   1   0   0       1.35657182  s
  343   2   1  -1       0.82984411  p_y
  343   2   1   0       0.82966224  p_z
  343   2   1   1       0.82969601  p_x
  343   3   2  -2       0.03861869  d_xy
  343   3   2  -1       0.03902325  d_yz
  343   3   2   0       0.01868477  d_z2
  343   3   2   1       0.03918591  d_xz
  343   3   2   2       0.01884080  d_x2-y2
  344   1   0   0       1.35657180  s
  344   2   1  -1       0.82966223  p_y
  344   2   1   0       0.82984411  p_z
  344   2   1   1       0.82969601  p_x
  344   3   2  -2       0.03918591  d_xy
  344   3   2  -1       0.03902325  d_yz
  344   3   2   0       0.01881976  d_z2
  344   3   2   1       0.03861869  d_xz
  344   3   2   2       0.01870581  d_x2-y2
  345   1   0   0       1.35886375  s
  345   2   1  -1       0.82755884  p_y
  345   2   1   0       0.82755884  p_z
  345   2   1   1       0.82967934  p_x
  345   3   2  -2       0.03841317  d_xy
  345   3   2  -1       0.04026679  d_yz
  345   3   2   0       0.01879852  d_z2
  345   3   2   1       0.03841316  d_xz
  345   3   2   2       0.01888482  d_x2-y2
  346   1   0   0       1.35657182  s
  346   2   1  -1       0.82969600  p_y
  346   2   1   0       0.82966223  p_z
  346   2   1   1       0.82984410  p_x
  346   3   2  -2       0.03861869  d_xy
  346   3   2  -1       0.03918591  d_yz
  346   3   2   0       0.01868477  d_z2
  346   3   2   1       0.03902325  d_xz
  346   3   2   2       0.01884080  d_x2-y2
  347   1   0   0       1.47912083  s
  347   2   1  -1       0.77755866  p_y
  347   2   1   0       0.77755859  p_z
  347   2   1   1       0.77755866  p_x
  347   3   2  -2       0.05004713  d_xy
  347   3   2  -1       0.05004707  d_yz
  347   3   2   0       0.02745122  d_z2
  347   3   2   1       0.05004705  d_xz
  347   3   2   2       0.02745121  d_x2-y2
  348   1   0   0       1.35657181  s
  348   2   1  -1       0.82966223  p_y
  348   2   1   0       0.82969601  p_z
  348   2   1   1       0.82984411  p_x
  348   3   2  -2       0.03902326  d_xy
  348   3   2  -1       0.03918591  d_yz
  348   3   2   0       0.01878382  d_z2
  348   3   2   1       0.03861869  d_xz
  348   3   2   2       0.01874175  d_x2-y2
  349   1   0   0       1.35705509  s
  349   2   1  -1       0.82954020  p_y
  349   2   1   0       0.82935850  p_z
  349   2   1   1       0.82935850  p_x
  349   3   2  -2       0.03891323  d_xy
  349   3   2  -1       0.03891323  d_yz
  349   3   2   0       0.01879049  d_z2
  349   3   2   1       0.03896186  d_xz
  349   3   2   2       0.01879204  d_x2-y2
  350   1   0   0       1.35657179  s
  350   2   1  -1       0.82969601  p_y
  350   2   1   0       0.82984410  p_z
  350   2   1   1       0.82966223  p_x
  350   3   2  -2       0.03918591  d_xy
  350   3   2  -1       0.03861870  d_yz
  350   3   2   0       0.01881976  d_z2
  350   3   2   1       0.03902325  d_xz
  350   3   2   2       0.01870581  d_x2-y2
  351   1   0   0       1.35657179  s
  351   2   1  -1       0.82984411  p_y
  351   2   1   0       0.82969601  p_z
  351   2   1   1       0.82966224  p_x
  351   3   2  -2       0.03902326  d_xy
  351   3   2  -1       0.03861870  d_yz
  351   3   2   0       0.01878382  d_z2
  351   3   2   1       0.03918591  d_xz
  351   3   2   2       0.01874175  d_x2-y2
  352   1   0   0       1.35705510  s
  352   2   1  -1       0.82935850  p_y
  352   2   1   0       0.82954020  p_z
  352   2   1   1       0.82935850  p_x
  352   3   2  -2       0.03896186  d_xy
  352   3   2  -1       0.03891323  d_yz
  352   3   2   0       0.01879282  d_z2
  352   3   2   1       0.03891323  d_xz
  352   3   2   2       0.01878972  d_x2-y2
  353   1   0   0       1.35636702  s
  353   2   1  -1       0.82971395  p_y
  353   2   1   0       0.82981790  p_z
  353   2   1   1       0.82981790  p_x
  353   3   2  -2       0.03901880  d_xy
  353   3   2  -1       0.03901880  d_yz
  353   3   2   0       0.01879125  d_z2
  353   3   2   1       0.03862479  d_xz
  353   3   2   2       0.01870084  d_x2-y2
  354   1   0   0       1.35651992  s
  354   2   1  -1       0.82971116  p_y
  354   2   1   0       0.82972953  p_z
  354   2   1   1       0.82998407  p_x
  354   3   2  -2       0.03900758  d_xy
  354   3   2  -1       0.03924337  d_yz
  354   3   2   0       0.01882300  d_z2
  354   3   2   1       0.03846353  d_xz
  354   3   2   2       0.01870118  d_x2-y2
  355   1   0   0       1.36020046  s
  355   2   1  -1       0.82619849  p_y
  355   2   1   0       0.82619849  p_z
  355   2   1   1       0.83085575  p_x
  355   3   2  -2       0.03798865  d_xy
  355   3   2  -1       0.04113598  d_yz
  355   3   2   0       0.01883145  d_z2
  355   3   2   1       0.03798864  d_xz
  355   3   2   2       0.01906099  d_x2-y2
  356   1   0   0       1.35651990  s
  356   2   1  -1       0.82972953  p_y
  356   2   1   0       0.82971117  p_z
  356   2   1   1       0.82998408  p_x
  356   3   2  -2       0.03846354  d_xy
  356   3   2  -1       0.03924338  d_yz
  356   3   2   0       0.01862387  d_z2
  356   3   2   1       0.03900757  d_xz
  356   3   2   2       0.01890033  d_x2-y2
  357   1   0   0       1.35727393  s
  357   2   1  -1       0.82919960  p_y
  357   2   1   0       0.82978254  p_z
  357   2   1   1       0.82928609  p_x
  357   3   2  -2       0.03920970  d_xy
  357   3   2  -1       0.03892894  d_yz
  357   3   2   0       0.01882913  d_z2
  357   3   2   1       0.03871375  d_xz
  357   3   2   2       0.01876376  d_x2-y2
  358   1   0   0       1.35702446  s
  358   2   1  -1       0.82963057  p_y
  358   2   1   0       0.82974546  p_z
  358   2   1   1       0.82963057  p_x
  358   3   2  -2       0.03894785  d_xy
  358   3   2  -1       0.03889196  d_yz
  358   3   2   0       0.01883318  d_z2
  358   3   2   1       0.03889196  d_xz
  358   3   2   2       0.01879515  d_x2-y2
  359   1   0   0       1.35702447  s
  359   2   1  -1       0.82974546  p_y
  359   2   1   0       0.82963057  p_z
  359   2   1   1       0.82963057  p_x
  359   3   2  -2       0.03889196  d_xy
  359   3   2  -1       0.03889196  d_yz
  359   3   2   0       0.01880466  d_z2
  359   3   2   1       0.03894785  d_xz
  359   3   2   2       0.01882367  d_x2-y2
  360   1   0   0       1.35651987  s
  360   2   1  -1       0.82972953  p_y
  360   2   1   0       0.82998408  p_z
  360   2   1   1       0.82971118  p_x
  360   3   2  -2       0.03924337  d_xy
  360   3   2  -1       0.03846354  d_yz
  360   3   2   0       0.01883942  d_z2
  360   3   2   1       0.03900757  d_xz
  360   3   2   2       0.01868477  d_x2-y2
  361   1   0   0       1.35725620  s
  361   2   1  -1       0.82927317  p_y
  361   2   1   0       0.82950624  p_z
  361   2   1   1       0.82950624  p_x
  361   3   2  -2       0.03900441  d_xy
  361   3   2  -1       0.03900441  d_yz
  361   3   2   0       0.01877344  d_z2
  361   3   2   1       0.03873863  d_xz
  361   3   2   2       0.01876090  d_x2-y2
  362   1   0   0       1.35702447  s
  362   2   1  -1       0.82963057  p_y
  362   2   1   0       0.82963057  p_z
  362   2   1   1       0.82974546  p_x
  362   3   2  -2       0.03889196  d_xy
  362   3   2  -1       0.03894785  d_yz
  362   3   2   0       0.01880466  d_z2
  362   3   2   1       0.03889195  d_xz
  362   3   2   2       0.01882367  d_x2-y2
  363   1   0   0       1.36020040  s
  363   2   1  -1       0.82619850  p_y
  363   2   1   0       0.83085576  p_z
  363   2   1   1       0.82619850  p_x
  363   3   2  -2       0.04113599  d_xy
  363   3   2  -1       0.03798864  d_yz
  363   3   2   0       0.01917577  d_z2
  363   3   2   1       0.03798864  d_xz
  363   3   2   2       0.01871668  d_x2-y2
  364   1   0   0       1.35665296  s
  364   2   1  -1       0.83157551  p_y
  364   2   1   0       0.83157550  p_z
  364   2   1   1       0.82844111  p_x
  364   3   2  -2       0.03960026  d_xy
  364   3   2  -1       0.03715844  d_yz
  364   3   2   0       0.01908719  d_z2
  364   3   2   1       0.03960027  d_xz
  364   3   2   2       0.01882363  d_x2-y2
  365   1   0   0       1.35727395  s
  365   2   1  -1       0.82919960  p_y
  365   2   1   0       0.82928609  p_z
  365   2   1   1       0.82978254  p_x
  365   3   2  -2       0.03892894  d_xy
  365   3   2  -1       0.03920970  d_yz
  365   3   2   0       0.01878793  d_z2
  365   3   2   1       0.03871375  d_xz
  365   3   2   2       0.01880496  d_x2-y2
  366   1   0   0       1.35651988  s
  366   2   1  -1       0.82971117  p_y
  366   2   1   0       0.82998407  p_z
  366   2   1   1       0.82972953  p_x
  366   3   2  -2       0.03924337  d_xy
  366   3   2  -1       0.03900757  d_yz
  366   3   2   0       0.01883942  d_z2
  366   3   2   1       0.03846354  d_xz
  366   3   2   2       0.01868477  d_x2-y2
  367   1   0   0       1.35665296  s
  367   2   1  -1       0.82844110  p_y
  367   2   1   0       0.83157549  p_z
  367   2   1   1       0.83157551  p_x
  367   3   2  -2       0.03960026  d_xy
  367   3   2  -1       0.03960027  d_yz
  367   3   2   0       0.01908719  d_z2
  367   3   2   1       0.03715844  d_xz
  367   3   2   2       0.01882363  d_x2-y2
  368   1   0   0       1.35665294  s
  368   2   1  -1       0.83157550  p_y
  368   2   1   0       0.82844111  p_z
  368   2   1   1       0.83157550  p_x
  368   3   2  -2       0.03715846  d_xy
  368   3   2  -1       0.03960027  d_yz
  368   3   2   0       0.01869185  d_z2
  368   3   2   1       0.03960026  d_xz
  368   3   2   2       0.01921898  d_x2-y2
  369   1   0   0       1.35805039  s
  369   2   1  -1       0.82838760  p_y
  369   2   1   0       0.82995906  p_z
  369   2   1   1       0.82838761  p_x
  369   3   2  -2       0.03970429  d_xy
  369   3   2  -1       0.03855254  d_yz
  369   3   2   0       0.01883901  d_z2
  369   3   2   1       0.03855253  d_xz
  369   3   2   2       0.01875226  d_x2-y2
  370   1   0   0       1.35699303  s
  370   2   1  -1       0.83006870  p_y
  370   2   1   0       0.83016530  p_z
  370   2   1   1       0.82921884  p_x
  370   3   2  -2       0.03918210  d_xy
  370   3   2  -1       0.03846170  d_yz
  370   3   2   0       0.01886860  d_z2
  370   3   2   1       0.03915022  d_xz
  370   3   2   2       0.01877507  d_x2-y2
  371   1   0   0       1.35699304  s
  371   2   1  -1       0.83016531  p_y
  371   2   1   0       0.83006870  p_z
  371   2   1   1       0.82921884  p_x
  371   3   2  -2       0.03915023  d_xy
  371   3   2  -1       0.03846170  d_yz
  371   3   2   0       0.01880770  d_z2
  371   3   2   1       0.03918210  d_xz
  371   3   2   2       0.01883596  d_x2-y2
  372   1   0   0       1.35706290  s
  372   2   1  -1       0.82951449  p_y
  372   2   1   0       0.82957506  p_z
  372   2   1   1       0.82957506  p_x
  372   3   2  -2       0.03892013  d_xy
  372   3   2  -1       0.03892013  d_yz
  372   3   2   0       0.01879361  d_z2
  372   3   2   1       0.03891267  d_xz
  372   3   2   2       0.01879125  d_x2-y2
  373   1   0   0       1.35699303  s
  373   2   1  -1       0.82921884  p_y
  373   2   1   0       0.83016530  p_z
  373   2   1   1       0.83006870  p_x
  373   3   2  -2       0.03918210  d_xy
  373   3   2  -1       0.03915023  d_yz
  373   3   2   0       0.01886860  d_z2
  373   3   2   1       0.03846170  d_xz
  373   3   2   2       0.01877507  d_x2-y2
  374   1   0   0       1.35673707  s
  374   2   1  -1       0.83011137  p_y
  374   2   1   0       0.83011137  p_z
  374   2   1   1       0.83011137  p_x
  374   3   2  -2       0.03879867  d_xy
  374   3   2  -1       0.03879867  d_yz
  374   3   2   0       0.01886903  d_z2
  374   3   2   1       0.03879867  d_xz
  374   3   2   2       0.01886903  d_x2-y2
  375   1   0   0       1.35699303  s
  375   2   1  -1       0.83016531  p_y
  375   2   1   0       0.82921884  p_z
  375   2   1   1       0.83006870  p_x
  375   3   2  -2       0.03846170  d_xy
  375   3   2  -1       0.03915023  d_yz
  375   3   2   0       0.01878920  d_z2
  375   3   2   1       0.03918210  d_xz
  375   3   2   2       0.01885447  d_x2-y2
  376   1   0   0       1.35663796  s
  376   2   1  -1       0.82964688  p_y
  376   2   1   0       0.82990347  p_z
  376   2   1   1       0.82965995  p_x
  376   3   2  -2       0.03918750  d_xy
  376   3   2  -1       0.03896721  d_yz
  376   3   2   0       0.01880637  d_z2
  376   3   2   1       0.03866344  d_xz
  376   3   2   2       0.01871307  d_x2-y2
  377   1   0   0       1.35699305  s
  377   2   1  -1       0.82921884  p_y
  377   2   1   0       0.83006870  p_z
  377   2   1   1       0.83016531  p_x
  377   3   2  -2       0.03915023  d_xy
  377   3   2  -1       0.03918210  d_yz
  377   3   2   0       0.01880771  d_z2
  377   3   2   1       0.03846170  d_xz
  377   3   2   2       0.01883597  d_x2-y2
  378   1   0   0       1.35699304  s
  378   2   1  -1       0.83006869  p_y
  378   2   1   0       0.82921884  p_z
  378   2   1   1       0.83016531  p_x
  378   3   2  -2       0.03846170  d_xy
  378   3   2  -1       0.03918211  d_yz
  378   3   2   0       0.01878920  d_z2
  378   3   2   1       0.03915023  d_xz
  378   3   2   2       0.01885447  d_x2-y2
  379   1   0   0       1.37369028  s
  379   2   1  -1       0.81185363  p_y
  379   2   1   0       0.83530054  p_z
  379   2   1   1       0.81185361  p_x
  379   3   2  -2       0.05381419  d_xy
  379   3   2  -1       0.03444094  d_yz
  379   3   2   0       0.02527171  d_z2
  379   3   2   1       0.03444095  d_xz
  379   3   2   2       0.01922112  d_x2-y2
  380   1   0   0       1.35645109  s
  380   2   1  -1       0.82966383  p_y
  380   2   1   0       0.82981207  p_z
  380   2   1   1       0.82981207  p_x
  380   3   2  -2       0.03907365  d_xy
  380   3   2  -1       0.03907365  d_yz
  380   3   2   0       0.01878710  d_z2
  380   3   2   1       0.03865092  d_xz
  380   3   2   2       0.01872796  d_x2-y2
  381   1   0   0       1.35805042  s
  381   2   1  -1       0.82838759  p_y
  381   2   1   0       0.82838760  p_z
  381   2   1   1       0.82995905  p_x
  381   3   2  -2       0.03855254  d_xy
  381   3   2  -1       0.03970429  d_yz
  381   3   2   0       0.01877395  d_z2
  381   3   2   1       0.03855253  d_xz
  381   3   2   2       0.01881732  d_x2-y2
  382   1   0   0       1.35735836  s
  382   2   1  -1       0.82991655  p_y
  382   2   1   0       0.82957097  p_z
  382   2   1   1       0.82957097  p_x
  382   3   2  -2       0.03909675  d_xy
  382   3   2  -1       0.03909675  d_yz
  382   3   2   0       0.01910416  d_z2
  382   3   2   1       0.03771971  d_xz
  382   3   2   2       0.01832951  d_x2-y2
  383   1   0   0       1.37369006  s
  383   2   1  -1       0.81185356  p_y
  383   2   1   0       0.81185357  p_z
  383   2   1   1       0.83530053  p_x
  383   3   2  -2       0.03444095  d_xy
  383   3   2  -1       0.05381423  d_yz
  383   3   2   0       0.02073378  d_z2
  383   3   2   1       0.03444094  d_xz
  383   3   2   2       0.02375907  d_x2-y2
  384   1   0   0       1.35663800  s
  384   2   1  -1       0.82964687  p_y
  384   2   1   0       0.82965995  p_z
  384   2   1   1       0.82990347  p_x
  384   3   2  -2       0.03896721  d_xy
  384   3   2  -1       0.03918750  d_yz
  384   3   2   0       0.01877729  d_z2
  384   3   2   1       0.03866343  d_xz
  384   3   2   2       0.01874214  d_x2-y2
  385   1   0   0       1.35795983  s
  385   2   1  -1       0.82981959  p_y
  385   2   1   0       0.82866422  p_z
  385   2   1   1       0.82866423  p_x
  385   3   2  -2       0.03863698  d_xy
  385   3   2  -1       0.03863698  d_yz
  385   3   2   0       0.01878793  d_z2
  385   3   2   1       0.03960723  d_xz
  385   3   2   2       0.01883019  d_x2-y2
  386   1   0   0       1.35733632  s
  386   2   1  -1       0.82948583  p_y
  386   2   1   0       0.82903152  p_z
  386   2   1   1       0.82916131  p_x
  386   3   2  -2       0.03897660  d_xy
  386   3   2  -1       0.03873549  d_yz
  386   3   2   0       0.01879675  d_z2
  386   3   2   1       0.03911096  d_xz
  386   3   2   2       0.01876503  d_x2-y2
  387   1   0   0       1.35733632  s
  387   2   1  -1       0.82903152  p_y
  387   2   1   0       0.82948583  p_z
  387   2   1   1       0.82916131  p_x
  387   3   2  -2       0.03911096  d_xy
  387   3   2  -1       0.03873549  d_yz
  387   3   2   0       0.01879550  d_z2
  387   3   2   1       0.03897661  d_xz
  387   3   2   2       0.01876629  d_x2-y2
  388   1   0   0       1.35795982  s
  388   2   1  -1       0.82866423  p_y
  388   2   1   0       0.82981959  p_z
  388   2   1   1       0.82866423  p_x
  388   3   2  -2       0.03960723  d_xy
  388   3   2  -1       0.03863698  d_yz
  388   3   2   0       0.01885132  d_z2
  388   3   2   1       0.03863698  d_xz
  388   3   2   2       0.01876679  d_x2-y2
  389   1   0   0       1.35886376  s
  389   2   1  -1       0.82967933  p_y
  389   2   1   0       0.82755882  p_z
  389   2   1   1       0.82755882  p_x
  389   3   2  -2       0.03841317  d_xy
  389   3   2  -1       0.03841318  d_yz
  389   3   2   0       0.01879852  d_z2
  389   3   2   1       0.04026676  d_xz
  389   3   2   2       0.01888481  d_x2-y2
  390   1   0   0       1.35744217  s
  390   2   1  -1       0.82852369  p_y
  390   2   1   0       0.82852369  p_z
  390   2   1   1       0.82878881  p_x
  390   3   2  -2       0.03930631  d_xy
  390   3   2  -1       0.03859250  d_yz
  390   3   2   0       0.01896379  d_z2
  390   3   2   1       0.03930631  d_xz
  390   3   2   2       0.01882541  d_x2-y2
  391   1   0   0       1.35886378  s
  391   2   1  -1       0.82755882  p_y
  391   2   1   0       0.82967933  p_z
  391   2   1   1       0.82755882  p_x
  391   3   2  -2       0.04026676  d_xy
  391   3   2  -1       0.03841317  d_yz
  391   3   2   0       0.01892796  d_z2
  391   3   2   1       0.03841317  d_xz
  391   3   2   2       0.01875537  d_x2-y2
  392   1   0   0       1.35705508  s
  392   2   1  -1       0.82935850  p_y
  392   2   1   0       0.82935850  p_z
  392   2   1   1       0.82954020  p_x
  392   3   2  -2       0.03891324  d_xy
  392   3   2  -1       0.03896186  d_yz
  392   3   2   0       0.01879050  d_z2
  392   3   2   1       0.03891324  d_xz
  392   3   2   2       0.01879205  d_x2-y2
  393   1   0   0       1.36292171  s
  393   2   1  -1       0.82831796  p_y
  393   2   1   0       0.82115626  p_z
  393   2   1   1       0.82115626  p_x
  393   3   2  -2       0.03751296  d_xy
  393   3   2  -1       0.03751296  d_yz
  393   3   2   0       0.01924392  d_z2
  393   3   2   1       0.04581813  d_xz
  393   3   2   2       0.02020928  d_x2-y2
  394   1   0   0       1.36292168  s
  394   2   1  -1       0.82115625  p_y
  394   2   1   0       0.82831797  p_z
  394   2   1   1       0.82115625  p_x
  394   3   2  -2       0.04581812  d_xy
  394   3   2  -1       0.03751296  d_yz
  394   3   2   0       0.02069197  d_z2
  394   3   2   1       0.03751296  d_xz
  394   3   2   2       0.01876122  d_x2-y2
  395   1   0   0       1.35733632  s
  395   2   1  -1       0.82903152  p_y
  395   2   1   0       0.82916131  p_z
  395   2   1   1       0.82948583  p_x
  395   3   2  -2       0.03873549  d_xy
  395   3   2  -1       0.03911096  d_yz
  395   3   2   0       0.01875043  d_z2
  395   3   2   1       0.03897661  d_xz
  395   3   2   2       0.01881136  d_x2-y2
  396   1   0   0       1.35733632  s
  396   2   1  -1       0.82916131  p_y
  396   2   1   0       0.82903152  p_z
  396   2   1   1       0.82948583  p_x
  396   3   2  -2       0.03897660  d_xy
  396   3   2  -1       0.03911096  d_yz
  396   3   2   0       0.01879675  d_z2
  396   3   2   1       0.03873549  d_xz
  396   3   2   2       0.01876503  d_x2-y2
  397   1   0   0       1.47912105  s
  397   2   1  -1       0.77755788  p_y
  397   2   1   0       0.77755794  p_z
  397   2   1   1       0.77755785  p_x
  397   3   2  -2       0.05004719  d_xy
  397   3   2  -1       0.05004730  d_yz
  397   3   2   0       0.02745127  d_z2
  397   3   2   1       0.05004727  d_xz
  397   3   2   2       0.02745130  d_x2-y2
  398   1   0   0       1.35657182  s
  398   2   1  -1       0.82969599  p_y
  398   2   1   0       0.82966223  p_z
  398   2   1   1       0.82984409  p_x
  398   3   2  -2       0.03861870  d_xy
  398   3   2  -1       0.03918590  d_yz
  398   3   2   0       0.01868477  d_z2
  398   3   2   1       0.03902325  d_xz
  398   3   2   2       0.01884080  d_x2-y2
  399   1   0   0       1.35886376  s
  399   2   1  -1       0.82755883  p_y
  399   2   1   0       0.82755882  p_z
  399   2   1   1       0.82967933  p_x
  399   3   2  -2       0.03841317  d_xy
  399   3   2  -1       0.04026676  d_yz
  399   3   2   0       0.01879852  d_z2
  399   3   2   1       0.03841317  d_xz
  399   3   2   2       0.01888481  d_x2-y2
  400   1   0   0       1.35657184  s
  400   2   1  -1       0.82966223  p_y
  400   2   1   0       0.82969599  p_z
  400   2   1   1       0.82984409  p_x
  400   3   2  -2       0.03902324  d_xy
  400   3   2  -1       0.03918590  d_yz
  400   3   2   0       0.01878382  d_z2
  400   3   2   1       0.03861870  d_xz
  400   3   2   2       0.01874174  d_x2-y2
  401   1   0   0       1.35733632  s
  401   2   1  -1       0.82948583  p_y
  401   2   1   0       0.82916131  p_z
  401   2   1   1       0.82903152  p_x
  401   3   2  -2       0.03873549  d_xy
  401   3   2  -1       0.03897661  d_yz
  401   3   2   0       0.01875043  d_z2
  401   3   2   1       0.03911096  d_xz
  401   3   2   2       0.01881136  d_x2-y2
  402   1   0   0       1.35716652  s
  402   2   1  -1       0.82906969  p_y
  402   2   1   0       0.82906969  p_z
  402   2   1   1       0.82906969  p_x
  402   3   2  -2       0.03895904  d_xy
  402   3   2  -1       0.03895904  d_yz
  402   3   2   0       0.01879880  d_z2
  402   3   2   1       0.03895904  d_xz
  402   3   2   2       0.01879880  d_x2-y2
  403   1   0   0       1.35733632  s
  403   2   1  -1       0.82916131  p_y
  403   2   1   0       0.82948583  p_z
  403   2   1   1       0.82903152  p_x
  403   3   2  -2       0.03911096  d_xy
  403   3   2  -1       0.03897661  d_yz
  403   3   2   0       0.01879550  d_z2
  403   3   2   1       0.03873549  d_xz
  403   3   2   2       0.01876629  d_x2-y2
  404   1   0   0       1.35664503  s
  404   2   1  -1       0.82972393  p_y
  404   2   1   0       0.82972393  p_z
  404   2   1   1       0.82987543  p_x
  404   3   2  -2       0.03928589  d_xy
  404   3   2  -1       0.03819527  d_yz
  404   3   2   0       0.01891955  d_z2
  404   3   2   1       0.03928589  d_xz
  404   3   2   2       0.01866794  d_x2-y2
  405   1   0   0       1.35744215  s
  405   2   1  -1       0.82852369  p_y
  405   2   1   0       0.82878881  p_z
  405   2   1   1       0.82852369  p_x
  405   3   2  -2       0.03859250  d_xy
  405   3   2  -1       0.03930632  d_yz
  405   3   2   0       0.01875623  d_z2
  405   3   2   1       0.03930632  d_xz
  405   3   2   2       0.01903298  d_x2-y2
  406   1   0   0       1.35744216  s
  406   2   1  -1       0.82878881  p_y
  406   2   1   0       0.82852369  p_z
  406   2   1   1       0.82852369  p_x
  406   3   2  -2       0.03930631  d_xy
  406   3   2  -1       0.03930631  d_yz
  406   3   2   0       0.01896379  d_z2
  406   3   2   1       0.03859250  d_xz
  406   3   2   2       0.01882541  d_x2-y2
  407   1   0   0       1.35657183  s
  407   2   1  -1       0.82966223  p_y
  407   2   1   0       0.82984409  p_z
  407   2   1   1       0.82969599  p_x
  407   3   2  -2       0.03918590  d_xy
  407   3   2  -1       0.03902325  d_yz
  407   3   2   0       0.01881976  d_z2
  407   3   2   1       0.03861870  d_xz
  407   3   2   2       0.01870580  d_x2-y2
  408   1   0   0       1.35657182  s
  408   2   1  -1       0.82984409  p_y
  408   2   1   0       0.82966223  p_z
  408   2   1   1       0.82969600  p_x
  408   3   2  -2       0.03861870  d_xy
  408   3   2  -1       0.03902325  d_yz
  408   3   2   0       0.01868477  d_z2
  408   3   2   1       0.03918590  d_xz
  408   3   2   2       0.01884080  d_x2-y2
  409   1   0   0       1.36292173  s
  409   2   1  -1       0.82115626  p_y
  409   2   1   0       0.82115626  p_z
  409   2   1   1       0.82831796  p_x
  409   3   2  -2       0.03751296  d_xy
  409   3   2  -1       0.04581814  d_yz
  409   3   2   0       0.01924392  d_z2
  409   3   2   1       0.03751296  d_xz
  409   3   2   2       0.02020928  d_x2-y2
  410   1   0   0       1.35664502  s
  410   2   1  -1       0.82987542  p_y
  410   2   1   0       0.82972392  p_z
  410   2   1   1       0.82972392  p_x
  410   3   2  -2       0.03928590  d_xy
  410   3   2  -1       0.03928590  d_yz
  410   3   2   0       0.01891955  d_z2
  410   3   2   1       0.03819527  d_xz
  410   3   2   2       0.01866794  d_x2-y2
  411   1   0   0       1.35795983  s
  411   2   1  -1       0.82866423  p_y
  411   2   1   0       0.82866422  p_z
  411   2   1   1       0.82981959  p_x
  411   3   2  -2       0.03863698  d_xy
  411   3   2  -1       0.03960723  d_yz
  411   3   2   0       0.01878792  d_z2
  411   3   2   1       0.03863698  d_xz
  411   3   2   2       0.01883019  d_x2-y2
  412   1   0   0       1.35664500  s
  412   2   1  -1       0.82972389  p_y
  412   2   1   0       0.82987540  p_z
  412   2   1   1       0.82972389  p_x
  412   3   2  -2       0.03819528  d_xy
  412   3   2  -1       0.03928591  d_yz
  412   3   2   0       0.01854215  d_z2
  412   3   2   1       0.03928591  d_xz
  412   3   2   2       0.01904536  d_x2-y2
  413   1   0   0       1.35657184  s
  413   2   1  -1       0.82969599  p_y
  413   2   1   0       0.82984409  p_z
  413   2   1   1       0.82966223  p_x
  413   3   2  -2       0.03918590  d_xy
  413   3   2  -1       0.03861870  d_yz
  413   3   2   0       0.01881976  d_z2
  413   3   2   1       0.03902325  d_xz
  413   3   2   2       0.01870580  d_x2-y2
  414   1   0   0       1.35705508  s
  414   2   1  -1       0.82954020  p_y
  414   2   1   0       0.82935850  p_z
  414   2   1   1       0.82935850  p_x
  414   3   2  -2       0.03891324  d_xy
  414   3   2  -1       0.03891324  d_yz
  414   3   2   0       0.01879050  d_z2
  414   3   2   1       0.03896186  d_xz
  414   3   2   2       0.01879205  d_x2-y2
  415   1   0   0       1.35705507  s
  415   2   1  -1       0.82935850  p_y
  415   2   1   0       0.82954020  p_z
  415   2   1   1       0.82935850  p_x
  415   3   2  -2       0.03896186  d_xy
  415   3   2  -1       0.03891324  d_yz
  415   3   2   0       0.01879282  d_z2
  415   3   2   1       0.03891324  d_xz
  415   3   2   2       0.01878972  d_x2-y2
  416   1   0   0       1.35657184  s
  416   2   1  -1       0.82984409  p_y
  416   2   1   0       0.82969599  p_z
  416   2   1   1       0.82966223  p_x
  416   3   2  -2       0.03902324  d_xy
  416   3   2  -1       0.03861870  d_yz
  416   3   2   0       0.01878382  d_z2
  416   3   2   1       0.03918590  d_xz
  416   3   2   2       0.01874174  d_x2-y2
  417   1   0   0       1.35636702  s
  417   2   1  -1       0.82981790  p_y
  417   2   1   0       0.82971395  p_z
  417   2   1   1       0.82981790  p_x
  417   3   2  -2       0.03862479  d_xy
  417   3   2  -1       0.03901880  d_yz
  417   3   2   0       0.01865563  d_z2
  417   3   2   1       0.03901880  d_xz
  417   3   2   2       0.01883646  d_x2-y2
  418   1   0   0       1.35651992  s
  418   2   1  -1       0.82972950  p_y
  418   2   1   0       0.82971116  p_z
  418   2   1   1       0.82998405  p_x
  418   3   2  -2       0.03846355  d_xy
  418   3   2  -1       0.03924338  d_yz
  418   3   2   0       0.01862387  d_z2
  418   3   2   1       0.03900757  d_xz
  418   3   2   2       0.01890033  d_x2-y2
  419   1   0   0       1.36020045  s
  419   2   1  -1       0.82619845  p_y
  419   2   1   0       0.82619844  p_z
  419   2   1   1       0.83085569  p_x
  419   3   2  -2       0.03798865  d_xy
  419   3   2  -1       0.04113599  d_yz
  419   3   2   0       0.01883146  d_z2
  419   3   2   1       0.03798866  d_xz
  419   3   2   2       0.01906101  d_x2-y2
  420   1   0   0       1.35651991  s
  420   2   1  -1       0.82971116  p_y
  420   2   1   0       0.82972950  p_z
  420   2   1   1       0.82998405  p_x
  420   3   2  -2       0.03900757  d_xy
  420   3   2  -1       0.03924338  d_yz
  420   3   2   0       0.01882301  d_z2
  420   3   2   1       0.03846355  d_xz
  420   3   2   2       0.01870119  d_x2-y2
  421   1   0   0       1.35805036  s
  421   2   1  -1       0.82995906  p_y
  421   2   1   0       0.82838760  p_z
  421   2   1   1       0.82838760  p_x
  421   3   2  -2       0.03855254  d_xy
  421   3   2  -1       0.03855255  d_yz
  421   3   2   0       0.01877395  d_z2
  421   3   2   1       0.03970429  d_xz
  421   3   2   2       0.01881733  d_x2-y2
  422   1   0   0       1.35699302  s
  422   2   1  -1       0.83016528  p_y
  422   2   1   0       0.83006867  p_z
  422   2   1   1       0.82921883  p_x
  422   3   2  -2       0.03915023  d_xy
  422   3   2  -1       0.03846172  d_yz
  422   3   2   0       0.01880771  d_z2
  422   3   2   1       0.03918211  d_xz
  422   3   2   2       0.01883597  d_x2-y2
  423   1   0   0       1.35699303  s
  423   2   1  -1       0.83006867  p_y
  423   2   1   0       0.83016529  p_z
  423   2   1   1       0.82921883  p_x
  423   3   2  -2       0.03918211  d_xy
  423   3   2  -1       0.03846172  d_yz
  423   3   2   0       0.01886861  d_z2
  423   3   2   1       0.03915023  d_xz
  423   3   2   2       0.01877508  d_x2-y2
  424   1   0   0       1.35706291  s
  424   2   1  -1       0.82957506  p_y
  424   2   1   0       0.82951449  p_z
  424   2   1   1       0.82957506  p_x
  424   3   2  -2       0.03891267  d_xy
  424   3   2  -1       0.03892013  d_yz
  424   3   2   0       0.01879007  d_z2
  424   3   2   1       0.03892013  d_xz
  424   3   2   2       0.01879479  d_x2-y2
  425   1   0   0       1.36020046  s
  425   2   1  -1       0.83085569  p_y
  425   2   1   0       0.82619844  p_z
  425   2   1   1       0.82619845  p_x
  425   3   2  -2       0.03798865  d_xy
  425   3   2  -1       0.03798866  d_yz
  425   3   2   0       0.01883146  d_z2
  425   3   2   1       0.04113599  d_xz
  425   3   2   2       0.01906101  d_x2-y2
  426   1   0   0       1.35665305  s
  426   2   1  -1       0.83157541  p_y
  426   2   1   0       0.83157542  p_z
  426   2   1   1       0.82844105  p_x
  426   3   2  -2       0.03960028  d_xy
  426   3   2  -1       0.03715851  d_yz
  426   3   2   0       0.01908722  d_z2
  426   3   2   1       0.03960027  d_xz
  426   3   2   2       0.01882365  d_x2-y2
  427   1   0   0       1.35725620  s
  427   2   1  -1       0.82950623  p_y
  427   2   1   0       0.82927317  p_z
  427   2   1   1       0.82950623  p_x
  427   3   2  -2       0.03873863  d_xy
  427   3   2  -1       0.03900441  d_yz
  427   3   2   0       0.01875462  d_z2
  427   3   2   1       0.03900441  d_xz
  427   3   2   2       0.01877971  d_x2-y2
  428   1   0   0       1.35702447  s
  428   2   1  -1       0.82963056  p_y
  428   2   1   0       0.82963056  p_z
  428   2   1   1       0.82974545  p_x
  428   3   2  -2       0.03889195  d_xy
  428   3   2  -1       0.03894785  d_yz
  428   3   2   0       0.01880465  d_z2
  428   3   2   1       0.03889196  d_xz
  428   3   2   2       0.01882367  d_x2-y2
  429   1   0   0       1.37369067  s
  429   2   1  -1       0.83530064  p_y
  429   2   1   0       0.81185343  p_z
  429   2   1   1       0.81185345  p_x
  429   3   2  -2       0.03444093  d_xy
  429   3   2  -1       0.03444095  d_yz
  429   3   2   0       0.02073377  d_z2
  429   3   2   1       0.05381412  d_xz
  429   3   2   2       0.02375902  d_x2-y2
  430   1   0   0       1.35645109  s
  430   2   1  -1       0.82981206  p_y
  430   2   1   0       0.82966383  p_z
  430   2   1   1       0.82981206  p_x
  430   3   2  -2       0.03865093  d_xy
  430   3   2  -1       0.03907365  d_yz
  430   3   2   0       0.01869839  d_z2
  430   3   2   1       0.03907365  d_xz
  430   3   2   2       0.01881668  d_x2-y2
  431   1   0   0       1.35699304  s
  431   2   1  -1       0.83006867  p_y
  431   2   1   0       0.82921883  p_z
  431   2   1   1       0.83016528  p_x
  431   3   2  -2       0.03846171  d_xy
  431   3   2  -1       0.03918211  d_yz
  431   3   2   0       0.01878921  d_z2
  431   3   2   1       0.03915023  d_xz
  431   3   2   2       0.01885448  d_x2-y2
  432   1   0   0       1.35699302  s
  432   2   1  -1       0.82921883  p_y
  432   2   1   0       0.83006867  p_z
  432   2   1   1       0.83016528  p_x
  432   3   2  -2       0.03915023  d_xy
  432   3   2  -1       0.03918211  d_yz
  432   3   2   0       0.01880771  d_z2
  432   3   2   1       0.03846172  d_xz
  432   3   2   2       0.01883597  d_x2-y2
  433   1   0   0       1.35727394  s
  433   2   1  -1       0.82978254  p_y
  433   2   1   0       0.82919961  p_z
  433   2   1   1       0.82928609  p_x
  433   3   2  -2       0.03871375  d_xy
  433   3   2  -1       0.03892894  d_yz
  433   3   2   0       0.01877228  d_z2
  433   3   2   1       0.03920970  d_xz
  433   3   2   2       0.01882062  d_x2-y2
  434   1   0   0       1.35702447  s
  434   2   1  -1       0.82974545  p_y
  434   2   1   0       0.82963056  p_z
  434   2   1   1       0.82963056  p_x
  434   3   2  -2       0.03889195  d_xy
  434   3   2  -1       0.03889196  d_yz
  434   3   2   0       0.01880465  d_z2
  434   3   2   1       0.03894785  d_xz
  434   3   2   2       0.01882367  d_x2-y2
  435   1   0   0       1.35702448  s
  435   2   1  -1       0.82963056  p_y
  435   2   1   0       0.82974545  p_z
  435   2   1   1       0.82963056  p_x
  435   3   2  -2       0.03894784  d_xy
  435   3   2  -1       0.03889196  d_yz
  435   3   2   0       0.01883318  d_z2
  435   3   2   1       0.03889195  d_xz
  435   3   2   2       0.01879514  d_x2-y2
  436   1   0   0       1.35651991  s
  436   2   1  -1       0.82998406  p_y
  436   2   1   0       0.82972951  p_z
  436   2   1   1       0.82971117  p_x
  436   3   2  -2       0.03900757  d_xy
  436   3   2  -1       0.03846355  d_yz
  436   3   2   0       0.01882301  d_z2
  436   3   2   1       0.03924338  d_xz
  436   3   2   2       0.01870119  d_x2-y2
  437   1   0   0       1.35699304  s
  437   2   1  -1       0.83016529  p_y
  437   2   1   0       0.82921883  p_z
  437   2   1   1       0.83006867  p_x
  437   3   2  -2       0.03846171  d_xy
  437   3   2  -1       0.03915023  d_yz
  437   3   2   0       0.01878921  d_z2
  437   3   2   1       0.03918210  d_xz
  437   3   2   2       0.01885448  d_x2-y2
  438   1   0   0       1.35673715  s
  438   2   1  -1       0.83011133  p_y
  438   2   1   0       0.83011133  p_z
  438   2   1   1       0.83011133  p_x
  438   3   2  -2       0.03879867  d_xy
  438   3   2  -1       0.03879868  d_yz
  438   3   2   0       0.01886903  d_z2
  438   3   2   1       0.03879868  d_xz
  438   3   2   2       0.01886903  d_x2-y2
  439   1   0   0       1.35699304  s
  439   2   1  -1       0.82921883  p_y
  439   2   1   0       0.83016529  p_z
  439   2   1   1       0.83006867  p_x
  439   3   2  -2       0.03918210  d_xy
  439   3   2  -1       0.03915023  d_yz
  439   3   2   0       0.01886861  d_z2
  439   3   2   1       0.03846171  d_xz
  439   3   2   2       0.01877508  d_x2-y2
  440   1   0   0       1.35663796  s
  440   2   1  -1       0.82990347  p_y
  440   2   1   0       0.82964688  p_z
  440   2   1   1       0.82965995  p_x
  440   3   2  -2       0.03866344  d_xy
  440   3   2  -1       0.03896721  d_yz
  440   3   2   0       0.01869549  d_z2
  440   3   2   1       0.03918750  d_xz
  440   3   2   2       0.01882395  d_x2-y2
  441   1   0   0       1.35665308  s
  441   2   1  -1       0.83157541  p_y
  441   2   1   0       0.82844104  p_z
  441   2   1   1       0.83157541  p_x
  441   3   2  -2       0.03715849  d_xy
  441   3   2  -1       0.03960028  d_yz
  441   3   2   0       0.01869186  d_z2
  441   3   2   1       0.03960028  d_xz
  441   3   2   2       0.01921901  d_x2-y2
  442   1   0   0       1.35665306  s
  442   2   1  -1       0.82844105  p_y
  442   2   1   0       0.83157542  p_z
  442   2   1   1       0.83157541  p_x
  442   3   2  -2       0.03960028  d_xy
  442   3   2  -1       0.03960027  d_yz
  442   3   2   0       0.01908722  d_z2
  442   3   2   1       0.03715851  d_xz
  442   3   2   2       0.01882365  d_x2-y2
  443   1   0   0       1.35727393  s
  443   2   1  -1       0.82928609  p_y
  443   2   1   0       0.82919960  p_z
  443   2   1   1       0.82978254  p_x
  443   3   2  -2       0.03871375  d_xy
  443   3   2  -1       0.03920970  d_yz
  443   3   2   0       0.01877228  d_z2
  443   3   2   1       0.03892894  d_xz
  443   3   2   2       0.01882062  d_x2-y2
  444   1   0   0       1.35651993  s
  444   2   1  -1       0.82998405  p_y
  444   2   1   0       0.82971116  p_z
  444   2   1   1       0.82972950  p_x
  444   3   2  -2       0.03846355  d_xy
  444   3   2  -1       0.03900757  d_yz
  444   3   2   0       0.01862387  d_z2
  444   3   2   1       0.03924338  d_xz
  444   3   2   2       0.01890033  d_x2-y2
  445   1   0   0       1.37369072  s
  445   2   1  -1       0.81185348  p_y
  445   2   1   0       0.81185346  p_z
  445   2   1   1       0.83530065  p_x
  445   3   2  -2       0.03444093  d_xy
  445   3   2  -1       0.05381410  d_yz
  445   3   2   0       0.02073376  d_z2
  445   3   2   1       0.03444095  d_xz
  445   3   2   2       0.02375902  d_x2-y2
  446   1   0   0       1.35663796  s
  446   2   1  -1       0.82965995  p_y
  446   2   1   0       0.82964688  p_z
  446   2   1   1       0.82990346  p_x
  446   3   2  -2       0.03866344  d_xy
  446   3   2  -1       0.03918750  d_yz
  446   3   2   0       0.01869549  d_z2
  446   3   2   1       0.03896721  d_xz
  446   3   2   2       0.01882395  d_x2-y2
  447   1   0   0       1.35805036  s
  447   2   1  -1       0.82838760  p_y
  447   2   1   0       0.82838760  p_z
  447   2   1   1       0.82995906  p_x
  447   3   2  -2       0.03855254  d_xy
  447   3   2  -1       0.03970429  d_yz
  447   3   2   0       0.01877395  d_z2
  447   3   2   1       0.03855255  d_xz
  447   3   2   2       0.01881733  d_x2-y2
  448   1   0   0       1.35735861  s
  448   2   1  -1       0.82957094  p_y
  448   2   1   0       0.82991651  p_z
  448   2   1   1       0.82957094  p_x
  448   3   2  -2       0.03771969  d_xy
  448   3   2  -1       0.03909673  d_yz
  448   3   2   0       0.01794218  d_z2
  448   3   2   1       0.03909673  d_xz
  448   3   2   2       0.01949146  d_x2-y2
  449   1   0   0       1.35636416  s
  449   2   1  -1       0.82976818  p_y
  449   2   1   0       0.82976818  p_z
  449   2   1   1       0.82967473  p_x
  449   3   2  -2       0.03904778  d_xy
  449   3   2  -1       0.03858626  d_yz
  449   3   2   0       0.01878572  d_z2
  449   3   2   1       0.03904778  d_xz
  449   3   2   2       0.01869466  d_x2-y2
  450   1   0   0       1.35685492  s
  450   2   1  -1       0.82981933  p_y
  450   2   1   0       0.82981933  p_z
  450   2   1   1       0.82939317  p_x
  450   3   2  -2       0.03903356  d_xy
  450   3   2  -1       0.03866289  d_yz
  450   3   2   0       0.01877324  d_z2
  450   3   2   1       0.03903356  d_xz
  450   3   2   2       0.01874828  d_x2-y2
  451   1   0   0       1.35711682  s
  451   2   1  -1       0.82951874  p_y
  451   2   1   0       0.82951874  p_z
  451   2   1   1       0.82949874  p_x
  451   3   2  -2       0.03892540  d_xy
  451   3   2  -1       0.03889466  d_yz
  451   3   2   0       0.01879480  d_z2
  451   3   2   1       0.03892539  d_xz
  451   3   2   2       0.01878332  d_x2-y2
  452   1   0   0       1.35708534  s
  452   2   1  -1       0.82942687  p_y
  452   2   1   0       0.82942687  p_z
  452   2   1   1       0.82942687  p_x
  452   3   2  -2       0.03891820  d_xy
  452   3   2  -1       0.03891820  d_yz
  452   3   2   0       0.01878878  d_z2
  452   3   2   1       0.03891820  d_xz
  452   3   2   2       0.01878878  d_x2-y2
  453   1   0   0       1.35684501  s
  453   2   1  -1       0.83057786  p_y
  453   2   1   0       0.83039640  p_z
  453   2   1   1       0.82891069  p_x
  453   3   2  -2       0.03927409  d_xy
  453   3   2  -1       0.03811495  d_yz
  453   3   2   0       0.01884122  d_z2
  453   3   2   1       0.03929980  d_xz
  453   3   2   2       0.01887325  d_x2-y2
  454   1   0   0       1.35665359  s
  454   2   1  -1       0.82996300  p_y
  454   2   1   0       0.82987575  p_z
  454   2   1   1       0.82987575  p_x
  454   3   2  -2       0.03887797  d_xy
  454   3   2  -1       0.03887797  d_yz
  454   3   2   0       0.01879661  d_z2
  454   3   2   1       0.03888617  d_xz
  454   3   2   2       0.01883200  d_x2-y2
  455   1   0   0       1.35711680  s
  455   2   1  -1       0.82951874  p_y
  455   2   1   0       0.82949874  p_z
  455   2   1   1       0.82951874  p_x
  455   3   2  -2       0.03889466  d_xy
  455   3   2  -1       0.03892540  d_yz
  455   3   2   0       0.01877758  d_z2
  455   3   2   1       0.03892540  d_xz
  455   3   2   2       0.01880054  d_x2-y2
  456   1   0   0       1.35694044  s
  456   2   1  -1       0.82936360  p_y
  456   2   1   0       0.82999858  p_z
  456   2   1   1       0.82982335  p_x
  456   3   2  -2       0.03924656  d_xy
  456   3   2  -1       0.03901498  d_yz
  456   3   2   0       0.01886353  d_z2
  456   3   2   1       0.03861397  d_xz
  456   3   2   2       0.01873991  d_x2-y2
  457   1   0   0       1.35684503  s
  457   2   1  -1       0.83057788  p_y
  457   2   1   0       0.82891070  p_z
  457   2   1   1       0.83039641  p_x
  457   3   2  -2       0.03811495  d_xy
  457   3   2  -1       0.03927408  d_yz
  457   3   2   0       0.01873259  d_z2
  457   3   2   1       0.03929979  d_xz
  457   3   2   2       0.01898187  d_x2-y2
  458   1   0   0       1.35685491  s
  458   2   1  -1       0.82981933  p_y
  458   2   1   0       0.82939317  p_z
  458   2   1   1       0.82981934  p_x
  458   3   2  -2       0.03866289  d_xy
  458   3   2  -1       0.03903356  d_yz
  458   3   2   0       0.01873579  d_z2
  458   3   2   1       0.03903356  d_xz
  458   3   2   2       0.01878573  d_x2-y2
  459   1   0   0       1.35684508  s
  459   2   1  -1       0.82891067  p_y
  459   2   1   0       0.83057786  p_z
  459   2   1   1       0.83039635  p_x
  459   3   2  -2       0.03929980  d_xy
  459   3   2  -1       0.03927407  d_yz
  459   3   2   0       0.01899788  d_z2
  459   3   2   1       0.03811495  d_xz
  459   3   2   2       0.01871658  d_x2-y2
  460   1   0   0       1.35685492  s
  460   2   1  -1       0.82939317  p_y
  460   2   1   0       0.82981934  p_z
  460   2   1   1       0.82981933  p_x
  460   3   2  -2       0.03903356  d_xy
  460   3   2  -1       0.03903356  d_yz
  460   3   2   0       0.01877324  d_z2
  460   3   2   1       0.03866288  d_xz
  460   3   2   2       0.01874828  d_x2-y2
  461   1   0   0       1.35636417  s
  461   2   1  -1       0.82976818  p_y
  461   2   1   0       0.82967473  p_z
  461   2   1   1       0.82976818  p_x
  461   3   2  -2       0.03858625  d_xy
  461   3   2  -1       0.03904778  d_yz
  461   3   2   0       0.01864914  d_z2
  461   3   2   1       0.03904778  d_xz
  461   3   2   2       0.01883124  d_x2-y2
  462   1   0   0       1.35798161  s
  462   2   1  -1       0.82598203  p_y
  462   2   1   0       0.83259264  p_z
  462   2   1   1       0.83259264  p_x
  462   3   2  -2       0.04002116  d_xy
  462   3   2  -1       0.04002116  d_yz
  462   3   2   0       0.02024120  d_z2
  462   3   2   1       0.03557877  d_xz
  462   3   2   2       0.01871464  d_x2-y2
  463   1   0   0       1.35684502  s
  463   2   1  -1       0.82891067  p_y
  463   2   1   0       0.83039639  p_z
  463   2   1   1       0.83057785  p_x
  463   3   2  -2       0.03927409  d_xy
  463   3   2  -1       0.03929980  d_yz
  463   3   2   0       0.01884122  d_z2
  463   3   2   1       0.03811495  d_xz
  463   3   2   2       0.01887325  d_x2-y2
  464   1   0   0       1.35694042  s
  464   2   1  -1       0.82936360  p_y
  464   2   1   0       0.82982335  p_z
  464   2   1   1       0.82999858  p_x
  464   3   2  -2       0.03901499  d_xy
  464   3   2  -1       0.03924656  d_yz
  464   3   2   0       0.01877344  d_z2
  464   3   2   1       0.03861397  d_xz
  464   3   2   2       0.01883001  d_x2-y2
  465   1   0   0       1.35684509  s
  465   2   1  -1       0.83039635  p_y
  465   2   1   0       0.83057786  p_z
  465   2   1   1       0.82891068  p_x
  465   3   2  -2       0.03929980  d_xy
  465   3   2  -1       0.03811496  d_yz
  465   3   2   0       0.01899788  d_z2
  465   3   2   1       0.03927407  d_xz
  465   3   2   2       0.01871657  d_x2-y2
  466   1   0   0       1.35665362  s
  466   2   1  -1       0.82987574  p_y
  466   2   1   0       0.82996299  p_z
  466   2   1   1       0.82987574  p_x
  466   3   2  -2       0.03888617  d_xy
  466   3   2  -1       0.03887796  d_yz
  466   3   2   0       0.01884969  d_z2
  466   3   2   1       0.03887796  d_xz
  466   3   2   2       0.01877891  d_x2-y2
  467   1   0   0       1.35711682  s
  467   2   1  -1       0.82949874  p_y
  467   2   1   0       0.82951875  p_z
  467   2   1   1       0.82951875  p_x
  467   3   2  -2       0.03892540  d_xy
  467   3   2  -1       0.03892540  d_yz
  467   3   2   0       0.01879480  d_z2
  467   3   2   1       0.03889466  d_xz
  467   3   2   2       0.01878332  d_x2-y2
  468   1   0   0       1.35694042  s
  468   2   1  -1       0.82999858  p_y
  468   2   1   0       0.82936361  p_z
  468   2   1   1       0.82982336  p_x
  468   3   2  -2       0.03861397  d_xy
  468   3   2  -1       0.03901498  d_yz
  468   3   2   0       0.01876819  d_z2
  468   3   2   1       0.03924656  d_xz
  468   3   2   2       0.01883525  d_x2-y2
  469   1   0   0       1.35603602  s
  469   2   1  -1       0.83009823  p_y
  469   2   1   0       0.83009826  p_z
  469   2   1   1       0.83009824  p_x
  469   3   2  -2       0.03855224  d_xy
  469   3   2  -1       0.03855223  d_yz
  469   3   2   0       0.01877689  d_z2
  469   3   2   1       0.03855222  d_xz
  469   3   2   2       0.01877690  d_x2-y2
  470   1   0   0       1.35665360  s
  470   2   1  -1       0.82987574  p_y
  470   2   1   0       0.82987575  p_z
  470   2   1   1       0.82996300  p_x
  470   3   2  -2       0.03887797  d_xy
  470   3   2  -1       0.03888617  d_yz
  470   3   2   0       0.01879661  d_z2
  470   3   2   1       0.03887796  d_xz
  470   3   2   2       0.01883200  d_x2-y2
  471   1   0   0       1.35712142  s
  471   2   1  -1       0.82938445  p_y
  471   2   1   0       0.82938445  p_z
  471   2   1   1       0.82974932  p_x
  471   3   2  -2       0.03886694  d_xy
  471   3   2  -1       0.03904489  d_yz
  471   3   2   0       0.01878329  d_z2
  471   3   2   1       0.03886694  d_xz
  471   3   2   2       0.01880925  d_x2-y2
  472   1   0   0       1.35798157  s
  472   2   1  -1       0.83259266  p_y
  472   2   1   0       0.83259265  p_z
  472   2   1   1       0.82598205  p_x
  472   3   2  -2       0.04002116  d_xy
  472   3   2  -1       0.03557877  d_yz
  472   3   2   0       0.02024120  d_z2
  472   3   2   1       0.04002116  d_xz
  472   3   2   2       0.01871464  d_x2-y2
  473   1   0   0       1.35684505  s
  473   2   1  -1       0.83039639  p_y
  473   2   1   0       0.82891070  p_z
  473   2   1   1       0.83057787  p_x
  473   3   2  -2       0.03811495  d_xy
  473   3   2  -1       0.03929979  d_yz
  473   3   2   0       0.01873258  d_z2
  473   3   2   1       0.03927408  d_xz
  473   3   2   2       0.01898187  d_x2-y2
  474   1   0   0       1.35694043  s
  474   2   1  -1       0.82982335  p_y
  474   2   1   0       0.82936361  p_z
  474   2   1   1       0.82999858  p_x
  474   3   2  -2       0.03861397  d_xy
  474   3   2  -1       0.03924656  d_yz
  474   3   2   0       0.01876819  d_z2
  474   3   2   1       0.03901498  d_xz
  474   3   2   2       0.01883525  d_x2-y2
  475   1   0   0       1.35636416  s
  475   2   1  -1       0.82967472  p_y
  475   2   1   0       0.82976818  p_z
  475   2   1   1       0.82976818  p_x
  475   3   2  -2       0.03904778  d_xy
  475   3   2  -1       0.03904778  d_yz
  475   3   2   0       0.01878572  d_z2
  475   3   2   1       0.03858626  d_xz
  475   3   2   2       0.01869466  d_x2-y2
  476   1   0   0       1.35798139  s
  476   2   1  -1       0.83259267  p_y
  476   2   1   0       0.82598212  p_z
  476   2   1   1       0.83259267  p_x
  476   3   2  -2       0.03557876  d_xy
  476   3   2  -1       0.04002116  d_yz
  476   3   2   0       0.01795134  d_z2
  476   3   2   1       0.04002116  d_xz
  476   3   2   2       0.02100450  d_x2-y2
  477   1   0   0       1.35712142  s
  477   2   1  -1       0.82974932  p_y
  477   2   1   0       0.82938445  p_z
  477   2   1   1       0.82938445  p_x
  477   3   2  -2       0.03886694  d_xy
  477   3   2  -1       0.03886694  d_yz
  477   3   2   0       0.01878329  d_z2
  477   3   2   1       0.03904489  d_xz
  477   3   2   2       0.01880925  d_x2-y2
  478   1   0   0       1.35694045  s
  478   2   1  -1       0.82982335  p_y
  478   2   1   0       0.82999858  p_z
  478   2   1   1       0.82936360  p_x
  478   3   2  -2       0.03924656  d_xy
  478   3   2  -1       0.03861397  d_yz
  478   3   2   0       0.01886353  d_z2
  478   3   2   1       0.03901498  d_xz
  478   3   2   2       0.01873991  d_x2-y2
  479   1   0   0       1.35712143  s
  479   2   1  -1       0.82938444  p_y
  479   2   1   0       0.82974932  p_z
  479   2   1   1       0.82938444  p_x
  479   3   2  -2       0.03904489  d_xy
  479   3   2  -1       0.03886693  d_yz
  479   3   2   0       0.01882223  d_z2
  479   3   2   1       0.03886693  d_xz
  479   3   2   2       0.01877030  d_x2-y2
  480   1   0   0       1.35694041  s
  480   2   1  -1       0.82999858  p_y
  480   2   1   0       0.82982335  p_z
  480   2   1   1       0.82936361  p_x
  480   3   2  -2       0.03901499  d_xy
  480   3   2  -1       0.03861398  d_yz
  480   3   2   0       0.01877344  d_z2
  480   3   2   1       0.03924656  d_xz
  480   3   2   2       0.01883001  d_x2-y2
  481   1   0   0       1.37369021  s
  481   2   1  -1       0.81185348  p_y
  481   2   1   0       0.81185351  p_z
  481   2   1   1       0.83530050  p_x
  481   3   2  -2       0.03444096  d_xy
  481   3   2  -1       0.05381420  d_yz
  481   3   2   0       0.02073378  d_z2
  481   3   2   1       0.03444093  d_xz
  481   3   2   2       0.02375905  d_x2-y2
  482   1   0   0       1.36020045  s
  482   2   1  -1       0.82619847  p_y
  482   2   1   0       0.82619848  p_z
  482   2   1   1       0.83085574  p_x
  482   3   2  -2       0.03798865  d_xy
  482   3   2  -1       0.04113598  d_yz
  482   3   2   0       0.01883145  d_z2
  482   3   2   1       0.03798864  d_xz
  482   3   2   2       0.01906100  d_x2-y2
  483   1   0   0       1.35805040  s
  483   2   1  -1       0.82838760  p_y
  483   2   1   0       0.82838760  p_z
  483   2   1   1       0.82995906  p_x
  483   3   2  -2       0.03855254  d_xy
  483   3   2  -1       0.03970429  d_yz
  483   3   2   0       0.01877395  d_z2
  483   3   2   1       0.03855254  d_xz
  483   3   2   2       0.01881732  d_x2-y2
  484   1   0   0       1.35651989  s
  484   2   1  -1       0.82998408  p_y
  484   2   1   0       0.82972954  p_z
  484   2   1   1       0.82971118  p_x
  484   3   2  -2       0.03900757  d_xy
  484   3   2  -1       0.03846354  d_yz
  484   3   2   0       0.01882300  d_z2
  484   3   2   1       0.03924337  d_xz
  484   3   2   2       0.01870118  d_x2-y2
  485   1   0   0       1.35709835  s
  485   2   1  -1       0.82952582  p_y
  485   2   1   0       0.82887597  p_z
  485   2   1   1       0.82924736  p_x
  485   3   2  -2       0.03903418  d_xy
  485   3   2  -1       0.03868628  d_yz
  485   3   2   0       0.01883555  d_z2
  485   3   2   1       0.03921239  d_xz
  485   3   2   2       0.01875966  d_x2-y2
  486   1   0   0       1.35709900  s
  486   2   1  -1       0.82955413  p_y
  486   2   1   0       0.82926115  p_z
  486   2   1   1       0.82926115  p_x
  486   3   2  -2       0.03890343  d_xy
  486   3   2  -1       0.03890342  d_yz
  486   3   2   0       0.01878033  d_z2
  486   3   2   1       0.03900315  d_xz
  486   3   2   2       0.01878067  d_x2-y2
  487   1   0   0       1.35805038  s
  487   2   1  -1       0.82838760  p_y
  487   2   1   0       0.82995906  p_z
  487   2   1   1       0.82838760  p_x
  487   3   2  -2       0.03970429  d_xy
  487   3   2  -1       0.03855255  d_yz
  487   3   2   0       0.01883901  d_z2
  487   3   2   1       0.03855254  d_xz
  487   3   2   2       0.01875227  d_x2-y2
  488   1   0   0       1.36020043  s
  488   2   1  -1       0.83085576  p_y
  488   2   1   0       0.82619850  p_z
  488   2   1   1       0.82619849  p_x
  488   3   2  -2       0.03798865  d_xy
  488   3   2  -1       0.03798864  d_yz
  488   3   2   0       0.01883146  d_z2
  488   3   2   1       0.04113598  d_xz
  488   3   2   2       0.01906099  d_x2-y2
  489   1   0   0       1.35709836  s
  489   2   1  -1       0.82952582  p_y
  489   2   1   0       0.82924736  p_z
  489   2   1   1       0.82887597  p_x
  489   3   2  -2       0.03868628  d_xy
  489   3   2  -1       0.03903418  d_yz
  489   3   2   0       0.01872231  d_z2
  489   3   2   1       0.03921239  d_xz
  489   3   2   2       0.01887290  d_x2-y2
  490   1   0   0       1.36020048  s
  490   2   1  -1       0.82619844  p_y
  490   2   1   0       0.83085570  p_z
  490   2   1   1       0.82619844  p_x
  490   3   2  -2       0.04113598  d_xy
  490   3   2  -1       0.03798866  d_yz
  490   3   2   0       0.01917578  d_z2
  490   3   2   1       0.03798866  d_xz
  490   3   2   2       0.01871668  d_x2-y2
  491   1   0   0       1.35709836  s
  491   2   1  -1       0.82924736  p_y
  491   2   1   0       0.82952582  p_z
  491   2   1   1       0.82887597  p_x
  491   3   2  -2       0.03921241  d_xy
  491   3   2  -1       0.03903417  d_yz
  491   3   2   0       0.01883497  d_z2
  491   3   2   1       0.03868629  d_xz
  491   3   2   2       0.01876025  d_x2-y2
  492   1   0   0       1.35651988  s
  492   2   1  -1       0.82998409  p_y
  492   2   1   0       0.82971118  p_z
  492   2   1   1       0.82972954  p_x
  492   3   2  -2       0.03846354  d_xy
  492   3   2  -1       0.03900757  d_yz
  492   3   2   0       0.01862387  d_z2
  492   3   2   1       0.03924338  d_xz
  492   3   2   2       0.01890033  d_x2-y2
  493   1   0   0       1.37369052  s
  493   2   1  -1       0.81185337  p_y
  493   2   1   0       0.83530060  p_z
  493   2   1   1       0.81185338  p_x
  493   3   2  -2       0.05381415  d_xy
  493   3   2  -1       0.03444094  d_yz
  493   3   2   0       0.02527165  d_z2
  493   3   2   1       0.03444094  d_xz
  493   3   2   2       0.01922115  d_x2-y2
  494   1   0   0       1.35706304  s
  494   2   1  -1       0.82796792  p_y
  494   2   1   0       0.82801052  p_z
  494   2   1   1       0.82801052  p_x
  494   3   2  -2       0.04010396  d_xy
  494   3   2  -1       0.04010395  d_yz
  494   3   2   0       0.01931999  d_z2
  494   3   2   1       0.03816292  d_xz
  494   3   2   2       0.01897893  d_x2-y2
  495   1   0   0       1.35709836  s
  495   2   1  -1       0.82924735  p_y
  495   2   1   0       0.82887597  p_z
  495   2   1   1       0.82952582  p_x
  495   3   2  -2       0.03903418  d_xy
  495   3   2  -1       0.03921239  d_yz
  495   3   2   0       0.01883555  d_z2
  495   3   2   1       0.03868628  d_xz
  495   3   2   2       0.01875966  d_x2-y2
  496   1   0   0       1.35651992  s
  496   2   1  -1       0.82972951  p_y
  496   2   1   0       0.82998406  p_z
  496   2   1   1       0.82971117  p_x
  496   3   2  -2       0.03924338  d_xy
  496   3   2  -1       0.03846355  d_yz
  496   3   2   0       0.01883942  d_z2
  496   3   2   1       0.03900757  d_xz
  496   3   2   2       0.01868478  d_x2-y2
  497   1   0   0       1.35709836  s
  497   2   1  -1       0.82887597  p_y
  497   2   1   0       0.82952582  p_z
  497   2   1   1       0.82924736  p_x
  497   3   2  -2       0.03921241  d_xy
  497   3   2  -1       0.03868629  d_yz
  497   3   2   0       0.01883497  d_z2
  497   3   2   1       0.03903417  d_xz
  497   3   2   2       0.01876025  d_x2-y2
  498   1   0   0       1.35709899  s
  498   2   1  -1       0.82926115  p_y
  498   2   1   0       0.82955413  p_z
  498   2   1   1       0.82926115  p_x
  498   3   2  -2       0.03900316  d_xy
  498   3   2  -1       0.03890343  d_yz
  498   3   2   0       0.01878085  d_z2
  498   3   2   1       0.03890343  d_xz
  498   3   2   2       0.01878015  d_x2-y2
  499   1   0   0       1.35805040  s
  499   2   1  -1       0.82995906  p_y
  499   2   1   0       0.82838760  p_z
  499   2   1   1       0.82838760  p_x
  499   3   2  -2       0.03855254  d_xy
  499   3   2  -1       0.03855254  d_yz
  499   3   2   0       0.01877395  d_z2
  499   3   2   1       0.03970429  d_xz
  499   3   2   2       0.01881732  d_x2-y2
  500   1   0   0       1.35706301  s
  500   2   1  -1       0.82801053  p_y
  500   2   1   0       0.82801052  p_z
  500   2   1   1       0.82796794  p_x
  500   3   2  -2       0.04010396  d_xy
  500   3   2  -1       0.03816292  d_yz
  500   3   2   0       0.01932000  d_z2
  500   3   2   1       0.04010395  d_xz
  500   3   2   2       0.01897893  d_x2-y2
  501   1   0   0       1.35680452  s
  501   2   1  -1       0.82915558  p_y
  501   2   1   0       0.82915558  p_z
  501   2   1   1       0.82915558  p_x
  501   3   2  -2       0.03899431  d_xy
  501   3   2  -1       0.03899430  d_yz
  501   3   2   0       0.01883993  d_z2
  501   3   2   1       0.03899430  d_xz
  501   3   2   2       0.01883993  d_x2-y2
  502   1   0   0       1.35709900  s
  502   2   1  -1       0.82926115  p_y
  502   2   1   0       0.82926115  p_z
  502   2   1   1       0.82955413  p_x
  502   3   2  -2       0.03890343  d_xy
  502   3   2  -1       0.03900315  d_yz
  502   3   2   0       0.01878033  d_z2
  502   3   2   1       0.03890342  d_xz
  502   3   2   2       0.01878068  d_x2-y2
  503   1   0   0       1.35735842  s
  503   2   1  -1       0.82957098  p_y
  503   2   1   0       0.82957098  p_z
  503   2   1   1       0.82991657  p_x
  503   3   2  -2       0.03909674  d_xy
  503   3   2  -1       0.03771971  d_yz
  503   3   2   0       0.01910415  d_z2
  503   3   2   1       0.03909674  d_xz
  503   3   2   2       0.01832951  d_x2-y2
  504   1   0   0       1.35706287  s
  504   2   1  -1       0.82801053  p_y
  504   2   1   0       0.82796796  p_z
  504   2   1   1       0.82801053  p_x
  504   3   2  -2       0.03816294  d_xy
  504   3   2  -1       0.04010396  d_yz
  504   3   2   0       0.01880842  d_z2
  504   3   2   1       0.04010395  d_xz
  504   3   2   2       0.01949053  d_x2-y2
  505   1   0   0       1.35709836  s
  505   2   1  -1       0.82887597  p_y
  505   2   1   0       0.82924736  p_z
  505   2   1   1       0.82952582  p_x
  505   3   2  -2       0.03868628  d_xy
  505   3   2  -1       0.03921240  d_yz
  505   3   2   0       0.01872231  d_z2
  505   3   2   1       0.03903417  d_xz
  505   3   2   2       0.01887290  d_x2-y2
  506   1   0   0       1.35651993  s
  506   2   1  -1       0.82971117  p_y
  506   2   1   0       0.82998406  p_z
  506   2   1   1       0.82972951  p_x
  506   3   2  -2       0.03924338  d_xy
  506   3   2  -1       0.03900757  d_yz
  506   3   2   0       0.01883942  d_z2
  506   3   2   1       0.03846355  d_xz
  506   3   2   2       0.01868478  d_x2-y2
  507   1   0   0       1.37369014  s
  507   2   1  -1       0.83530049  p_y
  507   2   1   0       0.81185356  p_z
  507   2   1   1       0.81185354  p_x
  507   3   2  -2       0.03444096  d_xy
  507   3   2  -1       0.03444093  d_yz
  507   3   2   0       0.02073378  d_z2
  507   3   2   1       0.05381422  d_xz
  507   3   2   2       0.02375907  d_x2-y2
  508   1   0   0       1.35651989  s
  508   2   1  -1       0.82972953  p_y
  508   2   1   0       0.82971117  p_z
  508   2   1   1       0.82998408  p_x
  508   3   2  -2       0.03846354  d_xy
  508   3   2  -1       0.03924338  d_yz
  508   3   2   0       0.01862387  d_z2
  508   3   2   1       0.03900757  d_xz
  508   3   2   2       0.01890033  d_x2-y2
  509   1   0   0       1.35735847  s
  509   2   1  -1       0.82991655  p_y
  509   2   1   0       0.82957097  p_z
  509   2   1   1       0.82957097  p_x
  509   3   2  -2       0.03909674  d_xy
  509   3   2  -1       0.03909674  d_yz
  509   3   2   0       0.01910415  d_z2
  509   3   2   1       0.03771971  d_xz
  509   3   2   2       0.01832950  d_x2-y2
  510   1   0   0       1.35651990  s
  510   2   1  -1       0.82971117  p_y
  510   2   1   0       0.82972953  p_z
  510   2   1   1       0.82998407  p_x
  510   3   2  -2       0.03900757  d_xy
  510   3   2  -1       0.03924337  d_yz
  510   3   2   0       0.01882300  d_z2
  510   3   2   1       0.03846354  d_xz
  510   3   2   2       0.01870118  d_x2-y2
  511   1   0   0       1.35735822  s
  511   2   1  -1       0.82957100  p_y
  511   2   1   0       0.82991659  p_z
  511   2   1   1       0.82957100  p_x
  511   3   2  -2       0.03771972  d_xy
  511   3   2  -1       0.03909675  d_yz
  511   3   2   0       0.01794219  d_z2
  511   3   2   1       0.03909675  d_xz
  511   3   2   2       0.01949149  d_x2-y2

Fermi level:                        -0.1471203193 H           -4.0033 eV
Band energy:                      -704.3279690306 H       -19165.7392 eV
TS:                                  0.0025579468 H            0.0696 eV
Band free energy (E-TS):          -704.3305269774 H       -19165.8088 eV
Extrapolated E(0K):               -704.3292480040 H       -19165.7740 eV
Input / Output electrons (q):   2044.0000000000   2044.0000000000

Energy H0:                        -704.3231480780 H       -19165.6080 eV
Energy SCC:                          0.0003149784 H            0.0086 eV
Total Electronic energy:          -704.3228330996 H       -19165.5994 eV
Repulsive energy:                    0.0000000000 H            0.0000 eV
Total energy:                     -704.3228330996 H       -19165.5994 eV
Extrapolated to 0:                -704.3241120730 H       -19165.6342 eV
Total Mermin free energy:         -704.3253910463 H       -19165.6690 eV
Force related energy:             -704.3253910463 H       -19165.6690 eV

Non-constrained calculation

SCC converged

Warning: dipole moment is not defined absolutely!
Dipole moment:    0.04423180    0.04794026    0.03656526 au
Dipole moment:    0.11242603    0.12185200    0.09293962 Debye


