 Fermi distribution function

Calculation with static geometry


********************************************************************************
 iSCC Total electronic   Diff electronic      SCC error    
   14   -0.70713134E+03    0.97158249E-07    0.93046091E-05
********************************************************************************

 Total charge:    -0.00000000

 Atomic gross charges (e)
 Atom           Charge
    1      -0.00024998
    2      -0.00042096
    3       0.00023349
    4       0.00182111
    5      -0.00012551
    6      -0.00007853
    7       0.00023350
    8      -0.00014403
    9      -0.00012552
   10      -0.00042096
   11      -0.00012570
   12      -0.00042096
   13      -0.00024999
   14      -0.00010226
   15      -0.00012572
   16      -0.00014405
   17      -0.00012565
   18      -0.00007859
   19       0.00023355
   20      -0.00014388
   21      -0.00010447
   22      -0.00007860
   23      -0.00002799
   24      -0.00010213
   25      -0.00012567
   26      -0.00014411
   27      -0.00025013
   28      -0.00010214
   29      -0.00002799
   30      -0.00014410
   31      -0.00002800
   32      -0.00014389
   33      -0.00013668
   34      -0.00013663
   35      -0.00011856
   36      -0.00017267
   37      -0.00005095
   38      -0.00007735
   39      -0.00028482
   40      -0.00017264
   41      -0.00011831
   42      -0.00007735
   43      -0.00011854
   44      -0.00007745
   45      -0.00005096
   46      -0.00013661
   47      -0.00005910
   48      -0.00007746
   49      -0.00005108
   50      -0.00007745
   51      -0.00028481
   52      -0.00017238
   53      -0.00005900
   54      -0.00025172
   55      -0.00028481
   56      -0.00005905
   57      -0.00005901
   58      -0.00007746
   59      -0.00005120
   60      -0.00013648
   61      -0.00005111
   62      -0.00005932
   63      -0.00005121
   64      -0.00005908
   65      -0.00030486
   66      -0.00040556
   67      -0.00090343
   68      -0.00040557
   69      -0.00014408
   70      -0.00039890
   71      -0.00039888
   72       0.00073798
   73      -0.00012577
   74      -0.00017049
   75      -0.00025587
   76      -0.00040555
   77      -0.00010231
   78       0.00004347
   79      -0.00014431
   80      -0.00014434
   81      -0.00025579
   82      -0.00090328
   83      -0.00090332
   84      -0.00012570
   85       0.00006896
   86      -0.00039895
   87       0.00006895
   88       0.00004363
   89      -0.00012591
   90      -0.00012589
   91      -0.00030504
   92      -0.00025018
   93       0.00006893
   94       0.00073789
   95      -0.00729170
   96      -0.00014418
   97      -0.00047101
   98      -0.00047116
   99      -0.00007786
  100      -0.00007786
  101      -0.00016160
  102      -0.00017268
  103      -0.00008956
  104      -0.00138961
  105      -0.00007755
  106      -0.00011858
  107      -0.00097584
  108       0.00048906
  109      -0.00005919
  110      -0.00047093
  111      -0.00028246
  112      -0.00017281
  113      -0.00016154
  114       0.00048906
  115       0.00420597
  116      -0.00007756
  117      -0.00028234
  118      -0.00008956
  119      -0.00008956
  120      -0.00028219
  121      -0.00005124
  122      -0.00011869
  123      -0.00016166
  124      -0.00047099
  125      -0.00005936
  126      -0.00028248
  127      -0.00016193
  128      -0.00005131
  129      -0.00030487
  130      -0.00040525
  131      -0.00090295
  132      -0.00040525
  133      -0.00025565
  134      -0.00090291
  135      -0.00090294
  136      -0.00012556
  137      -0.00025566
  138      -0.00040524
  139      -0.00012559
  140      -0.00017024
  141      -0.00030488
  142      -0.00025005
  143      -0.00012560
  144      -0.00012558
  145      -0.00014394
  146      -0.00039856
  147      -0.00039854
  148       0.00073817
  149       0.00006923
  150      -0.00039857
  151       0.00006923
  152       0.00004363
  153      -0.00014396
  154      -0.00014399
  155      -0.00010219
  156       0.00004361
  157      -0.00729126
  158      -0.00014397
  159       0.00006922
  160       0.00073816
  161      -0.00047117
  162      -0.00047101
  163      -0.00007749
  164      -0.00007749
  165      -0.00016153
  166       0.00048936
  167       0.00420641
  168      -0.00007746
  169      -0.00097572
  170       0.00048936
  171      -0.00007746
  172      -0.00011835
  173      -0.00016154
  174      -0.00047099
  175      -0.00005100
  176      -0.00011836
  177      -0.00016161
  178      -0.00017243
  179      -0.00008920
  180      -0.00138945
  181      -0.00028219
  182      -0.00008920
  183      -0.00008920
  184      -0.00028234
  185      -0.00028220
  186      -0.00017244
  187      -0.00005910
  188      -0.00047093
  189      -0.00016164
  190      -0.00005121
  191      -0.00005912
  192      -0.00028237
  193       0.00509779
  194       0.00182080
  195       0.00023328
  196      -0.00042107
  197       0.00073788
  198       0.00023331
  199      -0.00007867
  200      -0.00025572
  201      -0.00025597
  202      -0.00042107
  203      -0.00025576
  204      -0.00042107
  205       0.00004341
  206      -0.00030494
  207      -0.00014418
  208      -0.00012584
  209       0.00073807
  210       0.00023337
  211      -0.00007873
  212      -0.00025587
  213      -0.00002813
  214      -0.00007876
  215      -0.00010456
  216      -0.00023043
  217      -0.00014425
  218      -0.00012579
  219       0.00004356
  220      -0.00030510
  221      -0.00002813
  222       0.00073803
  223      -0.00002813
  224       0.00073775
  225      -0.00028290
  226      -0.00028297
  227      -0.00017281
  228      -0.00011869
  229      -0.00716699
  230      -0.00138979
  231      -0.00028500
  232       0.00048932
  233       0.00048901
  234      -0.00097597
  235       0.00048932
  236      -0.00097584
  237      -0.00028251
  238      -0.00028270
  239      -0.00016165
  240      -0.00007760
  241      -0.00716670
  242      -0.00138963
  243      -0.00028499
  244       0.00048901
  245      -0.00049069
  246      -0.00028499
  247      -0.00025187
  248      -0.00049060
  249      -0.00016177
  250      -0.00007761
  251      -0.00028224
  252      -0.00028287
  253      -0.00028258
  254      -0.00016169
  255      -0.00028247
  256      -0.00016198
  257      -0.00010232
  258      -0.00017052
  259      -0.00039891
  260      -0.00040560
  261      -0.00012581
  262      -0.00039894
  263      -0.00090347
  264      -0.00014436
  265      -0.00014412
  266      -0.00040560
  267      -0.00014433
  268      -0.00040558
  269      -0.00030488
  270       0.00004347
  271      -0.00025588
  272       0.00073795
  273      -0.00012593
  274      -0.00039899
  275      -0.00090337
  276      -0.00014422
  277       0.00006892
  278      -0.00090333
  279      -0.00729175
  280      -0.00025019
  281      -0.00025582
  282       0.00073787
  283      -0.00030504
  284       0.00004361
  285       0.00006890
  286      -0.00012591
  287       0.00006892
  288      -0.00012573
  289      -0.00047099
  290      -0.00047093
  291      -0.00097586
  292      -0.00138963
  293      -0.00005922
  294      -0.00011861
  295      -0.00008960
  296      -0.00007787
  297      -0.00007759
  298      -0.00017272
  299      -0.00007787
  300      -0.00017284
  301      -0.00016163
  302      -0.00047117
  303      -0.00028248
  304       0.00048902
  305      -0.00005937
  306      -0.00011872
  307      -0.00008960
  308      -0.00007760
  309      -0.00005126
  310      -0.00008960
  311       0.00420592
  312      -0.00005132
  313      -0.00028237
  314       0.00048902
  315      -0.00016193
  316      -0.00047101
  317      -0.00016155
  318      -0.00028246
  319      -0.00016166
  320      -0.00028220
  321       0.00004340
  322      -0.00042140
  323      -0.00007911
  324      -0.00042140
  325      -0.00014441
  326      -0.00007914
  327      -0.00007912
  328       0.00073744
  329      -0.00014441
  330      -0.00042140
  331       0.00073748
  332       0.00181994
  333       0.00004341
  334      -0.00023063
  335       0.00073751
  336       0.00073747
  337      -0.00025619
  338       0.00023277
  339       0.00023275
  340      -0.00012599
  341      -0.00002853
  342       0.00023277
  343      -0.00002853
  344      -0.00030511
  345      -0.00025617
  346      -0.00025614
  347       0.00509728
  348      -0.00030510
  349      -0.00010484
  350      -0.00025616
  351      -0.00002853
  352      -0.00012598
  353      -0.00028271
  354      -0.00028288
  355       0.00048887
  356       0.00048887
  357      -0.00028260
  358      -0.00007790
  359      -0.00025229
  360       0.00048883
  361      -0.00017293
  362      -0.00007790
  363       0.00048883
  364      -0.00139031
  365      -0.00028258
  366      -0.00028290
  367      -0.00049111
  368      -0.00139029
  369      -0.00028254
  370      -0.00097633
  371      -0.00028550
  372      -0.00011881
  373      -0.00016198
  374      -0.00028550
  375      -0.00028550
  376      -0.00016181
  377      -0.00016197
  378      -0.00097631
  379      -0.00716723
  380      -0.00028296
  381      -0.00028251
  382      -0.00049077
  383      -0.00716720
  384      -0.00016177
  385       0.00004339
  386      -0.00042111
  387      -0.00007871
  388      -0.00042110
  389      -0.00025601
  390       0.00023325
  391       0.00023323
  392      -0.00012586
  393       0.00073782
  394       0.00182072
  395      -0.00014420
  396      -0.00042111
  397       0.00509774
  398      -0.00030494
  399      -0.00025578
  400      -0.00025575
  401      -0.00014427
  402      -0.00007880
  403      -0.00007877
  404       0.00073770
  405      -0.00002817
  406       0.00023331
  407      -0.00002817
  408      -0.00030512
  409       0.00073803
  410       0.00073800
  411       0.00004355
  412      -0.00023045
  413      -0.00002817
  414      -0.00012580
  415      -0.00010459
  416      -0.00025591
  417      -0.00028288
  418      -0.00028270
  419       0.00048930
  420       0.00048930
  421      -0.00028254
  422      -0.00097601
  423      -0.00028505
  424      -0.00011870
  425       0.00048896
  426      -0.00138986
  427      -0.00017282
  428      -0.00007763
  429      -0.00716704
  430      -0.00028297
  431      -0.00016167
  432      -0.00097588
  433      -0.00028260
  434      -0.00007764
  435      -0.00025191
  436       0.00048896
  437      -0.00016180
  438      -0.00028504
  439      -0.00028504
  440      -0.00016199
  441      -0.00049073
  442      -0.00138968
  443      -0.00028247
  444      -0.00028289
  445      -0.00716672
  446      -0.00016167
  447      -0.00028224
  448      -0.00049061
  449      -0.00023072
  450      -0.00040572
  451      -0.00039907
  452      -0.00017062
  453       0.00073737
  454      -0.00090362
  455      -0.00039907
  456      -0.00025606
  457       0.00073738
  458      -0.00040572
  459       0.00073771
  460      -0.00040570
  461      -0.00023070
  462       0.00509756
  463       0.00073774
  464      -0.00025604
  465       0.00073762
  466      -0.00090352
  467      -0.00039912
  468      -0.00025625
  469      -0.00729192
  470      -0.00090351
  471       0.00006881
  472       0.00509705
  473       0.00073766
  474      -0.00025597
  475      -0.00023052
  476       0.00509710
  477       0.00006879
  478      -0.00025599
  479       0.00006881
  480      -0.00025624
  481      -0.04598410
  482       0.32525363
  483      -0.04598442
  484      -0.00138987
  485      -0.00097603
  486      -0.00049119
  487       0.00048871
  488      -0.00008975
  489      -0.00097606
  490      -0.00139037
  491       0.00048871
  492      -0.00138992
  493       0.00048884
  494      -0.00049117
  495      -0.04598452
  496      -0.00716723
  497       0.00048886
  498      -0.00049096
  499       0.00048884
  500      -0.00008974
  501      -0.00097638
  502      -0.00716744
  503       0.00420575
  504      -0.00008974
  505      -0.00716732
  506      -0.00716742
  507       0.00048885
  508      -0.00049079
  509      -0.04598535
  510      -0.00049092
  511      -0.00716679
  512      -0.00049076
  513      -0.00716727

Nr. of electrons (up):   2052.00000000
Atom populations (up)
 Atom       Population
    1       4.00024998
    2       4.00042096
    3       3.99976651
    4       3.99817889
    5       4.00012551
    6       4.00007853
    7       3.99976650
    8       4.00014403
    9       4.00012552
   10       4.00042096
   11       4.00012570
   12       4.00042096
   13       4.00024999
   14       4.00010226
   15       4.00012572
   16       4.00014405
   17       4.00012565
   18       4.00007859
   19       3.99976645
   20       4.00014388
   21       4.00010447
   22       4.00007860
   23       4.00002799
   24       4.00010213
   25       4.00012567
   26       4.00014411
   27       4.00025013
   28       4.00010214
   29       4.00002799
   30       4.00014410
   31       4.00002800
   32       4.00014389
   33       4.00013668
   34       4.00013663
   35       4.00011856
   36       4.00017267
   37       4.00005095
   38       4.00007735
   39       4.00028482
   40       4.00017264
   41       4.00011831
   42       4.00007735
   43       4.00011854
   44       4.00007745
   45       4.00005096
   46       4.00013661
   47       4.00005910
   48       4.00007746
   49       4.00005108
   50       4.00007745
   51       4.00028481
   52       4.00017238
   53       4.00005900
   54       4.00025172
   55       4.00028481
   56       4.00005905
   57       4.00005901
   58       4.00007746
   59       4.00005120
   60       4.00013648
   61       4.00005111
   62       4.00005932
   63       4.00005121
   64       4.00005908
   65       4.00030486
   66       4.00040556
   67       4.00090343
   68       4.00040557
   69       4.00014408
   70       4.00039890
   71       4.00039888
   72       3.99926202
   73       4.00012577
   74       4.00017049
   75       4.00025587
   76       4.00040555
   77       4.00010231
   78       3.99995653
   79       4.00014431
   80       4.00014434
   81       4.00025579
   82       4.00090328
   83       4.00090332
   84       4.00012570
   85       3.99993104
   86       4.00039895
   87       3.99993105
   88       3.99995637
   89       4.00012591
   90       4.00012589
   91       4.00030504
   92       4.00025018
   93       3.99993107
   94       3.99926211
   95       4.00729170
   96       4.00014418
   97       4.00047101
   98       4.00047116
   99       4.00007786
  100       4.00007786
  101       4.00016160
  102       4.00017268
  103       4.00008956
  104       4.00138961
  105       4.00007755
  106       4.00011858
  107       4.00097584
  108       3.99951094
  109       4.00005919
  110       4.00047093
  111       4.00028246
  112       4.00017281
  113       4.00016154
  114       3.99951094
  115       3.99579403
  116       4.00007756
  117       4.00028234
  118       4.00008956
  119       4.00008956
  120       4.00028219
  121       4.00005124
  122       4.00011869
  123       4.00016166
  124       4.00047099
  125       4.00005936
  126       4.00028248
  127       4.00016193
  128       4.00005131
  129       4.00030487
  130       4.00040525
  131       4.00090295
  132       4.00040525
  133       4.00025565
  134       4.00090291
  135       4.00090294
  136       4.00012556
  137       4.00025566
  138       4.00040524
  139       4.00012559
  140       4.00017024
  141       4.00030488
  142       4.00025005
  143       4.00012560
  144       4.00012558
  145       4.00014394
  146       4.00039856
  147       4.00039854
  148       3.99926183
  149       3.99993077
  150       4.00039857
  151       3.99993077
  152       3.99995637
  153       4.00014396
  154       4.00014399
  155       4.00010219
  156       3.99995639
  157       4.00729126
  158       4.00014397
  159       3.99993078
  160       3.99926184
  161       4.00047117
  162       4.00047101
  163       4.00007749
  164       4.00007749
  165       4.00016153
  166       3.99951064
  167       3.99579359
  168       4.00007746
  169       4.00097572
  170       3.99951064
  171       4.00007746
  172       4.00011835
  173       4.00016154
  174       4.00047099
  175       4.00005100
  176       4.00011836
  177       4.00016161
  178       4.00017243
  179       4.00008920
  180       4.00138945
  181       4.00028219
  182       4.00008920
  183       4.00008920
  184       4.00028234
  185       4.00028220
  186       4.00017244
  187       4.00005910
  188       4.00047093
  189       4.00016164
  190       4.00005121
  191       4.00005912
  192       4.00028237
  193       3.99490221
  194       3.99817920
  195       3.99976672
  196       4.00042107
  197       3.99926212
  198       3.99976669
  199       4.00007867
  200       4.00025572
  201       4.00025597
  202       4.00042107
  203       4.00025576
  204       4.00042107
  205       3.99995659
  206       4.00030494
  207       4.00014418
  208       4.00012584
  209       3.99926193
  210       3.99976663
  211       4.00007873
  212       4.00025587
  213       4.00002813
  214       4.00007876
  215       4.00010456
  216       4.00023043
  217       4.00014425
  218       4.00012579
  219       3.99995644
  220       4.00030510
  221       4.00002813
  222       3.99926197
  223       4.00002813
  224       3.99926225
  225       4.00028290
  226       4.00028297
  227       4.00017281
  228       4.00011869
  229       4.00716699
  230       4.00138979
  231       4.00028500
  232       3.99951068
  233       3.99951099
  234       4.00097597
  235       3.99951068
  236       4.00097584
  237       4.00028251
  238       4.00028270
  239       4.00016165
  240       4.00007760
  241       4.00716670
  242       4.00138963
  243       4.00028499
  244       3.99951099
  245       4.00049069
  246       4.00028499
  247       4.00025187
  248       4.00049060
  249       4.00016177
  250       4.00007761
  251       4.00028224
  252       4.00028287
  253       4.00028258
  254       4.00016169
  255       4.00028247
  256       4.00016198
  257       4.00010232
  258       4.00017052
  259       4.00039891
  260       4.00040560
  261       4.00012581
  262       4.00039894
  263       4.00090347
  264       4.00014436
  265       4.00014412
  266       4.00040560
  267       4.00014433
  268       4.00040558
  269       4.00030488
  270       3.99995653
  271       4.00025588
  272       3.99926205
  273       4.00012593
  274       4.00039899
  275       4.00090337
  276       4.00014422
  277       3.99993108
  278       4.00090333
  279       4.00729175
  280       4.00025019
  281       4.00025582
  282       3.99926213
  283       4.00030504
  284       3.99995639
  285       3.99993110
  286       4.00012591
  287       3.99993108
  288       4.00012573
  289       4.00047099
  290       4.00047093
  291       4.00097586
  292       4.00138963
  293       4.00005922
  294       4.00011861
  295       4.00008960
  296       4.00007787
  297       4.00007759
  298       4.00017272
  299       4.00007787
  300       4.00017284
  301       4.00016163
  302       4.00047117
  303       4.00028248
  304       3.99951098
  305       4.00005937
  306       4.00011872
  307       4.00008960
  308       4.00007760
  309       4.00005126
  310       4.00008960
  311       3.99579408
  312       4.00005132
  313       4.00028237
  314       3.99951098
  315       4.00016193
  316       4.00047101
  317       4.00016155
  318       4.00028246
  319       4.00016166
  320       4.00028220
  321       3.99995660
  322       4.00042140
  323       4.00007911
  324       4.00042140
  325       4.00014441
  326       4.00007914
  327       4.00007912
  328       3.99926256
  329       4.00014441
  330       4.00042140
  331       3.99926252
  332       3.99818006
  333       3.99995659
  334       4.00023063
  335       3.99926249
  336       3.99926253
  337       4.00025619
  338       3.99976723
  339       3.99976725
  340       4.00012599
  341       4.00002853
  342       3.99976723
  343       4.00002853
  344       4.00030511
  345       4.00025617
  346       4.00025614
  347       3.99490272
  348       4.00030510
  349       4.00010484
  350       4.00025616
  351       4.00002853
  352       4.00012598
  353       4.00028271
  354       4.00028288
  355       3.99951113
  356       3.99951113
  357       4.00028260
  358       4.00007790
  359       4.00025229
  360       3.99951117
  361       4.00017293
  362       4.00007790
  363       3.99951117
  364       4.00139031
  365       4.00028258
  366       4.00028290
  367       4.00049111
  368       4.00139029
  369       4.00028254
  370       4.00097633
  371       4.00028550
  372       4.00011881
  373       4.00016198
  374       4.00028550
  375       4.00028550
  376       4.00016181
  377       4.00016197
  378       4.00097631
  379       4.00716723
  380       4.00028296
  381       4.00028251
  382       4.00049077
  383       4.00716720
  384       4.00016177
  385       3.99995661
  386       4.00042111
  387       4.00007871
  388       4.00042110
  389       4.00025601
  390       3.99976675
  391       3.99976677
  392       4.00012586
  393       3.99926218
  394       3.99817928
  395       4.00014420
  396       4.00042111
  397       3.99490226
  398       4.00030494
  399       4.00025578
  400       4.00025575
  401       4.00014427
  402       4.00007880
  403       4.00007877
  404       3.99926230
  405       4.00002817
  406       3.99976669
  407       4.00002817
  408       4.00030512
  409       3.99926197
  410       3.99926200
  411       3.99995645
  412       4.00023045
  413       4.00002817
  414       4.00012580
  415       4.00010459
  416       4.00025591
  417       4.00028288
  418       4.00028270
  419       3.99951070
  420       3.99951070
  421       4.00028254
  422       4.00097601
  423       4.00028505
  424       4.00011870
  425       3.99951104
  426       4.00138986
  427       4.00017282
  428       4.00007763
  429       4.00716704
  430       4.00028297
  431       4.00016167
  432       4.00097588
  433       4.00028260
  434       4.00007764
  435       4.00025191
  436       3.99951104
  437       4.00016180
  438       4.00028504
  439       4.00028504
  440       4.00016199
  441       4.00049073
  442       4.00138968
  443       4.00028247
  444       4.00028289
  445       4.00716672
  446       4.00016167
  447       4.00028224
  448       4.00049061
  449       4.00023072
  450       4.00040572
  451       4.00039907
  452       4.00017062
  453       3.99926263
  454       4.00090362
  455       4.00039907
  456       4.00025606
  457       3.99926262
  458       4.00040572
  459       3.99926229
  460       4.00040570
  461       4.00023070
  462       3.99490244
  463       3.99926226
  464       4.00025604
  465       3.99926238
  466       4.00090352
  467       4.00039912
  468       4.00025625
  469       4.00729192
  470       4.00090351
  471       3.99993119
  472       3.99490295
  473       3.99926234
  474       4.00025597
  475       4.00023052
  476       3.99490290
  477       3.99993121
  478       4.00025599
  479       3.99993119
  480       4.00025624
  481       4.04598410
  482       3.67474637
  483       4.04598442
  484       4.00138987
  485       4.00097603
  486       4.00049119
  487       3.99951129
  488       4.00008975
  489       4.00097606
  490       4.00139037
  491       3.99951129
  492       4.00138992
  493       3.99951116
  494       4.00049117
  495       4.04598452
  496       4.00716723
  497       3.99951114
  498       4.00049096
  499       3.99951116
  500       4.00008974
  501       4.00097638
  502       4.00716744
  503       3.99579425
  504       4.00008974
  505       4.00716732
  506       4.00716742
  507       3.99951115
  508       4.00049079
  509       4.04598535
  510       4.00049092
  511       4.00716679
  512       4.00049076
  513       4.00716727

l-shell populations (up)
 Atom Sh.   l       Population
    1   1   0       1.35529873
    1   2   1       2.49003039
    1   3   2       0.15492086
    2   1   0       1.35514239
    2   2   1       2.49004981
    2   3   2       0.15522876
    3   1   0       1.35548683
    3   2   1       2.48732228
    3   3   2       0.15695739
    4   1   0       1.36182463
    4   2   1       2.46967260
    4   3   2       0.16668166
    5   1   0       1.35556461
    5   2   1       2.48976935
    5   3   2       0.15479155
    6   1   0       1.35555776
    6   2   1       2.48945693
    6   3   2       0.15506384
    7   1   0       1.35548683
    7   2   1       2.48732228
    7   3   2       0.15695739
    8   1   0       1.35571519
    8   2   1       2.48944219
    8   3   2       0.15498665
    9   1   0       1.35556462
    9   2   1       2.48976935
    9   3   2       0.15479155
   10   1   0       1.35514239
   10   2   1       2.49004981
   10   3   2       0.15522876
   11   1   0       1.35556470
   11   2   1       2.48976940
   11   3   2       0.15479160
   12   1   0       1.35514238
   12   2   1       2.49004981
   12   3   2       0.15522876
   13   1   0       1.35529874
   13   2   1       2.49003039
   13   3   2       0.15492086
   14   1   0       1.35581000
   14   2   1       2.48972592
   14   3   2       0.15456635
   15   1   0       1.35556471
   15   2   1       2.48976941
   15   3   2       0.15479160
   16   1   0       1.35571520
   16   2   1       2.48944219
   16   3   2       0.15498665
   17   1   0       1.35556468
   17   2   1       2.48976939
   17   3   2       0.15479158
   18   1   0       1.35555779
   18   2   1       2.48945695
   18   3   2       0.15506386
   19   1   0       1.35548681
   19   2   1       2.48732226
   19   3   2       0.15695737
   20   1   0       1.35571512
   20   2   1       2.48944214
   20   3   2       0.15498662
   21   1   0       1.35580381
   21   2   1       2.48967467
   21   3   2       0.15462598
   22   1   0       1.35555779
   22   2   1       2.48945695
   22   3   2       0.15506386
   23   1   0       1.35587762
   23   2   1       2.48859353
   23   3   2       0.15555685
   24   1   0       1.35580993
   24   2   1       2.48972588
   24   3   2       0.15456631
   25   1   0       1.35556469
   25   2   1       2.48976939
   25   3   2       0.15479159
   26   1   0       1.35571523
   26   2   1       2.48944221
   26   3   2       0.15498667
   27   1   0       1.35529879
   27   2   1       2.49003043
   27   3   2       0.15492090
   28   1   0       1.35580994
   28   2   1       2.48972589
   28   3   2       0.15456632
   29   1   0       1.35587761
   29   2   1       2.48859353
   29   3   2       0.15555685
   30   1   0       1.35571522
   30   2   1       2.48944221
   30   3   2       0.15498667
   31   1   0       1.35587762
   31   2   1       2.48859353
   31   3   2       0.15555685
   32   1   0       1.35571513
   32   2   1       2.48944215
   32   3   2       0.15498662
   33   1   0       1.35579411
   33   2   1       2.48975349
   33   3   2       0.15458908
   34   1   0       1.35579409
   34   2   1       2.48975347
   34   3   2       0.15458906
   35   1   0       1.35560117
   35   2   1       2.48974166
   35   3   2       0.15477574
   36   1   0       1.35578883
   36   2   1       2.48940868
   36   3   2       0.15497515
   37   1   0       1.35549251
   37   2   1       2.48970204
   37   3   2       0.15485639
   38   1   0       1.35558793
   38   2   1       2.48962879
   38   3   2       0.15486063
   39   1   0       1.35632237
   39   2   1       2.48876119
   39   3   2       0.15520126
   40   1   0       1.35578882
   40   2   1       2.48940867
   40   3   2       0.15497515
   41   1   0       1.35560105
   41   2   1       2.48974159
   41   3   2       0.15477566
   42   1   0       1.35558793
   42   2   1       2.48962879
   42   3   2       0.15486063
   43   1   0       1.35560115
   43   2   1       2.48974165
   43   3   2       0.15477573
   44   1   0       1.35558797
   44   2   1       2.48962882
   44   3   2       0.15486066
   45   1   0       1.35549252
   45   2   1       2.48970204
   45   3   2       0.15485640
   46   1   0       1.35579408
   46   2   1       2.48975347
   46   3   2       0.15458906
   47   1   0       1.35565184
   47   2   1       2.48968411
   47   3   2       0.15472315
   48   1   0       1.35558797
   48   2   1       2.48962882
   48   3   2       0.15486067
   49   1   0       1.35549257
   49   2   1       2.48970208
   49   3   2       0.15485644
   50   1   0       1.35558797
   50   2   1       2.48962882
   50   3   2       0.15486066
   51   1   0       1.35632236
   51   2   1       2.48876119
   51   3   2       0.15520126
   52   1   0       1.35578871
   52   2   1       2.48940860
   52   3   2       0.15497507
   53   1   0       1.35565179
   53   2   1       2.48968409
   53   3   2       0.15472312
   54   1   0       1.35587542
   54   2   1       2.48955920
   54   3   2       0.15481710
   55   1   0       1.35632236
   55   2   1       2.48876118
   55   3   2       0.15520126
   56   1   0       1.35565182
   56   2   1       2.48968410
   56   3   2       0.15472313
   57   1   0       1.35565180
   57   2   1       2.48968409
   57   3   2       0.15472312
   58   1   0       1.35558798
   58   2   1       2.48962882
   58   3   2       0.15486066
   59   1   0       1.35549262
   59   2   1       2.48970211
   59   3   2       0.15485646
   60   1   0       1.35579402
   60   2   1       2.48975343
   60   3   2       0.15458903
   61   1   0       1.35549259
   61   2   1       2.48970208
   61   3   2       0.15485644
   62   1   0       1.35565195
   62   2   1       2.48968418
   62   3   2       0.15472319
   63   1   0       1.35549263
   63   2   1       2.48970212
   63   3   2       0.15485647
   64   1   0       1.35565183
   64   2   1       2.48968411
   64   3   2       0.15472314
   65   1   0       1.35622519
   65   2   1       2.48894002
   65   3   2       0.15513965
   66   1   0       1.35610603
   66   2   1       2.48905021
   66   3   2       0.15524931
   67   1   0       1.35630608
   67   2   1       2.48918934
   67   3   2       0.15540801
   68   1   0       1.35610604
   68   2   1       2.48905022
   68   3   2       0.15524932
   69   1   0       1.35571521
   69   2   1       2.48944220
   69   3   2       0.15498667
   70   1   0       1.35586902
   70   2   1       2.48959186
   70   3   2       0.15493802
   71   1   0       1.35586901
   71   2   1       2.48959186
   71   3   2       0.15493801
   72   1   0       1.35584485
   72   2   1       2.48603036
   72   3   2       0.15738681
   73   1   0       1.35556473
   73   2   1       2.48976942
   73   3   2       0.15479162
   74   1   0       1.35562364
   74   2   1       2.48982513
   74   3   2       0.15472172
   75   1   0       1.35567369
   75   2   1       2.48925776
   75   3   2       0.15532442
   76   1   0       1.35610603
   76   2   1       2.48905020
   76   3   2       0.15524931
   77   1   0       1.35581002
   77   2   1       2.48972593
   77   3   2       0.15456636
   78   1   0       1.35525445
   78   2   1       2.48975644
   78   3   2       0.15494565
   79   1   0       1.35571531
   79   2   1       2.48944227
   79   3   2       0.15498673
   80   1   0       1.35571532
   80   2   1       2.48944228
   80   3   2       0.15498673
   81   1   0       1.35567366
   81   2   1       2.48925774
   81   3   2       0.15532440
   82   1   0       1.35630602
   82   2   1       2.48918927
   82   3   2       0.15540799
   83   1   0       1.35630604
   83   2   1       2.48918929
   83   3   2       0.15540799
   84   1   0       1.35556470
   84   2   1       2.48976940
   84   3   2       0.15479160
   85   1   0       1.35569053
   85   2   1       2.48928996
   85   3   2       0.15495055
   86   1   0       1.35586904
   86   2   1       2.48959188
   86   3   2       0.15493804
   87   1   0       1.35569054
   87   2   1       2.48928997
   87   3   2       0.15495055
   88   1   0       1.35525437
   88   2   1       2.48975639
   88   3   2       0.15494561
   89   1   0       1.35556479
   89   2   1       2.48976946
   89   3   2       0.15479166
   90   1   0       1.35556479
   90   2   1       2.48976945
   90   3   2       0.15479166
   91   1   0       1.35622527
   91   2   1       2.48894008
   91   3   2       0.15513969
   92   1   0       1.35529881
   92   2   1       2.49003045
   92   3   2       0.15492092
   93   1   0       1.35569055
   93   2   1       2.48928997
   93   3   2       0.15495054
   94   1   0       1.35584487
   94   2   1       2.48603040
   94   3   2       0.15738684
   95   1   0       1.35711412
   95   2   1       2.48950921
   95   3   2       0.16066837
   96   1   0       1.35571526
   96   2   1       2.48944223
   96   3   2       0.15498669
   97   1   0       1.35510318
   97   2   1       2.49022028
   97   3   2       0.15514755
   98   1   0       1.35510325
   98   2   1       2.49022032
   98   3   2       0.15514759
   99   1   0       1.35558816
   99   2   1       2.48962895
   99   3   2       0.15486075
  100   1   0       1.35558816
  100   2   1       2.48962895
  100   3   2       0.15486075
  101   1   0       1.35602290
  101   2   1       2.48898194
  101   3   2       0.15515676
  102   1   0       1.35578884
  102   2   1       2.48940869
  102   3   2       0.15497515
  103   1   0       1.35569841
  103   2   1       2.48929669
  103   3   2       0.15509447
  104   1   0       1.35590334
  104   2   1       2.48696373
  104   3   2       0.15852254
  105   1   0       1.35558802
  105   2   1       2.48962885
  105   3   2       0.15486069
  106   1   0       1.35560117
  106   2   1       2.48974166
  106   3   2       0.15477574
  107   1   0       1.35554640
  107   2   1       2.48995373
  107   3   2       0.15547571
  108   1   0       1.35557463
  108   2   1       2.48793244
  108   3   2       0.15600387
  109   1   0       1.35565188
  109   2   1       2.48968414
  109   3   2       0.15472317
  110   1   0       1.35510315
  110   2   1       2.49022025
  110   3   2       0.15514753
  111   1   0       1.35544700
  111   2   1       2.48968942
  111   3   2       0.15514604
  112   1   0       1.35578890
  112   2   1       2.48940873
  112   3   2       0.15497518
  113   1   0       1.35602287
  113   2   1       2.48898192
  113   3   2       0.15515674
  114   1   0       1.35557463
  114   2   1       2.48793244
  114   3   2       0.15600388
  115   1   0       1.35609112
  115   2   1       2.48440655
  115   3   2       0.15529637
  116   1   0       1.35558802
  116   2   1       2.48962885
  116   3   2       0.15486068
  117   1   0       1.35544694
  117   2   1       2.48968939
  117   3   2       0.15514601
  118   1   0       1.35569840
  118   2   1       2.48929669
  118   3   2       0.15509447
  119   1   0       1.35569841
  119   2   1       2.48929669
  119   3   2       0.15509447
  120   1   0       1.35544688
  120   2   1       2.48968934
  120   3   2       0.15514597
  121   1   0       1.35549264
  121   2   1       2.48970213
  121   3   2       0.15485647
  122   1   0       1.35560123
  122   2   1       2.48974170
  122   3   2       0.15477576
  123   1   0       1.35602293
  123   2   1       2.48898195
  123   3   2       0.15515678
  124   1   0       1.35510317
  124   2   1       2.49022027
  124   3   2       0.15514755
  125   1   0       1.35565196
  125   2   1       2.48968419
  125   3   2       0.15472320
  126   1   0       1.35544701
  126   2   1       2.48968942
  126   3   2       0.15514605
  127   1   0       1.35602305
  127   2   1       2.48898204
  127   3   2       0.15515684
  128   1   0       1.35549267
  128   2   1       2.48970214
  128   3   2       0.15485649
  129   1   0       1.35622519
  129   2   1       2.48894002
  129   3   2       0.15513965
  130   1   0       1.35610590
  130   2   1       2.48905011
  130   3   2       0.15524924
  131   1   0       1.35630589
  131   2   1       2.48918917
  131   3   2       0.15540790
  132   1   0       1.35610590
  132   2   1       2.48905011
  132   3   2       0.15524924
  133   1   0       1.35567359
  133   2   1       2.48925769
  133   3   2       0.15532437
  134   1   0       1.35630587
  134   2   1       2.48918915
  134   3   2       0.15540789
  135   1   0       1.35630588
  135   2   1       2.48918916
  135   3   2       0.15540790
  136   1   0       1.35556464
  136   2   1       2.48976936
  136   3   2       0.15479157
  137   1   0       1.35567360
  137   2   1       2.48925770
  137   3   2       0.15532437
  138   1   0       1.35610590
  138   2   1       2.48905010
  138   3   2       0.15524924
  139   1   0       1.35556465
  139   2   1       2.48976937
  139   3   2       0.15479158
  140   1   0       1.35562352
  140   2   1       2.48982506
  140   3   2       0.15472166
  141   1   0       1.35622520
  141   2   1       2.48894003
  141   3   2       0.15513965
  142   1   0       1.35529876
  142   2   1       2.49003041
  142   3   2       0.15492088
  143   1   0       1.35556465
  143   2   1       2.48976937
  143   3   2       0.15479158
  144   1   0       1.35556465
  144   2   1       2.48976936
  144   3   2       0.15479157
  145   1   0       1.35571515
  145   2   1       2.48944216
  145   3   2       0.15498663
  146   1   0       1.35586886
  146   2   1       2.48959176
  146   3   2       0.15493794
  147   1   0       1.35586886
  147   2   1       2.48959175
  147   3   2       0.15493793
  148   1   0       1.35584478
  148   2   1       2.48603029
  148   3   2       0.15738677
  149   1   0       1.35569041
  149   2   1       2.48928988
  149   3   2       0.15495048
  150   1   0       1.35586887
  150   2   1       2.48959176
  150   3   2       0.15493794
  151   1   0       1.35569041
  151   2   1       2.48928988
  151   3   2       0.15495048
  152   1   0       1.35525437
  152   2   1       2.48975639
  152   3   2       0.15494561
  153   1   0       1.35571516
  153   2   1       2.48944217
  153   3   2       0.15498664
  154   1   0       1.35571517
  154   2   1       2.48944217
  154   3   2       0.15498665
  155   1   0       1.35580996
  155   2   1       2.48972590
  155   3   2       0.15456633
  156   1   0       1.35525438
  156   2   1       2.48975640
  156   3   2       0.15494561
  157   1   0       1.35711399
  157   2   1       2.48950902
  157   3   2       0.16066825
  158   1   0       1.35571516
  158   2   1       2.48944217
  158   3   2       0.15498664
  159   1   0       1.35569041
  159   2   1       2.48928988
  159   3   2       0.15495048
  160   1   0       1.35584479
  160   2   1       2.48603029
  160   3   2       0.15738677
  161   1   0       1.35510325
  161   2   1       2.49022032
  161   3   2       0.15514759
  162   1   0       1.35510318
  162   2   1       2.49022028
  162   3   2       0.15514755
  163   1   0       1.35558799
  163   2   1       2.48962883
  163   3   2       0.15486066
  164   1   0       1.35558799
  164   2   1       2.48962883
  164   3   2       0.15486066
  165   1   0       1.35602287
  165   2   1       2.48898191
  165   3   2       0.15515674
  166   1   0       1.35557452
  166   2   1       2.48793232
  166   3   2       0.15600380
  167   1   0       1.35609095
  167   2   1       2.48440639
  167   3   2       0.15529625
  168   1   0       1.35558798
  168   2   1       2.48962882
  168   3   2       0.15486065
  169   1   0       1.35554635
  169   2   1       2.48995368
  169   3   2       0.15547568
  170   1   0       1.35557452
  170   2   1       2.48793232
  170   3   2       0.15600380
  171   1   0       1.35558798
  171   2   1       2.48962883
  171   3   2       0.15486065
  172   1   0       1.35560107
  172   2   1       2.48974160
  172   3   2       0.15477567
  173   1   0       1.35602288
  173   2   1       2.48898192
  173   3   2       0.15515675
  174   1   0       1.35510317
  174   2   1       2.49022027
  174   3   2       0.15514755
  175   1   0       1.35549254
  175   2   1       2.48970206
  175   3   2       0.15485641
  176   1   0       1.35560108
  176   2   1       2.48974161
  176   3   2       0.15477567
  177   1   0       1.35602291
  177   2   1       2.48898194
  177   3   2       0.15515676
  178   1   0       1.35578873
  178   2   1       2.48940862
  178   3   2       0.15497508
  179   1   0       1.35569825
  179   2   1       2.48929658
  179   3   2       0.15509437
  180   1   0       1.35590329
  180   2   1       2.48696366
  180   3   2       0.15852250
  181   1   0       1.35544688
  181   2   1       2.48968934
  181   3   2       0.15514597
  182   1   0       1.35569825
  182   2   1       2.48929658
  182   3   2       0.15509436
  183   1   0       1.35569825
  183   2   1       2.48929658
  183   3   2       0.15509437
  184   1   0       1.35544694
  184   2   1       2.48968938
  184   3   2       0.15514601
  185   1   0       1.35544688
  185   2   1       2.48968934
  185   3   2       0.15514597
  186   1   0       1.35578874
  186   2   1       2.48940862
  186   3   2       0.15497508
  187   1   0       1.35565184
  187   2   1       2.48968412
  187   3   2       0.15472314
  188   1   0       1.35510314
  188   2   1       2.49022026
  188   3   2       0.15514753
  189   1   0       1.35602292
  189   2   1       2.48898195
  189   3   2       0.15515677
  190   1   0       1.35549263
  190   2   1       2.48970211
  190   3   2       0.15485647
  191   1   0       1.35565185
  191   2   1       2.48968412
  191   3   2       0.15472315
  192   1   0       1.35544696
  192   2   1       2.48968939
  192   3   2       0.15514602
  193   1   0       1.39275627
  193   2   1       2.42982057
  193   3   2       0.17232537
  194   1   0       1.36182464
  194   2   1       2.46967279
  194   3   2       0.16668177
  195   1   0       1.35548689
  195   2   1       2.48732237
  195   3   2       0.15695746
  196   1   0       1.35514244
  196   2   1       2.49004984
  196   3   2       0.15522879
  197   1   0       1.35584487
  197   2   1       2.48603041
  197   3   2       0.15738684
  198   1   0       1.35548689
  198   2   1       2.48732236
  198   3   2       0.15695745
  199   1   0       1.35555781
  199   2   1       2.48945697
  199   3   2       0.15506388
  200   1   0       1.35567362
  200   2   1       2.48925772
  200   3   2       0.15532438
  201   1   0       1.35567373
  201   2   1       2.48925779
  201   3   2       0.15532444
  202   1   0       1.35514244
  202   2   1       2.49004984
  202   3   2       0.15522879
  203   1   0       1.35567363
  203   2   1       2.48925773
  203   3   2       0.15532439
  204   1   0       1.35514243
  204   2   1       2.49004985
  204   3   2       0.15522879
  205   1   0       1.35525448
  205   2   1       2.48975645
  205   3   2       0.15494566
  206   1   0       1.35622523
  206   2   1       2.48894005
  206   3   2       0.15513967
  207   1   0       1.35571526
  207   2   1       2.48944224
  207   3   2       0.15498669
  208   1   0       1.35556476
  208   2   1       2.48976944
  208   3   2       0.15479163
  209   1   0       1.35584481
  209   2   1       2.48603034
  209   3   2       0.15738679
  210   1   0       1.35548687
  210   2   1       2.48732234
  210   3   2       0.15695742
  211   1   0       1.35555784
  211   2   1       2.48945699
  211   3   2       0.15506390
  212   1   0       1.35567368
  212   2   1       2.48925776
  212   3   2       0.15532442
  213   1   0       1.35587767
  213   2   1       2.48859358
  213   3   2       0.15555688
  214   1   0       1.35555785
  214   2   1       2.48945700
  214   3   2       0.15506390
  215   1   0       1.35580386
  215   2   1       2.48967470
  215   3   2       0.15462601
  216   1   0       1.35619673
  216   2   1       2.48854114
  216   3   2       0.15549255
  217   1   0       1.35571529
  217   2   1       2.48944226
  217   3   2       0.15498670
  218   1   0       1.35556474
  218   2   1       2.48976943
  218   3   2       0.15479162
  219   1   0       1.35525441
  219   2   1       2.48975641
  219   3   2       0.15494562
  220   1   0       1.35622530
  220   2   1       2.48894010
  220   3   2       0.15513970
  221   1   0       1.35587766
  221   2   1       2.48859358
  221   3   2       0.15555689
  222   1   0       1.35584482
  222   2   1       2.48603035
  222   3   2       0.15738680
  223   1   0       1.35587767
  223   2   1       2.48859358
  223   3   2       0.15555688
  224   1   0       1.35584490
  224   2   1       2.48603047
  224   3   2       0.15738688
  225   1   0       1.35617671
  225   2   1       2.48882069
  225   3   2       0.15528550
  226   1   0       1.35617674
  226   2   1       2.48882072
  226   3   2       0.15528552
  227   1   0       1.35578889
  227   2   1       2.48940872
  227   3   2       0.15497519
  228   1   0       1.35560123
  228   2   1       2.48974169
  228   3   2       0.15477577
  229   1   0       1.35762637
  229   2   1       2.48399380
  229   3   2       0.16554683
  230   1   0       1.35590338
  230   2   1       2.48696382
  230   3   2       0.15852259
  231   1   0       1.35632243
  231   2   1       2.48876126
  231   3   2       0.15520130
  232   1   0       1.35557453
  232   2   1       2.48793234
  232   3   2       0.15600381
  233   1   0       1.35557465
  233   2   1       2.48793245
  233   3   2       0.15600389
  234   1   0       1.35554646
  234   2   1       2.48995377
  234   3   2       0.15547574
  235   1   0       1.35557454
  235   2   1       2.48793234
  235   3   2       0.15600381
  236   1   0       1.35554640
  236   2   1       2.48995373
  236   3   2       0.15547571
  237   1   0       1.35544702
  237   2   1       2.48968943
  237   3   2       0.15514605
  238   1   0       1.35617663
  238   2   1       2.48882063
  238   3   2       0.15528545
  239   1   0       1.35602293
  239   2   1       2.48898195
  239   3   2       0.15515678
  240   1   0       1.35558804
  240   2   1       2.48962886
  240   3   2       0.15486070
  241   1   0       1.35762630
  241   2   1       2.48399365
  241   3   2       0.16554675
  242   1   0       1.35590333
  242   2   1       2.48696375
  242   3   2       0.15852255
  243   1   0       1.35632243
  243   2   1       2.48876125
  243   3   2       0.15520130
  244   1   0       1.35557464
  244   2   1       2.48793245
  244   3   2       0.15600390
  245   1   0       1.35638759
  245   2   1       2.48813426
  245   3   2       0.15596883
  246   1   0       1.35632243
  246   2   1       2.48876125
  246   3   2       0.15520131
  247   1   0       1.35587549
  247   2   1       2.48955925
  247   3   2       0.15481713
  248   1   0       1.35638756
  248   2   1       2.48813423
  248   3   2       0.15596881
  249   1   0       1.35602298
  249   2   1       2.48898199
  249   3   2       0.15515680
  250   1   0       1.35558804
  250   2   1       2.48962886
  250   3   2       0.15486070
  251   1   0       1.35544690
  251   2   1       2.48968936
  251   3   2       0.15514598
  252   1   0       1.35617670
  252   2   1       2.48882068
  252   3   2       0.15528549
  253   1   0       1.35544706
  253   2   1       2.48968945
  253   3   2       0.15514608
  254   1   0       1.35602294
  254   2   1       2.48898197
  254   3   2       0.15515678
  255   1   0       1.35544700
  255   2   1       2.48968942
  255   3   2       0.15514605
  256   1   0       1.35602307
  256   2   1       2.48898206
  256   3   2       0.15515685
  257   1   0       1.35581002
  257   2   1       2.48972593
  257   3   2       0.15456636
  258   1   0       1.35562365
  258   2   1       2.48982514
  258   3   2       0.15472173
  259   1   0       1.35586903
  259   2   1       2.48959187
  259   3   2       0.15493802
  260   1   0       1.35610605
  260   2   1       2.48905023
  260   3   2       0.15524932
  261   1   0       1.35556475
  261   2   1       2.48976943
  261   3   2       0.15479163
  262   1   0       1.35586904
  262   2   1       2.48959187
  262   3   2       0.15493803
  263   1   0       1.35630609
  263   2   1       2.48918935
  263   3   2       0.15540802
  264   1   0       1.35571533
  264   2   1       2.48944229
  264   3   2       0.15498674
  265   1   0       1.35571523
  265   2   1       2.48944222
  265   3   2       0.15498668
  266   1   0       1.35610605
  266   2   1       2.48905022
  266   3   2       0.15524932
  267   1   0       1.35571532
  267   2   1       2.48944228
  267   3   2       0.15498673
  268   1   0       1.35610605
  268   2   1       2.48905021
  268   3   2       0.15524932
  269   1   0       1.35622520
  269   2   1       2.48894003
  269   3   2       0.15513965
  270   1   0       1.35525445
  270   2   1       2.48975644
  270   3   2       0.15494565
  271   1   0       1.35567370
  271   2   1       2.48925776
  271   3   2       0.15532442
  272   1   0       1.35584486
  272   2   1       2.48603038
  272   3   2       0.15738682
  273   1   0       1.35556480
  273   2   1       2.48976946
  273   3   2       0.15479167
  274   1   0       1.35586906
  274   2   1       2.48959189
  274   3   2       0.15493804
  275   1   0       1.35630606
  275   2   1       2.48918931
  275   3   2       0.15540801
  276   1   0       1.35571527
  276   2   1       2.48944224
  276   3   2       0.15498670
  277   1   0       1.35569055
  277   2   1       2.48928997
  277   3   2       0.15495055
  278   1   0       1.35630604
  278   2   1       2.48918929
  278   3   2       0.15540800
  279   1   0       1.35711414
  279   2   1       2.48950923
  279   3   2       0.16066838
  280   1   0       1.35529882
  280   2   1       2.49003045
  280   3   2       0.15492092
  281   1   0       1.35567367
  281   2   1       2.48925774
  281   3   2       0.15532441
  282   1   0       1.35584488
  282   2   1       2.48603041
  282   3   2       0.15738685
  283   1   0       1.35622527
  283   2   1       2.48894008
  283   3   2       0.15513969
  284   1   0       1.35525438
  284   2   1       2.48975640
  284   3   2       0.15494561
  285   1   0       1.35569056
  285   2   1       2.48928998
  285   3   2       0.15495055
  286   1   0       1.35556479
  286   2   1       2.48976946
  286   3   2       0.15479166
  287   1   0       1.35569055
  287   2   1       2.48928998
  287   3   2       0.15495055
  288   1   0       1.35556472
  288   2   1       2.48976941
  288   3   2       0.15479161
  289   1   0       1.35510318
  289   2   1       2.49022027
  289   3   2       0.15514755
  290   1   0       1.35510315
  290   2   1       2.49022025
  290   3   2       0.15514753
  291   1   0       1.35554641
  291   2   1       2.48995373
  291   3   2       0.15547571
  292   1   0       1.35590334
  292   2   1       2.48696374
  292   3   2       0.15852254
  293   1   0       1.35565190
  293   2   1       2.48968415
  293   3   2       0.15472317
  294   1   0       1.35560119
  294   2   1       2.48974167
  294   3   2       0.15477575
  295   1   0       1.35569842
  295   2   1       2.48929670
  295   3   2       0.15509448
  296   1   0       1.35558816
  296   2   1       2.48962895
  296   3   2       0.15486076
  297   1   0       1.35558803
  297   2   1       2.48962886
  297   3   2       0.15486070
  298   1   0       1.35578886
  298   2   1       2.48940870
  298   3   2       0.15497516
  299   1   0       1.35558816
  299   2   1       2.48962895
  299   3   2       0.15486076
  300   1   0       1.35578891
  300   2   1       2.48940874
  300   3   2       0.15497519
  301   1   0       1.35602292
  301   2   1       2.48898195
  301   3   2       0.15515677
  302   1   0       1.35510325
  302   2   1       2.49022032
  302   3   2       0.15514759
  303   1   0       1.35544701
  303   2   1       2.48968943
  303   3   2       0.15514605
  304   1   0       1.35557464
  304   2   1       2.48793245
  304   3   2       0.15600388
  305   1   0       1.35565197
  305   2   1       2.48968419
  305   3   2       0.15472320
  306   1   0       1.35560124
  306   2   1       2.48974171
  306   3   2       0.15477577
  307   1   0       1.35569842
  307   2   1       2.48929670
  307   3   2       0.15509448
  308   1   0       1.35558804
  308   2   1       2.48962886
  308   3   2       0.15486069
  309   1   0       1.35549265
  309   2   1       2.48970213
  309   3   2       0.15485648
  310   1   0       1.35569842
  310   2   1       2.48929670
  310   3   2       0.15509448
  311   1   0       1.35609113
  311   2   1       2.48440657
  311   3   2       0.15529638
  312   1   0       1.35549268
  312   2   1       2.48970215
  312   3   2       0.15485649
  313   1   0       1.35544695
  313   2   1       2.48968939
  313   3   2       0.15514602
  314   1   0       1.35557464
  314   2   1       2.48793245
  314   3   2       0.15600389
  315   1   0       1.35602305
  315   2   1       2.48898204
  315   3   2       0.15515684
  316   1   0       1.35510318
  316   2   1       2.49022028
  316   3   2       0.15514755
  317   1   0       1.35602288
  317   2   1       2.48898192
  317   3   2       0.15515675
  318   1   0       1.35544700
  318   2   1       2.48968942
  318   3   2       0.15514604
  319   1   0       1.35602293
  319   2   1       2.48898195
  319   3   2       0.15515678
  320   1   0       1.35544688
  320   2   1       2.48968934
  320   3   2       0.15514597
  321   1   0       1.35525448
  321   2   1       2.48975646
  321   3   2       0.15494566
  322   1   0       1.35514257
  322   2   1       2.49004994
  322   3   2       0.15522888
  323   1   0       1.35555800
  323   2   1       2.48945711
  323   3   2       0.15506401
  324   1   0       1.35514257
  324   2   1       2.49004994
  324   3   2       0.15522888
  325   1   0       1.35571536
  325   2   1       2.48944230
  325   3   2       0.15498675
  326   1   0       1.35555801
  326   2   1       2.48945712
  326   3   2       0.15506402
  327   1   0       1.35555800
  327   2   1       2.48945711
  327   3   2       0.15506401
  328   1   0       1.35584498
  328   2   1       2.48603063
  328   3   2       0.15738695
  329   1   0       1.35571535
  329   2   1       2.48944230
  329   3   2       0.15498675
  330   1   0       1.35514257
  330   2   1       2.49004994
  330   3   2       0.15522888
  331   1   0       1.35584497
  331   2   1       2.48603061
  331   3   2       0.15738694
  332   1   0       1.36182466
  332   2   1       2.46967333
  332   3   2       0.16668207
  333   1   0       1.35525448
  333   2   1       2.48975645
  333   3   2       0.15494566
  334   1   0       1.35619680
  334   2   1       2.48854122
  334   3   2       0.15549260
  335   1   0       1.35584496
  335   2   1       2.48603060
  335   3   2       0.15738694
  336   1   0       1.35584497
  336   2   1       2.48603061
  336   3   2       0.15738695
  337   1   0       1.35567382
  337   2   1       2.48925788
  337   3   2       0.15532450
  338   1   0       1.35548705
  338   2   1       2.48732258
  338   3   2       0.15695760
  339   1   0       1.35548706
  339   2   1       2.48732259
  339   3   2       0.15695761
  340   1   0       1.35556483
  340   2   1       2.48976948
  340   3   2       0.15479168
  341   1   0       1.35587781
  341   2   1       2.48859373
  341   3   2       0.15555699
  342   1   0       1.35548705
  342   2   1       2.48732258
  342   3   2       0.15695760
  343   1   0       1.35587781
  343   2   1       2.48859373
  343   3   2       0.15555699
  344   1   0       1.35622530
  344   2   1       2.48894010
  344   3   2       0.15513971
  345   1   0       1.35567381
  345   2   1       2.48925787
  345   3   2       0.15532449
  346   1   0       1.35567380
  346   2   1       2.48925786
  346   3   2       0.15532449
  347   1   0       1.39275627
  347   2   1       2.42982087
  347   3   2       0.17232557
  348   1   0       1.35622530
  348   2   1       2.48894010
  348   3   2       0.15513970
  349   1   0       1.35580398
  349   2   1       2.48967477
  349   3   2       0.15462609
  350   1   0       1.35567380
  350   2   1       2.48925787
  350   3   2       0.15532449
  351   1   0       1.35587781
  351   2   1       2.48859373
  351   3   2       0.15555699
  352   1   0       1.35556482
  352   2   1       2.48976948
  352   3   2       0.15479168
  353   1   0       1.35617663
  353   2   1       2.48882063
  353   3   2       0.15528545
  354   1   0       1.35617670
  354   2   1       2.48882069
  354   3   2       0.15528549
  355   1   0       1.35557470
  355   2   1       2.48793249
  355   3   2       0.15600394
  356   1   0       1.35557470
  356   2   1       2.48793249
  356   3   2       0.15600394
  357   1   0       1.35544706
  357   2   1       2.48968946
  357   3   2       0.15514608
  358   1   0       1.35558818
  358   2   1       2.48962896
  358   3   2       0.15486077
  359   1   0       1.35587568
  359   2   1       2.48955938
  359   3   2       0.15481723
  360   1   0       1.35557471
  360   2   1       2.48793251
  360   3   2       0.15600395
  361   1   0       1.35578895
  361   2   1       2.48940876
  361   3   2       0.15497522
  362   1   0       1.35558818
  362   2   1       2.48962896
  362   3   2       0.15486077
  363   1   0       1.35557471
  363   2   1       2.48793251
  363   3   2       0.15600395
  364   1   0       1.35590350
  364   2   1       2.48696408
  364   3   2       0.15852272
  365   1   0       1.35544705
  365   2   1       2.48968946
  365   3   2       0.15514607
  366   1   0       1.35617671
  366   2   1       2.48882069
  366   3   2       0.15528550
  367   1   0       1.35638773
  367   2   1       2.48813444
  367   3   2       0.15596893
  368   1   0       1.35590349
  368   2   1       2.48696407
  368   3   2       0.15852272
  369   1   0       1.35544704
  369   2   1       2.48968944
  369   3   2       0.15514606
  370   1   0       1.35554661
  370   2   1       2.48995389
  370   3   2       0.15547583
  371   1   0       1.35632263
  371   2   1       2.48876145
  371   3   2       0.15520143
  372   1   0       1.35560128
  372   2   1       2.48974173
  372   3   2       0.15477579
  373   1   0       1.35602307
  373   2   1       2.48898206
  373   3   2       0.15515685
  374   1   0       1.35632262
  374   2   1       2.48876145
  374   3   2       0.15520143
  375   1   0       1.35632263
  375   2   1       2.48876145
  375   3   2       0.15520143
  376   1   0       1.35602299
  376   2   1       2.48898200
  376   3   2       0.15515681
  377   1   0       1.35602306
  377   2   1       2.48898206
  377   3   2       0.15515685
  378   1   0       1.35554660
  378   2   1       2.48995389
  378   3   2       0.15547583
  379   1   0       1.35762640
  379   2   1       2.48399392
  379   3   2       0.16554691
  380   1   0       1.35617674
  380   2   1       2.48882071
  380   3   2       0.15528551
  381   1   0       1.35544702
  381   2   1       2.48968943
  381   3   2       0.15514605
  382   1   0       1.35638762
  382   2   1       2.48813430
  382   3   2       0.15596885
  383   1   0       1.35762640
  383   2   1       2.48399390
  383   3   2       0.16554690
  384   1   0       1.35602298
  384   2   1       2.48898199
  384   3   2       0.15515680
  385   1   0       1.35525448
  385   2   1       2.48975646
  385   3   2       0.15494566
  386   1   0       1.35514245
  386   2   1       2.49004985
  386   3   2       0.15522880
  387   1   0       1.35555783
  387   2   1       2.48945698
  387   3   2       0.15506389
  388   1   0       1.35514245
  388   2   1       2.49004985
  388   3   2       0.15522880
  389   1   0       1.35567375
  389   2   1       2.48925781
  389   3   2       0.15532445
  390   1   0       1.35548690
  390   2   1       2.48732238
  390   3   2       0.15695746
  391   1   0       1.35548691
  391   2   1       2.48732239
  391   3   2       0.15695747
  392   1   0       1.35556477
  392   2   1       2.48976945
  392   3   2       0.15479164
  393   1   0       1.35584489
  393   2   1       2.48603044
  393   3   2       0.15738686
  394   1   0       1.36182464
  394   2   1       2.46967284
  394   3   2       0.16668180
  395   1   0       1.35571527
  395   2   1       2.48944224
  395   3   2       0.15498669
  396   1   0       1.35514245
  396   2   1       2.49004986
  396   3   2       0.15522880
  397   1   0       1.39275627
  397   2   1       2.42982060
  397   3   2       0.17232539
  398   1   0       1.35622523
  398   2   1       2.48894005
  398   3   2       0.15513967
  399   1   0       1.35567364
  399   2   1       2.48925774
  399   3   2       0.15532440
  400   1   0       1.35567363
  400   2   1       2.48925773
  400   3   2       0.15532439
  401   1   0       1.35571530
  401   2   1       2.48944226
  401   3   2       0.15498671
  402   1   0       1.35555787
  402   2   1       2.48945701
  402   3   2       0.15506391
  403   1   0       1.35555786
  403   2   1       2.48945700
  403   3   2       0.15506391
  404   1   0       1.35584492
  404   2   1       2.48603050
  404   3   2       0.15738689
  405   1   0       1.35587768
  405   2   1       2.48859360
  405   3   2       0.15555689
  406   1   0       1.35548689
  406   2   1       2.48732236
  406   3   2       0.15695744
  407   1   0       1.35587768
  407   2   1       2.48859360
  407   3   2       0.15555689
  408   1   0       1.35622531
  408   2   1       2.48894010
  408   3   2       0.15513971
  409   1   0       1.35584482
  409   2   1       2.48603035
  409   3   2       0.15738680
  410   1   0       1.35584482
  410   2   1       2.48603037
  410   3   2       0.15738681
  411   1   0       1.35525441
  411   2   1       2.48975641
  411   3   2       0.15494563
  412   1   0       1.35619674
  412   2   1       2.48854115
  412   3   2       0.15549256
  413   1   0       1.35587767
  413   2   1       2.48859360
  413   3   2       0.15555690
  414   1   0       1.35556475
  414   2   1       2.48976943
  414   3   2       0.15479162
  415   1   0       1.35580387
  415   2   1       2.48967471
  415   3   2       0.15462602
  416   1   0       1.35567370
  416   2   1       2.48925778
  416   3   2       0.15532443
  417   1   0       1.35617670
  417   2   1       2.48882069
  417   3   2       0.15528550
  418   1   0       1.35617663
  418   2   1       2.48882063
  418   3   2       0.15528545
  419   1   0       1.35557454
  419   2   1       2.48793234
  419   3   2       0.15600382
  420   1   0       1.35557454
  420   2   1       2.48793234
  420   3   2       0.15600382
  421   1   0       1.35544704
  421   2   1       2.48968944
  421   3   2       0.15514606
  422   1   0       1.35554648
  422   2   1       2.48995379
  422   3   2       0.15547575
  423   1   0       1.35632245
  423   2   1       2.48876128
  423   3   2       0.15520131
  424   1   0       1.35560123
  424   2   1       2.48974170
  424   3   2       0.15477577
  425   1   0       1.35557467
  425   2   1       2.48793247
  425   3   2       0.15600390
  426   1   0       1.35590340
  426   2   1       2.48696385
  426   3   2       0.15852260
  427   1   0       1.35578890
  427   2   1       2.48940873
  427   3   2       0.15497519
  428   1   0       1.35558805
  428   2   1       2.48962887
  428   3   2       0.15486071
  429   1   0       1.35762638
  429   2   1       2.48399383
  429   3   2       0.16554684
  430   1   0       1.35617674
  430   2   1       2.48882072
  430   3   2       0.15528552
  431   1   0       1.35602294
  431   2   1       2.48898196
  431   3   2       0.15515678
  432   1   0       1.35554642
  432   2   1       2.48995374
  432   3   2       0.15547572
  433   1   0       1.35544706
  433   2   1       2.48968946
  433   3   2       0.15514608
  434   1   0       1.35558806
  434   2   1       2.48962887
  434   3   2       0.15486071
  435   1   0       1.35587551
  435   2   1       2.48955926
  435   3   2       0.15481714
  436   1   0       1.35557466
  436   2   1       2.48793247
  436   3   2       0.15600391
  437   1   0       1.35602299
  437   2   1       2.48898200
  437   3   2       0.15515681
  438   1   0       1.35632245
  438   2   1       2.48876127
  438   3   2       0.15520132
  439   1   0       1.35632245
  439   2   1       2.48876127
  439   3   2       0.15520132
  440   1   0       1.35602307
  440   2   1       2.48898206
  440   3   2       0.15515685
  441   1   0       1.35638761
  441   2   1       2.48813428
  441   3   2       0.15596884
  442   1   0       1.35590334
  442   2   1       2.48696377
  442   3   2       0.15852257
  443   1   0       1.35544700
  443   2   1       2.48968942
  443   3   2       0.15514605
  444   1   0       1.35617671
  444   2   1       2.48882069
  444   3   2       0.15528550
  445   1   0       1.35762630
  445   2   1       2.48399366
  445   3   2       0.16554676
  446   1   0       1.35602293
  446   2   1       2.48898196
  446   3   2       0.15515677
  447   1   0       1.35544690
  447   2   1       2.48968936
  447   3   2       0.15514598
  448   1   0       1.35638757
  448   2   1       2.48813423
  448   3   2       0.15596881
  449   1   0       1.35619684
  449   2   1       2.48854126
  449   3   2       0.15549263
  450   1   0       1.35610610
  450   2   1       2.48905027
  450   3   2       0.15524935
  451   1   0       1.35586910
  451   2   1       2.48959191
  451   3   2       0.15493806
  452   1   0       1.35562370
  452   2   1       2.48982517
  452   3   2       0.15472175
  453   1   0       1.35584500
  453   2   1       2.48603066
  453   3   2       0.15738697
  454   1   0       1.35630615
  454   2   1       2.48918940
  454   3   2       0.15540806
  455   1   0       1.35586910
  455   2   1       2.48959191
  455   3   2       0.15493806
  456   1   0       1.35567377
  456   2   1       2.48925783
  456   3   2       0.15532447
  457   1   0       1.35584500
  457   2   1       2.48603065
  457   3   2       0.15738697
  458   1   0       1.35610610
  458   2   1       2.48905027
  458   3   2       0.15524935
  459   1   0       1.35584492
  459   2   1       2.48603049
  459   3   2       0.15738688
  460   1   0       1.35610610
  460   2   1       2.48905025
  460   3   2       0.15524935
  461   1   0       1.35619683
  461   2   1       2.48854125
  461   3   2       0.15549262
  462   1   0       1.39275627
  462   2   1       2.42982071
  462   3   2       0.17232546
  463   1   0       1.35584491
  463   2   1       2.48603047
  463   3   2       0.15738688
  464   1   0       1.35567376
  464   2   1       2.48925782
  464   3   2       0.15532446
  465   1   0       1.35584494
  465   2   1       2.48603053
  465   3   2       0.15738691
  466   1   0       1.35630612
  466   2   1       2.48918936
  466   3   2       0.15540804
  467   1   0       1.35586912
  467   2   1       2.48959193
  467   3   2       0.15493808
  468   1   0       1.35567384
  468   2   1       2.48925789
  468   3   2       0.15532451
  469   1   0       1.35711419
  469   2   1       2.48950931
  469   3   2       0.16066842
  470   1   0       1.35630612
  470   2   1       2.48918935
  470   3   2       0.15540804
  471   1   0       1.35569060
  471   2   1       2.48929001
  471   3   2       0.15495058
  472   1   0       1.39275627
  472   2   1       2.42982101
  472   3   2       0.17232567
  473   1   0       1.35584493
  473   2   1       2.48603051
  473   3   2       0.15738690
  474   1   0       1.35567373
  474   2   1       2.48925780
  474   3   2       0.15532445
  475   1   0       1.35619676
  475   2   1       2.48854118
  475   3   2       0.15549258
  476   1   0       1.39275627
  476   2   1       2.42982098
  476   3   2       0.17232565
  477   1   0       1.35569061
  477   2   1       2.48929001
  477   3   2       0.15495058
  478   1   0       1.35567374
  478   2   1       2.48925780
  478   3   2       0.15532445
  479   1   0       1.35569060
  479   2   1       2.48929001
  479   3   2       0.15495058
  480   1   0       1.35567384
  480   2   1       2.48925789
  480   3   2       0.15532451
  481   1   0       1.38890401
  481   2   1       2.42497192
  481   3   2       0.23210816
  482   1   0       1.59849672
  482   2   1       1.81151493
  482   3   2       0.26473472
  483   1   0       1.38890402
  483   2   1       2.42497209
  483   3   2       0.23210831
  484   1   0       1.35590340
  484   2   1       2.48696386
  484   3   2       0.15852261
  485   1   0       1.35554648
  485   2   1       2.48995379
  485   3   2       0.15547575
  486   1   0       1.35638776
  486   2   1       2.48813448
  486   3   2       0.15596895
  487   1   0       1.35557476
  487   2   1       2.48793255
  487   3   2       0.15600398
  488   1   0       1.35569848
  488   2   1       2.48929674
  488   3   2       0.15509452
  489   1   0       1.35554650
  489   2   1       2.48995380
  489   3   2       0.15547576
  490   1   0       1.35590352
  490   2   1       2.48696411
  490   3   2       0.15852274
  491   1   0       1.35557476
  491   2   1       2.48793255
  491   3   2       0.15600398
  492   1   0       1.35590341
  492   2   1       2.48696388
  492   3   2       0.15852262
  493   1   0       1.35557471
  493   2   1       2.48793251
  493   3   2       0.15600394
  494   1   0       1.35638775
  494   2   1       2.48813447
  494   3   2       0.15596895
  495   1   0       1.38890402
  495   2   1       2.42497214
  495   3   2       0.23210836
  496   1   0       1.35762641
  496   2   1       2.48399392
  496   3   2       0.16554690
  497   1   0       1.35557471
  497   2   1       2.48793251
  497   3   2       0.15600393
  498   1   0       1.35638768
  498   2   1       2.48813438
  498   3   2       0.15596890
  499   1   0       1.35557471
  499   2   1       2.48793251
  499   3   2       0.15600394
  500   1   0       1.35569848
  500   2   1       2.48929674
  500   3   2       0.15509452
  501   1   0       1.35554663
  501   2   1       2.48995391
  501   3   2       0.15547584
  502   1   0       1.35762644
  502   2   1       2.48399403
  502   3   2       0.16554697
  503   1   0       1.35609120
  503   2   1       2.48440663
  503   3   2       0.15529643
  504   1   0       1.35569848
  504   2   1       2.48929674
  504   3   2       0.15509452
  505   1   0       1.35762642
  505   2   1       2.48399397
  505   3   2       0.16554694
  506   1   0       1.35762644
  506   2   1       2.48399402
  506   3   2       0.16554696
  507   1   0       1.35557470
  507   2   1       2.48793251
  507   3   2       0.15600394
  508   1   0       1.35638763
  508   2   1       2.48813431
  508   3   2       0.15596886
  509   1   0       1.38890402
  509   2   1       2.42497257
  509   3   2       0.23210875
  510   1   0       1.35638767
  510   2   1       2.48813436
  510   3   2       0.15596889
  511   1   0       1.35762632
  511   2   1       2.48399370
  511   3   2       0.16554678
  512   1   0       1.35638762
  512   2   1       2.48813430
  512   3   2       0.15596885
  513   1   0       1.35762641
  513   2   1       2.48399394
  513   3   2       0.16554693

Orbital populations (up)
 Atom Sh.   l   m       Population  Label
    1   1   0   0       1.35529873  s
    1   2   1  -1       0.82994279  p_y
    1   2   1   0       0.82994279  p_z
    1   2   1   1       0.83014481  p_x
    1   3   2  -2       0.03907797  d_xy
    1   3   2  -1       0.03898825  d_yz
    1   3   2   0       0.01885860  d_z2
    1   3   2   1       0.03907797  d_xz
    1   3   2   2       0.01891807  d_x2-y2
    2   1   0   0       1.35514239  s
    2   2   1  -1       0.82996835  p_y
    2   2   1   0       0.82996836  p_z
    2   2   1   1       0.83011310  p_x
    2   3   2  -2       0.03915208  d_xy
    2   3   2  -1       0.03902594  d_yz
    2   3   2   0       0.01890362  d_z2
    2   3   2   1       0.03915206  d_xz
    2   3   2   2       0.01899506  d_x2-y2
    3   1   0   0       1.35548683  s
    3   2   1  -1       0.82870903  p_y
    3   2   1   0       0.82870904  p_z
    3   2   1   1       0.82990422  p_x
    3   3   2  -2       0.03985444  d_xy
    3   3   2  -1       0.03926435  d_yz
    3   3   2   0       0.01897965  d_z2
    3   3   2   1       0.03985441  d_xz
    3   3   2   2       0.01900454  d_x2-y2
    4   1   0   0       1.36182463  s
    4   2   1  -1       0.82322420  p_y
    4   2   1   0       0.82322420  p_z
    4   2   1   1       0.82322420  p_x
    4   3   2  -2       0.04206846  d_xy
    4   3   2  -1       0.04206846  d_yz
    4   3   2   0       0.02023815  d_z2
    4   3   2   1       0.04206845  d_xz
    4   3   2   2       0.02023815  d_x2-y2
    5   1   0   0       1.35556461  s
    5   2   1  -1       0.82987868  p_y
    5   2   1   0       0.82993948  p_z
    5   2   1   1       0.82995119  p_x
    5   3   2  -2       0.03898843  d_xy
    5   3   2  -1       0.03903503  d_yz
    5   3   2   0       0.01885968  d_z2
    5   3   2   1       0.03903030  d_xz
    5   3   2   2       0.01887812  d_x2-y2
    6   1   0   0       1.35555776  s
    6   2   1  -1       0.82972835  p_y
    6   2   1   0       0.82986429  p_z
    6   2   1   1       0.82986429  p_x
    6   3   2  -2       0.03906658  d_xy
    6   3   2  -1       0.03906659  d_yz
    6   3   2   0       0.01885317  d_z2
    6   3   2   1       0.03919515  d_xz
    6   3   2   2       0.01888235  d_x2-y2
    7   1   0   0       1.35548683  s
    7   2   1  -1       0.82870903  p_y
    7   2   1   0       0.82990422  p_z
    7   2   1   1       0.82870904  p_x
    7   3   2  -2       0.03926435  d_xy
    7   3   2  -1       0.03985444  d_yz
    7   3   2   0       0.01901699  d_z2
    7   3   2   1       0.03985441  d_xz
    7   3   2   2       0.01896720  d_x2-y2
    8   1   0   0       1.35571519  s
    8   2   1  -1       0.82980083  p_y
    8   2   1   0       0.82987087  p_z
    8   2   1   1       0.82977049  p_x
    8   3   2  -2       0.03926819  d_xy
    8   3   2  -1       0.03895645  d_yz
    8   3   2   0       0.01891819  d_z2
    8   3   2   1       0.03897249  d_xz
    8   3   2   2       0.01887133  d_x2-y2
    9   1   0   0       1.35556462  s
    9   2   1  -1       0.82987868  p_y
    9   2   1   0       0.82995119  p_z
    9   2   1   1       0.82993948  p_x
    9   3   2  -2       0.03903503  d_xy
    9   3   2  -1       0.03898844  d_yz
    9   3   2   0       0.01887009  d_z2
    9   3   2   1       0.03903030  d_xz
    9   3   2   2       0.01886770  d_x2-y2
   10   1   0   0       1.35514239  s
   10   2   1  -1       0.82996835  p_y
   10   2   1   0       0.83011310  p_z
   10   2   1   1       0.82996836  p_x
   10   3   2  -2       0.03902594  d_xy
   10   3   2  -1       0.03915208  d_yz
   10   3   2   0       0.01904079  d_z2
   10   3   2   1       0.03915206  d_xz
   10   3   2   2       0.01885790  d_x2-y2
   11   1   0   0       1.35556470  s
   11   2   1  -1       0.82995120  p_y
   11   2   1   0       0.82987870  p_z
   11   2   1   1       0.82993950  p_x
   11   3   2  -2       0.03903032  d_xy
   11   3   2  -1       0.03898846  d_yz
   11   3   2   0       0.01887693  d_z2
   11   3   2   1       0.03903502  d_xz
   11   3   2   2       0.01886088  d_x2-y2
   12   1   0   0       1.35514238  s
   12   2   1  -1       0.83011310  p_y
   12   2   1   0       0.82996836  p_z
   12   2   1   1       0.82996836  p_x
   12   3   2  -2       0.03915207  d_xy
   12   3   2  -1       0.03915208  d_yz
   12   3   2   0       0.01890362  d_z2
   12   3   2   1       0.03902592  d_xz
   12   3   2   2       0.01899506  d_x2-y2
   13   1   0   0       1.35529874  s
   13   2   1  -1       0.82994279  p_y
   13   2   1   0       0.83014481  p_z
   13   2   1   1       0.82994279  p_x
   13   3   2  -2       0.03898825  d_xy
   13   3   2  -1       0.03907797  d_yz
   13   3   2   0       0.01894781  d_z2
   13   3   2   1       0.03907797  d_xz
   13   3   2   2       0.01882886  d_x2-y2
   14   1   0   0       1.35581000  s
   14   2   1  -1       0.82992679  p_y
   14   2   1   0       0.82989956  p_z
   14   2   1   1       0.82989956  p_x
   14   3   2  -2       0.03895760  d_xy
   14   3   2  -1       0.03895760  d_yz
   14   3   2   0       0.01882694  d_z2
   14   3   2   1       0.03897936  d_xz
   14   3   2   2       0.01884486  d_x2-y2
   15   1   0   0       1.35556471  s
   15   2   1  -1       0.82995120  p_y
   15   2   1   0       0.82993951  p_z
   15   2   1   1       0.82987870  p_x
   15   3   2  -2       0.03898845  d_xy
   15   3   2  -1       0.03903032  d_yz
   15   3   2   0       0.01885969  d_z2
   15   3   2   1       0.03903502  d_xz
   15   3   2   2       0.01887812  d_x2-y2
   16   1   0   0       1.35571520  s
   16   2   1  -1       0.82980084  p_y
   16   2   1   0       0.82977049  p_z
   16   2   1   1       0.82987087  p_x
   16   3   2  -2       0.03895645  d_xy
   16   3   2  -1       0.03926819  d_yz
   16   3   2   0       0.01888900  d_z2
   16   3   2   1       0.03897249  d_xz
   16   3   2   2       0.01890053  d_x2-y2
   17   1   0   0       1.35556468  s
   17   2   1  -1       0.82993949  p_y
   17   2   1   0       0.82987869  p_z
   17   2   1   1       0.82995120  p_x
   17   3   2  -2       0.03903031  d_xy
   17   3   2  -1       0.03903504  d_yz
   17   3   2   0       0.01887693  d_z2
   17   3   2   1       0.03898843  d_xz
   17   3   2   2       0.01886088  d_x2-y2
   18   1   0   0       1.35555779  s
   18   2   1  -1       0.82986428  p_y
   18   2   1   0       0.82972837  p_z
   18   2   1   1       0.82986430  p_x
   18   3   2  -2       0.03919517  d_xy
   18   3   2  -1       0.03906659  d_yz
   18   3   2   0       0.01889695  d_z2
   18   3   2   1       0.03906656  d_xz
   18   3   2   2       0.01883858  d_x2-y2
   19   1   0   0       1.35548681  s
   19   2   1  -1       0.82990421  p_y
   19   2   1   0       0.82870903  p_z
   19   2   1   1       0.82870903  p_x
   19   3   2  -2       0.03985443  d_xy
   19   3   2  -1       0.03985443  d_yz
   19   3   2   0       0.01897965  d_z2
   19   3   2   1       0.03926432  d_xz
   19   3   2   2       0.01900454  d_x2-y2
   20   1   0   0       1.35571512  s
   20   2   1  -1       0.82987085  p_y
   20   2   1   0       0.82980082  p_z
   20   2   1   1       0.82977047  p_x
   20   3   2  -2       0.03897250  d_xy
   20   3   2  -1       0.03895643  d_yz
   20   3   2   0       0.01887710  d_z2
   20   3   2   1       0.03926817  d_xz
   20   3   2   2       0.01891242  d_x2-y2
   21   1   0   0       1.35580381  s
   21   2   1  -1       0.82989155  p_y
   21   2   1   0       0.82989156  p_z
   21   2   1   1       0.82989156  p_x
   21   3   2  -2       0.03899145  d_xy
   21   3   2  -1       0.03899146  d_yz
   21   3   2   0       0.01882582  d_z2
   21   3   2   1       0.03899144  d_xz
   21   3   2   2       0.01882582  d_x2-y2
   22   1   0   0       1.35555779  s
   22   2   1  -1       0.82986429  p_y
   22   2   1   0       0.82986430  p_z
   22   2   1   1       0.82972837  p_x
   22   3   2  -2       0.03906659  d_xy
   22   3   2  -1       0.03919518  d_yz
   22   3   2   0       0.01885318  d_z2
   22   3   2   1       0.03906656  d_xz
   22   3   2   2       0.01888235  d_x2-y2
   23   1   0   0       1.35587762  s
   23   2   1  -1       0.82958743  p_y
   23   2   1   0       0.82958744  p_z
   23   2   1   1       0.82941866  p_x
   23   3   2  -2       0.03904566  d_xy
   23   3   2  -1       0.03957317  d_yz
   23   3   2   0       0.01887964  d_z2
   23   3   2   1       0.03904564  d_xz
   23   3   2   2       0.01901274  d_x2-y2
   24   1   0   0       1.35580993  s
   24   2   1  -1       0.82989955  p_y
   24   2   1   0       0.82989955  p_z
   24   2   1   1       0.82992678  p_x
   24   3   2  -2       0.03895758  d_xy
   24   3   2  -1       0.03897936  d_yz
   24   3   2   0       0.01882693  d_z2
   24   3   2   1       0.03895758  d_xz
   24   3   2   2       0.01884486  d_x2-y2
   25   1   0   0       1.35556469  s
   25   2   1  -1       0.82993949  p_y
   25   2   1   0       0.82995120  p_z
   25   2   1   1       0.82987869  p_x
   25   3   2  -2       0.03903504  d_xy
   25   3   2  -1       0.03903031  d_yz
   25   3   2   0       0.01887010  d_z2
   25   3   2   1       0.03898843  d_xz
   25   3   2   2       0.01886770  d_x2-y2
   26   1   0   0       1.35571523  s
   26   2   1  -1       0.82977049  p_y
   26   2   1   0       0.82980085  p_z
   26   2   1   1       0.82987088  p_x
   26   3   2  -2       0.03897252  d_xy
   26   3   2  -1       0.03926819  d_yz
   26   3   2   0       0.01887710  d_z2
   26   3   2   1       0.03895643  d_xz
   26   3   2   2       0.01891243  d_x2-y2
   27   1   0   0       1.35529879  s
   27   2   1  -1       0.83014482  p_y
   27   2   1   0       0.82994281  p_z
   27   2   1   1       0.82994281  p_x
   27   3   2  -2       0.03907798  d_xy
   27   3   2  -1       0.03907798  d_yz
   27   3   2   0       0.01885861  d_z2
   27   3   2   1       0.03898825  d_xz
   27   3   2   2       0.01891808  d_x2-y2
   28   1   0   0       1.35580994  s
   28   2   1  -1       0.82989955  p_y
   28   2   1   0       0.82992678  p_z
   28   2   1   1       0.82989955  p_x
   28   3   2  -2       0.03897936  d_xy
   28   3   2  -1       0.03895758  d_yz
   28   3   2   0       0.01885382  d_z2
   28   3   2   1       0.03895758  d_xz
   28   3   2   2       0.01881797  d_x2-y2
   29   1   0   0       1.35587761  s
   29   2   1  -1       0.82941865  p_y
   29   2   1   0       0.82958744  p_z
   29   2   1   1       0.82958744  p_x
   29   3   2  -2       0.03904566  d_xy
   29   3   2  -1       0.03904566  d_yz
   29   3   2   0       0.01887964  d_z2
   29   3   2   1       0.03957315  d_xz
   29   3   2   2       0.01901274  d_x2-y2
   30   1   0   0       1.35571522  s
   30   2   1  -1       0.82977048  p_y
   30   2   1   0       0.82987088  p_z
   30   2   1   1       0.82980085  p_x
   30   3   2  -2       0.03926819  d_xy
   30   3   2  -1       0.03897252  d_yz
   30   3   2   0       0.01891819  d_z2
   30   3   2   1       0.03895643  d_xz
   30   3   2   2       0.01887134  d_x2-y2
   31   1   0   0       1.35587762  s
   31   2   1  -1       0.82958743  p_y
   31   2   1   0       0.82941866  p_z
   31   2   1   1       0.82958744  p_x
   31   3   2  -2       0.03957317  d_xy
   31   3   2  -1       0.03904566  d_yz
   31   3   2   0       0.01907928  d_z2
   31   3   2   1       0.03904564  d_xz
   31   3   2   2       0.01881309  d_x2-y2
   32   1   0   0       1.35571513  s
   32   2   1  -1       0.82987085  p_y
   32   2   1   0       0.82977047  p_z
   32   2   1   1       0.82980082  p_x
   32   3   2  -2       0.03895643  d_xy
   32   3   2  -1       0.03897250  d_yz
   32   3   2   0       0.01888899  d_z2
   32   3   2   1       0.03926817  d_xz
   32   3   2   2       0.01890052  d_x2-y2
   33   1   0   0       1.35579411  s
   33   2   1  -1       0.82991783  p_y
   33   2   1   0       0.82991783  p_z
   33   2   1   1       0.82991783  p_x
   33   3   2  -2       0.03899141  d_xy
   33   3   2  -1       0.03899140  d_yz
   33   3   2   0       0.01880743  d_z2
   33   3   2   1       0.03899142  d_xz
   33   3   2   2       0.01880743  d_x2-y2
   34   1   0   0       1.35579409  s
   34   2   1  -1       0.82991782  p_y
   34   2   1   0       0.82991783  p_z
   34   2   1   1       0.82991782  p_x
   34   3   2  -2       0.03899141  d_xy
   34   3   2  -1       0.03899140  d_yz
   34   3   2   0       0.01880743  d_z2
   34   3   2   1       0.03899140  d_xz
   34   3   2   2       0.01880742  d_x2-y2
   35   1   0   0       1.35560117  s
   35   2   1  -1       0.82990042  p_y
   35   2   1   0       0.82990043  p_z
   35   2   1   1       0.82994080  p_x
   35   3   2  -2       0.03899582  d_xy
   35   3   2  -1       0.03907862  d_yz
   35   3   2   0       0.01885609  d_z2
   35   3   2   1       0.03899579  d_xz
   35   3   2   2       0.01884941  d_x2-y2
   36   1   0   0       1.35578883  s
   36   2   1  -1       0.82980880  p_y
   36   2   1   0       0.82980881  p_z
   36   2   1   1       0.82979107  p_x
   36   3   2  -2       0.03894054  d_xy
   36   3   2  -1       0.03928704  d_yz
   36   3   2   0       0.01888698  d_z2
   36   3   2   1       0.03894052  d_xz
   36   3   2   2       0.01892007  d_x2-y2
   37   1   0   0       1.35549251  s
   37   2   1  -1       0.82990318  p_y
   37   2   1   0       0.82990318  p_z
   37   2   1   1       0.82989568  p_x
   37   3   2  -2       0.03908046  d_xy
   37   3   2  -1       0.03897500  d_yz
   37   3   2   0       0.01883630  d_z2
   37   3   2   1       0.03908046  d_xz
   37   3   2   2       0.01888418  d_x2-y2
   38   1   0   0       1.35558793  s
   38   2   1  -1       0.82998379  p_y
   38   2   1   0       0.82977337  p_z
   38   2   1   1       0.82987163  p_x
   38   3   2  -2       0.03892234  d_xy
   38   3   2  -1       0.03891167  d_yz
   38   3   2   0       0.01892041  d_z2
   38   3   2   1       0.03920799  d_xz
   38   3   2   2       0.01889822  d_x2-y2
   39   1   0   0       1.35632237  s
   39   2   1  -1       0.83014370  p_y
   39   2   1   0       0.82930875  p_z
   39   2   1   1       0.82930875  p_x
   39   3   2  -2       0.03870276  d_xy
   39   3   2  -1       0.03870276  d_yz
   39   3   2   0       0.01911938  d_z2
   39   3   2   1       0.03960891  d_xz
   39   3   2   2       0.01906745  d_x2-y2
   40   1   0   0       1.35578882  s
   40   2   1  -1       0.82980879  p_y
   40   2   1   0       0.82979107  p_z
   40   2   1   1       0.82980881  p_x
   40   3   2  -2       0.03928704  d_xy
   40   3   2  -1       0.03894054  d_yz
   40   3   2   0       0.01893663  d_z2
   40   3   2   1       0.03894051  d_xz
   40   3   2   2       0.01887042  d_x2-y2
   41   1   0   0       1.35560105  s
   41   2   1  -1       0.82994078  p_y
   41   2   1   0       0.82990040  p_z
   41   2   1   1       0.82990041  p_x
   41   3   2  -2       0.03899579  d_xy
   41   3   2  -1       0.03899579  d_yz
   41   3   2   0       0.01885608  d_z2
   41   3   2   1       0.03907860  d_xz
   41   3   2   2       0.01884940  d_x2-y2
   42   1   0   0       1.35558793  s
   42   2   1  -1       0.82998379  p_y
   42   2   1   0       0.82987163  p_z
   42   2   1   1       0.82977337  p_x
   42   3   2  -2       0.03891167  d_xy
   42   3   2  -1       0.03892234  d_yz
   42   3   2   0       0.01893870  d_z2
   42   3   2   1       0.03920799  d_xz
   42   3   2   2       0.01887993  d_x2-y2
   43   1   0   0       1.35560115  s
   43   2   1  -1       0.82990042  p_y
   43   2   1   0       0.82994080  p_z
   43   2   1   1       0.82990043  p_x
   43   3   2  -2       0.03907862  d_xy
   43   3   2  -1       0.03899582  d_yz
   43   3   2   0       0.01884607  d_z2
   43   3   2   1       0.03899579  d_xz
   43   3   2   2       0.01885943  d_x2-y2
   44   1   0   0       1.35558797  s
   44   2   1  -1       0.82987163  p_y
   44   2   1   0       0.82998381  p_z
   44   2   1   1       0.82977338  p_x
   44   3   2  -2       0.03920802  d_xy
   44   3   2  -1       0.03892236  d_yz
   44   3   2   0       0.01886884  d_z2
   44   3   2   1       0.03891165  d_xz
   44   3   2   2       0.01894980  d_x2-y2
   45   1   0   0       1.35549252  s
   45   2   1  -1       0.82990318  p_y
   45   2   1   0       0.82989568  p_z
   45   2   1   1       0.82990318  p_x
   45   3   2  -2       0.03897500  d_xy
   45   3   2  -1       0.03908046  d_yz
   45   3   2   0       0.01890813  d_z2
   45   3   2   1       0.03908046  d_xz
   45   3   2   2       0.01881235  d_x2-y2
   46   1   0   0       1.35579408  s
   46   2   1  -1       0.82991782  p_y
   46   2   1   0       0.82991782  p_z
   46   2   1   1       0.82991783  p_x
   46   3   2  -2       0.03899140  d_xy
   46   3   2  -1       0.03899141  d_yz
   46   3   2   0       0.01880742  d_z2
   46   3   2   1       0.03899140  d_xz
   46   3   2   2       0.01880743  d_x2-y2
   47   1   0   0       1.35565184  s
   47   2   1  -1       0.82990556  p_y
   47   2   1   0       0.82988927  p_z
   47   2   1   1       0.82988928  p_x
   47   3   2  -2       0.03901946  d_xy
   47   3   2  -1       0.03901946  d_yz
   47   3   2   0       0.01883201  d_z2
   47   3   2   1       0.03899823  d_xz
   47   3   2   2       0.01885398  d_x2-y2
   48   1   0   0       1.35558797  s
   48   2   1  -1       0.82987163  p_y
   48   2   1   0       0.82977338  p_z
   48   2   1   1       0.82998381  p_x
   48   3   2  -2       0.03892235  d_xy
   48   3   2  -1       0.03920802  d_yz
   48   3   2   0       0.01892042  d_z2
   48   3   2   1       0.03891165  d_xz
   48   3   2   2       0.01889822  d_x2-y2
   49   1   0   0       1.35549257  s
   49   2   1  -1       0.82990319  p_y
   49   2   1   0       0.82990319  p_z
   49   2   1   1       0.82989569  p_x
   49   3   2  -2       0.03908046  d_xy
   49   3   2  -1       0.03897501  d_yz
   49   3   2   0       0.01883630  d_z2
   49   3   2   1       0.03908047  d_xz
   49   3   2   2       0.01888419  d_x2-y2
   50   1   0   0       1.35558797  s
   50   2   1  -1       0.82977337  p_y
   50   2   1   0       0.82998381  p_z
   50   2   1   1       0.82987164  p_x
   50   3   2  -2       0.03920802  d_xy
   50   3   2  -1       0.03891168  d_yz
   50   3   2   0       0.01886884  d_z2
   50   3   2   1       0.03892233  d_xz
   50   3   2   2       0.01894980  d_x2-y2
   51   1   0   0       1.35632236  s
   51   2   1  -1       0.82930873  p_y
   51   2   1   0       0.83014371  p_z
   51   2   1   1       0.82930874  p_x
   51   3   2  -2       0.03960893  d_xy
   51   3   2  -1       0.03870276  d_yz
   51   3   2   0       0.01904148  d_z2
   51   3   2   1       0.03870274  d_xz
   51   3   2   2       0.01914535  d_x2-y2
   52   1   0   0       1.35578871  s
   52   2   1  -1       0.82979105  p_y
   52   2   1   0       0.82980878  p_z
   52   2   1   1       0.82980878  p_x
   52   3   2  -2       0.03894051  d_xy
   52   3   2  -1       0.03894051  d_yz
   52   3   2   0       0.01888696  d_z2
   52   3   2   1       0.03928703  d_xz
   52   3   2   2       0.01892006  d_x2-y2
   53   1   0   0       1.35565179  s
   53   2   1  -1       0.82988926  p_y
   53   2   1   0       0.82988926  p_z
   53   2   1   1       0.82990557  p_x
   53   3   2  -2       0.03901945  d_xy
   53   3   2  -1       0.03899824  d_yz
   53   3   2   0       0.01883201  d_z2
   53   3   2   1       0.03901944  d_xz
   53   3   2   2       0.01885398  d_x2-y2
   54   1   0   0       1.35587542  s
   54   2   1  -1       0.82985306  p_y
   54   2   1   0       0.82985307  p_z
   54   2   1   1       0.82985307  p_x
   54   3   2  -2       0.03900686  d_xy
   54   3   2  -1       0.03900686  d_yz
   54   3   2   0       0.01889828  d_z2
   54   3   2   1       0.03900683  d_xz
   54   3   2   2       0.01889827  d_x2-y2
   55   1   0   0       1.35632236  s
   55   2   1  -1       0.82930873  p_y
   55   2   1   0       0.82930874  p_z
   55   2   1   1       0.83014371  p_x
   55   3   2  -2       0.03870276  d_xy
   55   3   2  -1       0.03960893  d_yz
   55   3   2   0       0.01911938  d_z2
   55   3   2   1       0.03870274  d_xz
   55   3   2   2       0.01906745  d_x2-y2
   56   1   0   0       1.35565182  s
   56   2   1  -1       0.82988927  p_y
   56   2   1   0       0.82988926  p_z
   56   2   1   1       0.82990557  p_x
   56   3   2  -2       0.03901944  d_xy
   56   3   2  -1       0.03899825  d_yz
   56   3   2   0       0.01883201  d_z2
   56   3   2   1       0.03901945  d_xz
   56   3   2   2       0.01885398  d_x2-y2
   57   1   0   0       1.35565180  s
   57   2   1  -1       0.82988926  p_y
   57   2   1   0       0.82990557  p_z
   57   2   1   1       0.82988926  p_x
   57   3   2  -2       0.03899824  d_xy
   57   3   2  -1       0.03901945  d_yz
   57   3   2   0       0.01886496  d_z2
   57   3   2   1       0.03901944  d_xz
   57   3   2   2       0.01882102  d_x2-y2
   58   1   0   0       1.35558798  s
   58   2   1  -1       0.82977337  p_y
   58   2   1   0       0.82987164  p_z
   58   2   1   1       0.82998381  p_x
   58   3   2  -2       0.03891168  d_xy
   58   3   2  -1       0.03920802  d_yz
   58   3   2   0       0.01893871  d_z2
   58   3   2   1       0.03892233  d_xz
   58   3   2   2       0.01887993  d_x2-y2
   59   1   0   0       1.35549262  s
   59   2   1  -1       0.82989569  p_y
   59   2   1   0       0.82990321  p_z
   59   2   1   1       0.82990321  p_x
   59   3   2  -2       0.03908047  d_xy
   59   3   2  -1       0.03908049  d_yz
   59   3   2   0       0.01883631  d_z2
   59   3   2   1       0.03897500  d_xz
   59   3   2   2       0.01888419  d_x2-y2
   60   1   0   0       1.35579402  s
   60   2   1  -1       0.82991781  p_y
   60   2   1   0       0.82991781  p_z
   60   2   1   1       0.82991781  p_x
   60   3   2  -2       0.03899140  d_xy
   60   3   2  -1       0.03899140  d_yz
   60   3   2   0       0.01880742  d_z2
   60   3   2   1       0.03899139  d_xz
   60   3   2   2       0.01880742  d_x2-y2
   61   1   0   0       1.35549259  s
   61   2   1  -1       0.82990320  p_y
   61   2   1   0       0.82989569  p_z
   61   2   1   1       0.82990319  p_x
   61   3   2  -2       0.03897501  d_xy
   61   3   2  -1       0.03908046  d_yz
   61   3   2   0       0.01890813  d_z2
   61   3   2   1       0.03908047  d_xz
   61   3   2   2       0.01881236  d_x2-y2
   62   1   0   0       1.35565195  s
   62   2   1  -1       0.82990559  p_y
   62   2   1   0       0.82988929  p_z
   62   2   1   1       0.82988929  p_x
   62   3   2  -2       0.03901947  d_xy
   62   3   2  -1       0.03901947  d_yz
   62   3   2   0       0.01883202  d_z2
   62   3   2   1       0.03899825  d_xz
   62   3   2   2       0.01885399  d_x2-y2
   63   1   0   0       1.35549263  s
   63   2   1  -1       0.82989570  p_y
   63   2   1   0       0.82990321  p_z
   63   2   1   1       0.82990321  p_x
   63   3   2  -2       0.03908049  d_xy
   63   3   2  -1       0.03908047  d_yz
   63   3   2   0       0.01883631  d_z2
   63   3   2   1       0.03897500  d_xz
   63   3   2   2       0.01888419  d_x2-y2
   64   1   0   0       1.35565183  s
   64   2   1  -1       0.82988927  p_y
   64   2   1   0       0.82990557  p_z
   64   2   1   1       0.82988927  p_x
   64   3   2  -2       0.03899825  d_xy
   64   3   2  -1       0.03901944  d_yz
   64   3   2   0       0.01886496  d_z2
   64   3   2   1       0.03901945  d_xz
   64   3   2   2       0.01882103  d_x2-y2
   65   1   0   0       1.35622519  s
   65   2   1  -1       0.82969498  p_y
   65   2   1   0       0.82957904  p_z
   65   2   1   1       0.82966600  p_x
   65   3   2  -2       0.03894941  d_xy
   65   3   2  -1       0.03901508  d_yz
   65   3   2   0       0.01891293  d_z2
   65   3   2   1       0.03933693  d_xz
   65   3   2   2       0.01892530  d_x2-y2
   66   1   0   0       1.35610603  s
   66   2   1  -1       0.83009801  p_y
   66   2   1   0       0.82947610  p_z
   66   2   1   1       0.82947610  p_x
   66   3   2  -2       0.03885067  d_xy
   66   3   2  -1       0.03885069  d_yz
   66   3   2   0       0.01893758  d_z2
   66   3   2   1       0.03962698  d_xz
   66   3   2   2       0.01898339  d_x2-y2
   67   1   0   0       1.35630608  s
   67   2   1  -1       0.82971988  p_y
   67   2   1   0       0.82971988  p_z
   67   2   1   1       0.82974957  p_x
   67   3   2  -2       0.03926454  d_xy
   67   3   2  -1       0.03898126  d_yz
   67   3   2   0       0.01899251  d_z2
   67   3   2   1       0.03926455  d_xz
   67   3   2   2       0.01890515  d_x2-y2
   68   1   0   0       1.35610604  s
   68   2   1  -1       0.82947610  p_y
   68   2   1   0       0.83009801  p_z
   68   2   1   1       0.82947611  p_x
   68   3   2  -2       0.03962697  d_xy
   68   3   2  -1       0.03885069  d_yz
   68   3   2   0       0.01900629  d_z2
   68   3   2   1       0.03885067  d_xz
   68   3   2   2       0.01891468  d_x2-y2
   69   1   0   0       1.35571521  s
   69   2   1  -1       0.82987087  p_y
   69   2   1   0       0.82980084  p_z
   69   2   1   1       0.82977049  p_x
   69   3   2  -2       0.03897249  d_xy
   69   3   2  -1       0.03895645  d_yz
   69   3   2   0       0.01887710  d_z2
   69   3   2   1       0.03926819  d_xz
   69   3   2   2       0.01891243  d_x2-y2
   70   1   0   0       1.35586902  s
   70   2   1  -1       0.82986762  p_y
   70   2   1   0       0.82986211  p_z
   70   2   1   1       0.82986213  p_x
   70   3   2  -2       0.03902022  d_xy
   70   3   2  -1       0.03902025  d_yz
   70   3   2   0       0.01890720  d_z2
   70   3   2   1       0.03909688  d_xz
   70   3   2   2       0.01889347  d_x2-y2
   71   1   0   0       1.35586901  s
   71   2   1  -1       0.82986212  p_y
   71   2   1   0       0.82986761  p_z
   71   2   1   1       0.82986213  p_x
   71   3   2  -2       0.03909687  d_xy
   71   3   2  -1       0.03902025  d_yz
   71   3   2   0       0.01888659  d_z2
   71   3   2   1       0.03902022  d_xz
   71   3   2   2       0.01891407  d_x2-y2
   72   1   0   0       1.35584485  s
   72   2   1  -1       0.82800954  p_y
   72   2   1   0       0.82882897  p_z
   72   2   1   1       0.82919186  p_x
   72   3   2  -2       0.03845061  d_xy
   72   3   2  -1       0.04079983  d_yz
   72   3   2   0       0.01938243  d_z2
   72   3   2   1       0.03931660  d_xz
   72   3   2   2       0.01943735  d_x2-y2
   73   1   0   0       1.35556473  s
   73   2   1  -1       0.82987871  p_y
   73   2   1   0       0.82995120  p_z
   73   2   1   1       0.82993951  p_x
   73   3   2  -2       0.03903502  d_xy
   73   3   2  -1       0.03898846  d_yz
   73   3   2   0       0.01887010  d_z2
   73   3   2   1       0.03903032  d_xz
   73   3   2   2       0.01886771  d_x2-y2
   74   1   0   0       1.35562364  s
   74   2   1  -1       0.82994171  p_y
   74   2   1   0       0.82994171  p_z
   74   2   1   1       0.82994172  p_x
   74   3   2  -2       0.03900280  d_xy
   74   3   2  -1       0.03900283  d_yz
   74   3   2   0       0.01885664  d_z2
   74   3   2   1       0.03900281  d_xz
   74   3   2   2       0.01885664  d_x2-y2
   75   1   0   0       1.35567369  s
   75   2   1  -1       0.82964751  p_y
   75   2   1   0       0.82978438  p_z
   75   2   1   1       0.82982587  p_x
   75   3   2  -2       0.03886012  d_xy
   75   3   2  -1       0.03950249  d_yz
   75   3   2   0       0.01897997  d_z2
   75   3   2   1       0.03904556  d_xz
   75   3   2   2       0.01893627  d_x2-y2
   76   1   0   0       1.35610603  s
   76   2   1  -1       0.82947609  p_y
   76   2   1   0       0.82947609  p_z
   76   2   1   1       0.83009802  p_x
   76   3   2  -2       0.03885067  d_xy
   76   3   2  -1       0.03962700  d_yz
   76   3   2   0       0.01893758  d_z2
   76   3   2   1       0.03885067  d_xz
   76   3   2   2       0.01898339  d_x2-y2
   77   1   0   0       1.35581002  s
   77   2   1  -1       0.82989957  p_y
   77   2   1   0       0.82992679  p_z
   77   2   1   1       0.82989957  p_x
   77   3   2  -2       0.03897936  d_xy
   77   3   2  -1       0.03895760  d_yz
   77   3   2   0       0.01885383  d_z2
   77   3   2   1       0.03895760  d_xz
   77   3   2   2       0.01881798  d_x2-y2
   78   1   0   0       1.35525445  s
   78   2   1  -1       0.82979081  p_y
   78   2   1   0       0.82999187  p_z
   78   2   1   1       0.82997375  p_x
   78   3   2  -2       0.03880800  d_xy
   78   3   2  -1       0.03922848  d_yz
   78   3   2   0       0.01901746  d_z2
   78   3   2   1       0.03901680  d_xz
   78   3   2   2       0.01887490  d_x2-y2
   79   1   0   0       1.35571531  s
   79   2   1  -1       0.82977051  p_y
   79   2   1   0       0.82980086  p_z
   79   2   1   1       0.82987090  p_x
   79   3   2  -2       0.03897252  d_xy
   79   3   2  -1       0.03926821  d_yz
   79   3   2   0       0.01887711  d_z2
   79   3   2   1       0.03895645  d_xz
   79   3   2   2       0.01891244  d_x2-y2
   80   1   0   0       1.35571532  s
   80   2   1  -1       0.82980087  p_y
   80   2   1   0       0.82977051  p_z
   80   2   1   1       0.82987090  p_x
   80   3   2  -2       0.03895644  d_xy
   80   3   2  -1       0.03926822  d_yz
   80   3   2   0       0.01888901  d_z2
   80   3   2   1       0.03897253  d_xz
   80   3   2   2       0.01890054  d_x2-y2
   81   1   0   0       1.35567366  s
   81   2   1  -1       0.82982585  p_y
   81   2   1   0       0.82978438  p_z
   81   2   1   1       0.82964751  p_x
   81   3   2  -2       0.03886012  d_xy
   81   3   2  -1       0.03904558  d_yz
   81   3   2   0       0.01897997  d_z2
   81   3   2   1       0.03950247  d_xz
   81   3   2   2       0.01893627  d_x2-y2
   82   1   0   0       1.35630602  s
   82   2   1  -1       0.82971986  p_y
   82   2   1   0       0.82974954  p_z
   82   2   1   1       0.82971987  p_x
   82   3   2  -2       0.03898123  d_xy
   82   3   2  -1       0.03926457  d_yz
   82   3   2   0       0.01886146  d_z2
   82   3   2   1       0.03926453  d_xz
   82   3   2   2       0.01903620  d_x2-y2
   83   1   0   0       1.35630604  s
   83   2   1  -1       0.82974955  p_y
   83   2   1   0       0.82971986  p_z
   83   2   1   1       0.82971988  p_x
   83   3   2  -2       0.03926453  d_xy
   83   3   2  -1       0.03926457  d_yz
   83   3   2   0       0.01899251  d_z2
   83   3   2   1       0.03898124  d_xz
   83   3   2   2       0.01890515  d_x2-y2
   84   1   0   0       1.35556470  s
   84   2   1  -1       0.82987870  p_y
   84   2   1   0       0.82993949  p_z
   84   2   1   1       0.82995121  p_x
   84   3   2  -2       0.03898843  d_xy
   84   3   2  -1       0.03903505  d_yz
   84   3   2   0       0.01885968  d_z2
   84   3   2   1       0.03903032  d_xz
   84   3   2   2       0.01887813  d_x2-y2
   85   1   0   0       1.35569053  s
   85   2   1  -1       0.82971094  p_y
   85   2   1   0       0.82986808  p_z
   85   2   1   1       0.82971095  p_x
   85   3   2  -2       0.03901024  d_xy
   85   3   2  -1       0.03904605  d_yz
   85   3   2   0       0.01894867  d_z2
   85   3   2   1       0.03904602  d_xz
   85   3   2   2       0.01889957  d_x2-y2
   86   1   0   0       1.35586904  s
   86   2   1  -1       0.82986212  p_y
   86   2   1   0       0.82986212  p_z
   86   2   1   1       0.82986763  p_x
   86   3   2  -2       0.03902022  d_xy
   86   3   2  -1       0.03909691  d_yz
   86   3   2   0       0.01890720  d_z2
   86   3   2   1       0.03902023  d_xz
   86   3   2   2       0.01889347  d_x2-y2
   87   1   0   0       1.35569054  s
   87   2   1  -1       0.82986808  p_y
   87   2   1   0       0.82971094  p_z
   87   2   1   1       0.82971095  p_x
   87   3   2  -2       0.03904602  d_xy
   87   3   2  -1       0.03904605  d_yz
   87   3   2   0       0.01891184  d_z2
   87   3   2   1       0.03901024  d_xz
   87   3   2   2       0.01893640  d_x2-y2
   88   1   0   0       1.35525437  s
   88   2   1  -1       0.82997374  p_y
   88   2   1   0       0.82999186  p_z
   88   2   1   1       0.82979080  p_x
   88   3   2  -2       0.03880798  d_xy
   88   3   2  -1       0.03901681  d_yz
   88   3   2   0       0.01901745  d_z2
   88   3   2   1       0.03922847  d_xz
   88   3   2   2       0.01887489  d_x2-y2
   89   1   0   0       1.35556479  s
   89   2   1  -1       0.82993952  p_y
   89   2   1   0       0.82995122  p_z
   89   2   1   1       0.82987872  p_x
   89   3   2  -2       0.03903504  d_xy
   89   3   2  -1       0.03903034  d_yz
   89   3   2   0       0.01887011  d_z2
   89   3   2   1       0.03898846  d_xz
   89   3   2   2       0.01886772  d_x2-y2
   90   1   0   0       1.35556479  s
   90   2   1  -1       0.82995122  p_y
   90   2   1   0       0.82993951  p_z
   90   2   1   1       0.82987872  p_x
   90   3   2  -2       0.03898845  d_xy
   90   3   2  -1       0.03903034  d_yz
   90   3   2   0       0.01885969  d_z2
   90   3   2   1       0.03903504  d_xz
   90   3   2   2       0.01887813  d_x2-y2
   91   1   0   0       1.35622527  s
   91   2   1  -1       0.82966601  p_y
   91   2   1   0       0.82957906  p_z
   91   2   1   1       0.82969500  p_x
   91   3   2  -2       0.03894943  d_xy
   91   3   2  -1       0.03933695  d_yz
   91   3   2   0       0.01891293  d_z2
   91   3   2   1       0.03901508  d_xz
   91   3   2   2       0.01892531  d_x2-y2
   92   1   0   0       1.35529881  s
   92   2   1  -1       0.82994281  p_y
   92   2   1   0       0.83014482  p_z
   92   2   1   1       0.82994281  p_x
   92   3   2  -2       0.03898825  d_xy
   92   3   2  -1       0.03907799  d_yz
   92   3   2   0       0.01894782  d_z2
   92   3   2   1       0.03907799  d_xz
   92   3   2   2       0.01882887  d_x2-y2
   93   1   0   0       1.35569055  s
   93   2   1  -1       0.82971094  p_y
   93   2   1   0       0.82971094  p_z
   93   2   1   1       0.82986809  p_x
   93   3   2  -2       0.03904602  d_xy
   93   3   2  -1       0.03901026  d_yz
   93   3   2   0       0.01891184  d_z2
   93   3   2   1       0.03904602  d_xz
   93   3   2   2       0.01893640  d_x2-y2
   94   1   0   0       1.35584487  s
   94   2   1  -1       0.82919187  p_y
   94   2   1   0       0.82882899  p_z
   94   2   1   1       0.82800955  p_x
   94   3   2  -2       0.03845062  d_xy
   94   3   2  -1       0.03931663  d_yz
   94   3   2   0       0.01938243  d_z2
   94   3   2   1       0.04079981  d_xz
   94   3   2   2       0.01943735  d_x2-y2
   95   1   0   0       1.35711412  s
   95   2   1  -1       0.82983640  p_y
   95   2   1   0       0.82983641  p_z
   95   2   1   1       0.82983640  p_x
   95   3   2  -2       0.04055419  d_xy
   95   3   2  -1       0.04055421  d_yz
   95   3   2   0       0.01950289  d_z2
   95   3   2   1       0.04055419  d_xz
   95   3   2   2       0.01950289  d_x2-y2
   96   1   0   0       1.35571526  s
   96   2   1  -1       0.82987089  p_y
   96   2   1   0       0.82977049  p_z
   96   2   1   1       0.82980086  p_x
   96   3   2  -2       0.03895642  d_xy
   96   3   2  -1       0.03897253  d_yz
   96   3   2   0       0.01888900  d_z2
   96   3   2   1       0.03926820  d_xz
   96   3   2   2       0.01890054  d_x2-y2
   97   1   0   0       1.35510318  s
   97   2   1  -1       0.83003103  p_y
   97   2   1   0       0.83015822  p_z
   97   2   1   1       0.83003103  p_x
   97   3   2  -2       0.03895440  d_xy
   97   3   2  -1       0.03918125  d_yz
   97   3   2   0       0.01901564  d_z2
   97   3   2   1       0.03918126  d_xz
   97   3   2   2       0.01881499  d_x2-y2
   98   1   0   0       1.35510325  s
   98   2   1  -1       0.83003105  p_y
   98   2   1   0       0.83015823  p_z
   98   2   1   1       0.83003104  p_x
   98   3   2  -2       0.03895441  d_xy
   98   3   2  -1       0.03918127  d_yz
   98   3   2   0       0.01901564  d_z2
   98   3   2   1       0.03918127  d_xz
   98   3   2   2       0.01881500  d_x2-y2
   99   1   0   0       1.35558816  s
   99   2   1  -1       0.82977342  p_y
   99   2   1   0       0.82987168  p_z
   99   2   1   1       0.82998385  p_x
   99   3   2  -2       0.03891168  d_xy
   99   3   2  -1       0.03920804  d_yz
   99   3   2   0       0.01893872  d_z2
   99   3   2   1       0.03892237  d_xz
   99   3   2   2       0.01887995  d_x2-y2
  100   1   0   0       1.35558816  s
  100   2   1  -1       0.82987168  p_y
  100   2   1   0       0.82977342  p_z
  100   2   1   1       0.82998385  p_x
  100   3   2  -2       0.03892236  d_xy
  100   3   2  -1       0.03920804  d_yz
  100   3   2   0       0.01892043  d_z2
  100   3   2   1       0.03891169  d_xz
  100   3   2   2       0.01889824  d_x2-y2
  101   1   0   0       1.35602290  s
  101   2   1  -1       0.82988598  p_y
  101   2   1   0       0.82959757  p_z
  101   2   1   1       0.82949839  p_x
  101   3   2  -2       0.03893537  d_xy
  101   3   2  -1       0.03887212  d_yz
  101   3   2   0       0.01894476  d_z2
  101   3   2   1       0.03946600  d_xz
  101   3   2   2       0.01893852  d_x2-y2
  102   1   0   0       1.35578884  s
  102   2   1  -1       0.82979108  p_y
  102   2   1   0       0.82980880  p_z
  102   2   1   1       0.82980881  p_x
  102   3   2  -2       0.03894051  d_xy
  102   3   2  -1       0.03894054  d_yz
  102   3   2   0       0.01888697  d_z2
  102   3   2   1       0.03928705  d_xz
  102   3   2   2       0.01892008  d_x2-y2
  103   1   0   0       1.35569841  s
  103   2   1  -1       0.82977929  p_y
  103   2   1   0       0.82977929  p_z
  103   2   1   1       0.82973811  p_x
  103   3   2  -2       0.03910264  d_xy
  103   3   2  -1       0.03903333  d_yz
  103   3   2   0       0.01890928  d_z2
  103   3   2   1       0.03910265  d_xz
  103   3   2   2       0.01894657  d_x2-y2
  104   1   0   0       1.35590334  s
  104   2   1  -1       0.82916763  p_y
  104   2   1   0       0.82862846  p_z
  104   2   1   1       0.82916764  p_x
  104   3   2  -2       0.03823608  d_xy
  104   3   2  -1       0.04010502  d_yz
  104   3   2   0       0.02043712  d_z2
  104   3   2   1       0.04010499  d_xz
  104   3   2   2       0.01963933  d_x2-y2
  105   1   0   0       1.35558802  s
  105   2   1  -1       0.82998382  p_y
  105   2   1   0       0.82987164  p_z
  105   2   1   1       0.82977340  p_x
  105   3   2  -2       0.03891165  d_xy
  105   3   2  -1       0.03892237  d_yz
  105   3   2   0       0.01893871  d_z2
  105   3   2   1       0.03920802  d_xz
  105   3   2   2       0.01887994  d_x2-y2
  106   1   0   0       1.35560117  s
  106   2   1  -1       0.82994081  p_y
  106   2   1   0       0.82990042  p_z
  106   2   1   1       0.82990044  p_x
  106   3   2  -2       0.03899578  d_xy
  106   3   2  -1       0.03899582  d_yz
  106   3   2   0       0.01885609  d_z2
  106   3   2   1       0.03907863  d_xz
  106   3   2   2       0.01884942  d_x2-y2
  107   1   0   0       1.35554640  s
  107   2   1  -1       0.82986666  p_y
  107   2   1   0       0.83022039  p_z
  107   2   1   1       0.82986667  p_x
  107   3   2  -2       0.03888570  d_xy
  107   3   2  -1       0.03928713  d_yz
  107   3   2   0       0.01909940  d_z2
  107   3   2   1       0.03928710  d_xz
  107   3   2   2       0.01891639  d_x2-y2
  108   1   0   0       1.35557463  s
  108   2   1  -1       0.82916327  p_y
  108   2   1   0       0.82959870  p_z
  108   2   1   1       0.82917046  p_x
  108   3   2  -2       0.03897685  d_xy
  108   3   2  -1       0.03966486  d_yz
  108   3   2   0       0.01906441  d_z2
  108   3   2   1       0.03918665  d_xz
  108   3   2   2       0.01911110  d_x2-y2
  109   1   0   0       1.35565188  s
  109   2   1  -1       0.82988928  p_y
  109   2   1   0       0.82990557  p_z
  109   2   1   1       0.82988929  p_x
  109   3   2  -2       0.03899823  d_xy
  109   3   2  -1       0.03901947  d_yz
  109   3   2   0       0.01886497  d_z2
  109   3   2   1       0.03901947  d_xz
  109   3   2   2       0.01882103  d_x2-y2
  110   1   0   0       1.35510315  s
  110   2   1  -1       0.83003102  p_y
  110   2   1   0       0.83015821  p_z
  110   2   1   1       0.83003102  p_x
  110   3   2  -2       0.03895439  d_xy
  110   3   2  -1       0.03918126  d_yz
  110   3   2   0       0.01901563  d_z2
  110   3   2   1       0.03918125  d_xz
  110   3   2   2       0.01881499  d_x2-y2
  111   1   0   0       1.35544700  s
  111   2   1  -1       0.82987253  p_y
  111   2   1   0       0.82990721  p_z
  111   2   1   1       0.82990968  p_x
  111   3   2  -2       0.03896097  d_xy
  111   3   2  -1       0.03930292  d_yz
  111   3   2   0       0.01895203  d_z2
  111   3   2   1       0.03905561  d_xz
  111   3   2   2       0.01887452  d_x2-y2
  112   1   0   0       1.35578890  s
  112   2   1  -1       0.82980882  p_y
  112   2   1   0       0.82980881  p_z
  112   2   1   1       0.82979110  p_x
  112   3   2  -2       0.03894052  d_xy
  112   3   2  -1       0.03928707  d_yz
  112   3   2   0       0.01888698  d_z2
  112   3   2   1       0.03894053  d_xz
  112   3   2   2       0.01892008  d_x2-y2
  113   1   0   0       1.35602287  s
  113   2   1  -1       0.82988597  p_y
  113   2   1   0       0.82959757  p_z
  113   2   1   1       0.82949838  p_x
  113   3   2  -2       0.03893537  d_xy
  113   3   2  -1       0.03887211  d_yz
  113   3   2   0       0.01894476  d_z2
  113   3   2   1       0.03946598  d_xz
  113   3   2   2       0.01893851  d_x2-y2
  114   1   0   0       1.35557463  s
  114   2   1  -1       0.82917045  p_y
  114   2   1   0       0.82959870  p_z
  114   2   1   1       0.82916328  p_x
  114   3   2  -2       0.03897685  d_xy
  114   3   2  -1       0.03918668  d_yz
  114   3   2   0       0.01906441  d_z2
  114   3   2   1       0.03966483  d_xz
  114   3   2   2       0.01911111  d_x2-y2
  115   1   0   0       1.35609112  s
  115   2   1  -1       0.82813551  p_y
  115   2   1   0       0.82813551  p_z
  115   2   1   1       0.82813552  p_x
  115   3   2  -2       0.03917657  d_xy
  115   3   2  -1       0.03917660  d_yz
  115   3   2   0       0.01888331  d_z2
  115   3   2   1       0.03917657  d_xz
  115   3   2   2       0.01888332  d_x2-y2
  116   1   0   0       1.35558802  s
  116   2   1  -1       0.82998382  p_y
  116   2   1   0       0.82977338  p_z
  116   2   1   1       0.82987165  p_x
  116   3   2  -2       0.03892233  d_xy
  116   3   2  -1       0.03891169  d_yz
  116   3   2   0       0.01892041  d_z2
  116   3   2   1       0.03920802  d_xz
  116   3   2   2       0.01889823  d_x2-y2
  117   1   0   0       1.35544694  s
  117   2   1  -1       0.82990966  p_y
  117   2   1   0       0.82990720  p_z
  117   2   1   1       0.82987253  p_x
  117   3   2  -2       0.03896096  d_xy
  117   3   2  -1       0.03905563  d_yz
  117   3   2   0       0.01895202  d_z2
  117   3   2   1       0.03930289  d_xz
  117   3   2   2       0.01887451  d_x2-y2
  118   1   0   0       1.35569840  s
  118   2   1  -1       0.82977929  p_y
  118   2   1   0       0.82973810  p_z
  118   2   1   1       0.82977930  p_x
  118   3   2  -2       0.03903329  d_xy
  118   3   2  -1       0.03910268  d_yz
  118   3   2   0       0.01896521  d_z2
  118   3   2   1       0.03910265  d_xz
  118   3   2   2       0.01889064  d_x2-y2
  119   1   0   0       1.35569841  s
  119   2   1  -1       0.82973810  p_y
  119   2   1   0       0.82977929  p_z
  119   2   1   1       0.82977930  p_x
  119   3   2  -2       0.03910264  d_xy
  119   3   2  -1       0.03910268  d_yz
  119   3   2   0       0.01890928  d_z2
  119   3   2   1       0.03903330  d_xz
  119   3   2   2       0.01894657  d_x2-y2
  120   1   0   0       1.35544688  s
  120   2   1  -1       0.82990964  p_y
  120   2   1   0       0.82990718  p_z
  120   2   1   1       0.82987251  p_x
  120   3   2  -2       0.03896095  d_xy
  120   3   2  -1       0.03905561  d_yz
  120   3   2   0       0.01895202  d_z2
  120   3   2   1       0.03930288  d_xz
  120   3   2   2       0.01887451  d_x2-y2
  121   1   0   0       1.35549264  s
  121   2   1  -1       0.82990321  p_y
  121   2   1   0       0.82989570  p_z
  121   2   1   1       0.82990322  p_x
  121   3   2  -2       0.03897499  d_xy
  121   3   2  -1       0.03908049  d_yz
  121   3   2   0       0.01890813  d_z2
  121   3   2   1       0.03908048  d_xz
  121   3   2   2       0.01881237  d_x2-y2
  122   1   0   0       1.35560123  s
  122   2   1  -1       0.82990044  p_y
  122   2   1   0       0.82990043  p_z
  122   2   1   1       0.82994083  p_x
  122   3   2  -2       0.03899579  d_xy
  122   3   2  -1       0.03907865  d_yz
  122   3   2   0       0.01885609  d_z2
  122   3   2   1       0.03899580  d_xz
  122   3   2   2       0.01884942  d_x2-y2
  123   1   0   0       1.35602293  s
  123   2   1  -1       0.82949838  p_y
  123   2   1   0       0.82959758  p_z
  123   2   1   1       0.82988599  p_x
  123   3   2  -2       0.03893539  d_xy
  123   3   2  -1       0.03946601  d_yz
  123   3   2   0       0.01894477  d_z2
  123   3   2   1       0.03887210  d_xz
  123   3   2   2       0.01893852  d_x2-y2
  124   1   0   0       1.35510317  s
  124   2   1  -1       0.83003103  p_y
  124   2   1   0       0.83015821  p_z
  124   2   1   1       0.83003103  p_x
  124   3   2  -2       0.03895439  d_xy
  124   3   2  -1       0.03918127  d_yz
  124   3   2   0       0.01901564  d_z2
  124   3   2   1       0.03918126  d_xz
  124   3   2   2       0.01881500  d_x2-y2
  125   1   0   0       1.35565196  s
  125   2   1  -1       0.82988930  p_y
  125   2   1   0       0.82990559  p_z
  125   2   1   1       0.82988930  p_x
  125   3   2  -2       0.03899824  d_xy
  125   3   2  -1       0.03901947  d_yz
  125   3   2   0       0.01886497  d_z2
  125   3   2   1       0.03901948  d_xz
  125   3   2   2       0.01882104  d_x2-y2
  126   1   0   0       1.35544701  s
  126   2   1  -1       0.82987253  p_y
  126   2   1   0       0.82990722  p_z
  126   2   1   1       0.82990967  p_x
  126   3   2  -2       0.03896098  d_xy
  126   3   2  -1       0.03930290  d_yz
  126   3   2   0       0.01895203  d_z2
  126   3   2   1       0.03905561  d_xz
  126   3   2   2       0.01887452  d_x2-y2
  127   1   0   0       1.35602305  s
  127   2   1  -1       0.82949842  p_y
  127   2   1   0       0.82959762  p_z
  127   2   1   1       0.82988601  p_x
  127   3   2  -2       0.03893540  d_xy
  127   3   2  -1       0.03946601  d_yz
  127   3   2   0       0.01894477  d_z2
  127   3   2   1       0.03887212  d_xz
  127   3   2   2       0.01893853  d_x2-y2
  128   1   0   0       1.35549267  s
  128   2   1  -1       0.82990322  p_y
  128   2   1   0       0.82989570  p_z
  128   2   1   1       0.82990322  p_x
  128   3   2  -2       0.03897500  d_xy
  128   3   2  -1       0.03908049  d_yz
  128   3   2   0       0.01890814  d_z2
  128   3   2   1       0.03908050  d_xz
  128   3   2   2       0.01881237  d_x2-y2
  129   1   0   0       1.35622519  s
  129   2   1  -1       0.82957904  p_y
  129   2   1   0       0.82969498  p_z
  129   2   1   1       0.82966600  p_x
  129   3   2  -2       0.03933693  d_xy
  129   3   2  -1       0.03901508  d_yz
  129   3   2   0       0.01900806  d_z2
  129   3   2   1       0.03894941  d_xz
  129   3   2   2       0.01883017  d_x2-y2
  130   1   0   0       1.35610590  s
  130   2   1  -1       0.82947606  p_y
  130   2   1   0       0.83009798  p_z
  130   2   1   1       0.82947606  p_x
  130   3   2  -2       0.03962697  d_xy
  130   3   2  -1       0.03885066  d_yz
  130   3   2   0       0.01900628  d_z2
  130   3   2   1       0.03885065  d_xz
  130   3   2   2       0.01891467  d_x2-y2
  131   1   0   0       1.35630589  s
  131   2   1  -1       0.82971983  p_y
  131   2   1   0       0.82971983  p_z
  131   2   1   1       0.82974951  p_x
  131   3   2  -2       0.03926453  d_xy
  131   3   2  -1       0.03898122  d_yz
  131   3   2   0       0.01899250  d_z2
  131   3   2   1       0.03926452  d_xz
  131   3   2   2       0.01890514  d_x2-y2
  132   1   0   0       1.35610590  s
  132   2   1  -1       0.83009798  p_y
  132   2   1   0       0.82947606  p_z
  132   2   1   1       0.82947607  p_x
  132   3   2  -2       0.03885066  d_xy
  132   3   2  -1       0.03885066  d_yz
  132   3   2   0       0.01893757  d_z2
  132   3   2   1       0.03962696  d_xz
  132   3   2   2       0.01898338  d_x2-y2
  133   1   0   0       1.35567359  s
  133   2   1  -1       0.82978436  p_y
  133   2   1   0       0.82982584  p_z
  133   2   1   1       0.82964749  p_x
  133   3   2  -2       0.03950247  d_xy
  133   3   2  -1       0.03904557  d_yz
  133   3   2   0       0.01890697  d_z2
  133   3   2   1       0.03886010  d_xz
  133   3   2   2       0.01900926  d_x2-y2
  134   1   0   0       1.35630587  s
  134   2   1  -1       0.82974950  p_y
  134   2   1   0       0.82971982  p_z
  134   2   1   1       0.82971982  p_x
  134   3   2  -2       0.03926452  d_xy
  134   3   2  -1       0.03926453  d_yz
  134   3   2   0       0.01899250  d_z2
  134   3   2   1       0.03898121  d_xz
  134   3   2   2       0.01890513  d_x2-y2
  135   1   0   0       1.35630588  s
  135   2   1  -1       0.82971982  p_y
  135   2   1   0       0.82974951  p_z
  135   2   1   1       0.82971983  p_x
  135   3   2  -2       0.03898122  d_xy
  135   3   2  -1       0.03926453  d_yz
  135   3   2   0       0.01886145  d_z2
  135   3   2   1       0.03926452  d_xz
  135   3   2   2       0.01903618  d_x2-y2
  136   1   0   0       1.35556464  s
  136   2   1  -1       0.82993948  p_y
  136   2   1   0       0.82987868  p_z
  136   2   1   1       0.82995119  p_x
  136   3   2  -2       0.03903030  d_xy
  136   3   2  -1       0.03903503  d_yz
  136   3   2   0       0.01887692  d_z2
  136   3   2   1       0.03898843  d_xz
  136   3   2   2       0.01886088  d_x2-y2
  137   1   0   0       1.35567360  s
  137   2   1  -1       0.82978436  p_y
  137   2   1   0       0.82964749  p_z
  137   2   1   1       0.82982585  p_x
  137   3   2  -2       0.03904556  d_xy
  137   3   2  -1       0.03950247  d_yz
  137   3   2   0       0.01898741  d_z2
  137   3   2   1       0.03886010  d_xz
  137   3   2   2       0.01892882  d_x2-y2
  138   1   0   0       1.35610590  s
  138   2   1  -1       0.82947606  p_y
  138   2   1   0       0.82947606  p_z
  138   2   1   1       0.83009798  p_x
  138   3   2  -2       0.03885066  d_xy
  138   3   2  -1       0.03962697  d_yz
  138   3   2   0       0.01893757  d_z2
  138   3   2   1       0.03885065  d_xz
  138   3   2   2       0.01898338  d_x2-y2
  139   1   0   0       1.35556465  s
  139   2   1  -1       0.82995119  p_y
  139   2   1   0       0.82987869  p_z
  139   2   1   1       0.82993949  p_x
  139   3   2  -2       0.03903031  d_xy
  139   3   2  -1       0.03898844  d_yz
  139   3   2   0       0.01887692  d_z2
  139   3   2   1       0.03903502  d_xz
  139   3   2   2       0.01886088  d_x2-y2
  140   1   0   0       1.35562352  s
  140   2   1  -1       0.82994168  p_y
  140   2   1   0       0.82994169  p_z
  140   2   1   1       0.82994169  p_x
  140   3   2  -2       0.03900280  d_xy
  140   3   2  -1       0.03900280  d_yz
  140   3   2   0       0.01885663  d_z2
  140   3   2   1       0.03900280  d_xz
  140   3   2   2       0.01885663  d_x2-y2
  141   1   0   0       1.35622520  s
  141   2   1  -1       0.82957905  p_y
  141   2   1   0       0.82966600  p_z
  141   2   1   1       0.82969498  p_x
  141   3   2  -2       0.03901508  d_xy
  141   3   2  -1       0.03933693  d_yz
  141   3   2   0       0.01883635  d_z2
  141   3   2   1       0.03894941  d_xz
  141   3   2   2       0.01900187  d_x2-y2
  142   1   0   0       1.35529876  s
  142   2   1  -1       0.83014481  p_y
  142   2   1   0       0.82994280  p_z
  142   2   1   1       0.82994280  p_x
  142   3   2  -2       0.03907798  d_xy
  142   3   2  -1       0.03907798  d_yz
  142   3   2   0       0.01885860  d_z2
  142   3   2   1       0.03898825  d_xz
  142   3   2   2       0.01891808  d_x2-y2
  143   1   0   0       1.35556465  s
  143   2   1  -1       0.82995119  p_y
  143   2   1   0       0.82993949  p_z
  143   2   1   1       0.82987869  p_x
  143   3   2  -2       0.03898844  d_xy
  143   3   2  -1       0.03903031  d_yz
  143   3   2   0       0.01885968  d_z2
  143   3   2   1       0.03903503  d_xz
  143   3   2   2       0.01887812  d_x2-y2
  144   1   0   0       1.35556465  s
  144   2   1  -1       0.82993949  p_y
  144   2   1   0       0.82995119  p_z
  144   2   1   1       0.82987868  p_x
  144   3   2  -2       0.03903503  d_xy
  144   3   2  -1       0.03903030  d_yz
  144   3   2   0       0.01887010  d_z2
  144   3   2   1       0.03898843  d_xz
  144   3   2   2       0.01886770  d_x2-y2
  145   1   0   0       1.35571515  s
  145   2   1  -1       0.82980083  p_y
  145   2   1   0       0.82987086  p_z
  145   2   1   1       0.82977048  p_x
  145   3   2  -2       0.03926818  d_xy
  145   3   2  -1       0.03895644  d_yz
  145   3   2   0       0.01891819  d_z2
  145   3   2   1       0.03897249  d_xz
  145   3   2   2       0.01887133  d_x2-y2
  146   1   0   0       1.35586886  s
  146   2   1  -1       0.82986208  p_y
  146   2   1   0       0.82986759  p_z
  146   2   1   1       0.82986209  p_x
  146   3   2  -2       0.03909687  d_xy
  146   3   2  -1       0.03902022  d_yz
  146   3   2   0       0.01888658  d_z2
  146   3   2   1       0.03902021  d_xz
  146   3   2   2       0.01891406  d_x2-y2
  147   1   0   0       1.35586886  s
  147   2   1  -1       0.82986758  p_y
  147   2   1   0       0.82986209  p_z
  147   2   1   1       0.82986209  p_x
  147   3   2  -2       0.03902022  d_xy
  147   3   2  -1       0.03902022  d_yz
  147   3   2   0       0.01890719  d_z2
  147   3   2   1       0.03909686  d_xz
  147   3   2   2       0.01889345  d_x2-y2
  148   1   0   0       1.35584478  s
  148   2   1  -1       0.82882894  p_y
  148   2   1   0       0.82800951  p_z
  148   2   1   1       0.82919183  p_x
  148   3   2  -2       0.03931660  d_xy
  148   3   2  -1       0.04079981  d_yz
  148   3   2   0       0.01955400  d_z2
  148   3   2   1       0.03845059  d_xz
  148   3   2   2       0.01926576  d_x2-y2
  149   1   0   0       1.35569041  s
  149   2   1  -1       0.82986805  p_y
  149   2   1   0       0.82971092  p_z
  149   2   1   1       0.82971092  p_x
  149   3   2  -2       0.03904602  d_xy
  149   3   2  -1       0.03904602  d_yz
  149   3   2   0       0.01891183  d_z2
  149   3   2   1       0.03901023  d_xz
  149   3   2   2       0.01893639  d_x2-y2
  150   1   0   0       1.35586887  s
  150   2   1  -1       0.82986208  p_y
  150   2   1   0       0.82986209  p_z
  150   2   1   1       0.82986759  p_x
  150   3   2  -2       0.03902022  d_xy
  150   3   2  -1       0.03909687  d_yz
  150   3   2   0       0.01890719  d_z2
  150   3   2   1       0.03902021  d_xz
  150   3   2   2       0.01889345  d_x2-y2
  151   1   0   0       1.35569041  s
  151   2   1  -1       0.82971091  p_y
  151   2   1   0       0.82986805  p_z
  151   2   1   1       0.82971092  p_x
  151   3   2  -2       0.03901023  d_xy
  151   3   2  -1       0.03904602  d_yz
  151   3   2   0       0.01894866  d_z2
  151   3   2   1       0.03904601  d_xz
  151   3   2   2       0.01889955  d_x2-y2
  152   1   0   0       1.35525437  s
  152   2   1  -1       0.82999186  p_y
  152   2   1   0       0.82997374  p_z
  152   2   1   1       0.82979080  p_x
  152   3   2  -2       0.03922847  d_xy
  152   3   2  -1       0.03901681  d_yz
  152   3   2   0       0.01894401  d_z2
  152   3   2   1       0.03880798  d_xz
  152   3   2   2       0.01894834  d_x2-y2
  153   1   0   0       1.35571516  s
  153   2   1  -1       0.82980083  p_y
  153   2   1   0       0.82977048  p_z
  153   2   1   1       0.82987086  p_x
  153   3   2  -2       0.03895644  d_xy
  153   3   2  -1       0.03926818  d_yz
  153   3   2   0       0.01888900  d_z2
  153   3   2   1       0.03897250  d_xz
  153   3   2   2       0.01890053  d_x2-y2
  154   1   0   0       1.35571517  s
  154   2   1  -1       0.82977048  p_y
  154   2   1   0       0.82980083  p_z
  154   2   1   1       0.82987086  p_x
  154   3   2  -2       0.03897251  d_xy
  154   3   2  -1       0.03926818  d_yz
  154   3   2   0       0.01887710  d_z2
  154   3   2   1       0.03895643  d_xz
  154   3   2   2       0.01891242  d_x2-y2
  155   1   0   0       1.35580996  s
  155   2   1  -1       0.82992679  p_y
  155   2   1   0       0.82989956  p_z
  155   2   1   1       0.82989956  p_x
  155   3   2  -2       0.03895759  d_xy
  155   3   2  -1       0.03895759  d_yz
  155   3   2   0       0.01882693  d_z2
  155   3   2   1       0.03897936  d_xz
  155   3   2   2       0.01884486  d_x2-y2
  156   1   0   0       1.35525438  s
  156   2   1  -1       0.82999186  p_y
  156   2   1   0       0.82979080  p_z
  156   2   1   1       0.82997374  p_x
  156   3   2  -2       0.03901681  d_xy
  156   3   2  -1       0.03922847  d_yz
  156   3   2   0       0.01887706  d_z2
  156   3   2   1       0.03880799  d_xz
  156   3   2   2       0.01901529  d_x2-y2
  157   1   0   0       1.35711399  s
  157   2   1  -1       0.82983634  p_y
  157   2   1   0       0.82983634  p_z
  157   2   1   1       0.82983634  p_x
  157   3   2  -2       0.04055417  d_xy
  157   3   2  -1       0.04055417  d_yz
  157   3   2   0       0.01950288  d_z2
  157   3   2   1       0.04055416  d_xz
  157   3   2   2       0.01950287  d_x2-y2
  158   1   0   0       1.35571516  s
  158   2   1  -1       0.82977047  p_y
  158   2   1   0       0.82987086  p_z
  158   2   1   1       0.82980083  p_x
  158   3   2  -2       0.03926818  d_xy
  158   3   2  -1       0.03897251  d_yz
  158   3   2   0       0.01891819  d_z2
  158   3   2   1       0.03895643  d_xz
  158   3   2   2       0.01887133  d_x2-y2
  159   1   0   0       1.35569041  s
  159   2   1  -1       0.82971091  p_y
  159   2   1   0       0.82971092  p_z
  159   2   1   1       0.82986805  p_x
  159   3   2  -2       0.03904602  d_xy
  159   3   2  -1       0.03901023  d_yz
  159   3   2   0       0.01891183  d_z2
  159   3   2   1       0.03904601  d_xz
  159   3   2   2       0.01893639  d_x2-y2
  160   1   0   0       1.35584479  s
  160   2   1  -1       0.82882894  p_y
  160   2   1   0       0.82919183  p_z
  160   2   1   1       0.82800951  p_x
  160   3   2  -2       0.04079981  d_xy
  160   3   2  -1       0.03931661  d_yz
  160   3   2   0       0.01929322  d_z2
  160   3   2   1       0.03845059  d_xz
  160   3   2   2       0.01952654  d_x2-y2
  161   1   0   0       1.35510325  s
  161   2   1  -1       0.83015824  p_y
  161   2   1   0       0.83003104  p_z
  161   2   1   1       0.83003104  p_x
  161   3   2  -2       0.03918127  d_xy
  161   3   2  -1       0.03918127  d_yz
  161   3   2   0       0.01886516  d_z2
  161   3   2   1       0.03895441  d_xz
  161   3   2   2       0.01896548  d_x2-y2
  162   1   0   0       1.35510318  s
  162   2   1  -1       0.83015822  p_y
  162   2   1   0       0.83003103  p_z
  162   2   1   1       0.83003103  p_x
  162   3   2  -2       0.03918127  d_xy
  162   3   2  -1       0.03918125  d_yz
  162   3   2   0       0.01886516  d_z2
  162   3   2   1       0.03895440  d_xz
  162   3   2   2       0.01896548  d_x2-y2
  163   1   0   0       1.35558799  s
  163   2   1  -1       0.82987164  p_y
  163   2   1   0       0.82977339  p_z
  163   2   1   1       0.82998380  p_x
  163   3   2  -2       0.03892235  d_xy
  163   3   2  -1       0.03920800  d_yz
  163   3   2   0       0.01892041  d_z2
  163   3   2   1       0.03891167  d_xz
  163   3   2   2       0.01889822  d_x2-y2
  164   1   0   0       1.35558799  s
  164   2   1  -1       0.82977338  p_y
  164   2   1   0       0.82987165  p_z
  164   2   1   1       0.82998380  p_x
  164   3   2  -2       0.03891168  d_xy
  164   3   2  -1       0.03920800  d_yz
  164   3   2   0       0.01893871  d_z2
  164   3   2   1       0.03892234  d_xz
  164   3   2   2       0.01887993  d_x2-y2
  165   1   0   0       1.35602287  s
  165   2   1  -1       0.82959756  p_y
  165   2   1   0       0.82988597  p_z
  165   2   1   1       0.82949838  p_x
  165   3   2  -2       0.03946599  d_xy
  165   3   2  -1       0.03887211  d_yz
  165   3   2   0       0.01894481  d_z2
  165   3   2   1       0.03893536  d_xz
  165   3   2   2       0.01893846  d_x2-y2
  166   1   0   0       1.35557452  s
  166   2   1  -1       0.82959866  p_y
  166   2   1   0       0.82917042  p_z
  166   2   1   1       0.82916324  p_x
  166   3   2  -2       0.03966483  d_xy
  166   3   2  -1       0.03918665  d_yz
  166   3   2   0       0.01915048  d_z2
  166   3   2   1       0.03897683  d_xz
  166   3   2   2       0.01902501  d_x2-y2
  167   1   0   0       1.35609095  s
  167   2   1  -1       0.82813546  p_y
  167   2   1   0       0.82813546  p_z
  167   2   1   1       0.82813546  p_x
  167   3   2  -2       0.03917655  d_xy
  167   3   2  -1       0.03917656  d_yz
  167   3   2   0       0.01888330  d_z2
  167   3   2   1       0.03917655  d_xz
  167   3   2   2       0.01888330  d_x2-y2
  168   1   0   0       1.35558798  s
  168   2   1  -1       0.82977338  p_y
  168   2   1   0       0.82998380  p_z
  168   2   1   1       0.82987164  p_x
  168   3   2  -2       0.03920800  d_xy
  168   3   2  -1       0.03891168  d_yz
  168   3   2   0       0.01886883  d_z2
  168   3   2   1       0.03892234  d_xz
  168   3   2   2       0.01894980  d_x2-y2
  169   1   0   0       1.35554635  s
  169   2   1  -1       0.83022037  p_y
  169   2   1   0       0.82986666  p_z
  169   2   1   1       0.82986666  p_x
  169   3   2  -2       0.03928711  d_xy
  169   3   2  -1       0.03928712  d_yz
  169   3   2   0       0.01896214  d_z2
  169   3   2   1       0.03888568  d_xz
  169   3   2   2       0.01905364  d_x2-y2
  170   1   0   0       1.35557452  s
  170   2   1  -1       0.82959866  p_y
  170   2   1   0       0.82916324  p_z
  170   2   1   1       0.82917042  p_x
  170   3   2  -2       0.03918665  d_xy
  170   3   2  -1       0.03966483  d_yz
  170   3   2   0       0.01904836  d_z2
  170   3   2   1       0.03897683  d_xz
  170   3   2   2       0.01912713  d_x2-y2
  171   1   0   0       1.35558798  s
  171   2   1  -1       0.82987164  p_y
  171   2   1   0       0.82998380  p_z
  171   2   1   1       0.82977339  p_x
  171   3   2  -2       0.03920800  d_xy
  171   3   2  -1       0.03892235  d_yz
  171   3   2   0       0.01886883  d_z2
  171   3   2   1       0.03891167  d_xz
  171   3   2   2       0.01894980  d_x2-y2
  172   1   0   0       1.35560107  s
  172   2   1  -1       0.82990041  p_y
  172   2   1   0       0.82994079  p_z
  172   2   1   1       0.82990041  p_x
  172   3   2  -2       0.03907861  d_xy
  172   3   2  -1       0.03899579  d_yz
  172   3   2   0       0.01884606  d_z2
  172   3   2   1       0.03899578  d_xz
  172   3   2   2       0.01885942  d_x2-y2
  173   1   0   0       1.35602288  s
  173   2   1  -1       0.82959757  p_y
  173   2   1   0       0.82949838  p_z
  173   2   1   1       0.82988597  p_x
  173   3   2  -2       0.03887211  d_xy
  173   3   2  -1       0.03946600  d_yz
  173   3   2   0       0.01893534  d_z2
  173   3   2   1       0.03893537  d_xz
  173   3   2   2       0.01894793  d_x2-y2
  174   1   0   0       1.35510317  s
  174   2   1  -1       0.83015822  p_y
  174   2   1   0       0.83003102  p_z
  174   2   1   1       0.83003103  p_x
  174   3   2  -2       0.03918125  d_xy
  174   3   2  -1       0.03918127  d_yz
  174   3   2   0       0.01886515  d_z2
  174   3   2   1       0.03895440  d_xz
  174   3   2   2       0.01896548  d_x2-y2
  175   1   0   0       1.35549254  s
  175   2   1  -1       0.82989568  p_y
  175   2   1   0       0.82990319  p_z
  175   2   1   1       0.82990319  p_x
  175   3   2  -2       0.03908047  d_xy
  175   3   2  -1       0.03908047  d_yz
  175   3   2   0       0.01883630  d_z2
  175   3   2   1       0.03897499  d_xz
  175   3   2   2       0.01888418  d_x2-y2
  176   1   0   0       1.35560108  s
  176   2   1  -1       0.82990041  p_y
  176   2   1   0       0.82990041  p_z
  176   2   1   1       0.82994079  p_x
  176   3   2  -2       0.03899579  d_xy
  176   3   2  -1       0.03907861  d_yz
  176   3   2   0       0.01885608  d_z2
  176   3   2   1       0.03899578  d_xz
  176   3   2   2       0.01884940  d_x2-y2
  177   1   0   0       1.35602291  s
  177   2   1  -1       0.82959758  p_y
  177   2   1   0       0.82988598  p_z
  177   2   1   1       0.82949839  p_x
  177   3   2  -2       0.03946599  d_xy
  177   3   2  -1       0.03887212  d_yz
  177   3   2   0       0.01894481  d_z2
  177   3   2   1       0.03893538  d_xz
  177   3   2   2       0.01893846  d_x2-y2
  178   1   0   0       1.35578873  s
  178   2   1  -1       0.82980878  p_y
  178   2   1   0       0.82979105  p_z
  178   2   1   1       0.82980878  p_x
  178   3   2  -2       0.03928703  d_xy
  178   3   2  -1       0.03894052  d_yz
  178   3   2   0       0.01893662  d_z2
  178   3   2   1       0.03894050  d_xz
  178   3   2   2       0.01887041  d_x2-y2
  179   1   0   0       1.35569825  s
  179   2   1  -1       0.82977926  p_y
  179   2   1   0       0.82977926  p_z
  179   2   1   1       0.82973807  p_x
  179   3   2  -2       0.03910264  d_xy
  179   3   2  -1       0.03903329  d_yz
  179   3   2   0       0.01890926  d_z2
  179   3   2   1       0.03910263  d_xz
  179   3   2   2       0.01894655  d_x2-y2
  180   1   0   0       1.35590329  s
  180   2   1  -1       0.82862843  p_y
  180   2   1   0       0.82916761  p_z
  180   2   1   1       0.82916761  p_x
  180   3   2  -2       0.04010500  d_xy
  180   3   2  -1       0.04010501  d_yz
  180   3   2   0       0.01983877  d_z2
  180   3   2   1       0.03823606  d_xz
  180   3   2   2       0.02023766  d_x2-y2
  181   1   0   0       1.35544688  s
  181   2   1  -1       0.82990718  p_y
  181   2   1   0       0.82990965  p_z
  181   2   1   1       0.82987251  p_x
  181   3   2  -2       0.03930289  d_xy
  181   3   2  -1       0.03905561  d_yz
  181   3   2   0       0.01890714  d_z2
  181   3   2   1       0.03896095  d_xz
  181   3   2   2       0.01891939  d_x2-y2
  182   1   0   0       1.35569825  s
  182   2   1  -1       0.82973806  p_y
  182   2   1   0       0.82977926  p_z
  182   2   1   1       0.82977926  p_x
  182   3   2  -2       0.03910264  d_xy
  182   3   2  -1       0.03910264  d_yz
  182   3   2   0       0.01890926  d_z2
  182   3   2   1       0.03903327  d_xz
  182   3   2   2       0.01894655  d_x2-y2
  183   1   0   0       1.35569825  s
  183   2   1  -1       0.82977926  p_y
  183   2   1   0       0.82973807  p_z
  183   2   1   1       0.82977926  p_x
  183   3   2  -2       0.03903328  d_xy
  183   3   2  -1       0.03910264  d_yz
  183   3   2   0       0.01896519  d_z2
  183   3   2   1       0.03910263  d_xz
  183   3   2   2       0.01889062  d_x2-y2
  184   1   0   0       1.35544694  s
  184   2   1  -1       0.82990720  p_y
  184   2   1   0       0.82990966  p_z
  184   2   1   1       0.82987253  p_x
  184   3   2  -2       0.03930289  d_xy
  184   3   2  -1       0.03905563  d_yz
  184   3   2   0       0.01890714  d_z2
  184   3   2   1       0.03896096  d_xz
  184   3   2   2       0.01891939  d_x2-y2
  185   1   0   0       1.35544688  s
  185   2   1  -1       0.82990719  p_y
  185   2   1   0       0.82987251  p_z
  185   2   1   1       0.82990965  p_x
  185   3   2  -2       0.03905561  d_xy
  185   3   2  -1       0.03930289  d_yz
  185   3   2   0       0.01888063  d_z2
  185   3   2   1       0.03896095  d_xz
  185   3   2   2       0.01894589  d_x2-y2
  186   1   0   0       1.35578874  s
  186   2   1  -1       0.82980878  p_y
  186   2   1   0       0.82980878  p_z
  186   2   1   1       0.82979106  p_x
  186   3   2  -2       0.03894051  d_xy
  186   3   2  -1       0.03928704  d_yz
  186   3   2   0       0.01888696  d_z2
  186   3   2   1       0.03894051  d_xz
  186   3   2   2       0.01892007  d_x2-y2
  187   1   0   0       1.35565184  s
  187   2   1  -1       0.82990557  p_y
  187   2   1   0       0.82988927  p_z
  187   2   1   1       0.82988928  p_x
  187   3   2  -2       0.03901945  d_xy
  187   3   2  -1       0.03901946  d_yz
  187   3   2   0       0.01883201  d_z2
  187   3   2   1       0.03899824  d_xz
  187   3   2   2       0.01885398  d_x2-y2
  188   1   0   0       1.35510314  s
  188   2   1  -1       0.83015821  p_y
  188   2   1   0       0.83003102  p_z
  188   2   1   1       0.83003102  p_x
  188   3   2  -2       0.03918126  d_xy
  188   3   2  -1       0.03918126  d_yz
  188   3   2   0       0.01886515  d_z2
  188   3   2   1       0.03895439  d_xz
  188   3   2   2       0.01896547  d_x2-y2
  189   1   0   0       1.35602292  s
  189   2   1  -1       0.82959758  p_y
  189   2   1   0       0.82949839  p_z
  189   2   1   1       0.82988598  p_x
  189   3   2  -2       0.03887212  d_xy
  189   3   2  -1       0.03946599  d_yz
  189   3   2   0       0.01893534  d_z2
  189   3   2   1       0.03893538  d_xz
  189   3   2   2       0.01894794  d_x2-y2
  190   1   0   0       1.35549263  s
  190   2   1  -1       0.82989570  p_y
  190   2   1   0       0.82990321  p_z
  190   2   1   1       0.82990321  p_x
  190   3   2  -2       0.03908048  d_xy
  190   3   2  -1       0.03908048  d_yz
  190   3   2   0       0.01883631  d_z2
  190   3   2   1       0.03897502  d_xz
  190   3   2   2       0.01888419  d_x2-y2
  191   1   0   0       1.35565185  s
  191   2   1  -1       0.82990557  p_y
  191   2   1   0       0.82988928  p_z
  191   2   1   1       0.82988927  p_x
  191   3   2  -2       0.03901946  d_xy
  191   3   2  -1       0.03901945  d_yz
  191   3   2   0       0.01883201  d_z2
  191   3   2   1       0.03899824  d_xz
  191   3   2   2       0.01885398  d_x2-y2
  192   1   0   0       1.35544696  s
  192   2   1  -1       0.82990720  p_y
  192   2   1   0       0.82987253  p_z
  192   2   1   1       0.82990966  p_x
  192   3   2  -2       0.03905563  d_xy
  192   3   2  -1       0.03930289  d_yz
  192   3   2   0       0.01888064  d_z2
  192   3   2   1       0.03896096  d_xz
  192   3   2   2       0.01894590  d_x2-y2
  193   1   0   0       1.39275627  s
  193   2   1  -1       0.83965577  p_y
  193   2   1   0       0.83965577  p_z
  193   2   1   1       0.75050902  p_x
  193   3   2  -2       0.03483588  d_xy
  193   3   2  -1       0.05004660  d_yz
  193   3   2   0       0.02439777  d_z2
  193   3   2   1       0.03483588  d_xz
  193   3   2   2       0.02820923  d_x2-y2
  194   1   0   0       1.36182464  s
  194   2   1  -1       0.82322426  p_y
  194   2   1   0       0.82322427  p_z
  194   2   1   1       0.82322426  p_x
  194   3   2  -2       0.04206847  d_xy
  194   3   2  -1       0.04206849  d_yz
  194   3   2   0       0.02023817  d_z2
  194   3   2   1       0.04206848  d_xz
  194   3   2   2       0.02023817  d_x2-y2
  195   1   0   0       1.35548689  s
  195   2   1  -1       0.82870906  p_y
  195   2   1   0       0.82870905  p_z
  195   2   1   1       0.82990425  p_x
  195   3   2  -2       0.03985443  d_xy
  195   3   2  -1       0.03926437  d_yz
  195   3   2   0       0.01897966  d_z2
  195   3   2   1       0.03985445  d_xz
  195   3   2   2       0.01900456  d_x2-y2
  196   1   0   0       1.35514244  s
  196   2   1  -1       0.82996837  p_y
  196   2   1   0       0.82996836  p_z
  196   2   1   1       0.83011312  p_x
  196   3   2  -2       0.03915206  d_xy
  196   3   2  -1       0.03902596  d_yz
  196   3   2   0       0.01890362  d_z2
  196   3   2   1       0.03915208  d_xz
  196   3   2   2       0.01899507  d_x2-y2
  197   1   0   0       1.35584487  s
  197   2   1  -1       0.82882898  p_y
  197   2   1   0       0.82800956  p_z
  197   2   1   1       0.82919188  p_x
  197   3   2  -2       0.03931661  d_xy
  197   3   2  -1       0.04079983  d_yz
  197   3   2   0       0.01955401  d_z2
  197   3   2   1       0.03845062  d_xz
  197   3   2   2       0.01926578  d_x2-y2
  198   1   0   0       1.35548689  s
  198   2   1  -1       0.82990424  p_y
  198   2   1   0       0.82870905  p_z
  198   2   1   1       0.82870906  p_x
  198   3   2  -2       0.03985442  d_xy
  198   3   2  -1       0.03985446  d_yz
  198   3   2   0       0.01897965  d_z2
  198   3   2   1       0.03926436  d_xz
  198   3   2   2       0.01900456  d_x2-y2
  199   1   0   0       1.35555781  s
  199   2   1  -1       0.82986430  p_y
  199   2   1   0       0.82972837  p_z
  199   2   1   1       0.82986431  p_x
  199   3   2  -2       0.03919516  d_xy
  199   3   2  -1       0.03906660  d_yz
  199   3   2   0       0.01889695  d_z2
  199   3   2   1       0.03906659  d_xz
  199   3   2   2       0.01883859  d_x2-y2
  200   1   0   0       1.35567362  s
  200   2   1  -1       0.82982585  p_y
  200   2   1   0       0.82978437  p_z
  200   2   1   1       0.82964750  p_x
  200   3   2  -2       0.03886011  d_xy
  200   3   2  -1       0.03904557  d_yz
  200   3   2   0       0.01897997  d_z2
  200   3   2   1       0.03950247  d_xz
  200   3   2   2       0.01893627  d_x2-y2
  201   1   0   0       1.35567373  s
  201   2   1  -1       0.82978440  p_y
  201   2   1   0       0.82964752  p_z
  201   2   1   1       0.82982588  p_x
  201   3   2  -2       0.03904556  d_xy
  201   3   2  -1       0.03950250  d_yz
  201   3   2   0       0.01898742  d_z2
  201   3   2   1       0.03886013  d_xz
  201   3   2   2       0.01892883  d_x2-y2
  202   1   0   0       1.35514244  s
  202   2   1  -1       0.83011311  p_y
  202   2   1   0       0.82996836  p_z
  202   2   1   1       0.82996837  p_x
  202   3   2  -2       0.03915206  d_xy
  202   3   2  -1       0.03915209  d_yz
  202   3   2   0       0.01890362  d_z2
  202   3   2   1       0.03902595  d_xz
  202   3   2   2       0.01899507  d_x2-y2
  203   1   0   0       1.35567363  s
  203   2   1  -1       0.82964750  p_y
  203   2   1   0       0.82978437  p_z
  203   2   1   1       0.82982586  p_x
  203   3   2  -2       0.03886011  d_xy
  203   3   2  -1       0.03950248  d_yz
  203   3   2   0       0.01897997  d_z2
  203   3   2   1       0.03904556  d_xz
  203   3   2   2       0.01893627  d_x2-y2
  204   1   0   0       1.35514243  s
  204   2   1  -1       0.82996837  p_y
  204   2   1   0       0.83011311  p_z
  204   2   1   1       0.82996837  p_x
  204   3   2  -2       0.03902593  d_xy
  204   3   2  -1       0.03915209  d_yz
  204   3   2   0       0.01904079  d_z2
  204   3   2   1       0.03915208  d_xz
  204   3   2   2       0.01885791  d_x2-y2
  205   1   0   0       1.35525448  s
  205   2   1  -1       0.82999188  p_y
  205   2   1   0       0.82979081  p_z
  205   2   1   1       0.82997376  p_x
  205   3   2  -2       0.03901680  d_xy
  205   3   2  -1       0.03922849  d_yz
  205   3   2   0       0.01887706  d_z2
  205   3   2   1       0.03880801  d_xz
  205   3   2   2       0.01901530  d_x2-y2
  206   1   0   0       1.35622523  s
  206   2   1  -1       0.82966600  p_y
  206   2   1   0       0.82957905  p_z
  206   2   1   1       0.82969499  p_x
  206   3   2  -2       0.03894942  d_xy
  206   3   2  -1       0.03933694  d_yz
  206   3   2   0       0.01891293  d_z2
  206   3   2   1       0.03901508  d_xz
  206   3   2   2       0.01892530  d_x2-y2
  207   1   0   0       1.35571526  s
  207   2   1  -1       0.82977050  p_y
  207   2   1   0       0.82980085  p_z
  207   2   1   1       0.82987089  p_x
  207   3   2  -2       0.03897250  d_xy
  207   3   2  -1       0.03926820  d_yz
  207   3   2   0       0.01887710  d_z2
  207   3   2   1       0.03895645  d_xz
  207   3   2   2       0.01891243  d_x2-y2
  208   1   0   0       1.35556476  s
  208   2   1  -1       0.82993952  p_y
  208   2   1   0       0.82995121  p_z
  208   2   1   1       0.82987871  p_x
  208   3   2  -2       0.03903502  d_xy
  208   3   2  -1       0.03903033  d_yz
  208   3   2   0       0.01887010  d_z2
  208   3   2   1       0.03898846  d_xz
  208   3   2   2       0.01886772  d_x2-y2
  209   1   0   0       1.35584481  s
  209   2   1  -1       0.82800953  p_y
  209   2   1   0       0.82882895  p_z
  209   2   1   1       0.82919185  p_x
  209   3   2  -2       0.03845060  d_xy
  209   3   2  -1       0.04079982  d_yz
  209   3   2   0       0.01938243  d_z2
  209   3   2   1       0.03931660  d_xz
  209   3   2   2       0.01943734  d_x2-y2
  210   1   0   0       1.35548687  s
  210   2   1  -1       0.82870905  p_y
  210   2   1   0       0.82990423  p_z
  210   2   1   1       0.82870906  p_x
  210   3   2  -2       0.03926434  d_xy
  210   3   2  -1       0.03985445  d_yz
  210   3   2   0       0.01901699  d_z2
  210   3   2   1       0.03985444  d_xz
  210   3   2   2       0.01896721  d_x2-y2
  211   1   0   0       1.35555784  s
  211   2   1  -1       0.82972838  p_y
  211   2   1   0       0.82986430  p_z
  211   2   1   1       0.82986431  p_x
  211   3   2  -2       0.03906657  d_xy
  211   3   2  -1       0.03906661  d_yz
  211   3   2   0       0.01885318  d_z2
  211   3   2   1       0.03919518  d_xz
  211   3   2   2       0.01888236  d_x2-y2
  212   1   0   0       1.35567368  s
  212   2   1  -1       0.82978439  p_y
  212   2   1   0       0.82982586  p_z
  212   2   1   1       0.82964752  p_x
  212   3   2  -2       0.03950246  d_xy
  212   3   2  -1       0.03904559  d_yz
  212   3   2   0       0.01890697  d_z2
  212   3   2   1       0.03886012  d_xz
  212   3   2   2       0.01900927  d_x2-y2
  213   1   0   0       1.35587767  s
  213   2   1  -1       0.82958745  p_y
  213   2   1   0       0.82958745  p_z
  213   2   1   1       0.82941868  p_x
  213   3   2  -2       0.03904565  d_xy
  213   3   2  -1       0.03957318  d_yz
  213   3   2   0       0.01887965  d_z2
  213   3   2   1       0.03904566  d_xz
  213   3   2   2       0.01901274  d_x2-y2
  214   1   0   0       1.35555785  s
  214   2   1  -1       0.82986431  p_y
  214   2   1   0       0.82986430  p_z
  214   2   1   1       0.82972839  p_x
  214   3   2  -2       0.03906657  d_xy
  214   3   2  -1       0.03919519  d_yz
  214   3   2   0       0.01885318  d_z2
  214   3   2   1       0.03906660  d_xz
  214   3   2   2       0.01888236  d_x2-y2
  215   1   0   0       1.35580386  s
  215   2   1  -1       0.82989157  p_y
  215   2   1   0       0.82989156  p_z
  215   2   1   1       0.82989157  p_x
  215   3   2  -2       0.03899144  d_xy
  215   3   2  -1       0.03899147  d_yz
  215   3   2   0       0.01882582  d_z2
  215   3   2   1       0.03899146  d_xz
  215   3   2   2       0.01882582  d_x2-y2
  216   1   0   0       1.35619673  s
  216   2   1  -1       0.82941503  p_y
  216   2   1   0       0.82941503  p_z
  216   2   1   1       0.82971109  p_x
  216   3   2  -2       0.03896373  d_xy
  216   3   2  -1       0.03965822  d_yz
  216   3   2   0       0.01889172  d_z2
  216   3   2   1       0.03896373  d_xz
  216   3   2   2       0.01901515  d_x2-y2
  217   1   0   0       1.35571529  s
  217   2   1  -1       0.82980086  p_y
  217   2   1   0       0.82977050  p_z
  217   2   1   1       0.82987089  p_x
  217   3   2  -2       0.03895643  d_xy
  217   3   2  -1       0.03926821  d_yz
  217   3   2   0       0.01888900  d_z2
  217   3   2   1       0.03897252  d_xz
  217   3   2   2       0.01890054  d_x2-y2
  218   1   0   0       1.35556474  s
  218   2   1  -1       0.82995121  p_y
  218   2   1   0       0.82993950  p_z
  218   2   1   1       0.82987871  p_x
  218   3   2  -2       0.03898844  d_xy
  218   3   2  -1       0.03903032  d_yz
  218   3   2   0       0.01885968  d_z2
  218   3   2   1       0.03903504  d_xz
  218   3   2   2       0.01887813  d_x2-y2
  219   1   0   0       1.35525441  s
  219   2   1  -1       0.82979080  p_y
  219   2   1   0       0.82999186  p_z
  219   2   1   1       0.82997374  p_x
  219   3   2  -2       0.03880799  d_xy
  219   3   2  -1       0.03922848  d_yz
  219   3   2   0       0.01901745  d_z2
  219   3   2   1       0.03901681  d_xz
  219   3   2   2       0.01887490  d_x2-y2
  220   1   0   0       1.35622530  s
  220   2   1  -1       0.82957907  p_y
  220   2   1   0       0.82966602  p_z
  220   2   1   1       0.82969501  p_x
  220   3   2  -2       0.03901508  d_xy
  220   3   2  -1       0.03933695  d_yz
  220   3   2   0       0.01883636  d_z2
  220   3   2   1       0.03894943  d_xz
  220   3   2   2       0.01900188  d_x2-y2
  221   1   0   0       1.35587766  s
  221   2   1  -1       0.82958746  p_y
  221   2   1   0       0.82941867  p_z
  221   2   1   1       0.82958746  p_x
  221   3   2  -2       0.03957316  d_xy
  221   3   2  -1       0.03904568  d_yz
  221   3   2   0       0.01907929  d_z2
  221   3   2   1       0.03904567  d_xz
  221   3   2   2       0.01881310  d_x2-y2
  222   1   0   0       1.35584482  s
  222   2   1  -1       0.82919185  p_y
  222   2   1   0       0.82882896  p_z
  222   2   1   1       0.82800954  p_x
  222   3   2  -2       0.03845060  d_xy
  222   3   2  -1       0.03931662  d_yz
  222   3   2   0       0.01938243  d_z2
  222   3   2   1       0.04079981  d_xz
  222   3   2   2       0.01943735  d_x2-y2
  223   1   0   0       1.35587767  s
  223   2   1  -1       0.82941868  p_y
  223   2   1   0       0.82958745  p_z
  223   2   1   1       0.82958746  p_x
  223   3   2  -2       0.03904565  d_xy
  223   3   2  -1       0.03904567  d_yz
  223   3   2   0       0.01887965  d_z2
  223   3   2   1       0.03957317  d_xz
  223   3   2   2       0.01901274  d_x2-y2
  224   1   0   0       1.35584490  s
  224   2   1  -1       0.82882901  p_y
  224   2   1   0       0.82919189  p_z
  224   2   1   1       0.82800957  p_x
  224   3   2  -2       0.04079981  d_xy
  224   3   2  -1       0.03931664  d_yz
  224   3   2   0       0.01929323  d_z2
  224   3   2   1       0.03845063  d_xz
  224   3   2   2       0.01952656  d_x2-y2
  225   1   0   0       1.35617671  s
  225   2   1  -1       0.82955540  p_y
  225   2   1   0       0.82955540  p_z
  225   2   1   1       0.82970990  p_x
  225   3   2  -2       0.03897960  d_xy
  225   3   2  -1       0.03945383  d_yz
  225   3   2   0       0.01888673  d_z2
  225   3   2   1       0.03897959  d_xz
  225   3   2   2       0.01898574  d_x2-y2
  226   1   0   0       1.35617674  s
  226   2   1  -1       0.82955541  p_y
  226   2   1   0       0.82955540  p_z
  226   2   1   1       0.82970991  p_x
  226   3   2  -2       0.03897959  d_xy
  226   3   2  -1       0.03945384  d_yz
  226   3   2   0       0.01888673  d_z2
  226   3   2   1       0.03897960  d_xz
  226   3   2   2       0.01898575  d_x2-y2
  227   1   0   0       1.35578889  s
  227   2   1  -1       0.82980882  p_y
  227   2   1   0       0.82980881  p_z
  227   2   1   1       0.82979109  p_x
  227   3   2  -2       0.03894052  d_xy
  227   3   2  -1       0.03928706  d_yz
  227   3   2   0       0.01888698  d_z2
  227   3   2   1       0.03894055  d_xz
  227   3   2   2       0.01892008  d_x2-y2
  228   1   0   0       1.35560123  s
  228   2   1  -1       0.82990044  p_y
  228   2   1   0       0.82990043  p_z
  228   2   1   1       0.82994082  p_x
  228   3   2  -2       0.03899580  d_xy
  228   3   2  -1       0.03907864  d_yz
  228   3   2   0       0.01885610  d_z2
  228   3   2   1       0.03899582  d_xz
  228   3   2   2       0.01884942  d_x2-y2
  229   1   0   0       1.35762637  s
  229   2   1  -1       0.82874026  p_y
  229   2   1   0       0.82874025  p_z
  229   2   1   1       0.82651329  p_x
  229   3   2  -2       0.04120847  d_xy
  229   3   2  -1       0.04227654  d_yz
  229   3   2   0       0.02033996  d_z2
  229   3   2   1       0.04120847  d_xz
  229   3   2   2       0.02051338  d_x2-y2
  230   1   0   0       1.35590338  s
  230   2   1  -1       0.82862849  p_y
  230   2   1   0       0.82916766  p_z
  230   2   1   1       0.82916767  p_x
  230   3   2  -2       0.04010500  d_xy
  230   3   2  -1       0.04010503  d_yz
  230   3   2   0       0.01983879  d_z2
  230   3   2   1       0.03823610  d_xz
  230   3   2   2       0.02023768  d_x2-y2
  231   1   0   0       1.35632243  s
  231   2   1  -1       0.82930877  p_y
  231   2   1   0       0.83014372  p_z
  231   2   1   1       0.82930877  p_x
  231   3   2  -2       0.03960891  d_xy
  231   3   2  -1       0.03870278  d_yz
  231   3   2   0       0.01904149  d_z2
  231   3   2   1       0.03870277  d_xz
  231   3   2   2       0.01914536  d_x2-y2
  232   1   0   0       1.35557453  s
  232   2   1  -1       0.82917042  p_y
  232   2   1   0       0.82959867  p_z
  232   2   1   1       0.82916325  p_x
  232   3   2  -2       0.03897684  d_xy
  232   3   2  -1       0.03918666  d_yz
  232   3   2   0       0.01906440  d_z2
  232   3   2   1       0.03966482  d_xz
  232   3   2   2       0.01911109  d_x2-y2
  233   1   0   0       1.35557465  s
  233   2   1  -1       0.82959871  p_y
  233   2   1   0       0.82916328  p_z
  233   2   1   1       0.82917047  p_x
  233   3   2  -2       0.03918665  d_xy
  233   3   2  -1       0.03966486  d_yz
  233   3   2   0       0.01904837  d_z2
  233   3   2   1       0.03897686  d_xz
  233   3   2   2       0.01912715  d_x2-y2
  234   1   0   0       1.35554646  s
  234   2   1  -1       0.83022041  p_y
  234   2   1   0       0.82986667  p_z
  234   2   1   1       0.82986669  p_x
  234   3   2  -2       0.03928710  d_xy
  234   3   2  -1       0.03928714  d_yz
  234   3   2   0       0.01896214  d_z2
  234   3   2   1       0.03888570  d_xz
  234   3   2   2       0.01905365  d_x2-y2
  235   1   0   0       1.35557454  s
  235   2   1  -1       0.82916325  p_y
  235   2   1   0       0.82959867  p_z
  235   2   1   1       0.82917042  p_x
  235   3   2  -2       0.03897684  d_xy
  235   3   2  -1       0.03966484  d_yz
  235   3   2   0       0.01906440  d_z2
  235   3   2   1       0.03918664  d_xz
  235   3   2   2       0.01911109  d_x2-y2
  236   1   0   0       1.35554640  s
  236   2   1  -1       0.82986667  p_y
  236   2   1   0       0.83022039  p_z
  236   2   1   1       0.82986667  p_x
  236   3   2  -2       0.03888568  d_xy
  236   3   2  -1       0.03928713  d_yz
  236   3   2   0       0.01909939  d_z2
  236   3   2   1       0.03928711  d_xz
  236   3   2   2       0.01891639  d_x2-y2
  237   1   0   0       1.35544702  s
  237   2   1  -1       0.82990722  p_y
  237   2   1   0       0.82987253  p_z
  237   2   1   1       0.82990968  p_x
  237   3   2  -2       0.03905561  d_xy
  237   3   2  -1       0.03930292  d_yz
  237   3   2   0       0.01888064  d_z2
  237   3   2   1       0.03896098  d_xz
  237   3   2   2       0.01894591  d_x2-y2
  238   1   0   0       1.35617663  s
  238   2   1  -1       0.82955537  p_y
  238   2   1   0       0.82955537  p_z
  238   2   1   1       0.82970988  p_x
  238   3   2  -2       0.03897958  d_xy
  238   3   2  -1       0.03945383  d_yz
  238   3   2   0       0.01888672  d_z2
  238   3   2   1       0.03897958  d_xz
  238   3   2   2       0.01898574  d_x2-y2
  239   1   0   0       1.35602293  s
  239   2   1  -1       0.82949839  p_y
  239   2   1   0       0.82959758  p_z
  239   2   1   1       0.82988598  p_x
  239   3   2  -2       0.03893537  d_xy
  239   3   2  -1       0.03946601  d_yz
  239   3   2   0       0.01894476  d_z2
  239   3   2   1       0.03887211  d_xz
  239   3   2   2       0.01893852  d_x2-y2
  240   1   0   0       1.35558804  s
  240   2   1  -1       0.82977340  p_y
  240   2   1   0       0.82987164  p_z
  240   2   1   1       0.82998382  p_x
  240   3   2  -2       0.03891166  d_xy
  240   3   2  -1       0.03920803  d_yz
  240   3   2   0       0.01893871  d_z2
  240   3   2   1       0.03892236  d_xz
  240   3   2   2       0.01887994  d_x2-y2
  241   1   0   0       1.35762630  s
  241   2   1  -1       0.82874020  p_y
  241   2   1   0       0.82874021  p_z
  241   2   1   1       0.82651324  p_x
  241   3   2  -2       0.04120846  d_xy
  241   3   2  -1       0.04227652  d_yz
  241   3   2   0       0.02033995  d_z2
  241   3   2   1       0.04120846  d_xz
  241   3   2   2       0.02051337  d_x2-y2
  242   1   0   0       1.35590333  s
  242   2   1  -1       0.82916764  p_y
  242   2   1   0       0.82862846  p_z
  242   2   1   1       0.82916764  p_x
  242   3   2  -2       0.03823608  d_xy
  242   3   2  -1       0.04010502  d_yz
  242   3   2   0       0.02043711  d_z2
  242   3   2   1       0.04010501  d_xz
  242   3   2   2       0.01963934  d_x2-y2
  243   1   0   0       1.35632243  s
  243   2   1  -1       0.83014373  p_y
  243   2   1   0       0.82930876  p_z
  243   2   1   1       0.82930877  p_x
  243   3   2  -2       0.03870274  d_xy
  243   3   2  -1       0.03870278  d_yz
  243   3   2   0       0.01911939  d_z2
  243   3   2   1       0.03960894  d_xz
  243   3   2   2       0.01906746  d_x2-y2
  244   1   0   0       1.35557464  s
  244   2   1  -1       0.82959871  p_y
  244   2   1   0       0.82917045  p_z
  244   2   1   1       0.82916329  p_x
  244   3   2  -2       0.03966483  d_xy
  244   3   2  -1       0.03918668  d_yz
  244   3   2   0       0.01915049  d_z2
  244   3   2   1       0.03897686  d_xz
  244   3   2   2       0.01902503  d_x2-y2
  245   1   0   0       1.35638759  s
  245   2   1  -1       0.82910820  p_y
  245   2   1   0       0.82910819  p_z
  245   2   1   1       0.82991787  p_x
  245   3   2  -2       0.03876146  d_xy
  245   3   2  -1       0.04011500  d_yz
  245   3   2   0       0.01910511  d_z2
  245   3   2   1       0.03876147  d_xz
  245   3   2   2       0.01922579  d_x2-y2
  246   1   0   0       1.35632243  s
  246   2   1  -1       0.82930877  p_y
  246   2   1   0       0.82930875  p_z
  246   2   1   1       0.83014373  p_x
  246   3   2  -2       0.03870274  d_xy
  246   3   2  -1       0.03960895  d_yz
  246   3   2   0       0.01911939  d_z2
  246   3   2   1       0.03870277  d_xz
  246   3   2   2       0.01906746  d_x2-y2
  247   1   0   0       1.35587549  s
  247   2   1  -1       0.82985308  p_y
  247   2   1   0       0.82985307  p_z
  247   2   1   1       0.82985309  p_x
  247   3   2  -2       0.03900684  d_xy
  247   3   2  -1       0.03900687  d_yz
  247   3   2   0       0.01889828  d_z2
  247   3   2   1       0.03900686  d_xz
  247   3   2   2       0.01889828  d_x2-y2
  248   1   0   0       1.35638756  s
  248   2   1  -1       0.82910818  p_y
  248   2   1   0       0.82910818  p_z
  248   2   1   1       0.82991786  p_x
  248   3   2  -2       0.03876147  d_xy
  248   3   2  -1       0.04011499  d_yz
  248   3   2   0       0.01910511  d_z2
  248   3   2   1       0.03876146  d_xz
  248   3   2   2       0.01922579  d_x2-y2
  249   1   0   0       1.35602298  s
  249   2   1  -1       0.82959760  p_y
  249   2   1   0       0.82949839  p_z
  249   2   1   1       0.82988600  p_x
  249   3   2  -2       0.03887210  d_xy
  249   3   2  -1       0.03946602  d_yz
  249   3   2   0       0.01893535  d_z2
  249   3   2   1       0.03893539  d_xz
  249   3   2   2       0.01894795  d_x2-y2
  250   1   0   0       1.35558804  s
  250   2   1  -1       0.82987165  p_y
  250   2   1   0       0.82977339  p_z
  250   2   1   1       0.82998382  p_x
  250   3   2  -2       0.03892233  d_xy
  250   3   2  -1       0.03920803  d_yz
  250   3   2   0       0.01892042  d_z2
  250   3   2   1       0.03891168  d_xz
  250   3   2   2       0.01889823  d_x2-y2
  251   1   0   0       1.35544690  s
  251   2   1  -1       0.82987251  p_y
  251   2   1   0       0.82990719  p_z
  251   2   1   1       0.82990965  p_x
  251   3   2  -2       0.03896096  d_xy
  251   3   2  -1       0.03930290  d_yz
  251   3   2   0       0.01895202  d_z2
  251   3   2   1       0.03905560  d_xz
  251   3   2   2       0.01887451  d_x2-y2
  252   1   0   0       1.35617670  s
  252   2   1  -1       0.82955539  p_y
  252   2   1   0       0.82955539  p_z
  252   2   1   1       0.82970990  p_x
  252   3   2  -2       0.03897958  d_xy
  252   3   2  -1       0.03945385  d_yz
  252   3   2   0       0.01888673  d_z2
  252   3   2   1       0.03897959  d_xz
  252   3   2   2       0.01898574  d_x2-y2
  253   1   0   0       1.35544706  s
  253   2   1  -1       0.82990723  p_y
  253   2   1   0       0.82987254  p_z
  253   2   1   1       0.82990968  p_x
  253   3   2  -2       0.03905562  d_xy
  253   3   2  -1       0.03930291  d_yz
  253   3   2   0       0.01888065  d_z2
  253   3   2   1       0.03896099  d_xz
  253   3   2   2       0.01894591  d_x2-y2
  254   1   0   0       1.35602294  s
  254   2   1  -1       0.82949839  p_y
  254   2   1   0       0.82959759  p_z
  254   2   1   1       0.82988599  p_x
  254   3   2  -2       0.03893539  d_xy
  254   3   2  -1       0.03946599  d_yz
  254   3   2   0       0.01894477  d_z2
  254   3   2   1       0.03887211  d_xz
  254   3   2   2       0.01893852  d_x2-y2
  255   1   0   0       1.35544700  s
  255   2   1  -1       0.82987254  p_y
  255   2   1   0       0.82990721  p_z
  255   2   1   1       0.82990967  p_x
  255   3   2  -2       0.03896097  d_xy
  255   3   2  -1       0.03930290  d_yz
  255   3   2   0       0.01895203  d_z2
  255   3   2   1       0.03905563  d_xz
  255   3   2   2       0.01887452  d_x2-y2
  256   1   0   0       1.35602307  s
  256   2   1  -1       0.82959762  p_y
  256   2   1   0       0.82949842  p_z
  256   2   1   1       0.82988602  p_x
  256   3   2  -2       0.03887212  d_xy
  256   3   2  -1       0.03946602  d_yz
  256   3   2   0       0.01893535  d_z2
  256   3   2   1       0.03893541  d_xz
  256   3   2   2       0.01894795  d_x2-y2
  257   1   0   0       1.35581002  s
  257   2   1  -1       0.82989957  p_y
  257   2   1   0       0.82989957  p_z
  257   2   1   1       0.82992679  p_x
  257   3   2  -2       0.03895760  d_xy
  257   3   2  -1       0.03897935  d_yz
  257   3   2   0       0.01882694  d_z2
  257   3   2   1       0.03895760  d_xz
  257   3   2   2       0.01884486  d_x2-y2
  258   1   0   0       1.35562365  s
  258   2   1  -1       0.82994171  p_y
  258   2   1   0       0.82994172  p_z
  258   2   1   1       0.82994171  p_x
  258   3   2  -2       0.03900283  d_xy
  258   3   2  -1       0.03900280  d_yz
  258   3   2   0       0.01885664  d_z2
  258   3   2   1       0.03900281  d_xz
  258   3   2   2       0.01885664  d_x2-y2
  259   1   0   0       1.35586903  s
  259   2   1  -1       0.82986212  p_y
  259   2   1   0       0.82986213  p_z
  259   2   1   1       0.82986761  p_x
  259   3   2  -2       0.03902025  d_xy
  259   3   2  -1       0.03909688  d_yz
  259   3   2   0       0.01890720  d_z2
  259   3   2   1       0.03902023  d_xz
  259   3   2   2       0.01889346  d_x2-y2
  260   1   0   0       1.35610605  s
  260   2   1  -1       0.82947610  p_y
  260   2   1   0       0.82947611  p_z
  260   2   1   1       0.83009801  p_x
  260   3   2  -2       0.03885069  d_xy
  260   3   2  -1       0.03962698  d_yz
  260   3   2   0       0.01893759  d_z2
  260   3   2   1       0.03885068  d_xz
  260   3   2   2       0.01898339  d_x2-y2
  261   1   0   0       1.35556475  s
  261   2   1  -1       0.82987871  p_y
  261   2   1   0       0.82993952  p_z
  261   2   1   1       0.82995120  p_x
  261   3   2  -2       0.03898846  d_xy
  261   3   2  -1       0.03903502  d_yz
  261   3   2   0       0.01885969  d_z2
  261   3   2   1       0.03903033  d_xz
  261   3   2   2       0.01887813  d_x2-y2
  262   1   0   0       1.35586904  s
  262   2   1  -1       0.82986762  p_y
  262   2   1   0       0.82986213  p_z
  262   2   1   1       0.82986212  p_x
  262   3   2  -2       0.03902026  d_xy
  262   3   2  -1       0.03902022  d_yz
  262   3   2   0       0.01890720  d_z2
  262   3   2   1       0.03909689  d_xz
  262   3   2   2       0.01889346  d_x2-y2
  263   1   0   0       1.35630609  s
  263   2   1  -1       0.82971989  p_y
  263   2   1   0       0.82974958  p_z
  263   2   1   1       0.82971988  p_x
  263   3   2  -2       0.03898127  d_xy
  263   3   2  -1       0.03926454  d_yz
  263   3   2   0       0.01886147  d_z2
  263   3   2   1       0.03926455  d_xz
  263   3   2   2       0.01903620  d_x2-y2
  264   1   0   0       1.35571533  s
  264   2   1  -1       0.82980087  p_y
  264   2   1   0       0.82987091  p_z
  264   2   1   1       0.82977051  p_x
  264   3   2  -2       0.03926822  d_xy
  264   3   2  -1       0.03895644  d_yz
  264   3   2   0       0.01891821  d_z2
  264   3   2   1       0.03897253  d_xz
  264   3   2   2       0.01887135  d_x2-y2
  265   1   0   0       1.35571523  s
  265   2   1  -1       0.82987088  p_y
  265   2   1   0       0.82977050  p_z
  265   2   1   1       0.82980084  p_x
  265   3   2  -2       0.03895646  d_xy
  265   3   2  -1       0.03897249  d_yz
  265   3   2   0       0.01888900  d_z2
  265   3   2   1       0.03926819  d_xz
  265   3   2   2       0.01890053  d_x2-y2
  266   1   0   0       1.35610605  s
  266   2   1  -1       0.83009802  p_y
  266   2   1   0       0.82947611  p_z
  266   2   1   1       0.82947610  p_x
  266   3   2  -2       0.03885069  d_xy
  266   3   2  -1       0.03885067  d_yz
  266   3   2   0       0.01893759  d_z2
  266   3   2   1       0.03962698  d_xz
  266   3   2   2       0.01898339  d_x2-y2
  267   1   0   0       1.35571532  s
  267   2   1  -1       0.82977051  p_y
  267   2   1   0       0.82987090  p_z
  267   2   1   1       0.82980086  p_x
  267   3   2  -2       0.03926821  d_xy
  267   3   2  -1       0.03897252  d_yz
  267   3   2   0       0.01891820  d_z2
  267   3   2   1       0.03895645  d_xz
  267   3   2   2       0.01887135  d_x2-y2
  268   1   0   0       1.35610605  s
  268   2   1  -1       0.82947610  p_y
  268   2   1   0       0.83009802  p_z
  268   2   1   1       0.82947610  p_x
  268   3   2  -2       0.03962700  d_xy
  268   3   2  -1       0.03885067  d_yz
  268   3   2   0       0.01900630  d_z2
  268   3   2   1       0.03885068  d_xz
  268   3   2   2       0.01891468  d_x2-y2
  269   1   0   0       1.35622520  s
  269   2   1  -1       0.82969498  p_y
  269   2   1   0       0.82966600  p_z
  269   2   1   1       0.82957905  p_x
  269   3   2  -2       0.03901508  d_xy
  269   3   2  -1       0.03894941  d_yz
  269   3   2   0       0.01883635  d_z2
  269   3   2   1       0.03933693  d_xz
  269   3   2   2       0.01900187  d_x2-y2
  270   1   0   0       1.35525445  s
  270   2   1  -1       0.82979081  p_y
  270   2   1   0       0.82997375  p_z
  270   2   1   1       0.82999187  p_x
  270   3   2  -2       0.03922848  d_xy
  270   3   2  -1       0.03880800  d_yz
  270   3   2   0       0.01894402  d_z2
  270   3   2   1       0.03901680  d_xz
  270   3   2   2       0.01894834  d_x2-y2
  271   1   0   0       1.35567370  s
  271   2   1  -1       0.82964751  p_y
  271   2   1   0       0.82982587  p_z
  271   2   1   1       0.82978439  p_x
  271   3   2  -2       0.03950249  d_xy
  271   3   2  -1       0.03886012  d_yz
  271   3   2   0       0.01890698  d_z2
  271   3   2   1       0.03904556  d_xz
  271   3   2   2       0.01900927  d_x2-y2
  272   1   0   0       1.35584486  s
  272   2   1  -1       0.82800954  p_y
  272   2   1   0       0.82919186  p_z
  272   2   1   1       0.82882897  p_x
  272   3   2  -2       0.04079983  d_xy
  272   3   2  -1       0.03845061  d_yz
  272   3   2   0       0.01929323  d_z2
  272   3   2   1       0.03931661  d_xz
  272   3   2   2       0.01952655  d_x2-y2
  273   1   0   0       1.35556480  s
  273   2   1  -1       0.82993952  p_y
  273   2   1   0       0.82987872  p_z
  273   2   1   1       0.82995122  p_x
  273   3   2  -2       0.03903034  d_xy
  273   3   2  -1       0.03903504  d_yz
  273   3   2   0       0.01887694  d_z2
  273   3   2   1       0.03898846  d_xz
  273   3   2   2       0.01886089  d_x2-y2
  274   1   0   0       1.35586906  s
  274   2   1  -1       0.82986213  p_y
  274   2   1   0       0.82986764  p_z
  274   2   1   1       0.82986212  p_x
  274   3   2  -2       0.03909691  d_xy
  274   3   2  -1       0.03902022  d_yz
  274   3   2   0       0.01888660  d_z2
  274   3   2   1       0.03902024  d_xz
  274   3   2   2       0.01891407  d_x2-y2
  275   1   0   0       1.35630606  s
  275   2   1  -1       0.82974956  p_y
  275   2   1   0       0.82971988  p_z
  275   2   1   1       0.82971987  p_x
  275   3   2  -2       0.03926457  d_xy
  275   3   2  -1       0.03926453  d_yz
  275   3   2   0       0.01899252  d_z2
  275   3   2   1       0.03898124  d_xz
  275   3   2   2       0.01890515  d_x2-y2
  276   1   0   0       1.35571527  s
  276   2   1  -1       0.82987089  p_y
  276   2   1   0       0.82980086  p_z
  276   2   1   1       0.82977049  p_x
  276   3   2  -2       0.03897253  d_xy
  276   3   2  -1       0.03895643  d_yz
  276   3   2   0       0.01887711  d_z2
  276   3   2   1       0.03926820  d_xz
  276   3   2   2       0.01891243  d_x2-y2
  277   1   0   0       1.35569055  s
  277   2   1  -1       0.82971094  p_y
  277   2   1   0       0.82971095  p_z
  277   2   1   1       0.82986808  p_x
  277   3   2  -2       0.03904605  d_xy
  277   3   2  -1       0.03901024  d_yz
  277   3   2   0       0.01891185  d_z2
  277   3   2   1       0.03904603  d_xz
  277   3   2   2       0.01893640  d_x2-y2
  278   1   0   0       1.35630604  s
  278   2   1  -1       0.82971986  p_y
  278   2   1   0       0.82971987  p_z
  278   2   1   1       0.82974955  p_x
  278   3   2  -2       0.03926457  d_xy
  278   3   2  -1       0.03898123  d_yz
  278   3   2   0       0.01899252  d_z2
  278   3   2   1       0.03926454  d_xz
  278   3   2   2       0.01890515  d_x2-y2
  279   1   0   0       1.35711414  s
  279   2   1  -1       0.82983641  p_y
  279   2   1   0       0.82983641  p_z
  279   2   1   1       0.82983641  p_x
  279   3   2  -2       0.04055421  d_xy
  279   3   2  -1       0.04055419  d_yz
  279   3   2   0       0.01950289  d_z2
  279   3   2   1       0.04055420  d_xz
  279   3   2   2       0.01950289  d_x2-y2
  280   1   0   0       1.35529882  s
  280   2   1  -1       0.82994282  p_y
  280   2   1   0       0.82994282  p_z
  280   2   1   1       0.83014482  p_x
  280   3   2  -2       0.03907799  d_xy
  280   3   2  -1       0.03898825  d_yz
  280   3   2   0       0.01885861  d_z2
  280   3   2   1       0.03907799  d_xz
  280   3   2   2       0.01891808  d_x2-y2
  281   1   0   0       1.35567367  s
  281   2   1  -1       0.82982585  p_y
  281   2   1   0       0.82964751  p_z
  281   2   1   1       0.82978438  p_x
  281   3   2  -2       0.03904558  d_xy
  281   3   2  -1       0.03886012  d_yz
  281   3   2   0       0.01898742  d_z2
  281   3   2   1       0.03950247  d_xz
  281   3   2   2       0.01892882  d_x2-y2
  282   1   0   0       1.35584488  s
  282   2   1  -1       0.82919187  p_y
  282   2   1   0       0.82800955  p_z
  282   2   1   1       0.82882899  p_x
  282   3   2  -2       0.03931663  d_xy
  282   3   2  -1       0.03845062  d_yz
  282   3   2   0       0.01955401  d_z2
  282   3   2   1       0.04079981  d_xz
  282   3   2   2       0.01926577  d_x2-y2
  283   1   0   0       1.35622527  s
  283   2   1  -1       0.82966601  p_y
  283   2   1   0       0.82969500  p_z
  283   2   1   1       0.82957906  p_x
  283   3   2  -2       0.03933695  d_xy
  283   3   2  -1       0.03894943  d_yz
  283   3   2   0       0.01900807  d_z2
  283   3   2   1       0.03901508  d_xz
  283   3   2   2       0.01883017  d_x2-y2
  284   1   0   0       1.35525438  s
  284   2   1  -1       0.82997374  p_y
  284   2   1   0       0.82979080  p_z
  284   2   1   1       0.82999186  p_x
  284   3   2  -2       0.03901681  d_xy
  284   3   2  -1       0.03880799  d_yz
  284   3   2   0       0.01887706  d_z2
  284   3   2   1       0.03922847  d_xz
  284   3   2   2       0.01901529  d_x2-y2
  285   1   0   0       1.35569056  s
  285   2   1  -1       0.82971095  p_y
  285   2   1   0       0.82986809  p_z
  285   2   1   1       0.82971094  p_x
  285   3   2  -2       0.03901026  d_xy
  285   3   2  -1       0.03904602  d_yz
  285   3   2   0       0.01894868  d_z2
  285   3   2   1       0.03904603  d_xz
  285   3   2   2       0.01889956  d_x2-y2
  286   1   0   0       1.35556479  s
  286   2   1  -1       0.82995122  p_y
  286   2   1   0       0.82987872  p_z
  286   2   1   1       0.82993951  p_x
  286   3   2  -2       0.03903034  d_xy
  286   3   2  -1       0.03898845  d_yz
  286   3   2   0       0.01887694  d_z2
  286   3   2   1       0.03903505  d_xz
  286   3   2   2       0.01886089  d_x2-y2
  287   1   0   0       1.35569055  s
  287   2   1  -1       0.82986808  p_y
  287   2   1   0       0.82971095  p_z
  287   2   1   1       0.82971094  p_x
  287   3   2  -2       0.03904605  d_xy
  287   3   2  -1       0.03904602  d_yz
  287   3   2   0       0.01891185  d_z2
  287   3   2   1       0.03901025  d_xz
  287   3   2   2       0.01893640  d_x2-y2
  288   1   0   0       1.35556472  s
  288   2   1  -1       0.82987870  p_y
  288   2   1   0       0.82995121  p_z
  288   2   1   1       0.82993949  p_x
  288   3   2  -2       0.03903505  d_xy
  288   3   2  -1       0.03898843  d_yz
  288   3   2   0       0.01887010  d_z2
  288   3   2   1       0.03903032  d_xz
  288   3   2   2       0.01886771  d_x2-y2
  289   1   0   0       1.35510318  s
  289   2   1  -1       0.83003103  p_y
  289   2   1   0       0.83003102  p_z
  289   2   1   1       0.83015822  p_x
  289   3   2  -2       0.03918125  d_xy
  289   3   2  -1       0.03895440  d_yz
  289   3   2   0       0.01886515  d_z2
  289   3   2   1       0.03918126  d_xz
  289   3   2   2       0.01896548  d_x2-y2
  290   1   0   0       1.35510315  s
  290   2   1  -1       0.83003102  p_y
  290   2   1   0       0.83003102  p_z
  290   2   1   1       0.83015821  p_x
  290   3   2  -2       0.03918126  d_xy
  290   3   2  -1       0.03895440  d_yz
  290   3   2   0       0.01886515  d_z2
  290   3   2   1       0.03918125  d_xz
  290   3   2   2       0.01896547  d_x2-y2
  291   1   0   0       1.35554641  s
  291   2   1  -1       0.82986666  p_y
  291   2   1   0       0.82986668  p_z
  291   2   1   1       0.83022039  p_x
  291   3   2  -2       0.03928713  d_xy
  291   3   2  -1       0.03888570  d_yz
  291   3   2   0       0.01896214  d_z2
  291   3   2   1       0.03928710  d_xz
  291   3   2   2       0.01905364  d_x2-y2
  292   1   0   0       1.35590334  s
  292   2   1  -1       0.82916764  p_y
  292   2   1   0       0.82916764  p_z
  292   2   1   1       0.82862846  p_x
  292   3   2  -2       0.04010502  d_xy
  292   3   2  -1       0.03823608  d_yz
  292   3   2   0       0.01983878  d_z2
  292   3   2   1       0.04010499  d_xz
  292   3   2   2       0.02023767  d_x2-y2
  293   1   0   0       1.35565190  s
  293   2   1  -1       0.82988929  p_y
  293   2   1   0       0.82988929  p_z
  293   2   1   1       0.82990557  p_x
  293   3   2  -2       0.03901947  d_xy
  293   3   2  -1       0.03899823  d_yz
  293   3   2   0       0.01883202  d_z2
  293   3   2   1       0.03901947  d_xz
  293   3   2   2       0.01885398  d_x2-y2
  294   1   0   0       1.35560119  s
  294   2   1  -1       0.82994081  p_y
  294   2   1   0       0.82990044  p_z
  294   2   1   1       0.82990042  p_x
  294   3   2  -2       0.03899582  d_xy
  294   3   2  -1       0.03899578  d_yz
  294   3   2   0       0.01885610  d_z2
  294   3   2   1       0.03907863  d_xz
  294   3   2   2       0.01884941  d_x2-y2
  295   1   0   0       1.35569842  s
  295   2   1  -1       0.82977929  p_y
  295   2   1   0       0.82973811  p_z
  295   2   1   1       0.82977929  p_x
  295   3   2  -2       0.03903333  d_xy
  295   3   2  -1       0.03910265  d_yz
  295   3   2   0       0.01896521  d_z2
  295   3   2   1       0.03910266  d_xz
  295   3   2   2       0.01889064  d_x2-y2
  296   1   0   0       1.35558816  s
  296   2   1  -1       0.82987168  p_y
  296   2   1   0       0.82998385  p_z
  296   2   1   1       0.82977342  p_x
  296   3   2  -2       0.03920804  d_xy
  296   3   2  -1       0.03892235  d_yz
  296   3   2   0       0.01886885  d_z2
  296   3   2   1       0.03891169  d_xz
  296   3   2   2       0.01894981  d_x2-y2
  297   1   0   0       1.35558803  s
  297   2   1  -1       0.82998382  p_y
  297   2   1   0       0.82977340  p_z
  297   2   1   1       0.82987164  p_x
  297   3   2  -2       0.03892237  d_xy
  297   3   2  -1       0.03891165  d_yz
  297   3   2   0       0.01892042  d_z2
  297   3   2   1       0.03920803  d_xz
  297   3   2   2       0.01889823  d_x2-y2
  298   1   0   0       1.35578886  s
  298   2   1  -1       0.82979108  p_y
  298   2   1   0       0.82980882  p_z
  298   2   1   1       0.82980880  p_x
  298   3   2  -2       0.03894055  d_xy
  298   3   2  -1       0.03894051  d_yz
  298   3   2   0       0.01888698  d_z2
  298   3   2   1       0.03928705  d_xz
  298   3   2   2       0.01892008  d_x2-y2
  299   1   0   0       1.35558816  s
  299   2   1  -1       0.82977342  p_y
  299   2   1   0       0.82998385  p_z
  299   2   1   1       0.82987168  p_x
  299   3   2  -2       0.03920804  d_xy
  299   3   2  -1       0.03891168  d_yz
  299   3   2   0       0.01886885  d_z2
  299   3   2   1       0.03892237  d_xz
  299   3   2   2       0.01894981  d_x2-y2
  300   1   0   0       1.35578891  s
  300   2   1  -1       0.82980882  p_y
  300   2   1   0       0.82979110  p_z
  300   2   1   1       0.82980881  p_x
  300   3   2  -2       0.03928708  d_xy
  300   3   2  -1       0.03894052  d_yz
  300   3   2   0       0.01893664  d_z2
  300   3   2   1       0.03894053  d_xz
  300   3   2   2       0.01887042  d_x2-y2
  301   1   0   0       1.35602292  s
  301   2   1  -1       0.82988598  p_y
  301   2   1   0       0.82949839  p_z
  301   2   1   1       0.82959758  p_x
  301   3   2  -2       0.03887212  d_xy
  301   3   2  -1       0.03893537  d_yz
  301   3   2   0       0.01893534  d_z2
  301   3   2   1       0.03946600  d_xz
  301   3   2   2       0.01894794  d_x2-y2
  302   1   0   0       1.35510325  s
  302   2   1  -1       0.83003105  p_y
  302   2   1   0       0.83003104  p_z
  302   2   1   1       0.83015823  p_x
  302   3   2  -2       0.03918127  d_xy
  302   3   2  -1       0.03895441  d_yz
  302   3   2   0       0.01886516  d_z2
  302   3   2   1       0.03918127  d_xz
  302   3   2   2       0.01896548  d_x2-y2
  303   1   0   0       1.35544701  s
  303   2   1  -1       0.82987253  p_y
  303   2   1   0       0.82990968  p_z
  303   2   1   1       0.82990721  p_x
  303   3   2  -2       0.03930292  d_xy
  303   3   2  -1       0.03896097  d_yz
  303   3   2   0       0.01890715  d_z2
  303   3   2   1       0.03905561  d_xz
  303   3   2   2       0.01891940  d_x2-y2
  304   1   0   0       1.35557464  s
  304   2   1  -1       0.82916328  p_y
  304   2   1   0       0.82917046  p_z
  304   2   1   1       0.82959871  p_x
  304   3   2  -2       0.03966486  d_xy
  304   3   2  -1       0.03897685  d_yz
  304   3   2   0       0.01915049  d_z2
  304   3   2   1       0.03918665  d_xz
  304   3   2   2       0.01902503  d_x2-y2
  305   1   0   0       1.35565197  s
  305   2   1  -1       0.82988930  p_y
  305   2   1   0       0.82988930  p_z
  305   2   1   1       0.82990559  p_x
  305   3   2  -2       0.03901947  d_xy
  305   3   2  -1       0.03899824  d_yz
  305   3   2   0       0.01883202  d_z2
  305   3   2   1       0.03901948  d_xz
  305   3   2   2       0.01885399  d_x2-y2
  306   1   0   0       1.35560124  s
  306   2   1  -1       0.82990044  p_y
  306   2   1   0       0.82994083  p_z
  306   2   1   1       0.82990044  p_x
  306   3   2  -2       0.03907865  d_xy
  306   3   2  -1       0.03899579  d_yz
  306   3   2   0       0.01884608  d_z2
  306   3   2   1       0.03899581  d_xz
  306   3   2   2       0.01885943  d_x2-y2
  307   1   0   0       1.35569842  s
  307   2   1  -1       0.82973810  p_y
  307   2   1   0       0.82977931  p_z
  307   2   1   1       0.82977929  p_x
  307   3   2  -2       0.03910268  d_xy
  307   3   2  -1       0.03910264  d_yz
  307   3   2   0       0.01890928  d_z2
  307   3   2   1       0.03903330  d_xz
  307   3   2   2       0.01894657  d_x2-y2
  308   1   0   0       1.35558804  s
  308   2   1  -1       0.82998382  p_y
  308   2   1   0       0.82987166  p_z
  308   2   1   1       0.82977338  p_x
  308   3   2  -2       0.03891169  d_xy
  308   3   2  -1       0.03892233  d_yz
  308   3   2   0       0.01893871  d_z2
  308   3   2   1       0.03920803  d_xz
  308   3   2   2       0.01887993  d_x2-y2
  309   1   0   0       1.35549265  s
  309   2   1  -1       0.82990322  p_y
  309   2   1   0       0.82990322  p_z
  309   2   1   1       0.82989570  p_x
  309   3   2  -2       0.03908050  d_xy
  309   3   2  -1       0.03897499  d_yz
  309   3   2   0       0.01883631  d_z2
  309   3   2   1       0.03908049  d_xz
  309   3   2   2       0.01888419  d_x2-y2
  310   1   0   0       1.35569842  s
  310   2   1  -1       0.82977930  p_y
  310   2   1   0       0.82977931  p_z
  310   2   1   1       0.82973810  p_x
  310   3   2  -2       0.03910268  d_xy
  310   3   2  -1       0.03903329  d_yz
  310   3   2   0       0.01890928  d_z2
  310   3   2   1       0.03910266  d_xz
  310   3   2   2       0.01894656  d_x2-y2
  311   1   0   0       1.35609113  s
  311   2   1  -1       0.82813552  p_y
  311   2   1   0       0.82813553  p_z
  311   2   1   1       0.82813552  p_x
  311   3   2  -2       0.03917660  d_xy
  311   3   2  -1       0.03917657  d_yz
  311   3   2   0       0.01888332  d_z2
  311   3   2   1       0.03917658  d_xz
  311   3   2   2       0.01888332  d_x2-y2
  312   1   0   0       1.35549268  s
  312   2   1  -1       0.82990322  p_y
  312   2   1   0       0.82990322  p_z
  312   2   1   1       0.82989570  p_x
  312   3   2  -2       0.03908049  d_xy
  312   3   2  -1       0.03897500  d_yz
  312   3   2   0       0.01883631  d_z2
  312   3   2   1       0.03908050  d_xz
  312   3   2   2       0.01888420  d_x2-y2
  313   1   0   0       1.35544695  s
  313   2   1  -1       0.82990966  p_y
  313   2   1   0       0.82987253  p_z
  313   2   1   1       0.82990720  p_x
  313   3   2  -2       0.03905563  d_xy
  313   3   2  -1       0.03896096  d_yz
  313   3   2   0       0.01888064  d_z2
  313   3   2   1       0.03930290  d_xz
  313   3   2   2       0.01894590  d_x2-y2
  314   1   0   0       1.35557464  s
  314   2   1  -1       0.82917045  p_y
  314   2   1   0       0.82916329  p_z
  314   2   1   1       0.82959871  p_x
  314   3   2  -2       0.03918668  d_xy
  314   3   2  -1       0.03897686  d_yz
  314   3   2   0       0.01904838  d_z2
  314   3   2   1       0.03966484  d_xz
  314   3   2   2       0.01912714  d_x2-y2
  315   1   0   0       1.35602305  s
  315   2   1  -1       0.82949842  p_y
  315   2   1   0       0.82988601  p_z
  315   2   1   1       0.82959762  p_x
  315   3   2  -2       0.03946602  d_xy
  315   3   2  -1       0.03893540  d_yz
  315   3   2   0       0.01894483  d_z2
  315   3   2   1       0.03887212  d_xz
  315   3   2   2       0.01893848  d_x2-y2
  316   1   0   0       1.35510318  s
  316   2   1  -1       0.83003103  p_y
  316   2   1   0       0.83003103  p_z
  316   2   1   1       0.83015822  p_x
  316   3   2  -2       0.03918127  d_xy
  316   3   2  -1       0.03895439  d_yz
  316   3   2   0       0.01886516  d_z2
  316   3   2   1       0.03918126  d_xz
  316   3   2   2       0.01896548  d_x2-y2
  317   1   0   0       1.35602288  s
  317   2   1  -1       0.82988597  p_y
  317   2   1   0       0.82949838  p_z
  317   2   1   1       0.82959757  p_x
  317   3   2  -2       0.03887211  d_xy
  317   3   2  -1       0.03893538  d_yz
  317   3   2   0       0.01893534  d_z2
  317   3   2   1       0.03946599  d_xz
  317   3   2   2       0.01894793  d_x2-y2
  318   1   0   0       1.35544700  s
  318   2   1  -1       0.82987253  p_y
  318   2   1   0       0.82990967  p_z
  318   2   1   1       0.82990722  p_x
  318   3   2  -2       0.03930290  d_xy
  318   3   2  -1       0.03896098  d_yz
  318   3   2   0       0.01890715  d_z2
  318   3   2   1       0.03905561  d_xz
  318   3   2   2       0.01891940  d_x2-y2
  319   1   0   0       1.35602293  s
  319   2   1  -1       0.82949838  p_y
  319   2   1   0       0.82988599  p_z
  319   2   1   1       0.82959758  p_x
  319   3   2  -2       0.03946601  d_xy
  319   3   2  -1       0.03893539  d_yz
  319   3   2   0       0.01894482  d_z2
  319   3   2   1       0.03887210  d_xz
  319   3   2   2       0.01893847  d_x2-y2
  320   1   0   0       1.35544688  s
  320   2   1  -1       0.82990965  p_y
  320   2   1   0       0.82987251  p_z
  320   2   1   1       0.82990719  p_x
  320   3   2  -2       0.03905561  d_xy
  320   3   2  -1       0.03896095  d_yz
  320   3   2   0       0.01888063  d_z2
  320   3   2   1       0.03930289  d_xz
  320   3   2   2       0.01894589  d_x2-y2
  321   1   0   0       1.35525448  s
  321   2   1  -1       0.82997376  p_y
  321   2   1   0       0.82999188  p_z
  321   2   1   1       0.82979081  p_x
  321   3   2  -2       0.03880801  d_xy
  321   3   2  -1       0.03901680  d_yz
  321   3   2   0       0.01901746  d_z2
  321   3   2   1       0.03922849  d_xz
  321   3   2   2       0.01887490  d_x2-y2
  322   1   0   0       1.35514257  s
  322   2   1  -1       0.82996840  p_y
  322   2   1   0       0.83011314  p_z
  322   2   1   1       0.82996840  p_x
  322   3   2  -2       0.03902597  d_xy
  322   3   2  -1       0.03915209  d_yz
  322   3   2   0       0.01904081  d_z2
  322   3   2   1       0.03915210  d_xz
  322   3   2   2       0.01885792  d_x2-y2
  323   1   0   0       1.35555800  s
  323   2   1  -1       0.82986435  p_y
  323   2   1   0       0.82986434  p_z
  323   2   1   1       0.82972842  p_x
  323   3   2  -2       0.03906661  d_xy
  323   3   2  -1       0.03919520  d_yz
  323   3   2   0       0.01885320  d_z2
  323   3   2   1       0.03906662  d_xz
  323   3   2   2       0.01888238  d_x2-y2
  324   1   0   0       1.35514257  s
  324   2   1  -1       0.83011315  p_y
  324   2   1   0       0.82996840  p_z
  324   2   1   1       0.82996840  p_x
  324   3   2  -2       0.03915209  d_xy
  324   3   2  -1       0.03915209  d_yz
  324   3   2   0       0.01890364  d_z2
  324   3   2   1       0.03902598  d_xz
  324   3   2   2       0.01899508  d_x2-y2
  325   1   0   0       1.35571536  s
  325   2   1  -1       0.82987091  p_y
  325   2   1   0       0.82980088  p_z
  325   2   1   1       0.82977052  p_x
  325   3   2  -2       0.03897253  d_xy
  325   3   2  -1       0.03895645  d_yz
  325   3   2   0       0.01887712  d_z2
  325   3   2   1       0.03926822  d_xz
  325   3   2   2       0.01891244  d_x2-y2
  326   1   0   0       1.35555801  s
  326   2   1  -1       0.82972843  p_y
  326   2   1   0       0.82986435  p_z
  326   2   1   1       0.82986435  p_x
  326   3   2  -2       0.03906662  d_xy
  326   3   2  -1       0.03906661  d_yz
  326   3   2   0       0.01885320  d_z2
  326   3   2   1       0.03919521  d_xz
  326   3   2   2       0.01888238  d_x2-y2
  327   1   0   0       1.35555800  s
  327   2   1  -1       0.82986435  p_y
  327   2   1   0       0.82972842  p_z
  327   2   1   1       0.82986434  p_x
  327   3   2  -2       0.03919520  d_xy
  327   3   2  -1       0.03906661  d_yz
  327   3   2   0       0.01889697  d_z2
  327   3   2   1       0.03906662  d_xz
  327   3   2   2       0.01883861  d_x2-y2
  328   1   0   0       1.35584498  s
  328   2   1  -1       0.82800963  p_y
  328   2   1   0       0.82882905  p_z
  328   2   1   1       0.82919194  p_x
  328   3   2  -2       0.03845065  d_xy
  328   3   2  -1       0.04079983  d_yz
  328   3   2   0       0.01938246  d_z2
  328   3   2   1       0.03931665  d_xz
  328   3   2   2       0.01943736  d_x2-y2
  329   1   0   0       1.35571535  s
  329   2   1  -1       0.82987091  p_y
  329   2   1   0       0.82977052  p_z
  329   2   1   1       0.82980087  p_x
  329   3   2  -2       0.03895645  d_xy
  329   3   2  -1       0.03897252  d_yz
  329   3   2   0       0.01888901  d_z2
  329   3   2   1       0.03926822  d_xz
  329   3   2   2       0.01890054  d_x2-y2
  330   1   0   0       1.35514257  s
  330   2   1  -1       0.82996840  p_y
  330   2   1   0       0.82996840  p_z
  330   2   1   1       0.83011314  p_x
  330   3   2  -2       0.03915209  d_xy
  330   3   2  -1       0.03902597  d_yz
  330   3   2   0       0.01890364  d_z2
  330   3   2   1       0.03915210  d_xz
  330   3   2   2       0.01899508  d_x2-y2
  331   1   0   0       1.35584497  s
  331   2   1  -1       0.82919194  p_y
  331   2   1   0       0.82882905  p_z
  331   2   1   1       0.82800963  p_x
  331   3   2  -2       0.03845065  d_xy
  331   3   2  -1       0.03931664  d_yz
  331   3   2   0       0.01938245  d_z2
  331   3   2   1       0.04079984  d_xz
  331   3   2   2       0.01943736  d_x2-y2
  332   1   0   0       1.36182466  s
  332   2   1  -1       0.82322444  p_y
  332   2   1   0       0.82322445  p_z
  332   2   1   1       0.82322445  p_x
  332   3   2  -2       0.04206855  d_xy
  332   3   2  -1       0.04206855  d_yz
  332   3   2   0       0.02023821  d_z2
  332   3   2   1       0.04206855  d_xz
  332   3   2   2       0.02023821  d_x2-y2
  333   1   0   0       1.35525448  s
  333   2   1  -1       0.82997376  p_y
  333   2   1   0       0.82979081  p_z
  333   2   1   1       0.82999188  p_x
  333   3   2  -2       0.03901680  d_xy
  333   3   2  -1       0.03880801  d_yz
  333   3   2   0       0.01887706  d_z2
  333   3   2   1       0.03922849  d_xz
  333   3   2   2       0.01901530  d_x2-y2
  334   1   0   0       1.35619680  s
  334   2   1  -1       0.82971111  p_y
  334   2   1   0       0.82941506  p_z
  334   2   1   1       0.82941506  p_x
  334   3   2  -2       0.03896375  d_xy
  334   3   2  -1       0.03896375  d_yz
  334   3   2   0       0.01889173  d_z2
  334   3   2   1       0.03965822  d_xz
  334   3   2   2       0.01901516  d_x2-y2
  335   1   0   0       1.35584496  s
  335   2   1  -1       0.82919193  p_y
  335   2   1   0       0.82800962  p_z
  335   2   1   1       0.82882904  p_x
  335   3   2  -2       0.03931664  d_xy
  335   3   2  -1       0.03845065  d_yz
  335   3   2   0       0.01955402  d_z2
  335   3   2   1       0.04079984  d_xz
  335   3   2   2       0.01926579  d_x2-y2
  336   1   0   0       1.35584497  s
  336   2   1  -1       0.82800963  p_y
  336   2   1   0       0.82919194  p_z
  336   2   1   1       0.82882905  p_x
  336   3   2  -2       0.04079983  d_xy
  336   3   2  -1       0.03845065  d_yz
  336   3   2   0       0.01929324  d_z2
  336   3   2   1       0.03931665  d_xz
  336   3   2   2       0.01952657  d_x2-y2
  337   1   0   0       1.35567382  s
  337   2   1  -1       0.82982590  p_y
  337   2   1   0       0.82978443  p_z
  337   2   1   1       0.82964755  p_x
  337   3   2  -2       0.03886015  d_xy
  337   3   2  -1       0.03904558  d_yz
  337   3   2   0       0.01897999  d_z2
  337   3   2   1       0.03950250  d_xz
  337   3   2   2       0.01893628  d_x2-y2
  338   1   0   0       1.35548705  s
  338   2   1  -1       0.82870913  p_y
  338   2   1   0       0.82990433  p_z
  338   2   1   1       0.82870913  p_x
  338   3   2  -2       0.03926440  d_xy
  338   3   2  -1       0.03985447  d_yz
  338   3   2   0       0.01901702  d_z2
  338   3   2   1       0.03985448  d_xz
  338   3   2   2       0.01896723  d_x2-y2
  339   1   0   0       1.35548706  s
  339   2   1  -1       0.82990433  p_y
  339   2   1   0       0.82870913  p_z
  339   2   1   1       0.82870913  p_x
  339   3   2  -2       0.03985447  d_xy
  339   3   2  -1       0.03985447  d_yz
  339   3   2   0       0.01897968  d_z2
  339   3   2   1       0.03926441  d_xz
  339   3   2   2       0.01900458  d_x2-y2
  340   1   0   0       1.35556483  s
  340   2   1  -1       0.82987873  p_y
  340   2   1   0       0.82993952  p_z
  340   2   1   1       0.82995122  p_x
  340   3   2  -2       0.03898846  d_xy
  340   3   2  -1       0.03903504  d_yz
  340   3   2   0       0.01885970  d_z2
  340   3   2   1       0.03903035  d_xz
  340   3   2   2       0.01887814  d_x2-y2
  341   1   0   0       1.35587781  s
  341   2   1  -1       0.82941872  p_y
  341   2   1   0       0.82958750  p_z
  341   2   1   1       0.82958750  p_x
  341   3   2  -2       0.03904569  d_xy
  341   3   2  -1       0.03904568  d_yz
  341   3   2   0       0.01887966  d_z2
  341   3   2   1       0.03957320  d_xz
  341   3   2   2       0.01901276  d_x2-y2
  342   1   0   0       1.35548705  s
  342   2   1  -1       0.82870913  p_y
  342   2   1   0       0.82870913  p_z
  342   2   1   1       0.82990432  p_x
  342   3   2  -2       0.03985447  d_xy
  342   3   2  -1       0.03926440  d_yz
  342   3   2   0       0.01897968  d_z2
  342   3   2   1       0.03985448  d_xz
  342   3   2   2       0.01900458  d_x2-y2
  343   1   0   0       1.35587781  s
  343   2   1  -1       0.82958751  p_y
  343   2   1   0       0.82941872  p_z
  343   2   1   1       0.82958750  p_x
  343   3   2  -2       0.03957319  d_xy
  343   3   2  -1       0.03904569  d_yz
  343   3   2   0       0.01907930  d_z2
  343   3   2   1       0.03904569  d_xz
  343   3   2   2       0.01881312  d_x2-y2
  344   1   0   0       1.35622530  s
  344   2   1  -1       0.82969501  p_y
  344   2   1   0       0.82957907  p_z
  344   2   1   1       0.82966602  p_x
  344   3   2  -2       0.03894943  d_xy
  344   3   2  -1       0.03901508  d_yz
  344   3   2   0       0.01891294  d_z2
  344   3   2   1       0.03933695  d_xz
  344   3   2   2       0.01892531  d_x2-y2
  345   1   0   0       1.35567381  s
  345   2   1  -1       0.82982590  p_y
  345   2   1   0       0.82964754  p_z
  345   2   1   1       0.82978442  p_x
  345   3   2  -2       0.03904558  d_xy
  345   3   2  -1       0.03886015  d_yz
  345   3   2   0       0.01898743  d_z2
  345   3   2   1       0.03950250  d_xz
  345   3   2   2       0.01892884  d_x2-y2
  346   1   0   0       1.35567380  s
  346   2   1  -1       0.82964755  p_y
  346   2   1   0       0.82982589  p_z
  346   2   1   1       0.82978442  p_x
  346   3   2  -2       0.03950249  d_xy
  346   3   2  -1       0.03886015  d_yz
  346   3   2   0       0.01890698  d_z2
  346   3   2   1       0.03904559  d_xz
  346   3   2   2       0.01900928  d_x2-y2
  347   1   0   0       1.39275627  s
  347   2   1  -1       0.75050914  p_y
  347   2   1   0       0.83965586  p_z
  347   2   1   1       0.83965587  p_x
  347   3   2  -2       0.03483592  d_xy
  347   3   2  -1       0.03483592  d_yz
  347   3   2   0       0.02439781  d_z2
  347   3   2   1       0.05004665  d_xz
  347   3   2   2       0.02820928  d_x2-y2
  348   1   0   0       1.35622530  s
  348   2   1  -1       0.82969501  p_y
  348   2   1   0       0.82966602  p_z
  348   2   1   1       0.82957907  p_x
  348   3   2  -2       0.03901508  d_xy
  348   3   2  -1       0.03894943  d_yz
  348   3   2   0       0.01883636  d_z2
  348   3   2   1       0.03933695  d_xz
  348   3   2   2       0.01900188  d_x2-y2
  349   1   0   0       1.35580398  s
  349   2   1  -1       0.82989159  p_y
  349   2   1   0       0.82989159  p_z
  349   2   1   1       0.82989159  p_x
  349   3   2  -2       0.03899147  d_xy
  349   3   2  -1       0.03899147  d_yz
  349   3   2   0       0.01882583  d_z2
  349   3   2   1       0.03899148  d_xz
  349   3   2   2       0.01882584  d_x2-y2
  350   1   0   0       1.35567380  s
  350   2   1  -1       0.82964755  p_y
  350   2   1   0       0.82978442  p_z
  350   2   1   1       0.82982590  p_x
  350   3   2  -2       0.03886015  d_xy
  350   3   2  -1       0.03950249  d_yz
  350   3   2   0       0.01897999  d_z2
  350   3   2   1       0.03904559  d_xz
  350   3   2   2       0.01893628  d_x2-y2
  351   1   0   0       1.35587781  s
  351   2   1  -1       0.82958751  p_y
  351   2   1   0       0.82958750  p_z
  351   2   1   1       0.82941872  p_x
  351   3   2  -2       0.03904569  d_xy
  351   3   2  -1       0.03957319  d_yz
  351   3   2   0       0.01887966  d_z2
  351   3   2   1       0.03904569  d_xz
  351   3   2   2       0.01901276  d_x2-y2
  352   1   0   0       1.35556482  s
  352   2   1  -1       0.82987873  p_y
  352   2   1   0       0.82995122  p_z
  352   2   1   1       0.82993952  p_x
  352   3   2  -2       0.03903504  d_xy
  352   3   2  -1       0.03898846  d_yz
  352   3   2   0       0.01887011  d_z2
  352   3   2   1       0.03903035  d_xz
  352   3   2   2       0.01886772  d_x2-y2
  353   1   0   0       1.35617663  s
  353   2   1  -1       0.82970988  p_y
  353   2   1   0       0.82955538  p_z
  353   2   1   1       0.82955538  p_x
  353   3   2  -2       0.03897958  d_xy
  353   3   2  -1       0.03897958  d_yz
  353   3   2   0       0.01888672  d_z2
  353   3   2   1       0.03945383  d_xz
  353   3   2   2       0.01898574  d_x2-y2
  354   1   0   0       1.35617670  s
  354   2   1  -1       0.82970990  p_y
  354   2   1   0       0.82955539  p_z
  354   2   1   1       0.82955540  p_x
  354   3   2  -2       0.03897959  d_xy
  354   3   2  -1       0.03897960  d_yz
  354   3   2   0       0.01888673  d_z2
  354   3   2   1       0.03945383  d_xz
  354   3   2   2       0.01898574  d_x2-y2
  355   1   0   0       1.35557470  s
  355   2   1  -1       0.82917047  p_y
  355   2   1   0       0.82916330  p_z
  355   2   1   1       0.82959873  p_x
  355   3   2  -2       0.03918667  d_xy
  355   3   2  -1       0.03897689  d_yz
  355   3   2   0       0.01904838  d_z2
  355   3   2   1       0.03966485  d_xz
  355   3   2   2       0.01912715  d_x2-y2
  356   1   0   0       1.35557470  s
  356   2   1  -1       0.82916330  p_y
  356   2   1   0       0.82917046  p_z
  356   2   1   1       0.82959873  p_x
  356   3   2  -2       0.03966484  d_xy
  356   3   2  -1       0.03897689  d_yz
  356   3   2   0       0.01915050  d_z2
  356   3   2   1       0.03918668  d_xz
  356   3   2   2       0.01902504  d_x2-y2
  357   1   0   0       1.35544706  s
  357   2   1  -1       0.82990969  p_y
  357   2   1   0       0.82990723  p_z
  357   2   1   1       0.82987254  p_x
  357   3   2  -2       0.03896098  d_xy
  357   3   2  -1       0.03905561  d_yz
  357   3   2   0       0.01895203  d_z2
  357   3   2   1       0.03930293  d_xz
  357   3   2   2       0.01887452  d_x2-y2
  358   1   0   0       1.35558818  s
  358   2   1  -1       0.82998386  p_y
  358   2   1   0       0.82987168  p_z
  358   2   1   1       0.82977342  p_x
  358   3   2  -2       0.03891169  d_xy
  358   3   2  -1       0.03892236  d_yz
  358   3   2   0       0.01893872  d_z2
  358   3   2   1       0.03920805  d_xz
  358   3   2   2       0.01887995  d_x2-y2
  359   1   0   0       1.35587568  s
  359   2   1  -1       0.82985313  p_y
  359   2   1   0       0.82985313  p_z
  359   2   1   1       0.82985313  p_x
  359   3   2  -2       0.03900688  d_xy
  359   3   2  -1       0.03900687  d_yz
  359   3   2   0       0.01889830  d_z2
  359   3   2   1       0.03900689  d_xz
  359   3   2   2       0.01889830  d_x2-y2
  360   1   0   0       1.35557471  s
  360   2   1  -1       0.82916330  p_y
  360   2   1   0       0.82959873  p_z
  360   2   1   1       0.82917047  p_x
  360   3   2  -2       0.03897689  d_xy
  360   3   2  -1       0.03966484  d_yz
  360   3   2   0       0.01906443  d_z2
  360   3   2   1       0.03918668  d_xz
  360   3   2   2       0.01911111  d_x2-y2
  361   1   0   0       1.35578895  s
  361   2   1  -1       0.82979111  p_y
  361   2   1   0       0.82980883  p_z
  361   2   1   1       0.82980883  p_x
  361   3   2  -2       0.03894053  d_xy
  361   3   2  -1       0.03894053  d_yz
  361   3   2   0       0.01888698  d_z2
  361   3   2   1       0.03928708  d_xz
  361   3   2   2       0.01892009  d_x2-y2
  362   1   0   0       1.35558818  s
  362   2   1  -1       0.82998386  p_y
  362   2   1   0       0.82977342  p_z
  362   2   1   1       0.82987168  p_x
  362   3   2  -2       0.03892236  d_xy
  362   3   2  -1       0.03891169  d_yz
  362   3   2   0       0.01892043  d_z2
  362   3   2   1       0.03920805  d_xz
  362   3   2   2       0.01889824  d_x2-y2
  363   1   0   0       1.35557471  s
  363   2   1  -1       0.82917047  p_y
  363   2   1   0       0.82959873  p_z
  363   2   1   1       0.82916330  p_x
  363   3   2  -2       0.03897689  d_xy
  363   3   2  -1       0.03918667  d_yz
  363   3   2   0       0.01906442  d_z2
  363   3   2   1       0.03966485  d_xz
  363   3   2   2       0.01911111  d_x2-y2
  364   1   0   0       1.35590350  s
  364   2   1  -1       0.82916774  p_y
  364   2   1   0       0.82862860  p_z
  364   2   1   1       0.82916774  p_x
  364   3   2  -2       0.03823614  d_xy
  364   3   2  -1       0.04010503  d_yz
  364   3   2   0       0.02043715  d_z2
  364   3   2   1       0.04010504  d_xz
  364   3   2   2       0.01963937  d_x2-y2
  365   1   0   0       1.35544705  s
  365   2   1  -1       0.82990969  p_y
  365   2   1   0       0.82987254  p_z
  365   2   1   1       0.82990723  p_x
  365   3   2  -2       0.03905561  d_xy
  365   3   2  -1       0.03896098  d_yz
  365   3   2   0       0.01888064  d_z2
  365   3   2   1       0.03930292  d_xz
  365   3   2   2       0.01894591  d_x2-y2
  366   1   0   0       1.35617671  s
  366   2   1  -1       0.82970990  p_y
  366   2   1   0       0.82955540  p_z
  366   2   1   1       0.82955539  p_x
  366   3   2  -2       0.03897960  d_xy
  366   3   2  -1       0.03897959  d_yz
  366   3   2   0       0.01888673  d_z2
  366   3   2   1       0.03945384  d_xz
  366   3   2   2       0.01898574  d_x2-y2
  367   1   0   0       1.35638773  s
  367   2   1  -1       0.82991792  p_y
  367   2   1   0       0.82910826  p_z
  367   2   1   1       0.82910826  p_x
  367   3   2  -2       0.03876150  d_xy
  367   3   2  -1       0.03876150  d_yz
  367   3   2   0       0.01910513  d_z2
  367   3   2   1       0.04011500  d_xz
  367   3   2   2       0.01922581  d_x2-y2
  368   1   0   0       1.35590349  s
  368   2   1  -1       0.82916774  p_y
  368   2   1   0       0.82916774  p_z
  368   2   1   1       0.82862859  p_x
  368   3   2  -2       0.04010503  d_xy
  368   3   2  -1       0.03823614  d_yz
  368   3   2   0       0.01983881  d_z2
  368   3   2   1       0.04010504  d_xz
  368   3   2   2       0.02023770  d_x2-y2
  369   1   0   0       1.35544704  s
  369   2   1  -1       0.82990968  p_y
  369   2   1   0       0.82990722  p_z
  369   2   1   1       0.82987253  p_x
  369   3   2  -2       0.03896099  d_xy
  369   3   2  -1       0.03905561  d_yz
  369   3   2   0       0.01895203  d_z2
  369   3   2   1       0.03930291  d_xz
  369   3   2   2       0.01887452  d_x2-y2
  370   1   0   0       1.35554661  s
  370   2   1  -1       0.82986672  p_y
  370   2   1   0       0.83022045  p_z
  370   2   1   1       0.82986672  p_x
  370   3   2  -2       0.03888573  d_xy
  370   3   2  -1       0.03928713  d_yz
  370   3   2   0       0.01909942  d_z2
  370   3   2   1       0.03928714  d_xz
  370   3   2   2       0.01891641  d_x2-y2
  371   1   0   0       1.35632263  s
  371   2   1  -1       0.82930883  p_y
  371   2   1   0       0.82930883  p_z
  371   2   1   1       0.83014379  p_x
  371   3   2  -2       0.03870279  d_xy
  371   3   2  -1       0.03960895  d_yz
  371   3   2   0       0.01911941  d_z2
  371   3   2   1       0.03870280  d_xz
  371   3   2   2       0.01906748  d_x2-y2
  372   1   0   0       1.35560128  s
  372   2   1  -1       0.82994084  p_y
  372   2   1   0       0.82990045  p_z
  372   2   1   1       0.82990045  p_x
  372   3   2  -2       0.03899581  d_xy
  372   3   2  -1       0.03899580  d_yz
  372   3   2   0       0.01885610  d_z2
  372   3   2   1       0.03907866  d_xz
  372   3   2   2       0.01884942  d_x2-y2
  373   1   0   0       1.35602307  s
  373   2   1  -1       0.82988602  p_y
  373   2   1   0       0.82959762  p_z
  373   2   1   1       0.82949842  p_x
  373   3   2  -2       0.03893541  d_xy
  373   3   2  -1       0.03887212  d_yz
  373   3   2   0       0.01894478  d_z2
  373   3   2   1       0.03946603  d_xz
  373   3   2   2       0.01893853  d_x2-y2
  374   1   0   0       1.35632262  s
  374   2   1  -1       0.83014379  p_y
  374   2   1   0       0.82930883  p_z
  374   2   1   1       0.82930883  p_x
  374   3   2  -2       0.03870279  d_xy
  374   3   2  -1       0.03870278  d_yz
  374   3   2   0       0.01911941  d_z2
  374   3   2   1       0.03960897  d_xz
  374   3   2   2       0.01906748  d_x2-y2
  375   1   0   0       1.35632263  s
  375   2   1  -1       0.82930883  p_y
  375   2   1   0       0.83014379  p_z
  375   2   1   1       0.82930883  p_x
  375   3   2  -2       0.03960896  d_xy
  375   3   2  -1       0.03870278  d_yz
  375   3   2   0       0.01904151  d_z2
  375   3   2   1       0.03870280  d_xz
  375   3   2   2       0.01914538  d_x2-y2
  376   1   0   0       1.35602299  s
  376   2   1  -1       0.82988600  p_y
  376   2   1   0       0.82959760  p_z
  376   2   1   1       0.82949840  p_x
  376   3   2  -2       0.03893540  d_xy
  376   3   2  -1       0.03887210  d_yz
  376   3   2   0       0.01894477  d_z2
  376   3   2   1       0.03946602  d_xz
  376   3   2   2       0.01893852  d_x2-y2
  377   1   0   0       1.35602306  s
  377   2   1  -1       0.82988602  p_y
  377   2   1   0       0.82949842  p_z
  377   2   1   1       0.82959762  p_x
  377   3   2  -2       0.03887212  d_xy
  377   3   2  -1       0.03893540  d_yz
  377   3   2   0       0.01893535  d_z2
  377   3   2   1       0.03946602  d_xz
  377   3   2   2       0.01894795  d_x2-y2
  378   1   0   0       1.35554660  s
  378   2   1  -1       0.82986672  p_y
  378   2   1   0       0.82986671  p_z
  378   2   1   1       0.83022045  p_x
  378   3   2  -2       0.03928713  d_xy
  378   3   2  -1       0.03888573  d_yz
  378   3   2   0       0.01896216  d_z2
  378   3   2   1       0.03928714  d_xz
  378   3   2   2       0.01905366  d_x2-y2
  379   1   0   0       1.35762640  s
  379   2   1  -1       0.82651332  p_y
  379   2   1   0       0.82874031  p_z
  379   2   1   1       0.82874030  p_x
  379   3   2  -2       0.04120850  d_xy
  379   3   2  -1       0.04120850  d_yz
  379   3   2   0       0.02033998  d_z2
  379   3   2   1       0.04227654  d_xz
  379   3   2   2       0.02051340  d_x2-y2
  380   1   0   0       1.35617674  s
  380   2   1  -1       0.82970991  p_y
  380   2   1   0       0.82955540  p_z
  380   2   1   1       0.82955540  p_x
  380   3   2  -2       0.03897959  d_xy
  380   3   2  -1       0.03897959  d_yz
  380   3   2   0       0.01888673  d_z2
  380   3   2   1       0.03945385  d_xz
  380   3   2   2       0.01898575  d_x2-y2
  381   1   0   0       1.35544702  s
  381   2   1  -1       0.82990968  p_y
  381   2   1   0       0.82987253  p_z
  381   2   1   1       0.82990722  p_x
  381   3   2  -2       0.03905561  d_xy
  381   3   2  -1       0.03896099  d_yz
  381   3   2   0       0.01888064  d_z2
  381   3   2   1       0.03930291  d_xz
  381   3   2   2       0.01894591  d_x2-y2
  382   1   0   0       1.35638762  s
  382   2   1  -1       0.82991788  p_y
  382   2   1   0       0.82910821  p_z
  382   2   1   1       0.82910821  p_x
  382   3   2  -2       0.03876148  d_xy
  382   3   2  -1       0.03876148  d_yz
  382   3   2   0       0.01910512  d_z2
  382   3   2   1       0.04011498  d_xz
  382   3   2   2       0.01922579  d_x2-y2
  383   1   0   0       1.35762640  s
  383   2   1  -1       0.82651331  p_y
  383   2   1   0       0.82874029  p_z
  383   2   1   1       0.82874030  p_x
  383   3   2  -2       0.04120849  d_xy
  383   3   2  -1       0.04120850  d_yz
  383   3   2   0       0.02033998  d_z2
  383   3   2   1       0.04227653  d_xz
  383   3   2   2       0.02051339  d_x2-y2
  384   1   0   0       1.35602298  s
  384   2   1  -1       0.82988600  p_y
  384   2   1   0       0.82949839  p_z
  384   2   1   1       0.82959760  p_x
  384   3   2  -2       0.03887210  d_xy
  384   3   2  -1       0.03893540  d_yz
  384   3   2   0       0.01893535  d_z2
  384   3   2   1       0.03946601  d_xz
  384   3   2   2       0.01894795  d_x2-y2
  385   1   0   0       1.35525448  s
  385   2   1  -1       0.82999188  p_y
  385   2   1   0       0.82997376  p_z
  385   2   1   1       0.82979081  p_x
  385   3   2  -2       0.03922849  d_xy
  385   3   2  -1       0.03901680  d_yz
  385   3   2   0       0.01894402  d_z2
  385   3   2   1       0.03880801  d_xz
  385   3   2   2       0.01894834  d_x2-y2
  386   1   0   0       1.35514245  s
  386   2   1  -1       0.83011312  p_y
  386   2   1   0       0.82996838  p_z
  386   2   1   1       0.82996836  p_x
  386   3   2  -2       0.03915209  d_xy
  386   3   2  -1       0.03915206  d_yz
  386   3   2   0       0.01890363  d_z2
  386   3   2   1       0.03902595  d_xz
  386   3   2   2       0.01899507  d_x2-y2
  387   1   0   0       1.35555783  s
  387   2   1  -1       0.82986430  p_y
  387   2   1   0       0.82986431  p_z
  387   2   1   1       0.82972837  p_x
  387   3   2  -2       0.03906660  d_xy
  387   3   2  -1       0.03919516  d_yz
  387   3   2   0       0.01885318  d_z2
  387   3   2   1       0.03906659  d_xz
  387   3   2   2       0.01888236  d_x2-y2
  388   1   0   0       1.35514245  s
  388   2   1  -1       0.82996837  p_y
  388   2   1   0       0.83011312  p_z
  388   2   1   1       0.82996836  p_x
  388   3   2  -2       0.03902596  d_xy
  388   3   2  -1       0.03915206  d_yz
  388   3   2   0       0.01904080  d_z2
  388   3   2   1       0.03915208  d_xz
  388   3   2   2       0.01885790  d_x2-y2
  389   1   0   0       1.35567375  s
  389   2   1  -1       0.82978440  p_y
  389   2   1   0       0.82982589  p_z
  389   2   1   1       0.82964752  p_x
  389   3   2  -2       0.03950250  d_xy
  389   3   2  -1       0.03904556  d_yz
  389   3   2   0       0.01890698  d_z2
  389   3   2   1       0.03886014  d_xz
  389   3   2   2       0.01900927  d_x2-y2
  390   1   0   0       1.35548690  s
  390   2   1  -1       0.82990425  p_y
  390   2   1   0       0.82870907  p_z
  390   2   1   1       0.82870906  p_x
  390   3   2  -2       0.03985446  d_xy
  390   3   2  -1       0.03985442  d_yz
  390   3   2   0       0.01897966  d_z2
  390   3   2   1       0.03926437  d_xz
  390   3   2   2       0.01900455  d_x2-y2
  391   1   0   0       1.35548691  s
  391   2   1  -1       0.82870907  p_y
  391   2   1   0       0.82990426  p_z
  391   2   1   1       0.82870906  p_x
  391   3   2  -2       0.03926438  d_xy
  391   3   2  -1       0.03985443  d_yz
  391   3   2   0       0.01901701  d_z2
  391   3   2   1       0.03985445  d_xz
  391   3   2   2       0.01896721  d_x2-y2
  392   1   0   0       1.35556477  s
  392   2   1  -1       0.82993952  p_y
  392   2   1   0       0.82987872  p_z
  392   2   1   1       0.82995121  p_x
  392   3   2  -2       0.03903033  d_xy
  392   3   2  -1       0.03903502  d_yz
  392   3   2   0       0.01887694  d_z2
  392   3   2   1       0.03898846  d_xz
  392   3   2   2       0.01886088  d_x2-y2
  393   1   0   0       1.35584489  s
  393   2   1  -1       0.82882899  p_y
  393   2   1   0       0.82919188  p_z
  393   2   1   1       0.82800957  p_x
  393   3   2  -2       0.04079984  d_xy
  393   3   2  -1       0.03931661  d_yz
  393   3   2   0       0.01929324  d_z2
  393   3   2   1       0.03845062  d_xz
  393   3   2   2       0.01952655  d_x2-y2
  394   1   0   0       1.36182464  s
  394   2   1  -1       0.82322428  p_y
  394   2   1   0       0.82322428  p_z
  394   2   1   1       0.82322429  p_x
  394   3   2  -2       0.04206849  d_xy
  394   3   2  -1       0.04206848  d_yz
  394   3   2   0       0.02023817  d_z2
  394   3   2   1       0.04206849  d_xz
  394   3   2   2       0.02023817  d_x2-y2
  395   1   0   0       1.35571527  s
  395   2   1  -1       0.82977050  p_y
  395   2   1   0       0.82987089  p_z
  395   2   1   1       0.82980085  p_x
  395   3   2  -2       0.03926820  d_xy
  395   3   2  -1       0.03897250  d_yz
  395   3   2   0       0.01891820  d_z2
  395   3   2   1       0.03895645  d_xz
  395   3   2   2       0.01887134  d_x2-y2
  396   1   0   0       1.35514245  s
  396   2   1  -1       0.82996837  p_y
  396   2   1   0       0.82996838  p_z
  396   2   1   1       0.83011311  p_x
  396   3   2  -2       0.03915209  d_xy
  396   3   2  -1       0.03902593  d_yz
  396   3   2   0       0.01890363  d_z2
  396   3   2   1       0.03915208  d_xz
  396   3   2   2       0.01899507  d_x2-y2
  397   1   0   0       1.39275627  s
  397   2   1  -1       0.83965578  p_y
  397   2   1   0       0.75050903  p_z
  397   2   1   1       0.83965578  p_x
  397   3   2  -2       0.05004661  d_xy
  397   3   2  -1       0.03483589  d_yz
  397   3   2   0       0.03011496  d_z2
  397   3   2   1       0.03483589  d_xz
  397   3   2   2       0.02249204  d_x2-y2
  398   1   0   0       1.35622523  s
  398   2   1  -1       0.82966600  p_y
  398   2   1   0       0.82969499  p_z
  398   2   1   1       0.82957905  p_x
  398   3   2  -2       0.03933694  d_xy
  398   3   2  -1       0.03894942  d_yz
  398   3   2   0       0.01900806  d_z2
  398   3   2   1       0.03901508  d_xz
  398   3   2   2       0.01883017  d_x2-y2
  399   1   0   0       1.35567364  s
  399   2   1  -1       0.82964750  p_y
  399   2   1   0       0.82982586  p_z
  399   2   1   1       0.82978437  p_x
  399   3   2  -2       0.03950248  d_xy
  399   3   2  -1       0.03886011  d_yz
  399   3   2   0       0.01890697  d_z2
  399   3   2   1       0.03904557  d_xz
  399   3   2   2       0.01900927  d_x2-y2
  400   1   0   0       1.35567363  s
  400   2   1  -1       0.82982585  p_y
  400   2   1   0       0.82964751  p_z
  400   2   1   1       0.82978437  p_x
  400   3   2  -2       0.03904557  d_xy
  400   3   2  -1       0.03886011  d_yz
  400   3   2   0       0.01898742  d_z2
  400   3   2   1       0.03950247  d_xz
  400   3   2   2       0.01892882  d_x2-y2
  401   1   0   0       1.35571530  s
  401   2   1  -1       0.82980087  p_y
  401   2   1   0       0.82987090  p_z
  401   2   1   1       0.82977050  p_x
  401   3   2  -2       0.03926821  d_xy
  401   3   2  -1       0.03895643  d_yz
  401   3   2   0       0.01891820  d_z2
  401   3   2   1       0.03897253  d_xz
  401   3   2   2       0.01887134  d_x2-y2
  402   1   0   0       1.35555787  s
  402   2   1  -1       0.82986432  p_y
  402   2   1   0       0.82972839  p_z
  402   2   1   1       0.82986430  p_x
  402   3   2  -2       0.03919519  d_xy
  402   3   2  -1       0.03906657  d_yz
  402   3   2   0       0.01889696  d_z2
  402   3   2   1       0.03906660  d_xz
  402   3   2   2       0.01883859  d_x2-y2
  403   1   0   0       1.35555786  s
  403   2   1  -1       0.82972839  p_y
  403   2   1   0       0.82986432  p_z
  403   2   1   1       0.82986430  p_x
  403   3   2  -2       0.03906661  d_xy
  403   3   2  -1       0.03906657  d_yz
  403   3   2   0       0.01885318  d_z2
  403   3   2   1       0.03919518  d_xz
  403   3   2   2       0.01888236  d_x2-y2
  404   1   0   0       1.35584492  s
  404   2   1  -1       0.82882902  p_y
  404   2   1   0       0.82800958  p_z
  404   2   1   1       0.82919190  p_x
  404   3   2  -2       0.03931664  d_xy
  404   3   2  -1       0.04079982  d_yz
  404   3   2   0       0.01955402  d_z2
  404   3   2   1       0.03845064  d_xz
  404   3   2   2       0.01926578  d_x2-y2
  405   1   0   0       1.35587768  s
  405   2   1  -1       0.82958746  p_y
  405   2   1   0       0.82941869  p_z
  405   2   1   1       0.82958745  p_x
  405   3   2  -2       0.03957318  d_xy
  405   3   2  -1       0.03904565  d_yz
  405   3   2   0       0.01907929  d_z2
  405   3   2   1       0.03904567  d_xz
  405   3   2   2       0.01881310  d_x2-y2
  406   1   0   0       1.35548689  s
  406   2   1  -1       0.82870906  p_y
  406   2   1   0       0.82870906  p_z
  406   2   1   1       0.82990424  p_x
  406   3   2  -2       0.03985445  d_xy
  406   3   2  -1       0.03926434  d_yz
  406   3   2   0       0.01897966  d_z2
  406   3   2   1       0.03985444  d_xz
  406   3   2   2       0.01900455  d_x2-y2
  407   1   0   0       1.35587768  s
  407   2   1  -1       0.82941868  p_y
  407   2   1   0       0.82958746  p_z
  407   2   1   1       0.82958745  p_x
  407   3   2  -2       0.03904567  d_xy
  407   3   2  -1       0.03904565  d_yz
  407   3   2   0       0.01887965  d_z2
  407   3   2   1       0.03957318  d_xz
  407   3   2   2       0.01901274  d_x2-y2
  408   1   0   0       1.35622531  s
  408   2   1  -1       0.82957907  p_y
  408   2   1   0       0.82969501  p_z
  408   2   1   1       0.82966602  p_x
  408   3   2  -2       0.03933695  d_xy
  408   3   2  -1       0.03901508  d_yz
  408   3   2   0       0.01900807  d_z2
  408   3   2   1       0.03894943  d_xz
  408   3   2   2       0.01883017  d_x2-y2
  409   1   0   0       1.35584482  s
  409   2   1  -1       0.82800954  p_y
  409   2   1   0       0.82919186  p_z
  409   2   1   1       0.82882896  p_x
  409   3   2  -2       0.04079982  d_xy
  409   3   2  -1       0.03845060  d_yz
  409   3   2   0       0.01929323  d_z2
  409   3   2   1       0.03931661  d_xz
  409   3   2   2       0.01952655  d_x2-y2
  410   1   0   0       1.35584482  s
  410   2   1  -1       0.82919186  p_y
  410   2   1   0       0.82800954  p_z
  410   2   1   1       0.82882897  p_x
  410   3   2  -2       0.03931662  d_xy
  410   3   2  -1       0.03845060  d_yz
  410   3   2   0       0.01955401  d_z2
  410   3   2   1       0.04079981  d_xz
  410   3   2   2       0.01926577  d_x2-y2
  411   1   0   0       1.35525441  s
  411   2   1  -1       0.82979080  p_y
  411   2   1   0       0.82997374  p_z
  411   2   1   1       0.82999186  p_x
  411   3   2  -2       0.03922848  d_xy
  411   3   2  -1       0.03880799  d_yz
  411   3   2   0       0.01894401  d_z2
  411   3   2   1       0.03901681  d_xz
  411   3   2   2       0.01894834  d_x2-y2
  412   1   0   0       1.35619674  s
  412   2   1  -1       0.82941503  p_y
  412   2   1   0       0.82971110  p_z
  412   2   1   1       0.82941503  p_x
  412   3   2  -2       0.03965822  d_xy
  412   3   2  -1       0.03896373  d_yz
  412   3   2   0       0.01907687  d_z2
  412   3   2   1       0.03896373  d_xz
  412   3   2   2       0.01883000  d_x2-y2
  413   1   0   0       1.35587767  s
  413   2   1  -1       0.82958746  p_y
  413   2   1   0       0.82958746  p_z
  413   2   1   1       0.82941867  p_x
  413   3   2  -2       0.03904568  d_xy
  413   3   2  -1       0.03957316  d_yz
  413   3   2   0       0.01887965  d_z2
  413   3   2   1       0.03904567  d_xz
  413   3   2   2       0.01901274  d_x2-y2
  414   1   0   0       1.35556475  s
  414   2   1  -1       0.82995122  p_y
  414   2   1   0       0.82987871  p_z
  414   2   1   1       0.82993950  p_x
  414   3   2  -2       0.03903033  d_xy
  414   3   2  -1       0.03898844  d_yz
  414   3   2   0       0.01887693  d_z2
  414   3   2   1       0.03903505  d_xz
  414   3   2   2       0.01886088  d_x2-y2
  415   1   0   0       1.35580387  s
  415   2   1  -1       0.82989157  p_y
  415   2   1   0       0.82989157  p_z
  415   2   1   1       0.82989156  p_x
  415   3   2  -2       0.03899147  d_xy
  415   3   2  -1       0.03899144  d_yz
  415   3   2   0       0.01882583  d_z2
  415   3   2   1       0.03899146  d_xz
  415   3   2   2       0.01882582  d_x2-y2
  416   1   0   0       1.35567370  s
  416   2   1  -1       0.82978439  p_y
  416   2   1   0       0.82964752  p_z
  416   2   1   1       0.82982586  p_x
  416   3   2  -2       0.03904559  d_xy
  416   3   2  -1       0.03950247  d_yz
  416   3   2   0       0.01898742  d_z2
  416   3   2   1       0.03886013  d_xz
  416   3   2   2       0.01892882  d_x2-y2
  417   1   0   0       1.35617670  s
  417   2   1  -1       0.82955539  p_y
  417   2   1   0       0.82970990  p_z
  417   2   1   1       0.82955540  p_x
  417   3   2  -2       0.03945383  d_xy
  417   3   2  -1       0.03897960  d_yz
  417   3   2   0       0.01903525  d_z2
  417   3   2   1       0.03897959  d_xz
  417   3   2   2       0.01883722  d_x2-y2
  418   1   0   0       1.35617663  s
  418   2   1  -1       0.82955537  p_y
  418   2   1   0       0.82970988  p_z
  418   2   1   1       0.82955537  p_x
  418   3   2  -2       0.03945383  d_xy
  418   3   2  -1       0.03897958  d_yz
  418   3   2   0       0.01903524  d_z2
  418   3   2   1       0.03897958  d_xz
  418   3   2   2       0.01883722  d_x2-y2
  419   1   0   0       1.35557454  s
  419   2   1  -1       0.82916325  p_y
  419   2   1   0       0.82917042  p_z
  419   2   1   1       0.82959867  p_x
  419   3   2  -2       0.03966483  d_xy
  419   3   2  -1       0.03897684  d_yz
  419   3   2   0       0.01915048  d_z2
  419   3   2   1       0.03918665  d_xz
  419   3   2   2       0.01902501  d_x2-y2
  420   1   0   0       1.35557454  s
  420   2   1  -1       0.82917042  p_y
  420   2   1   0       0.82916325  p_z
  420   2   1   1       0.82959867  p_x
  420   3   2  -2       0.03918666  d_xy
  420   3   2  -1       0.03897684  d_yz
  420   3   2   0       0.01904836  d_z2
  420   3   2   1       0.03966483  d_xz
  420   3   2   2       0.01912713  d_x2-y2
  421   1   0   0       1.35544704  s
  421   2   1  -1       0.82990722  p_y
  421   2   1   0       0.82990969  p_z
  421   2   1   1       0.82987253  p_x
  421   3   2  -2       0.03930292  d_xy
  421   3   2  -1       0.03905561  d_yz
  421   3   2   0       0.01890715  d_z2
  421   3   2   1       0.03896098  d_xz
  421   3   2   2       0.01891940  d_x2-y2
  422   1   0   0       1.35554648  s
  422   2   1  -1       0.83022041  p_y
  422   2   1   0       0.82986669  p_z
  422   2   1   1       0.82986668  p_x
  422   3   2  -2       0.03928714  d_xy
  422   3   2  -1       0.03928710  d_yz
  422   3   2   0       0.01896215  d_z2
  422   3   2   1       0.03888571  d_xz
  422   3   2   2       0.01905365  d_x2-y2
  423   1   0   0       1.35632245  s
  423   2   1  -1       0.82930877  p_y
  423   2   1   0       0.82930878  p_z
  423   2   1   1       0.83014373  p_x
  423   3   2  -2       0.03870278  d_xy
  423   3   2  -1       0.03960891  d_yz
  423   3   2   0       0.01911939  d_z2
  423   3   2   1       0.03870277  d_xz
  423   3   2   2       0.01906746  d_x2-y2
  424   1   0   0       1.35560123  s
  424   2   1  -1       0.82990044  p_y
  424   2   1   0       0.82994082  p_z
  424   2   1   1       0.82990043  p_x
  424   3   2  -2       0.03907864  d_xy
  424   3   2  -1       0.03899580  d_yz
  424   3   2   0       0.01884608  d_z2
  424   3   2   1       0.03899582  d_xz
  424   3   2   2       0.01885944  d_x2-y2
  425   1   0   0       1.35557467  s
  425   2   1  -1       0.82959871  p_y
  425   2   1   0       0.82917047  p_z
  425   2   1   1       0.82916328  p_x
  425   3   2  -2       0.03966487  d_xy
  425   3   2  -1       0.03918665  d_yz
  425   3   2   0       0.01915049  d_z2
  425   3   2   1       0.03897687  d_xz
  425   3   2   2       0.01902503  d_x2-y2
  426   1   0   0       1.35590340  s
  426   2   1  -1       0.82862851  p_y
  426   2   1   0       0.82916768  p_z
  426   2   1   1       0.82916767  p_x
  426   3   2  -2       0.04010503  d_xy
  426   3   2  -1       0.04010500  d_yz
  426   3   2   0       0.01983879  d_z2
  426   3   2   1       0.03823610  d_xz
  426   3   2   2       0.02023768  d_x2-y2
  427   1   0   0       1.35578890  s
  427   2   1  -1       0.82980882  p_y
  427   2   1   0       0.82979109  p_z
  427   2   1   1       0.82980881  p_x
  427   3   2  -2       0.03928706  d_xy
  427   3   2  -1       0.03894052  d_yz
  427   3   2   0       0.01893663  d_z2
  427   3   2   1       0.03894055  d_xz
  427   3   2   2       0.01887043  d_x2-y2
  428   1   0   0       1.35558805  s
  428   2   1  -1       0.82977340  p_y
  428   2   1   0       0.82998383  p_z
  428   2   1   1       0.82987165  p_x
  428   3   2  -2       0.03920803  d_xy
  428   3   2  -1       0.03891166  d_yz
  428   3   2   0       0.01886885  d_z2
  428   3   2   1       0.03892236  d_xz
  428   3   2   2       0.01894981  d_x2-y2
  429   1   0   0       1.35762638  s
  429   2   1  -1       0.82874027  p_y
  429   2   1   0       0.82651329  p_z
  429   2   1   1       0.82874026  p_x
  429   3   2  -2       0.04227654  d_xy
  429   3   2  -1       0.04120847  d_yz
  429   3   2   0       0.02060009  d_z2
  429   3   2   1       0.04120848  d_xz
  429   3   2   2       0.02025326  d_x2-y2
  430   1   0   0       1.35617674  s
  430   2   1  -1       0.82955541  p_y
  430   2   1   0       0.82970991  p_z
  430   2   1   1       0.82955540  p_x
  430   3   2  -2       0.03945384  d_xy
  430   3   2  -1       0.03897959  d_yz
  430   3   2   0       0.01903525  d_z2
  430   3   2   1       0.03897960  d_xz
  430   3   2   2       0.01883723  d_x2-y2
  431   1   0   0       1.35602294  s
  431   2   1  -1       0.82949839  p_y
  431   2   1   0       0.82988599  p_z
  431   2   1   1       0.82959758  p_x
  431   3   2  -2       0.03946601  d_xy
  431   3   2  -1       0.03893537  d_yz
  431   3   2   0       0.01894482  d_z2
  431   3   2   1       0.03887211  d_xz
  431   3   2   2       0.01893847  d_x2-y2
  432   1   0   0       1.35554642  s
  432   2   1  -1       0.82986667  p_y
  432   2   1   0       0.82986668  p_z
  432   2   1   1       0.83022039  p_x
  432   3   2  -2       0.03928713  d_xy
  432   3   2  -1       0.03888569  d_yz
  432   3   2   0       0.01896214  d_z2
  432   3   2   1       0.03928712  d_xz
  432   3   2   2       0.01905364  d_x2-y2
  433   1   0   0       1.35544706  s
  433   2   1  -1       0.82990723  p_y
  433   2   1   0       0.82990969  p_z
  433   2   1   1       0.82987254  p_x
  433   3   2  -2       0.03930292  d_xy
  433   3   2  -1       0.03905561  d_yz
  433   3   2   0       0.01890715  d_z2
  433   3   2   1       0.03896099  d_xz
  433   3   2   2       0.01891940  d_x2-y2
  434   1   0   0       1.35558806  s
  434   2   1  -1       0.82987166  p_y
  434   2   1   0       0.82998383  p_z
  434   2   1   1       0.82977339  p_x
  434   3   2  -2       0.03920803  d_xy
  434   3   2  -1       0.03892233  d_yz
  434   3   2   0       0.01886885  d_z2
  434   3   2   1       0.03891169  d_xz
  434   3   2   2       0.01894981  d_x2-y2
  435   1   0   0       1.35587551  s
  435   2   1  -1       0.82985309  p_y
  435   2   1   0       0.82985309  p_z
  435   2   1   1       0.82985308  p_x
  435   3   2  -2       0.03900687  d_xy
  435   3   2  -1       0.03900684  d_yz
  435   3   2   0       0.01889828  d_z2
  435   3   2   1       0.03900686  d_xz
  435   3   2   2       0.01889828  d_x2-y2
  436   1   0   0       1.35557466  s
  436   2   1  -1       0.82959872  p_y
  436   2   1   0       0.82916330  p_z
  436   2   1   1       0.82917046  p_x
  436   3   2  -2       0.03918669  d_xy
  436   3   2  -1       0.03966483  d_yz
  436   3   2   0       0.01904838  d_z2
  436   3   2   1       0.03897687  d_xz
  436   3   2   2       0.01912715  d_x2-y2
  437   1   0   0       1.35602299  s
  437   2   1  -1       0.82959760  p_y
  437   2   1   0       0.82988600  p_z
  437   2   1   1       0.82949839  p_x
  437   3   2  -2       0.03946602  d_xy
  437   3   2  -1       0.03887210  d_yz
  437   3   2   0       0.01894482  d_z2
  437   3   2   1       0.03893540  d_xz
  437   3   2   2       0.01893847  d_x2-y2
  438   1   0   0       1.35632245  s
  438   2   1  -1       0.82930877  p_y
  438   2   1   0       0.83014374  p_z
  438   2   1   1       0.82930876  p_x
  438   3   2  -2       0.03960895  d_xy
  438   3   2  -1       0.03870274  d_yz
  438   3   2   0       0.01904149  d_z2
  438   3   2   1       0.03870277  d_xz
  438   3   2   2       0.01914536  d_x2-y2
  439   1   0   0       1.35632245  s
  439   2   1  -1       0.83014373  p_y
  439   2   1   0       0.82930878  p_z
  439   2   1   1       0.82930876  p_x
  439   3   2  -2       0.03870278  d_xy
  439   3   2  -1       0.03870274  d_yz
  439   3   2   0       0.01911939  d_z2
  439   3   2   1       0.03960894  d_xz
  439   3   2   2       0.01906746  d_x2-y2
  440   1   0   0       1.35602307  s
  440   2   1  -1       0.82959762  p_y
  440   2   1   0       0.82988602  p_z
  440   2   1   1       0.82949842  p_x
  440   3   2  -2       0.03946602  d_xy
  440   3   2  -1       0.03887212  d_yz
  440   3   2   0       0.01894483  d_z2
  440   3   2   1       0.03893541  d_xz
  440   3   2   2       0.01893848  d_x2-y2
  441   1   0   0       1.35638761  s
  441   2   1  -1       0.82910820  p_y
  441   2   1   0       0.82991788  p_z
  441   2   1   1       0.82910820  p_x
  441   3   2  -2       0.04011500  d_xy
  441   3   2  -1       0.03876146  d_yz
  441   3   2   0       0.01928613  d_z2
  441   3   2   1       0.03876147  d_xz
  441   3   2   2       0.01904478  d_x2-y2
  442   1   0   0       1.35590334  s
  442   2   1  -1       0.82916765  p_y
  442   2   1   0       0.82916765  p_z
  442   2   1   1       0.82862847  p_x
  442   3   2  -2       0.04010502  d_xy
  442   3   2  -1       0.03823608  d_yz
  442   3   2   0       0.01983878  d_z2
  442   3   2   1       0.04010501  d_xz
  442   3   2   2       0.02023767  d_x2-y2
  443   1   0   0       1.35544700  s
  443   2   1  -1       0.82987254  p_y
  443   2   1   0       0.82990967  p_z
  443   2   1   1       0.82990721  p_x
  443   3   2  -2       0.03930290  d_xy
  443   3   2  -1       0.03896097  d_yz
  443   3   2   0       0.01890715  d_z2
  443   3   2   1       0.03905563  d_xz
  443   3   2   2       0.01891940  d_x2-y2
  444   1   0   0       1.35617671  s
  444   2   1  -1       0.82955539  p_y
  444   2   1   0       0.82970990  p_z
  444   2   1   1       0.82955539  p_x
  444   3   2  -2       0.03945385  d_xy
  444   3   2  -1       0.03897959  d_yz
  444   3   2   0       0.01903525  d_z2
  444   3   2   1       0.03897959  d_xz
  444   3   2   2       0.01883722  d_x2-y2
  445   1   0   0       1.35762630  s
  445   2   1  -1       0.82874021  p_y
  445   2   1   0       0.82651324  p_z
  445   2   1   1       0.82874021  p_x
  445   3   2  -2       0.04227652  d_xy
  445   3   2  -1       0.04120846  d_yz
  445   3   2   0       0.02060008  d_z2
  445   3   2   1       0.04120846  d_xz
  445   3   2   2       0.02025324  d_x2-y2
  446   1   0   0       1.35602293  s
  446   2   1  -1       0.82949839  p_y
  446   2   1   0       0.82988598  p_z
  446   2   1   1       0.82959759  p_x
  446   3   2  -2       0.03946599  d_xy
  446   3   2  -1       0.03893539  d_yz
  446   3   2   0       0.01894481  d_z2
  446   3   2   1       0.03887211  d_xz
  446   3   2   2       0.01893847  d_x2-y2
  447   1   0   0       1.35544690  s
  447   2   1  -1       0.82987251  p_y
  447   2   1   0       0.82990965  p_z
  447   2   1   1       0.82990719  p_x
  447   3   2  -2       0.03930289  d_xy
  447   3   2  -1       0.03896096  d_yz
  447   3   2   0       0.01890714  d_z2
  447   3   2   1       0.03905560  d_xz
  447   3   2   2       0.01891939  d_x2-y2
  448   1   0   0       1.35638757  s
  448   2   1  -1       0.82910818  p_y
  448   2   1   0       0.82991786  p_z
  448   2   1   1       0.82910819  p_x
  448   3   2  -2       0.04011499  d_xy
  448   3   2  -1       0.03876147  d_yz
  448   3   2   0       0.01928613  d_z2
  448   3   2   1       0.03876146  d_xz
  448   3   2   2       0.01904477  d_x2-y2
  449   1   0   0       1.35619684  s
  449   2   1  -1       0.82941507  p_y
  449   2   1   0       0.82941507  p_z
  449   2   1   1       0.82971112  p_x
  449   3   2  -2       0.03896376  d_xy
  449   3   2  -1       0.03965822  d_yz
  449   3   2   0       0.01889173  d_z2
  449   3   2   1       0.03896376  d_xz
  449   3   2   2       0.01901516  d_x2-y2
  450   1   0   0       1.35610610  s
  450   2   1  -1       0.82947612  p_y
  450   2   1   0       0.82947612  p_z
  450   2   1   1       0.83009803  p_x
  450   3   2  -2       0.03885068  d_xy
  450   3   2  -1       0.03962699  d_yz
  450   3   2   0       0.01893759  d_z2
  450   3   2   1       0.03885070  d_xz
  450   3   2   2       0.01898340  d_x2-y2
  451   1   0   0       1.35586910  s
  451   2   1  -1       0.82986215  p_y
  451   2   1   0       0.82986213  p_z
  451   2   1   1       0.82986763  p_x
  451   3   2  -2       0.03902023  d_xy
  451   3   2  -1       0.03909689  d_yz
  451   3   2   0       0.01890720  d_z2
  451   3   2   1       0.03902026  d_xz
  451   3   2   2       0.01889347  d_x2-y2
  452   1   0   0       1.35562370  s
  452   2   1  -1       0.82994173  p_y
  452   2   1   0       0.82994172  p_z
  452   2   1   1       0.82994172  p_x
  452   3   2  -2       0.03900282  d_xy
  452   3   2  -1       0.03900281  d_yz
  452   3   2   0       0.01885664  d_z2
  452   3   2   1       0.03900283  d_xz
  452   3   2   2       0.01885664  d_x2-y2
  453   1   0   0       1.35584500  s
  453   2   1  -1       0.82882907  p_y
  453   2   1   0       0.82800964  p_z
  453   2   1   1       0.82919195  p_x
  453   3   2  -2       0.03931665  d_xy
  453   3   2  -1       0.04079984  d_yz
  453   3   2   0       0.01955403  d_z2
  453   3   2   1       0.03845066  d_xz
  453   3   2   2       0.01926580  d_x2-y2
  454   1   0   0       1.35630615  s
  454   2   1  -1       0.82974960  p_y
  454   2   1   0       0.82971990  p_z
  454   2   1   1       0.82971990  p_x
  454   3   2  -2       0.03926455  d_xy
  454   3   2  -1       0.03926455  d_yz
  454   3   2   0       0.01899252  d_z2
  454   3   2   1       0.03898127  d_xz
  454   3   2   2       0.01890516  d_x2-y2
  455   1   0   0       1.35586910  s
  455   2   1  -1       0.82986215  p_y
  455   2   1   0       0.82986763  p_z
  455   2   1   1       0.82986213  p_x
  455   3   2  -2       0.03909689  d_xy
  455   3   2  -1       0.03902023  d_yz
  455   3   2   0       0.01888660  d_z2
  455   3   2   1       0.03902026  d_xz
  455   3   2   2       0.01891407  d_x2-y2
  456   1   0   0       1.35567377  s
  456   2   1  -1       0.82982589  p_y
  456   2   1   0       0.82978441  p_z
  456   2   1   1       0.82964753  p_x
  456   3   2  -2       0.03886014  d_xy
  456   3   2  -1       0.03904557  d_yz
  456   3   2   0       0.01897998  d_z2
  456   3   2   1       0.03950250  d_xz
  456   3   2   2       0.01893628  d_x2-y2
  457   1   0   0       1.35584500  s
  457   2   1  -1       0.82882906  p_y
  457   2   1   0       0.82919195  p_z
  457   2   1   1       0.82800964  p_x
  457   3   2  -2       0.04079984  d_xy
  457   3   2  -1       0.03931665  d_yz
  457   3   2   0       0.01929325  d_z2
  457   3   2   1       0.03845066  d_xz
  457   3   2   2       0.01952658  d_x2-y2
  458   1   0   0       1.35610610  s
  458   2   1  -1       0.82947612  p_y
  458   2   1   0       0.83009803  p_z
  458   2   1   1       0.82947612  p_x
  458   3   2  -2       0.03962699  d_xy
  458   3   2  -1       0.03885068  d_yz
  458   3   2   0       0.01900630  d_z2
  458   3   2   1       0.03885070  d_xz
  458   3   2   2       0.01891469  d_x2-y2
  459   1   0   0       1.35584492  s
  459   2   1  -1       0.82919190  p_y
  459   2   1   0       0.82882901  p_z
  459   2   1   1       0.82800958  p_x
  459   3   2  -2       0.03845063  d_xy
  459   3   2  -1       0.03931662  d_yz
  459   3   2   0       0.01938244  d_z2
  459   3   2   1       0.04079984  d_xz
  459   3   2   2       0.01943735  d_x2-y2
  460   1   0   0       1.35610610  s
  460   2   1  -1       0.83009803  p_y
  460   2   1   0       0.82947611  p_z
  460   2   1   1       0.82947611  p_x
  460   3   2  -2       0.03885068  d_xy
  460   3   2  -1       0.03885068  d_yz
  460   3   2   0       0.01893759  d_z2
  460   3   2   1       0.03962701  d_xz
  460   3   2   2       0.01898340  d_x2-y2
  461   1   0   0       1.35619683  s
  461   2   1  -1       0.82941507  p_y
  461   2   1   0       0.82971112  p_z
  461   2   1   1       0.82941507  p_x
  461   3   2  -2       0.03965822  d_xy
  461   3   2  -1       0.03896376  d_yz
  461   3   2   0       0.01907688  d_z2
  461   3   2   1       0.03896376  d_xz
  461   3   2   2       0.01883002  d_x2-y2
  462   1   0   0       1.39275627  s
  462   2   1  -1       0.75050908  p_y
  462   2   1   0       0.83965581  p_z
  462   2   1   1       0.83965582  p_x
  462   3   2  -2       0.03483590  d_xy
  462   3   2  -1       0.03483590  d_yz
  462   3   2   0       0.02439779  d_z2
  462   3   2   1       0.05004662  d_xz
  462   3   2   2       0.02820925  d_x2-y2
  463   1   0   0       1.35584491  s
  463   2   1  -1       0.82919189  p_y
  463   2   1   0       0.82800957  p_z
  463   2   1   1       0.82882900  p_x
  463   3   2  -2       0.03931662  d_xy
  463   3   2  -1       0.03845063  d_yz
  463   3   2   0       0.01955401  d_z2
  463   3   2   1       0.04079983  d_xz
  463   3   2   2       0.01926578  d_x2-y2
  464   1   0   0       1.35567376  s
  464   2   1  -1       0.82982589  p_y
  464   2   1   0       0.82964752  p_z
  464   2   1   1       0.82978441  p_x
  464   3   2  -2       0.03904557  d_xy
  464   3   2  -1       0.03886014  d_yz
  464   3   2   0       0.01898742  d_z2
  464   3   2   1       0.03950250  d_xz
  464   3   2   2       0.01892883  d_x2-y2
  465   1   0   0       1.35584494  s
  465   2   1  -1       0.82800959  p_y
  465   2   1   0       0.82882903  p_z
  465   2   1   1       0.82919191  p_x
  465   3   2  -2       0.03845064  d_xy
  465   3   2  -1       0.04079982  d_yz
  465   3   2   0       0.01938244  d_z2
  465   3   2   1       0.03931664  d_xz
  465   3   2   2       0.01943736  d_x2-y2
  466   1   0   0       1.35630612  s
  466   2   1  -1       0.82971990  p_y
  466   2   1   0       0.82974958  p_z
  466   2   1   1       0.82971989  p_x
  466   3   2  -2       0.03898125  d_xy
  466   3   2  -1       0.03926454  d_yz
  466   3   2   0       0.01886147  d_z2
  466   3   2   1       0.03926457  d_xz
  466   3   2   2       0.01903620  d_x2-y2
  467   1   0   0       1.35586912  s
  467   2   1  -1       0.82986765  p_y
  467   2   1   0       0.82986214  p_z
  467   2   1   1       0.82986214  p_x
  467   3   2  -2       0.03902024  d_xy
  467   3   2  -1       0.03902024  d_yz
  467   3   2   0       0.01890721  d_z2
  467   3   2   1       0.03909692  d_xz
  467   3   2   2       0.01889347  d_x2-y2
  468   1   0   0       1.35567384  s
  468   2   1  -1       0.82978443  p_y
  468   2   1   0       0.82982591  p_z
  468   2   1   1       0.82964755  p_x
  468   3   2  -2       0.03950250  d_xy
  468   3   2  -1       0.03904558  d_yz
  468   3   2   0       0.01890699  d_z2
  468   3   2   1       0.03886016  d_xz
  468   3   2   2       0.01900929  d_x2-y2
  469   1   0   0       1.35711419  s
  469   2   1  -1       0.82983643  p_y
  469   2   1   0       0.82983644  p_z
  469   2   1   1       0.82983644  p_x
  469   3   2  -2       0.04055421  d_xy
  469   3   2  -1       0.04055420  d_yz
  469   3   2   0       0.01950289  d_z2
  469   3   2   1       0.04055422  d_xz
  469   3   2   2       0.01950290  d_x2-y2
  470   1   0   0       1.35630612  s
  470   2   1  -1       0.82971990  p_y
  470   2   1   0       0.82971988  p_z
  470   2   1   1       0.82974957  p_x
  470   3   2  -2       0.03926455  d_xy
  470   3   2  -1       0.03898125  d_yz
  470   3   2   0       0.01899252  d_z2
  470   3   2   1       0.03926457  d_xz
  470   3   2   2       0.01890516  d_x2-y2
  471   1   0   0       1.35569060  s
  471   2   1  -1       0.82971096  p_y
  471   2   1   0       0.82971095  p_z
  471   2   1   1       0.82986809  p_x
  471   3   2  -2       0.03904603  d_xy
  471   3   2  -1       0.03901025  d_yz
  471   3   2   0       0.01891185  d_z2
  471   3   2   1       0.03904605  d_xz
  471   3   2   2       0.01893640  d_x2-y2
  472   1   0   0       1.39275627  s
  472   2   1  -1       0.83965591  p_y
  472   2   1   0       0.83965591  p_z
  472   2   1   1       0.75050920  p_x
  472   3   2  -2       0.03483593  d_xy
  472   3   2  -1       0.05004667  d_yz
  472   3   2   0       0.02439782  d_z2
  472   3   2   1       0.03483593  d_xz
  472   3   2   2       0.02820931  d_x2-y2
  473   1   0   0       1.35584493  s
  473   2   1  -1       0.82800959  p_y
  473   2   1   0       0.82919190  p_z
  473   2   1   1       0.82882902  p_x
  473   3   2  -2       0.04079982  d_xy
  473   3   2  -1       0.03845064  d_yz
  473   3   2   0       0.01929324  d_z2
  473   3   2   1       0.03931664  d_xz
  473   3   2   2       0.01952656  d_x2-y2
  474   1   0   0       1.35567373  s
  474   2   1  -1       0.82964753  p_y
  474   2   1   0       0.82982587  p_z
  474   2   1   1       0.82978440  p_x
  474   3   2  -2       0.03950248  d_xy
  474   3   2  -1       0.03886013  d_yz
  474   3   2   0       0.01890698  d_z2
  474   3   2   1       0.03904559  d_xz
  474   3   2   2       0.01900928  d_x2-y2
  475   1   0   0       1.35619676  s
  475   2   1  -1       0.82971110  p_y
  475   2   1   0       0.82941504  p_z
  475   2   1   1       0.82941504  p_x
  475   3   2  -2       0.03896374  d_xy
  475   3   2  -1       0.03896374  d_yz
  475   3   2   0       0.01889172  d_z2
  475   3   2   1       0.03965822  d_xz
  475   3   2   2       0.01901515  d_x2-y2
  476   1   0   0       1.39275627  s
  476   2   1  -1       0.83965590  p_y
  476   2   1   0       0.75050919  p_z
  476   2   1   1       0.83965590  p_x
  476   3   2  -2       0.05004667  d_xy
  476   3   2  -1       0.03483593  d_yz
  476   3   2   0       0.03011505  d_z2
  476   3   2   1       0.03483593  d_xz
  476   3   2   2       0.02249207  d_x2-y2
  477   1   0   0       1.35569061  s
  477   2   1  -1       0.82986810  p_y
  477   2   1   0       0.82971096  p_z
  477   2   1   1       0.82971095  p_x
  477   3   2  -2       0.03904603  d_xy
  477   3   2  -1       0.03904603  d_yz
  477   3   2   0       0.01891185  d_z2
  477   3   2   1       0.03901027  d_xz
  477   3   2   2       0.01893640  d_x2-y2
  478   1   0   0       1.35567374  s
  478   2   1  -1       0.82964753  p_y
  478   2   1   0       0.82978440  p_z
  478   2   1   1       0.82982587  p_x
  478   3   2  -2       0.03886014  d_xy
  478   3   2  -1       0.03950247  d_yz
  478   3   2   0       0.01897998  d_z2
  478   3   2   1       0.03904559  d_xz
  478   3   2   2       0.01893627  d_x2-y2
  479   1   0   0       1.35569060  s
  479   2   1  -1       0.82971096  p_y
  479   2   1   0       0.82986810  p_z
  479   2   1   1       0.82971095  p_x
  479   3   2  -2       0.03901025  d_xy
  479   3   2  -1       0.03904603  d_yz
  479   3   2   0       0.01894868  d_z2
  479   3   2   1       0.03904605  d_xz
  479   3   2   2       0.01889957  d_x2-y2
  480   1   0   0       1.35567384  s
  480   2   1  -1       0.82978443  p_y
  480   2   1   0       0.82964755  p_z
  480   2   1   1       0.82982590  p_x
  480   3   2  -2       0.03904559  d_xy
  480   3   2  -1       0.03950250  d_yz
  480   3   2   0       0.01898743  d_z2
  480   3   2   1       0.03886016  d_xz
  480   3   2   2       0.01892884  d_x2-y2
  481   1   0   0       1.38890401  s
  481   2   1  -1       0.80832399  p_y
  481   2   1   0       0.80832397  p_z
  481   2   1   1       0.80832397  p_x
  481   3   2  -2       0.06412303  d_xy
  481   3   2  -1       0.06412303  d_yz
  481   3   2   0       0.01986954  d_z2
  481   3   2   1       0.06412302  d_xz
  481   3   2   2       0.01986954  d_x2-y2
  482   1   0   0       1.59849672  s
  482   2   1  -1       0.60383830  p_y
  482   2   1   0       0.60383833  p_z
  482   2   1   1       0.60383831  p_x
  482   3   2  -2       0.04380001  d_xy
  482   3   2  -1       0.04380001  d_yz
  482   3   2   0       0.06666734  d_z2
  482   3   2   1       0.04380001  d_xz
  482   3   2   2       0.06666735  d_x2-y2
  483   1   0   0       1.38890402  s
  483   2   1  -1       0.80832403  p_y
  483   2   1   0       0.80832405  p_z
  483   2   1   1       0.80832402  p_x
  483   3   2  -2       0.06412306  d_xy
  483   3   2  -1       0.06412307  d_yz
  483   3   2   0       0.01986956  d_z2
  483   3   2   1       0.06412307  d_xz
  483   3   2   2       0.01986956  d_x2-y2
  484   1   0   0       1.35590340  s
  484   2   1  -1       0.82916768  p_y
  484   2   1   0       0.82916767  p_z
  484   2   1   1       0.82862851  p_x
  484   3   2  -2       0.04010500  d_xy
  484   3   2  -1       0.03823611  d_yz
  484   3   2   0       0.01983879  d_z2
  484   3   2   1       0.04010502  d_xz
  484   3   2   2       0.02023768  d_x2-y2
  485   1   0   0       1.35554648  s
  485   2   1  -1       0.82986669  p_y
  485   2   1   0       0.82986668  p_z
  485   2   1   1       0.83022042  p_x
  485   3   2  -2       0.03928711  d_xy
  485   3   2  -1       0.03888571  d_yz
  485   3   2   0       0.01896215  d_z2
  485   3   2   1       0.03928713  d_xz
  485   3   2   2       0.01905365  d_x2-y2
  486   1   0   0       1.35638776  s
  486   2   1  -1       0.82910827  p_y
  486   2   1   0       0.82910827  p_z
  486   2   1   1       0.82991793  p_x
  486   3   2  -2       0.03876150  d_xy
  486   3   2  -1       0.04011500  d_yz
  486   3   2   0       0.01910514  d_z2
  486   3   2   1       0.03876151  d_xz
  486   3   2   2       0.01922581  d_x2-y2
  487   1   0   0       1.35557476  s
  487   2   1  -1       0.82959875  p_y
  487   2   1   0       0.82916332  p_z
  487   2   1   1       0.82917048  p_x
  487   3   2  -2       0.03918668  d_xy
  487   3   2  -1       0.03966485  d_yz
  487   3   2   0       0.01904839  d_z2
  487   3   2   1       0.03897690  d_xz
  487   3   2   2       0.01912716  d_x2-y2
  488   1   0   0       1.35569848  s
  488   2   1  -1       0.82973813  p_y
  488   2   1   0       0.82977931  p_z
  488   2   1   1       0.82977931  p_x
  488   3   2  -2       0.03910266  d_xy
  488   3   2  -1       0.03910266  d_yz
  488   3   2   0       0.01890929  d_z2
  488   3   2   1       0.03903333  d_xz
  488   3   2   2       0.01894658  d_x2-y2
  489   1   0   0       1.35554650  s
  489   2   1  -1       0.82986670  p_y
  489   2   1   0       0.83022042  p_z
  489   2   1   1       0.82986668  p_x
  489   3   2  -2       0.03888572  d_xy
  489   3   2  -1       0.03928711  d_yz
  489   3   2   0       0.01909941  d_z2
  489   3   2   1       0.03928714  d_xz
  489   3   2   2       0.01891640  d_x2-y2
  490   1   0   0       1.35590352  s
  490   2   1  -1       0.82862861  p_y
  490   2   1   0       0.82916775  p_z
  490   2   1   1       0.82916775  p_x
  490   3   2  -2       0.04010504  d_xy
  490   3   2  -1       0.04010503  d_yz
  490   3   2   0       0.01983882  d_z2
  490   3   2   1       0.03823615  d_xz
  490   3   2   2       0.02023771  d_x2-y2
  491   1   0   0       1.35557476  s
  491   2   1  -1       0.82959875  p_y
  491   2   1   0       0.82917049  p_z
  491   2   1   1       0.82916332  p_x
  491   3   2  -2       0.03966486  d_xy
  491   3   2  -1       0.03918668  d_yz
  491   3   2   0       0.01915050  d_z2
  491   3   2   1       0.03897690  d_xz
  491   3   2   2       0.01902505  d_x2-y2
  492   1   0   0       1.35590341  s
  492   2   1  -1       0.82916769  p_y
  492   2   1   0       0.82862852  p_z
  492   2   1   1       0.82916768  p_x
  492   3   2  -2       0.03823611  d_xy
  492   3   2  -1       0.04010500  d_yz
  492   3   2   0       0.02043713  d_z2
  492   3   2   1       0.04010503  d_xz
  492   3   2   2       0.01963935  d_x2-y2
  493   1   0   0       1.35557471  s
  493   2   1  -1       0.82917048  p_y
  493   2   1   0       0.82959873  p_z
  493   2   1   1       0.82916330  p_x
  493   3   2  -2       0.03897687  d_xy
  493   3   2  -1       0.03918666  d_yz
  493   3   2   0       0.01906442  d_z2
  493   3   2   1       0.03966487  d_xz
  493   3   2   2       0.01911111  d_x2-y2
  494   1   0   0       1.35638775  s
  494   2   1  -1       0.82910827  p_y
  494   2   1   0       0.82991793  p_z
  494   2   1   1       0.82910827  p_x
  494   3   2  -2       0.04011500  d_xy
  494   3   2  -1       0.03876150  d_yz
  494   3   2   0       0.01928614  d_z2
  494   3   2   1       0.03876150  d_xz
  494   3   2   2       0.01904480  d_x2-y2
  495   1   0   0       1.38890402  s
  495   2   1  -1       0.80832404  p_y
  495   2   1   0       0.80832403  p_z
  495   2   1   1       0.80832407  p_x
  495   3   2  -2       0.06412308  d_xy
  495   3   2  -1       0.06412307  d_yz
  495   3   2   0       0.01986956  d_z2
  495   3   2   1       0.06412308  d_xz
  495   3   2   2       0.01986956  d_x2-y2
  496   1   0   0       1.35762641  s
  496   2   1  -1       0.82651332  p_y
  496   2   1   0       0.82874030  p_z
  496   2   1   1       0.82874030  p_x
  496   3   2  -2       0.04120849  d_xy
  496   3   2  -1       0.04120849  d_yz
  496   3   2   0       0.02033998  d_z2
  496   3   2   1       0.04227655  d_xz
  496   3   2   2       0.02051340  d_x2-y2
  497   1   0   0       1.35557471  s
  497   2   1  -1       0.82917048  p_y
  497   2   1   0       0.82916330  p_z
  497   2   1   1       0.82959873  p_x
  497   3   2  -2       0.03918666  d_xy
  497   3   2  -1       0.03897687  d_yz
  497   3   2   0       0.01904838  d_z2
  497   3   2   1       0.03966487  d_xz
  497   3   2   2       0.01912715  d_x2-y2
  498   1   0   0       1.35638768  s
  498   2   1  -1       0.82910824  p_y
  498   2   1   0       0.82910824  p_z
  498   2   1   1       0.82991790  p_x
  498   3   2  -2       0.03876149  d_xy
  498   3   2  -1       0.04011498  d_yz
  498   3   2   0       0.01910513  d_z2
  498   3   2   1       0.03876149  d_xz
  498   3   2   2       0.01922580  d_x2-y2
  499   1   0   0       1.35557471  s
  499   2   1  -1       0.82916331  p_y
  499   2   1   0       0.82959873  p_z
  499   2   1   1       0.82917047  p_x
  499   3   2  -2       0.03897688  d_xy
  499   3   2  -1       0.03966484  d_yz
  499   3   2   0       0.01906442  d_z2
  499   3   2   1       0.03918669  d_xz
  499   3   2   2       0.01911111  d_x2-y2
  500   1   0   0       1.35569848  s
  500   2   1  -1       0.82977932  p_y
  500   2   1   0       0.82973812  p_z
  500   2   1   1       0.82977931  p_x
  500   3   2  -2       0.03903331  d_xy
  500   3   2  -1       0.03910266  d_yz
  500   3   2   0       0.01896522  d_z2
  500   3   2   1       0.03910269  d_xz
  500   3   2   2       0.01889064  d_x2-y2
  501   1   0   0       1.35554663  s
  501   2   1  -1       0.83022046  p_y
  501   2   1   0       0.82986672  p_z
  501   2   1   1       0.82986672  p_x
  501   3   2  -2       0.03928714  d_xy
  501   3   2  -1       0.03928714  d_yz
  501   3   2   0       0.01896216  d_z2
  501   3   2   1       0.03888574  d_xz
  501   3   2   2       0.01905367  d_x2-y2
  502   1   0   0       1.35762644  s
  502   2   1  -1       0.82874034  p_y
  502   2   1   0       0.82874034  p_z
  502   2   1   1       0.82651335  p_x
  502   3   2  -2       0.04120851  d_xy
  502   3   2  -1       0.04227654  d_yz
  502   3   2   0       0.02033999  d_z2
  502   3   2   1       0.04120852  d_xz
  502   3   2   2       0.02051341  d_x2-y2
  503   1   0   0       1.35609120  s
  503   2   1  -1       0.82813555  p_y
  503   2   1   0       0.82813554  p_z
  503   2   1   1       0.82813554  p_x
  503   3   2  -2       0.03917659  d_xy
  503   3   2  -1       0.03917658  d_yz
  503   3   2   0       0.01888333  d_z2
  503   3   2   1       0.03917661  d_xz
  503   3   2   2       0.01888333  d_x2-y2
  504   1   0   0       1.35569848  s
  504   2   1  -1       0.82977932  p_y
  504   2   1   0       0.82977931  p_z
  504   2   1   1       0.82973812  p_x
  504   3   2  -2       0.03910266  d_xy
  504   3   2  -1       0.03903331  d_yz
  504   3   2   0       0.01890929  d_z2
  504   3   2   1       0.03910269  d_xz
  504   3   2   2       0.01894658  d_x2-y2
  505   1   0   0       1.35762642  s
  505   2   1  -1       0.82874032  p_y
  505   2   1   0       0.82874032  p_z
  505   2   1   1       0.82651333  p_x
  505   3   2  -2       0.04120851  d_xy
  505   3   2  -1       0.04227653  d_yz
  505   3   2   0       0.02033998  d_z2
  505   3   2   1       0.04120851  d_xz
  505   3   2   2       0.02051340  d_x2-y2
  506   1   0   0       1.35762644  s
  506   2   1  -1       0.82874034  p_y
  506   2   1   0       0.82651335  p_z
  506   2   1   1       0.82874033  p_x
  506   3   2  -2       0.04227654  d_xy
  506   3   2  -1       0.04120851  d_yz
  506   3   2   0       0.02060012  d_z2
  506   3   2   1       0.04120851  d_xz
  506   3   2   2       0.02025328  d_x2-y2
  507   1   0   0       1.35557470  s
  507   2   1  -1       0.82916331  p_y
  507   2   1   0       0.82917047  p_z
  507   2   1   1       0.82959873  p_x
  507   3   2  -2       0.03966484  d_xy
  507   3   2  -1       0.03897687  d_yz
  507   3   2   0       0.01915050  d_z2
  507   3   2   1       0.03918668  d_xz
  507   3   2   2       0.01902504  d_x2-y2
  508   1   0   0       1.35638763  s
  508   2   1  -1       0.82991788  p_y
  508   2   1   0       0.82910821  p_z
  508   2   1   1       0.82910821  p_x
  508   3   2  -2       0.03876148  d_xy
  508   3   2  -1       0.03876147  d_yz
  508   3   2   0       0.01910512  d_z2
  508   3   2   1       0.04011500  d_xz
  508   3   2   2       0.01922579  d_x2-y2
  509   1   0   0       1.38890402  s
  509   2   1  -1       0.80832419  p_y
  509   2   1   0       0.80832419  p_z
  509   2   1   1       0.80832420  p_x
  509   3   2  -2       0.06412318  d_xy
  509   3   2  -1       0.06412318  d_yz
  509   3   2   0       0.01986960  d_z2
  509   3   2   1       0.06412319  d_xz
  509   3   2   2       0.01986960  d_x2-y2
  510   1   0   0       1.35638767  s
  510   2   1  -1       0.82910823  p_y
  510   2   1   0       0.82991790  p_z
  510   2   1   1       0.82910823  p_x
  510   3   2  -2       0.04011498  d_xy
  510   3   2  -1       0.03876149  d_yz
  510   3   2   0       0.01928613  d_z2
  510   3   2   1       0.03876149  d_xz
  510   3   2   2       0.01904479  d_x2-y2
  511   1   0   0       1.35762632  s
  511   2   1  -1       0.82651325  p_y
  511   2   1   0       0.82874022  p_z
  511   2   1   1       0.82874022  p_x
  511   3   2  -2       0.04120847  d_xy
  511   3   2  -1       0.04120847  d_yz
  511   3   2   0       0.02033996  d_z2
  511   3   2   1       0.04227652  d_xz
  511   3   2   2       0.02051337  d_x2-y2
  512   1   0   0       1.35638762  s
  512   2   1  -1       0.82991788  p_y
  512   2   1   0       0.82910821  p_z
  512   2   1   1       0.82910821  p_x
  512   3   2  -2       0.03876147  d_xy
  512   3   2  -1       0.03876148  d_yz
  512   3   2   0       0.01910511  d_z2
  512   3   2   1       0.04011499  d_xz
  512   3   2   2       0.01922579  d_x2-y2
  513   1   0   0       1.35762641  s
  513   2   1  -1       0.82874031  p_y
  513   2   1   0       0.82651332  p_z
  513   2   1   1       0.82874031  p_x
  513   3   2  -2       0.04227653  d_xy
  513   3   2  -1       0.04120851  d_yz
  513   3   2   0       0.02060011  d_z2
  513   3   2   1       0.04120850  d_xz
  513   3   2   2       0.02025327  d_x2-y2

Fermi level:                        -0.1104510550 H           -3.0055 eV
Band energy:                      -707.1894657617 H       -19243.6045 eV
TS:                                  0.0048380461 H            0.1316 eV
Band free energy (E-TS):          -707.1943038077 H       -19243.7361 eV
Extrapolated E(0K):               -707.1918847847 H       -19243.6703 eV
Input / Output electrons (q):   2052.0000000000   2052.0000000000

Energy H0:                        -707.1357819366 H       -19242.1437 eV
Energy SCC:                          0.0044374584 H            0.1207 eV
Total Electronic energy:          -707.1313444782 H       -19242.0229 eV
Repulsive energy:                    0.0000000000 H            0.0000 eV
Total energy:                     -707.1313444782 H       -19242.0229 eV
Extrapolated to 0:                -707.1337635012 H       -19242.0887 eV
Total Mermin free energy:         -707.1361825243 H       -19242.1546 eV
Force related energy:             -707.1361825243 H       -19242.1546 eV

Non-constrained calculation

SCC converged

Warning: dipole moment is not defined absolutely!
Dipole moment:    0.33545168    0.33616220    0.33552345 au
Dipole moment:    0.85263320    0.85443914    0.85281561 Debye


